DOI,Title,Published Date
10.1257/000282802320188899,Editors' Introduction,2002
10.1257/000282802320188907,Foreword,2002
10.1257/000282802320188916,Prosperity and Depression,2002
10.1257/000282802320188925,Policy-Driven Productivity in Chile and Mexico in the 1980's and 1990's,2002
10.1257/000282802320188934,Accounting for the Great Depression,2002
10.1257/000282802320188943,The U.S. and U.K. Great Depressions Through the Lens of Neoclassical Growth Theory,2002
10.1257/000282802320188952,A Dual Liquidity Model for Emerging Markets,2002
10.1257/000282802320188961,Bank Bailouts and Aggregate Liquidity,2002
10.1257/000282802320188970,Domestic and International Supply of Liquidity,2002
10.1257/000282802320188989,Balance-Sheet Contagion,2002
10.1257/000282802320188998,Payment Arrangements and Inflation,2002
10.1257/000282802320189005,Money: What's the Question and Why Should We Care About the Answer?,2002
10.1257/000282802320189014,Evil Is the Root of All Money,2002
10.1257/000282802320189023,Matching and Money,2002
10.1257/000282802320189032,Chaotic Interest-Rate Rules,2002
10.1257/000282802320189041,Taylor Rules in a Model that Satisfies the Natural-Rate Hypothesis,2002
10.1257/000282802320189050,The Choice of an Inflation Target Range in a Small Open Economy,2002
10.1257/000282802320189069,The Fed and Interest Rates—A High-Frequency Identification,2002
10.1257/000282802320189078,The Natural Rate of <i>Q</i>,2002
10.1257/000282802320189087,"Inflation-Targeting, Exchange-Rate Pass-Through, and Volatility",2002
10.1257/000282802320189096,The Fed and the New Economy,2002
10.1257/000282802320189104,Monetary-Policy Rules and the Great Inflation,2002
10.1257/000282802320189113,A Rehabilitation of Monetary Policy in the 1950's,2002
10.1257/000282802320189122,"Monetary Policy, Banking Crises, and the Friedman Rule",2002
10.1257/000282802320189131,Excess Asset Returns with Limited Enforcement,2002
10.1257/000282802320189140,"Self-Insurance, Social Insurance, and the Optimum Quantity of Money",2002
10.1257/000282802320189159,The U.S. Technology Frontier,2002
10.1257/000282802320189168,The U.S. Demographic Transition,2002
10.1257/000282802320189177,The Role of Agriculture in Development,2002
10.1257/000282802320189186,Interpreting the Tariff–Growth Correlation of the Late 19th Century,2002
10.1257/000282802320189195,The Mystery of the Excess Trade (Balances),2002
10.1257/000282802320189203,Cost of Protection: Where Do We Stand?,2002
10.1257/000282802320189212,Trade and Poverty in the Poor Countries,2002
10.1257/000282802320189221,Firm and Product Life Cycles and Firm Survival,2002
10.1257/000282802320189230,The Decline of Cities and Inequality,2002
10.1257/000282802320189249,The <i>Q</i>-Theory of Mergers,2002
10.1257/000282802320189258,The Economics of Copyright “Fair Use” in a Networked World,2002
10.1257/000282802320189267,The Case Against Intellectual Property,2002
10.1257/000282802320189276,When Should We Use Intellectual Property Rights?,2002
10.1257/000282802320189285,On the Supply of Creative Work: Evidence from the Movies,2002
10.1257/000282802320189294,150 Years of Patent Protection,2002
10.1257/000282802320189302,Accounting for Innovation and Measuring Innovativeness: An Illustrative Framework and an Application,2002
10.1257/000282802320189311,"Technological Change, Entry, and Stock-Market Dynamics: An Analysis of Transition in a Monopolistic Industry",2002
10.1257/000282802320189320,The Internet and International Trade in Services,2002
10.1257/000282802320189339,Explaining Diversity: Symmetry-Breaking in Complementarity Games,2002
10.1257/000282802320189348,Spatial Agglomeration Dynamics,2002
10.1257/000282802320189357,Is Equality Stable?,2002
10.1257/000282802320189366,"Inheritances and Wealth Inequality, 1989–1998",2002
10.1257/000282802320189375,Simulating the Transmission of Wealth Inequality,2002
10.1257/000282802320189384,Wealth Inequality and Altruistic Bequests,2002
10.1257/000282802320189393,The Importance of Bequests and Life-Cycle Saving in Capital Accumulation: A New Answer,2002
10.1257/000282802320189401,The Behavioral and Distributional Implications of Aid for College,2002
10.1257/000282802320189410,Semiparametric Reduced-Form Estimation of Tuition Subsidies,2002
10.1257/000282802320189429,"Financial Aid, Borrowing Constraints, and College Attendance: Evidence from Structural Estimates",2002
10.1257/000282802320189438,A Multinomial-Choice Model of Neighborhood Effects,2002
10.1257/000282802320189447,Identifying Hedonic Models,2002
10.1257/000282802320189456,On the Demographic Composition of Colleges and Universities in Market Equilibrium,2002
10.1257/000282802320189465,Asymmetric Information in Community Banking and Its Relationship to Credit-Market Discrimination,2002
10.1257/000282802320189474,A Dream Deferred or Realized: The Impact of Public Policy on Fostering Black Homeownership in New York City Throughout the 1990's,2002
10.1257/000282802320189483,Cooperatives and Wealth Accumulation: Preliminary Analysis,2002
10.1257/000282802320191552,"Wealth: Asset-Accumulation Differences by Race—SCF Data, 1995 and 1998",2002
10.1257/000282802320191561,A Foundation for Behavioral Economics,2002
10.1257/000282802320191570,IQ and Income Inequality in a Sample of Sibling Pairs from Advantaged Family Backgrounds,2002
10.1257/000282802320191589,The Nature and Nurture of Economic Outcomes,2002
10.1257/000282802320191598,Wage Gains Associated with Height as a Form of Health Human Capital,2002
10.1257/000282802320191606,The Motherhood Wage Penalty: Which Mothers Pay It and Why?,2002
10.1257/000282802320191615,Children and Household Income Packages: A Cross-National Analysis,2002
10.1257/000282802320191624,Child Abuse and Abortion Availability,2002
10.1257/000282802320191633,All in the Family: A Simultaneous Model of Parenting Style and Child Conduct,2002
10.1257/000282802320191642,"Labor Supply at the Extensive and Intensive Margins: The EITC, Welfare, and Hours Worked",2002
10.1257/000282802320191651,"Welfare, Employment, and Income: Evidence on the Effects of Benefit Reductions from California",2002
10.1257/000282802320191660,The Behavioral Effects of Welfare Time Limits,2002
10.1257/000282802320191679,The Wage Gap and Public Support for Social Security,2002
10.1257/000282802320191688,Pension Reforms and the Opinions of European Citizens,2002
10.1257/000282802320191697,Asset-Market Effects of the Baby Boom and Social-Security Reform,2002
10.1257/000282802320191705,Intergenerational Risk-Sharing via Social Security when Financial Markets Are Incomplete,2002
10.1257/000282802320191714,Taxation of Financial Services under a VAT,2002
10.1257/000282802320191723,Capital-Income Taxation with Imperfect Competition,2002
10.1257/000282802320191732,Exchange-Traded Funds: A New Investment Option for Taxable Investors,2002
10.1257/000282802320191741,Modern Evidence on the Firm,2002
10.1257/000282802320191750,"Complexity, Flexibility, and the Make-or-Buy Decision",2002
10.1257/000282802320191769,The Lens of Contract: Private Ordering,2002
10.1257/000282802320191778,Can Web Courses Replace the Classroom in Principles of Microeconomics?,2002
10.1257/000282802320191787,Microeconomic Principles Teaching Tricks,2002
10.1257/000282802320191796,Reconsidering Crucial Concepts in Micro Principles,2002
10.1257/000282802320191804,The Economic Naturalist: Teaching Introductory Students How to Speak Economics,2002
10.1257/000282802320191813,Use It or Lose It: Teaching Literacy in the Economics Principles Course,2002
10.1257/000282802320191822,Promoting Economic Literacy: Panel Discussion,2002
10.1257/000282802320191831,Matthew Rabin,2002
10.1257/000282802320191840,"Minutes of the Annual Meeting Atlanta, GA January 5, 2002",2002
10.1257/000282802320191859,Minutes of the Executive Committee Meetings,2002
10.1257/000282802320191868,Report of the Secretary for 2001,2002
10.1257/000282802320191877,"Report of the Treasurer for the Year Ending December 31, 2001",2002
10.1257/000282802320191886,Report of the Finance Committee,2002
10.1257/000282802320191895,Report of the Editor,2002
10.1257/000282802320191903,Report of the Editor: Journal of Economic Literature,2002
10.1257/000282802320191912,Report of the Editor: Journal of Economic Perspectives,2002
10.1257/000282802320191921,Report of the Director: Job Openings for Economists,2002
10.1257/000282802320191930,Report of the Committee on Economic Education,2002
10.1257/000282802320191949,Report of the Committee on the Status of Women in the Economics Profession,2002
10.1257/000282802320191958,Report of the AEA Exploratory Committee on Economic Statistics,2002
10.1257/000282802320191967,Report of the Search Committee for the Editor of the <i>JEP</i>,2002
10.1257/000282802320191976,Universal Academic Questionnaire Summary Statistics,2002
10.1257/00028280260136192,Behavioral Macroeconomics and Macroeconomic Behavior,2002
10.1257/00028280260136200,Signaling in Retrospect and the Informational Structure of Markets,2002
10.1257/00028280260136246,An Experimental Test of an Optimal Growth Model,2002
10.1257/00028280260136255,"Fiscal Policy, Profits, and Investment",2002
10.1257/00028280260136264,Tax Reform and Automatic Stabilization,2002
10.1257/00028280260136309,"Troubled Banks, Impaired Foreign Direct Investment: The Role of Relative Access to Credit",2002
10.1257/00028280260136318,Litigation Costs and Returns to Experience,2002
10.1257/00028280260136327,The Household Bankruptcy Decision,2002
10.1257/00028280260136363,Information and the Change in the Paradigm in Economics,2002
10.1257/00028280260136372,What Explains the Industrial Revolution in East Asia? Evidence From the Factor Markets,2002
10.1257/00028280260136381,"Technological Change, Technological Catch-up, and Capital Deepening: Relative Contributions to Growth and Convergence",2002
10.1257/00028280260136426,Can Expected Utility Theory Explain Gambling?,2002
10.1257/00028280260136435,Efficiency in Auctions with Private and Common Values: An Experimental Study,2002
10.1257/00028280260136444,Reputation and Competition,2002
10.1257/00028280260136480,Independent Auditors' Report,2002
10.1257/00028280260344443,Inequality Among World Citizens: 1820–1992,2002
10.1257/00028280260344452,The Returns to Entrepreneurial Investment: A Private Equity Premium Puzzle?,2002
10.1257/00028280260344461,Managing Dynamic Competition,2002
10.1257/00028280260344470,"Rigidity, Discretion, and the Costs of Writing Contracts",2002
10.1257/00028280260344489,Contractual Structure and Wealth Accumulation,2002
10.1257/00028280260344498,"Monitoring, Motivation, and Management: The Determinants of Opportunistic Behavior in a Field Experiment",2002
10.1257/00028280260344506,Rating Banks: Risk and Uncertainty in an Opaque Industry,2002
10.1257/00028280260344515,How Regional Blocs Affect Excluded Countries: The Price Effects of MERCOSUR,2002
10.1257/00028280260344524,"Testing Intertemporal Substitution, Implicit Contracts, and Hours Restriction Models of the Labor Market Using Micro Data",2002
10.1257/00028280260344533,Targeting Nominal Income Growth or Inflation?,2002
10.1257/00028280260344542,Did the Elimination of Mandatory Retirement Affect Faculty Retirement?,2002
10.1257/00028280260344551,Geography of the Family,2002
10.1257/00028280260344560,Longer-Term Effects of Head Start,2002
10.1257/00028280260344579,Dynamic Inconsistencies: Counterfactual Implications of a Class of Rational-Expectations Models,2002
10.1257/00028280260344588,Terror as a Bargaining Instrument: A Case Study of Dowry Violence in Rural India,2002
10.1257/00028280260344597,Antidumping Investigations and the Pass-Through of Antidumping Duties and Exchange Rates,2002
10.1257/00028280260344605,Revisiting Kindness and Confusion in Public Goods Experiments,2002
10.1257/00028280260344614,Implementing the Efficient Allocation of Pollution,2002
10.1257/00028280260344623,The Gains From Self-Ownership and the Expansion of Women's Rights,2002
10.1257/00028280260344632,Last-Minute Bidding and the Rules for Ending Second-Price Auctions: Evidence from eBay and Amazon Auctions on the Internet,2002
10.1257/00028280260344641,The Risk Premium for Equity: Implications for the Proposed Diversification of the Social Security Fund,2002
10.1257/00028280260344650,A New Measure of Horizontal Equity,2002
10.1257/00028280260344669,Do Corrupt Governments Receive Less Foreign Aid?,2002
10.1257/00028280260344678,Testing Mixed-Strategy Equilibria When Players Are Heterogeneous: The Case of Penalty Kicks in Soccer,2002
10.1257/00028280260344687,International Spillovers and Water Quality in Rivers: Do Countries Free Ride?,2002
10.1257/00028280260344696,Reservation Wages: An Analysis of the Effects of Reservations on Employment of American Indian Men,2002
10.1257/00028280260344704,R&amp;D Cooperation and Spillovers: Some Empirical Evidence from Belgium,2002
10.1257/00028280260344713,Savings and Portfolio Choice in a Two-Period Two-Asset Model,2002
10.1257/00028280260344722,"Education, Social Cohesion, and Economic Growth",2002
10.1257/00028280260344731,Malthus to Solow,2002
10.1257/00028280260344740,Hardnose the Dictator,2002
10.1257/00028280260344759,Competitive Pressure and Labor Productivity: World Iron-Ore Markets in the 1980's,2002
10.1257/00028280260344768,Using Electoral Cycles in Police Hiring to Estimate the Effect of Police on Crime: Comment,2002
10.1257/00028280260344777,Using Electoral Cycles in Police Hiring to Estimate the Effects of Police on Crime: Reply,2002
10.1257/00028280260344786,Losing Sleep at the Market: Comment,2002
10.1257/00028280260344795,Losing Sleep at the Market: The Daylight Saving Anomaly: Reply,2002
10.1257/00028280260344803,The Swing Voter's Curse: Comment,2002
10.1257/000282802760015577,Markets and Diversity,2002
10.1257/000282802760015586,Racial Integration as an Innovation: Empirical Evidence from Sports Leagues,2002
10.1257/000282802760015595,The Impact of Economic Conditions on Participation in Disability Programs: Evidence from the Coal Boom and Bust,2002
10.1257/000282802760015603,Insuring Consumption Against Illness,2002
10.1257/000282802760015612,Endogenous Federal Grants and Crowd-out of State Government Spending: Theory and Evidence from the Federal Highway Aid Program,2002
10.1257/000282802760015621,Increasing Returns and All That: A View from Trade,2002
10.1257/000282802760015630,Geographic Localization of International Technology Diffusion,2002
10.1257/000282802760015649,When Do Research Consortia Work Well and Why? Evidence from Japanese Panel Data,2002
10.1257/000282802760015658,Induced Innovation and Energy Prices,2002
10.1257/000282802760015667,Plant-Level Irreversible Investment and Equilibrium Business Cycles,2002
10.1257/000282802760015676,How Important Is Human Capital for Development? Evidence from Immigrant Earnings,2002
10.1257/000282802760015685,Sources of U.S. Economic Growth in a World of Ideas,2002
10.1257/000282802760015694,Machiavellian Privatization,2002
10.1257/000282802760015702,Journal Pricing and Mergers: A Portfolio Approach,2002
10.1257/000282802760015711,Do Women Pay More for New Vehicles? Evidence from Transaction Price Data,2002
10.1257/000282802760015720,"Did Community Rating Induce an Adverse Selection Death Spiral? Evidence from New York, Pennsylvania, and Connecticut",2002
10.1257/000282802760015739,The Rise in Old-Age Longevity and the Market for Long-Term Care,2002
10.1257/000282802760015748,Public Schooling for Young Children and Maternal Labor Supply,2002
10.1257/000282802760015757,Does Increasing Women's Schooling Raise the Schooling of the Next Generation?,2002
10.1257/000282802760015766,Intergenerational Income Mobility Among Daughters,2002
10.1257/000282802760015775,Owner-Occupied Housing and the Composition of the Household Portfolio,2002
10.1257/000282802760015784,Does Federalism Lead to Excessively High Taxes?,2002
10.1257/000282802760015793,"Charitable Giving, Income, and Taxes: An Analysis of Panel Data",2002
10.1257/000282802760015801,A Century of Missing Trade?,2002
10.1257/000282802760015810,The Case of the Missing Trade and Other Mysteries: Comment,2002
10.1257/000282802760015829,The Case of the Missing Trade and Other Mysteries: Reply,2002
10.1257/000282802762024502,"Bones, Bombs, and Break Points: The Geography of Economic Activity",2002
10.1257/000282802762024511,Knowledge Spillovers and Inequality,2002
10.1257/000282802762024520,Economic Status and Health in Childhood: The Origins of the Gradient,2002
10.1257/000282802762024539,Property Rights and Finance,2002
10.1257/000282802762024548,Airport Congestion When Carriers Have Market Power,2002
10.1257/000282802762024557,Measuring Market Inefficiencies in California's Restructured Wholesale Electricity Market,2002
10.1257/000282802762024566,Transport Costs and the Geography of Arbitrage in Eighteenth-Century China,2002
10.1257/000282802762024575,Hazards of Expropriation: Tenure Insecurity and Investment in Rural China,2002
10.1257/000282802762024584,Two-Class Voting: A Mechanism for Conflict Resolution,2002
10.1257/000282802762024593,"Racial Profiling, Fairness, and Effectiveness of Policing",2002
10.1257/000282802762024601,Learning-by-Doing as a Propagation Mechanism,2002
10.1257/000282802762024610,Social Value of Public Information,2002
10.1257/000282802762024629,Vouchers for Private Schooling in Colombia: Evidence from a Randomized Natural Experiment,2002
10.1257/000282802762024638,Information Technology and the U.S. Productivity Revival: What Do the Industry Data Say?,2002
10.1257/000282802762024647,Choosing Wisely: A Multibidding Approach,2002
10.1257/000282802762024656,Effects of Environmental and Land Use Regulation in the Oil and Gas Industry Using the Wyoming Checkerboard as an Experimental Design,2002
10.1257/000282802762024665,Winning Isn’t Everything: Corruption in Sumo Wrestling,2002
10.1257/000282802762024674,Estimating Individual Discount Rates in Denmark: A Field Experiment,2002
10.1257/000282802762024683,"The Halloween Indicator, “Sell in May and Go Away”: Another Puzzle",2002
10.1257/000282802762024692,Preference Reversals of a Different Kind: The “More Is Less” Phenomenon,2002
10.1257/000282802762024700,Risk Aversion and Incentive Effects,2002
10.1257/000282802762024719,Art as an Investment and the Underperformance of Masterpieces,2002
10.1257/000282802762024728,Improving Efficiency of On-Campus Housing: An Experimental Study,2002
10.1257/000282802762024737,"One, Two, (Three), Infinity, … : Newspaper and Lab Beauty-Contest Experiments",2002
10.1257/000282802762024746,Protection for Sale: An Empirical Investigation: Comment,2002
10.1257/000282802762024755,Optimal Incentives for Teams: Comment,2002
10.1257/000282803321455133,Macroeconomic Priorities,2003
10.1257/000282803321455142,Why Don't Prices Rise During Periods of Peak Demand? Evidence from Scanner Data,2003
10.1257/000282803321455151,Micro Effects of Macro Announcements: Real-Time Price Discovery in Foreign Exchange,2003
10.1257/000282803321455160,Stages of Diversification,2003
10.1257/000282803321455179,The Survival of the Welfare State,2003
10.1257/000282803321455188,The Economic Costs of Conflict: A Case Study of the Basque Country,2003
10.1257/000282803321455197,Lying for Strategic Advantage: Rational and Boundedly Rational Misrepresentation of Intentions,2003
10.1257/000282803321455205,The Evolution of Human Life Expectancy and Intelligence in Hunter-Gatherer Economies,2003
10.1257/000282803321455214,Gravity with Gravitas: A Solution to the Border Puzzle,2003
10.1257/000282803321455223,Portfolio Choice and Trading in a Large 401(k) Plan,2003
10.1257/000282803321455232,Optimal Contracting with Subjective Evaluation,2003
10.1257/000282803321455241,Corporate Lobbying and Commitment Failure in Capital Taxation,2003
10.1257/000282803321455250,Access to Food and the Biological Standard of Living: Perspectives on the Nutritional Status of Native Americans,2003
10.1257/000282803321455269,Redistributive Promises and the Adoption of Economic Reform,2003
10.1257/000282803321455278,Speed Limit Policies: The Output Gap and Optimal Monetary Policy,2003
10.1257/000282803321455287,Does Aid Matter? Measuring the Effect of Student Aid on College Attendance and Completion,2003
10.1257/000282803321455296,Expert Opinion and Compensation: Evidence from a Musical Competition,2003
10.1257/000282803321455304,Choosing the Wrong Calling Plan? Ignorance and Learning,2003
10.1257/000282803321455313,"Energy, the Stock Market, and the Putty-Clay Investment Model",2003
10.1257/000282803321455322,Winter Blues: A SAD Stock Market Cycle,2003
10.1257/000282803321455331,Exchange-Rate Regimes and International Trade: Evidence from the Classical Gold Standard Era,2003
10.1257/000282803321455340,The Mismatch Between Life Insurance Holdings and Financial Vulnerabilities: Evidence from the Health and Retirement Study,2003
10.1257/000282803321455359,Monetary and Nonmonetary Punishment in the Voluntary Contributions Mechanism,2003
10.1257/000282803321455368,Consumer Response to Tax Rebates,2003
10.1257/000282803321455377,Do Consumers React to Anticipated Income Changes? Evidence from the Alaska Permanent Fund,2003
10.1257/000282803321455386,“3rd of tha Month”: Do Social Security Recipients Smooth Consumption Between Checks?,2003
10.1257/000282803321455395,Jealousy and Equilibrium Overconsumption,2003
10.1257/000282803321455403,The Role of the Family in Immigrants' Labor-Market Activity: An Evaluation of Alternative Explanations: Comment,2003
10.1257/000282803321455412,Organizational Design and Technology Choice under Intrafirm Bargaining: Comment,2003
10.1257/000282803321455421,Organizational Design and Technology Choice under Intrafirm Bargaining: Reply,2003
10.1257/000282803321455430,Willingness To Pay and Willingness To Accept: How Much Can They Differ? Comment,2003
10.1257/000282803321455449,Willingness To Pay and Willingness To Accept: How Much Can They Differ? Reply,2003
10.1257/000282803321946732,Editors' Introduction,2003
10.1257/000282803321946741,Foreword,2003
10.1257/000282803321946750,Globalization and Its Challenges,2003
10.1257/000282803321946769,The Future of the IMF,2003
10.1257/000282803321946778,The World Bank of the Future,2003
10.1257/000282803321946787,The Future of the IMF and World Bank: Panel Discussion,2003
10.1257/000282803321946796,"Trade Structure, Industrial Structure, and International Business Cycles",2003
10.1257/000282803321946804,How Does Globalization Affect the Synchronization of Business Cycles?,2003
10.1257/000282803321946813,Why Has the U.S. Economy Become Less Correlated with the Rest of the World?,2003
10.1257/000282803321946822,Sovereign Debt Restructuring: Messy or Messier?,2003
10.1257/000282803321946831,Sovereign Debt Restructuring,2003
10.1257/000282803321946840,Is Aggregation a Problem for Sovereign Debt Restructuring?,2003
10.1257/000282803321946859,Will the Sovereign Debt Market Survive?,2003
10.1257/000282803321946868,"Capital-Account Liberalization, the Cost of Capital, and Economic Growth",2003
10.1257/000282803321946877,Equity-Market Liberalizations as Country IPO's,2003
10.1257/000282803321946886,Randomized Evaluations of Educational Programs in Developing Countries: Some Lessons,2003
10.1257/000282803321946895,"Fieldwork, Economic Theory, and Research on Institutions in Developing Countries",2003
10.1257/000282803321946903,Payoffs from Panels in Low-Income Countries: Economic Development and Economic Mobility,2003
10.1257/000282803321946912,Weak Instruments: Diagnosis and Cures in Empirical Econometrics,2003
10.1257/000282803321946921,Sensitivity to Exogeneity Assumptions in Program Evaluation,2003
10.1257/000282803321946930,Cluster-Sample Methods in Applied Econometrics,2003
10.1257/000282803321946949,Market Design: The Policy Uses of Theory,2003
10.1257/000282803321946958,Modern Theory of Unemployment Fluctuations: Empirics and Policy Applications,2003
10.1257/000282803321946967,An Examination of the Influence of Theory and Individual Theorists on Empirical Research in Microeconomics,2003
10.1257/000282803321946976,Economic Behavior in Political Context,2003
10.1257/000282803321946985,A Psychological Perspective on Economics,2003
10.1257/000282803321946994,A Picture Is Worth a Thousand Symbols: A Sociologist's View of the Economic Pursuit of Truth,2003
10.1257/000282803321947001,Libertarian Paternalism,2003
10.1257/000282803321947010,Optimal Defaults,2003
10.1257/000282803321947029,"Studying Optimal Paternalism, Illustrated by a Model of Sin Taxes",2003
10.1257/000282803321947038,"Models of Thinking, Learning, and Teaching in Games",2003
10.1257/000282803321947047,Decision Making with Naive Advice,2003
10.1257/000282803321947056,Lessons Learned: Generalizing Learning Across Games,2003
10.1257/000282803321947065,Testing Political Economy Models of Reform in the Laboratory,2003
10.1257/000282803321947074,"What Can Be Learned from Skeletons that Might Interest Economists, Historians, and Other Social Scientists?",2003
10.1257/000282803321947083,Living Standards During the Industrial Revolution: An Economist's Guide,2003
10.1257/000282803321947092,The Rising Price of Nonmarket Goods,2003
10.1257/000282803321947100,At What Level of Labor-Market Intermittency Are Women Penalized?,2003
10.1257/000282803321947119,Low Take-Up in Medicaid: Does Outreach Matter and for Whom?,2003
10.1257/000282803321947128,Impact of Immigration on Prenatal Care Use and Birth Weight: Evidence from California in the 1990's,2003
10.1257/000282803321947137,Did Expanding the EITC Promote Motherhood?,2003
10.1257/000282803321947146,Price and Spouse's Coverage in Employee Demand for Health Insurance,2003
10.1257/000282803321947155,Guaranteeing Individual Accounts,2003
10.1257/000282803321947164,The Interaction of Public Retirement Income Programs in the United States,2003
10.1257/000282803321947173,Monetary Policy Under Imperfect Capital Markets in a Small Open Economy,2003
10.1257/000282803321947182,Evaluating Alternative Approaches to Incremental Health-Insurance Expansion,2003
10.1257/000282803321947191,A New Approach to Risk-Spreading via Coverage-Expansion Subsidies,2003
10.1257/000282803321947209,Reducing Risk to Increase Access to Health Insurance,2003
10.1257/000282803321947218,Why Did the Welfare Rolls Fall During the 1990's? The Importance of Entry,2003
10.1257/000282803321947227,"Some Evidence on Race, Welfare Reform, and Household Income",2003
10.1257/000282803321947236,How Welfare Policies Affect Child and Adolescent Achievement,2003
10.1257/000282803321947245,Changes in the Distribution of Children's Family Income Over the 1990's,2003
10.1257/000282803321947254,"The Gender Gap in Wages, circa 2000",2003
10.1257/000282803321947263,Assimilation across the Latino Generations,2003
10.1257/000282803321947272,Catching Up: Wages of Black Men,2003
10.1257/000282803321947281,The Economics of Reparations,2003
10.1257/000282803321947290,The Political Economy of Antiracism Initiatives in the Post-Durban Round,2003
10.1257/000282803321947308,Racial Stigma: Toward a New Paradigm for Discrimination Theory,2003
10.1257/000282803321947317,Rethinking Economic Discrimination,2003
10.1257/000282803321947326,Social Security and Individual Accounts as Elements of Overall Risk-Sharing,2003
10.1257/000282803321947335,Comparing the Risks of Social Security with and without Individual Accounts,2003
10.1257/000282803321947344,What Do We Know About the Risk of Individual Account Pensions? Evidence from Industrialized Countries,2003
10.1257/000282803321947353,Inter-asset Differences in Effective Estate-Tax Burdens,2003
10.1257/000282803321947362,Charitable Bequests and Taxes on Inheritances and Estates: Aggregate Evidence from across States and Time,2003
10.1257/000282803321947371,Thanatology and Economics: The Behavioral Economics of Death,2003
10.1257/000282803321947380,Consumption Risk and Expected Stock Returns,2003
10.1257/000282803321947399,"Stock-Market Participation, Intertemporal Substitution, and Risk-Aversion",2003
10.1257/000282803321947407,Average Debt and Equity Returns: Puzzling?,2003
10.1257/000282803321947416,Employer Stock and 401(k) Plans,2003
10.1257/000282803321947425,Accounting for Employee Stock Options,2003
10.1257/000282803321947434,Accounting in Partnerships,2003
10.1257/000282803321947443,The Impact of Bankruptcy on Airline Service Levels,2003
10.1257/000282803321947452,Integration and Independent Innovation on a Network,2003
10.1257/000282803321947461,"Measuring Unilateral Market Power in Wholesale Electricity Markets: The California Market, 1998–2000",2003
10.1257/000282803321947470,The Effects of Environmental Regulation on Technology Diffusion: The Case of Chlorine Manufacturing,2003
10.1257/000282803321947489,How Effective Is Green Regulatory Threat?,2003
10.1257/000282803321947498,Estimating Regulation-Induced Substitution: The Effect of the Clean Air Act on Water and Ground Pollution,2003
10.1257/000282803321947506,The Instructional Use and Teaching Preparation of Graduate Students in U.S. Ph.D.-Granting Economics Departments,2003
10.1257/000282803321947515,A Model Teacher-Education Program for Economics,2003
10.1257/000282803321947524,Regional Workshops to Improve the Teaching Skills of Economics Faculty,2003
10.1257/000282803321947533,"Minutes of the Annual Meeting Washington, DC January 4, 2003",2003
10.1257/000282803321947542,Minutes of the Executive Committee Meetings,2003
10.1257/000282803321947551,Report of the Secretary for 2002,2003
10.1257/000282803321947560,Report of the Treasurer,2003
10.1257/000282803321947579,Report of the Finance Committee,2003
10.1257/000282803321947588,Report of the Editor,2003
10.1257/000282803321947597,Report of the Editor,2003
10.1257/000282803321947605,Report of the Editor,2003
10.1257/000282803321947614,Report of the Director,2003
10.1257/000282803321947623,Report of the Committee on Economic Education,2003
10.1257/000282803321947632,Report of the Committee on the Status of Minority Groups in the Economics Profession,2003
10.1257/000282803321947641,Report of the Committee on the Status of Women in the Economics Profession,2003
10.1257/000282803321947650,American Economic Association Universal Academic Questionnaire Summary Statistics,2003
10.1257/000282803321947669,General Information on the Association,2003
10.1257/000282803321947678,Certificate of Incorporation and Bylaws,2003
10.1257/000282803322156954,Constructivist and Ecological Rationality in Economics,2003
10.1257/000282803322156963,Optimal Pricing Mechanisms with Unknown Demand,2003
10.1257/000282803322156972,Animal Spirits Through Creative Destruction,2003
10.1257/000282803322156981,"Make Versus Buy in Trucking:Asset Ownership, Job Design, and Information",2003
10.1257/000282803322156990,Wages and Employment in the United States and Germany:What Explains the Differences?,2003
10.1257/000282803322157007,Dynamic Speculative Attacks,2003
10.1257/000282803322157016,The Performance of Forecast-Based Monetary Policy Rules Under Model Uncertainty,2003
10.1257/000282803322157025,Optimal Design of Research Contests,2003
10.1257/000282803322157034,What Do Bargainers' Preferences Look Like? Experiments with a Convex Ultimatum Game,2003
10.1257/000282803322157043,One Size Fits All? Heckscher-Ohlin Specialization in Global Production,2003
10.1257/000282803322157052,A Theory of Defensive Skill-Biased Innovation and Globalization,2003
10.1257/000282803322157061,School Choice: A Mechanism Design Approach,2003
10.1257/000282803322157070,Multiproduct Quality Competition:Fighting Brands and Product Line Pruning,2003
10.1257/000282803322157089,"Information, International Substitutability, and Globalization",2003
10.1257/000282803322157098,Do Government Grants to Private Charities Crowd Out Giving or Fund-raising?,2003
10.1257/000282803322157106,Forward and Backward Intergenerational Goods: Why Is Social Security Good for the Environment?,2003
10.1257/000282803322157115,Relational Incentive Contracts,2003
10.1257/000282803322157124,Does Banning Affirmative Action Lower College Student Quality?,2003
10.1257/000282803322157133,Verifying the Solution from a Nonlinear Solver: A Case Study,2003
10.1257/000282803322157142,"The Carrot or the Stick: Rewards, Punishments, and Cooperation",2003
10.1257/000282803322157151,Risk Sharing and Industrial Specialization: Regional and International Evidence,2003
10.1257/000282803322157160,Simple Menus of Contracts in Cost-Based Procurement and Regulation,2003
10.1257/000282803322157179,Caballero Meets Bewley: The Permanent-Income Hypothesis in General Equilibrium,2003
10.1257/000282803322157188,Consequences of Bank Distress During the Great Depression,2003
10.1257/000282803322157197,An Empirical Analysis of the Risk Properties of Human Capital Returns,2003
10.1257/000282803322157205,Collusive Practices in Repeated English Auctions: Experimental Evidence on Bidding Rings,2003
10.1257/000282803322157214,Estimating the Knowledge-Capital Model of the Multinational Enterprise: Comment,2003
10.1257/000282803322157223,Estimating the Knowledge-Capital Model of the Multinational Enterprise: Reply,2003
10.1257/000282803322157232,An Asset Allocation Puzzle: Comment,2003
10.1257/000282803322157241,Endogenous Growth Without Scale Effects: Comment,2003
10.1257/000282803322157250,Independent Auditors' Report,2003
10.1257/000282803322655392,Maps of Bounded Rationality: Psychology for Behavioral Economics,2003
10.1257/000282803322655400,Recurrent Hyperinflations and Learning,2003
10.1257/000282803322655419,Pension Wealth and Household Saving: Evidence from Pension Reforms in the United Kingdom,2003
10.1257/000282803322655428,Interactions of Commitment and Discretion in Monetary and Fiscal Policies,2003
10.1257/000282803322655437,"Stochastic Technical Progress, Smooth Trends, and Nearly Distinct Business Cycles",2003
10.1257/000282803322655446,"Are Idle Hands the Devil’s Workshop? Incapacitation, Concentration, and Juvenile Crime",2003
10.1257/000282803322655455,A Reconsideration of Hedonic Price Indexes with an Application to PC’s,2003
10.1257/000282803322655464,"Valuing Biodiversity from an Economic Perspective: A Unified Economic, Ecological, and Genetic Approach",2003
10.1257/000282803322655473,"Fundamentals, Panics, and Bank Distress During the Depression",2003
10.1257/000282803322655482,Assessing the Importance of Tiebout Sorting: Local Heterogeneity from 1850 to 1990,2003
10.1257/000282803322655491,Inefficient Foreign Borrowing: A Dual- and Common-Agency Perspective,2003
10.1257/000282803322655509,Price Ceilings as Focal Points for Tacit Collusion: Evidence from Credit Cards,2003
10.1257/000282803322655518,Kin Groups and Reciprocity: A Model of Credit Transactions in Ghana,2003
10.1257/000282803322655527,Pregnancy and the Demand for Cigarettes,2003
10.1257/000282803322655536,"Crime, Inequality, and Unemployment",2003
10.1257/000282803322655545,"Creating the U.S. Dollar Currency Union, 1748–1811: A Quest for Monetary Stability or a Usurpation of State Sovereignty for Personal Gain?",2003
10.1257/000282803322655554,Returns to Education: Evidence from U.K. Twins,2003
10.1257/000282803322655563,Socioeconomic Status and Child Health: Why Is the Relationship Stronger for Older Children?,2003
10.1257/000282803322655572,Clubs with Entrapment,2003
10.1257/000282803322655581,Uncoupled Dynamics Do Not Lead to Nash Equilibrium,2003
10.1257/000282803769206188,The Misallocation of Housing Under Rent Control,2003
10.1257/000282803769206197,Social Security Investment in Equities,2003
10.1257/000282803769206205,On the Evolution of the Firm Size Distribution: Facts and Theory,2003
10.1257/000282803769206214,Inequality and Growth: Why Differential Fertility Matters,2003
10.1257/000282803769206223,Interpreting Aggregate Wage Growth: The Role of Labor Market Participation,2003
10.1257/000282803769206232,Can Mandated Political Representation Increase Policy Influence for Disadvantaged Minorities? Theory and Evidence from India,2003
10.1257/000282803769206241,Are Mergers Beneficial to Consumers? Evidence from the Market for Bank Deposits,2003
10.1257/000282803769206250,To Float or to Fix: Evidence on the Impact of Exchange Rate Regimes on Growth,2003
10.1257/000282803769206269,"Network Effects, Congestion Externalities, and Air Traffic Delays: Or Why Not All Delays Are Evil",2003
10.1257/000282803769206278,"International Business Cycles: World, Region, and Country-Specific Factors",2003
10.1257/000282803769206287,Technological Change and the Stock Market,2003
10.1257/000282803769206296,Plants and Productivity in International Trade,2003
10.1257/000282803769206304,The Economic Significance of National Border Effects,2003
10.1257/000282803769206313,Is the Threat of Reemployment Services More Effective Than the Services Themselves? Evidence from Random Assignment in the UI System,2003
10.1257/000282803769206322,"Information, Decisions, and Productivity: On-Board Computers and Capacity Utilization in Trucking",2003
10.1257/000282803769206331,Upward Bias in the Estimated Returns to Education: Evidence from South Africa,2003
10.1257/000282803769206340,Inflation Persistence and Relative Contracting,2003
10.1257/000282803769206359,The Importance of Group Coverage: How Tax Policy Shaped U.S. Health Insurance,2003
10.1257/000282803769206368,Why Dowries?,2003
10.1257/000282803769206377,The Most Technologically Progressive Decade of the Century,2003
10.1257/000282803769206386,Wage Adjustment Under Low Inflation: Evidence from U.S. History,2003
10.1257/000282803769206395,"Competition, Risk, and Managerial Incentives",2003
10.1257/000282803769206403,Elephants: Comment,2003
10.1257/000282803769206412,Elephants: Reply,2003
10.1257/0002828041301399,American Economic Association Universal Academic Questionnaire Summary Statistics,2004
10.1257/0002828041301407,Was Electricity a General Purpose Technology? Evidence from Historical Patent Citations,2004
10.1257/0002828041301416,Taxation and Corporate Payout Policy,2004
10.1257/0002828041301425,Balanced Skills and Entrepreneurship,2004
10.1257/0002828041301434,Financial Opening and Development: Evidence and Policy Controversies,2004
10.1257/0002828041301443,Variety Growth and World Welfare,2004
10.1257/0002828041301452,Improving Social Security's Progressivity and Solvency with Hybrid Indexing,2004
10.1257/0002828041301461,The Productivity of Physician Specialization: Evidence from the Medicare Program,2004
10.1257/0002828041301470,The Underrepresentation of Minority Faculty in Higher Education: Panel Discussion,2004
10.1257/0002828041301489,How Much Equity Does the Government Hold?,2004
10.1257/0002828041301498,Does Competition Destroy Ethical Behavior?,2004
10.1257/0002828041301506,Repetition and Reputation: Implications for Trust and Trustworthiness When Institutions Change,2004
10.1257/0002828041301515,Institutional Strategies to Achieve Gender Equity in Intercollegiate Athletics: Does Title IX Harm Male Athletes?,2004
10.1257/0002828041301524,On the Measurement of Product Variety in Trade,2004
10.1257/0002828041301533,Inflation Illusion and Stock Prices,2004
10.1257/0002828041301542,Report of the Committee on the Status of Women in the Economics Profession,2004
10.1257/0002828041301551,Risk and Uncertainty in Monetary Policy,2004
10.1257/0002828041301560,"Dissecting Trade: Firms, Industries, and Export Destinations",2004
10.1257/0002828041301579,Task-Specific Human Capital,2004
10.1257/0002828041301588,Deflation and Depression: Is There an Empirical Link?,2004
10.1257/0002828041301597,The Market for New Ph.D. Economists in 2002,2004
10.1257/0002828041301605,Report of the Committee on Economic Education,2004
10.1257/0002828041301614,The Effects of Ph.D. Supply on Minority Faculty Representation,2004
10.1257/0002828041301623,Efficiency in the Use of Technology in Economic Education: Some Preliminary Results,2004
10.1257/0002828041301632,Design Choices in Privatized Social-Security Systems: Learning from the Swedish Experience,2004
10.1257/0002828041301641,Transparency of Information and Coordination in Economies with Investment Complementarities,2004
10.1257/0002828041301650,Report of the Editor,2004
10.1257/0002828041301669,Information on the Association,2004
10.1257/0002828041301678,"Social Security Financing: Facts, Fantasies, Foibles, and Follies",2004
10.1257/0002828041301687,Persuasion in Politics,2004
10.1257/0002828041301696,"Minutes of the Annual Meeting San Diego, CA January 4, 2004",2004
10.1257/0002828041301704,The Fed Response to Equity Prices and Inflation,2004
10.1257/0002828041301713,Toward National Well-Being Accounts,2004
10.1257/0002828041301722,Accounting for Exchange-Rate Variability in Present-Value Models When the Discount Factor Is Near 1,2004
10.1257/0002828041301731,What Students Remember and Say about College Economics Years Later,2004
10.1257/0002828041301740,Policy Options in a Liquidity Trap,2004
10.1257/0002828041301759,Aggregate Short Interest and Market Valuations,2004
10.1257/0002828041301768,"Managed Care, Information, and Diffusion: The Case of Treatment for Heart-Attack Patients",2004
10.1257/0002828041301777,"Property Rights to Technical Knowledge in Premodern Europe, 1300–1800",2004
10.1257/0002828041301786,Hospital Transaction Prices and Managed-Care Discounting for Selected Medical Technologies,2004
10.1257/0002828041301795,"Asset Prices, Financial Instability, and Monetary Policy",2004
10.1257/0002828041301803,"Institutions and Democratic Invention in 19th-Century America: Evidence from “Great Inventors,” 1790–1930",2004
10.1257/0002828041301812,Integrated Longitudinal Employer-Employee Data for the United States,2004
10.1257/0002828041301821,Gender and Competition at a Young Age,2004
10.1257/0002828041301830,Understanding How Child-Support Arrears Reached $18 Billion in California,2004
10.1257/0002828041301849,A Scapegoat Model of Exchange-Rate Fluctuations,2004
10.1257/0002828041301858,Report of the Treasurer,2004
10.1257/0002828041301867,Identifying the Effects of the Americans with Disabilities Act Using State-Law Variation: Preliminary Evidence on Educational Participation Effects,2004
10.1257/0002828041301876,Are All the Good Men Married? Uncovering the Sources of the Marital Wage Premium,2004
10.1257/0002828041301885,Mood-Driven Behavior in Strategic Interactions,2004
10.1257/0002828041301894,Minutes of the Executive Committee Meetings,2004
10.1257/0002828041301902,"Wealth, Health, and Health Services in Rural Rajasthan",2004
10.1257/0002828041301911,"Occupation, Sex-Integration, and Divorce",2004
10.1257/0002828041301920,"Changing Labor-Market Opportunities for Women and the Quality of Teachers, 1957–2000",2004
10.1257/0002828041301939,Is the Social Security Trust Fund a Store of Value?,2004
10.1257/0002828041301948,Monetary and Fiscal Remedies for Deflation,2004
10.1257/0002828041301957,The Institutions of Monetary Policy,2004
10.1257/0002828041301966,Report of the Finance Committee,2004
10.1257/0002828041301975,Sunk Costs and Antitrust Barriers to Entry,2004
10.1257/0002828041301984,Estimating the Value of a Statistical Life: The Importance of Omitted Variables and Publication Bias,2004
10.1257/0002828041301993,The Role of Information in Medical Markets: An Analysis of Publicly Reported Outcomes in Cardiac Surgery,2004
10.1257/0002828041302000,Report of the Secretary for 2003,2004
10.1257/0002828041302019,A Behavioral-Economics View of Poverty,2004
10.1257/0002828041302028,Report of the Editor: <i>Journal of Economic Perspectives</i>,2004
10.1257/0002828041302037,Inequality and the Organization of Knowledge,2004
10.1257/0002828041302046,Medical Compliance and Income-Health Gradients,2004
10.1257/0002828041302055,"Preemption, Changing Structure, and U.S. Monetary Policy",2004
10.1257/0002828041302064,Negative Nominal Interest Rates,2004
10.1257/0002828041302073,Pulled Away or Pushed Out? Explaining the Decline of Teacher Aptitude in the United States,2004
10.1257/0002828041302082,Social Capital and Contributions in a Public-Goods Experiment,2004
10.1257/0002828041302091,"The Employment Consequences of Wrongful-Discharge Laws: Large, Small, or None at All?",2004
10.1257/0002828041302109,Do Conditional Cash Transfers Improve Child Health? Evidence from PROGRESA′s Control Randomized Experiment,2004
10.1257/0002828041302118,Conducting Monetary Policy at Very Low Short-Term Interest Rates,2004
10.1257/0002828041302127,Wedges and Taxes,2004
10.1257/0002828041302136,Editors' Introduction,2004
10.1257/0002828041302145,Using “Insider Econometrics” to Study Productivity,2004
10.1257/0002828041302154,Do We Underestimate the Benefits of Cultural Competition?,2004
10.1257/0002828041302163,What Do Aggregate Consumption Euler Equations Say About the Capital-Income Tax Burden?,2004
10.1257/0002828041302172,"Teacher Testing, Teacher Education, and Teacher Characteristics",2004
10.1257/0002828041302181,The Labor Market for New Ph.D. Economists: Panel Discussion,2004
10.1257/0002828041302190,Can Demand-Side Variables Explain the Low Numbers of Minority Faculty in Higher Education?,2004
10.1257/0002828041302208,Psychology and the Market,2004
10.1257/0002828041302217,"Financial Openness, Sudden Stops, and Current-Account Reversals",2004
10.1257/0002828041302226,Exchange-Rate Policy and the Zero Bound on Nominal Interest Rates,2004
10.1257/0002828041302235,What Is a Barrier to Entry?,2004
10.1257/0002828041302244,The Impact of Individual Teachers on Student Achievement: Evidence from Panel Data,2004
10.1257/0002828041302253,The Structure of Wages and Internal Mobility,2004
10.1257/0002828041302262,CEO Pay and Appointments: A Market-Based Explanation for Recent Trends,2004
10.1257/0002828041302271,John Bates Clark Award,2004
10.1257/0002828041302280,Why Barriers to Entry Are Barriers to Understanding,2004
10.1257/0002828041302299,Why Is Manufacturing Trade Rising Even as Manufacturing Output is Falling?,2004
10.1257/0002828041302307,Innovations and Issues in Monetary Policy: Panel Discussion,2004
10.1257/0002828041302316,"Toward a Consumption Tax, and Beyond",2004
10.1257/0002828041302325,Report of the Director,2004
10.1257/0002828041302334,Foreword,2004
10.1257/0002828041302343,Ph.D. Program Learning and Job Demands: How Close Is the Match?,2004
10.1257/0002828041302352,Report of the Editor: <i>American Economic Review</i>,2004
10.1257/0002828041302361,Report of the Search Committee for a <i>JEL</i> Editor,2004
10.1257/0002828041302370,Serial Default and the “Paradox” of Rich-to-Poor Capital Flows,2004
10.1257/0002828041302389,"Can Portfolio Rebalancing Explain the Dynamics of Equity Returns, Equity Flows, and Exchange Rates?",2004
10.1257/0002828041464425,Resistance to Reform: Status Quo Bias in the Presence of Individual-Specific Uncertainty: Comment,2004
10.1257/0002828041464434,Incentives and Discrimination,2004
10.1257/0002828041464443,Pareto-Improving Campaign Finance Policy,2004
10.1257/0002828041464452,Irreversible Decisions and Record-Setting News Principles,2004
10.1257/0002828041464461,Distinguishing Informational Cascades from Herd Behavior in the Laboratory,2004
10.1257/0002828041464470,Is There a Politically Optimal Level of Judicial Independence?,2004
10.1257/0002828041464489,What's in a Grade? School Report Cards and the Housing Market,2004
10.1257/0002828041464498,The Role of Social Capital in Financial Development,2004
10.1257/0002828041464506,Referrals,2004
10.1257/0002828041464515,Independent Auditors' Report,2004
10.1257/0002828041464524,"Aid, Policies, and Growth: Reply",2004
10.1257/0002828041464533,After the Big Bang? Obstacles to the Emergence of the Rule of Law in Post-Communist Societies,2004
10.1257/0002828041464542,The Effects of Social Networks on Employment and Inequality,2004
10.1257/0002828041464551,Money Does Matter! Evidence from Increasing Real Income and Life Satisfaction in East Germany Following Reunification,2004
10.1257/0002828041464560,"Aid, Policies, and Growth: Comment",2004
10.1257/0002828041464579,In-Kind Finance: A Theory of Trade Credit,2004
10.1257/0002828041464588,"Opportunism in Multilateral Vertical Contracting: Nondiscrimination, Exclusivity, and Uniformity: Comment",2004
10.1257/0002828041464597,Risk and Volatility: Econometric Models and Financial Practice,2004
10.1257/0002828041464605,Does Foreign Direct Investment Increase the Productivity of Domestic Firms? In Search of Spillovers Through Backward Linkages,2004
10.1257/0002828041464614,Examining the Role of Social Isolation on Stated Preferences,2004
10.1257/0002828041464623,"Workers' Education, Spillovers, and Productivity: Evidence from Plant-Level Production Functions",2004
10.1257/0002828041464632,"Opportunism in Multilateral Vertical Contracting: Nondiscrimination, Exclusivity, and Uniformity: Reply",2004
10.1257/0002828041464641,Efficient Patent Pools,2004
10.1257/0002828041464650,"Liquidity, Efficiency, and Bank Bailouts",2004
10.1257/0002828041464669,"Time Series Analysis, Cointegration, and Applications",2004
10.1257/0002828042002516,"Saving, Risk Sharing, and Preferences for Risk",2004
10.1257/0002828042002525,The Macroeconomics of Labor and Credit Market Imperfections,2004
10.1257/0002828042002534,A Comment on the Economics of Labor Adjustment: Mind the Gap,2004
10.1257/0002828042002543,Effects of Technology on Incentive Design of Share Contracts,2004
10.1257/0002828042002552,Why Does the Cyclical Behavior of Real Wages Change Over Time?,2004
10.1257/0002828042002561,Are Emily and Greg More Employable Than Lakisha and Jamal? A Field Experiment on Labor Market Discrimination,2004
10.1257/0002828042002570,Determinants of Long-Term Growth: A Bayesian Averaging of Classical Estimates (BACE) Approach,2004
10.1257/0002828042002589,Balance Sheets and Exchange Rate Policy,2004
10.1257/0002828042002598,A Comment on the Economics of Labor Adjustment: Mind the Gap: Rejoinder,2004
10.1257/0002828042002606,The Politician and the Judge: Accountability in Government,2004
10.1257/0002828042002615,The Cost of Business Cycles Under Endogenous Growth,2004
10.1257/0002828042002624,Policy Gambles,2004
10.1257/0002828042002633,The Long and Short of the Canada-U.S. Free Trade Agreement,2004
10.1257/0002828042002642,"Insurance, Consumption, and Saving: A Dynamic Analysis in Continuous Time",2004
10.1257/0002828042002651,A New Measure of Monetary Shocks: Derivation and Implications,2004
10.1257/0002828042002660,Sunk Investments Lead to Unpredictable Prices,2004
10.1257/0002828042002679,Desegregation and Black Dropout Rates,2004
10.1257/0002828042002688,The Home-Market Effect and Bilateral Trade Patterns,2004
10.1257/0002828042002697,Rational Overoptimism (and Other Biases),2004
10.1257/0002828042002705,Running to Keep in the Same Place: Consumer Choice as a Game of Status,2004
10.1257/0002828042002714,The Opportunity Criterion: Consumer Sovereignty Without the Assumption of Coherent Preferences,2004
10.1257/0002828042002723,Real Exchange Rate Fluctuations and the Dynamics of Retail Trade Industries on the U.S.-Canada Border,2004
10.1257/0002828042002732,A Comment on the Economics of Labor Adjustment: Mind the Gap: Reply,2004
10.1257/0002828042002741,"Inequality Aversion, Efficiency, and Maximin Preferences in Simple Distribution Experiments",2004
10.1257/0002828043052169,Does School Integration Generate Peer Effects? Evidence from Boston's Metco Program,2004
10.1257/0002828043052178,Constructing Price Indexes across Space and Time: The Case of the European Union,2004
10.1257/0002828043052187,Social Comparisons and Pro-social Behavior: Testing “Conditional Cooperation” in a Field Experiment,2004
10.1257/0002828043052196,Progressive Taxation and Long-Run Growth,2004
10.1257/0002828043052204,Confidence-Enhanced Performance,2004
10.1257/0002828043052213,Intergenerational Persistence of Earnings: The Role of Early and College Education,2004
10.1257/0002828043052222,Addiction and Cue-Triggered Decision Processes,2004
10.1257/0002828043052231,A Group Rule—Utilitarian Approach to Voter Turnout: Theory and Evidence,2004
10.1257/0002828043052240,"Bad Beta, Good Beta",2004
10.1257/0002828043052259,Capturing Knowledge within and across Firm Boundaries: Evidence from Clinical Development,2004
10.1257/0002828043052268,Riding the South Sea Bubble,2004
10.1257/0002828043052277,Does Fund Size Erode Mutual Fund Performance? The Role of Liquidity and Organization,2004
10.1257/0002828043052286,Rationalizing the Penn World Table: True Multilateral Indices for International Comparisons of Real Income,2004
10.1257/0002828043052295,"The Interest Rate, Learning, and Inventory Investment",2004
10.1257/0002828043052303,Gibrat's Law for (All) Cities,2004
10.1257/0002828043052312,International Protection of Intellectual Property,2004
10.1257/0002828043052321,Why Parents Play Favorites: Explanations for Unequal Bequests,2004
10.1257/0002828043052330,An Efficient Ascending-Bid Auction for Multiple Objects,2004
10.1257/0002828043052349,When Does Learning in Games Generate Convergence to Nash Equilibria? The Role of Supermodularity in an Experimental Setting,2004
10.1257/0002828043052358,The Effect of Health Risk on Housing Values: Evidence from a Cancer Cluster,2004
10.1257/0002828043052367,"Partnership Firms, Reputation, and Human Capital",2004
10.1257/0002828043052376,"Markups, Aggregation, and Inventory Adjustment",2004
10.1257/000282804322970670,Social Security,2004
10.1257/000282804322970689,Constitutional Rules and Fiscal Policy Outcomes,2004
10.1257/000282804322970698,Bidder Discounts and Target Premia in Takeovers,2004
10.1257/000282804322970706,Costly Voting,2004
10.1257/000282804322970715,Factor Proportions and the Structure of Commodity Trade,2004
10.1257/000282804322970724,Do We Really Know That the WTO Increases Trade?,2004
10.1257/000282804322970733,Do Police Reduce Crime? Estimates Using the Allocation of Police Forces After a Terrorist Attack,2004
10.1257/000282804322970742,Dynamic Pricing in the Presence of Antidumping Policy: Theory and Evidence,2004
10.1257/000282804322970751,"The Effect of Education on Crime: Evidence from Prison Inmates, Arrests, and Self-Reports",2004
10.1257/000282804322970760,Testing for Indeterminacy: An Application to U.S. Monetary Policy,2004
10.1257/000282804322970779,Internet Job Search and Unemployment Durations,2004
10.1257/000282804322970788,"Public Housing, Housing Vouchers, and Student Achievement: Evidence from Public Housing Demolitions in Chicago",2004
10.1257/000282804322970797,Pareto-Efficient International Taxation,2004
10.1257/000282804322970805,Understanding Trend and Cycle in Asset Values: Reevaluating the Wealth Effect on Consumption,2004
10.1257/000282804322970814,Export Versus FDI with Heterogeneous Firms,2004
10.1257/000282804322970823,Vertical Relationships and Competition in Retail Gasoline Markets: Empirical Evidence from Contract Changes in Southern California,2004
10.1257/000282804322970832,How Will 401(k) Pension Plans Affect Retirement Income?,2004
10.1257/000282804322970841,The Impact of Labor Strikes on Consumer Demand: An Application to Professional Sports,2004
10.1257/000282804322970850,Estimating the Effect of Mother’s Schooling on Children’s Schooling Using a Sample of Adoptees,2004
10.1257/000282804322970869,On A Political Solution to the NIMBY Conflict,2004
10.1257/000282804322970878,Verifying the Solution from a Nonlinear Solver: A Case Study: Comment,2004
10.1257/000282804322970887,Verifying the Solution from a Nonlinear Solver: A Case Study: Reply,2004
10.1257/000282804322970896,Verifying the Solution from a Nonlinear Solver: A Case Study: Comment,2004
10.1257/000282804322970904,Verifying the Solution from a Nonlinear Solver: A Case Study: Reply,2004
10.1257/0002828053828437,Demand Reduction in Multi-Unit Auctions: Evidence from a Sportscard Field Experiment: Comment,2005
10.1257/0002828053828446,The Sensitivity of Long-Term Interest Rates to Economic News: Evidence and Implications for Macroeconomic Models,2005
10.1257/0002828053828455,Will U.S. Agriculture Really Benefit from Global Warming? Accounting for Irrigation in the Hedonic Approach,2005
10.1257/0002828053828464,A Political Economy Model of Congressional Careers,2005
10.1257/0002828053828473,The Case for Open-Market Purchases in a Liquidity Trap,2005
10.1257/0002828053828482,Employment Fluctuations with Equilibrium Wage Stickiness,2005
10.1257/0002828053828491,An Empirical Assessment of the Comparative Advantage Gains from Trade: Evidence from Japan,2005
10.1257/0002828053828509,Patent Citations and the Geography of Knowledge Spillovers: A Reassessment,2005
10.1257/0002828053828518,Estimation and Inference of Impulse Responses by Local Projections,2005
10.1257/0002828053828527,How to Protect Future Generations Using Tax-Base Restrictions,2005
10.1257/0002828053828536,Demand Reduction in Multi-Unit Auctions: Evidence from a Sportscard Field Experiment: Reply,2005
10.1257/0002828053828545,Rethinking Social Insurance,2005
10.1257/0002828053828554,Extracting Inflation from Stock Returns to Test Purchasing Power Parity,2005
10.1257/0002828053828563,The Quantity and Quality of Life and the Evolution of World Inequality,2005
10.1257/0002828053828572,The Cyclical Behavior of Equilibrium Unemployment and Vacancies,2005
10.1257/0002828053828581,Bond Risk Premia,2005
10.1257/0002828053828590,"Distance, Time, and Specialization: Lean Retailing in General Equilibrium",2005
10.1257/0002828053828608,Are Delays in Academic Publishing Necessary?,2005
10.1257/0002828053828617,Patent Citations and the Geography of Knowledge Spillovers: A Reassessment: Reply,2005
10.1257/0002828053828626,Wealth as a Determinant of Comparative Advantage,2005
10.1257/0002828053828635,Why the Apple Doesn’t Fall Far: Understanding Intergenerational Transmission of Human Capital,2005
10.1257/0002828053828644,Patent Citations and the Geography of Knowledge Spillovers: A Reassessment: Comment,2005
10.1257/0002828053828653,Optimal Monetary Policy with Relative Price Distortions,2005
10.1257/0002828053828662,Deception: The Role of Consequences,2005
10.1257/0002828053828671,"Educational Reform, Ability, and Family Background",2005
10.1257/0002828053828680,The Baby Boom and Baby Bust,2005
10.1257/0002828053828699,Financial Reform: What Shakes It? What Shapes It?,2005
10.1257/0002828053828707,"In Search of the Holy Grail: Policy Convergence, Experimentation, and Economic Performance",2005
10.1257/0002828054201242,Do Rural Banks Matter? Evidence from the Indian Social Banking Experiment,2005
10.1257/0002828054201251,Some Evolutionary Foundations for Price Level Rigidity,2005
10.1257/0002828054201260,Conglomerate Entrenchment under Optimal Financial Contracting,2005
10.1257/0002828054201279,International Unions,2005
10.1257/0002828054201288,Heterogeneous Patience and the Term Structure of Real Interest Rates,2005
10.1257/0002828054201297,The Wrong Kind of Transparency,2005
10.1257/0002828054201305,"The Rise of Europe: Atlantic Trade, Institutional Change, and Economic Growth",2005
10.1257/0002828054201314,"Does Competition for Capital Discipline Governments? Decentralization, Globalization, and Public Policy",2005
10.1257/0002828054201323,The Collapse of a Medical Labor Clearinghouse (and Why Such Failures Are Rare),2005
10.1257/0002828054201332,Understanding European Real Exchange Rates,2005
10.1257/0002828054201341,William Allen Brock,2005
10.1257/0002828054201350,Sunspots in the Laboratory,2005
10.1257/0002828054201369,Long-Term Contracting with Markovian Consumers,2005
10.1257/0002828054201378,Risk Aversion and Incentive Effects: Comment,2005
10.1257/0002828054201387,"The Willingness to Pay–Willingness to Accept Gap, the “Endowment Effect,” Subject Misconceptions, and Experimental Procedures for Eliciting Valuations",2005
10.1257/0002828054201396,The Variety and Quality of a Nation's Exports,2005
10.1257/0002828054201404,The Evolution of High Incomes in Northern America: Lessons from Canadian Evidence,2005
10.1257/0002828054201413,Competition and Incentives with Motivated Agents,2005
10.1257/0002828054201422,Equilibrium Investment and Asset Prices under Imperfect Corporate Control,2005
10.1257/0002828054201431,Are Two Heads Better Than One? Team versus Individual Play in Signaling Games,2005
10.1257/0002828054201440,Independent Auditors' Report,2005
10.1257/0002828054201459,Risk Aversion and Incentive Effects: New Data without Order Effects,2005
10.1257/0002828054201468,"Ethnic Polarization, Potential Conflict, and Civil Wars",2005
10.1257/0002828054201477,"House Prices, Borrowing Constraints, and Monetary Policy in the Business Cycle",2005
10.1257/0002828054201486,"Mortality Reductions, Educational Attainment, and Fertility Choice",2005
10.1257/0002828054201495,State “Currencies” and the Transition to the U.S. Dollar: Clarifying Some Confusions,2005
10.1257/0002828054825466,Matching with Contracts,2005
10.1257/0002828054825475,Bidding with Securities: Auctions and Security Design,2005
10.1257/0002828054825484,Does School Choice Lead to Sorting? Evidence from Tiebout Variation,2005
10.1257/0002828054825493,Optimal Expectations,2005
10.1257/0002828054825501,How Do Patent Laws Influence Innovation? Evidence from Nineteenth-Century World's Fairs,2005
10.1257/0002828054825510,Does Britain or the United States Have the Right Gasoline Tax?,2005
10.1257/0002828054825529,The Central Role of Noise in Evaluating Interventions That Use Test Scores to Rank Schools,2005
10.1257/0002828054825538,Legislative Bargaining under Weighted Voting,2005
10.1257/0002828054825547,Racial Discrimination in Labor Markets with Posted Wage Offers,2005
10.1257/0002828054825556,Precautionary Saving and Consumption Fluctuations,2005
10.1257/0002828054825565,Effective Exchange Rates and the Classical Gold Standard Adjustment,2005
10.1257/0002828054825574,"History, Institutions, and Economic Performance: The Legacy of Colonial Land Tenure Systems in India",2005
10.1257/0002828054825583,"When Optimal Choices Feel Wrong: A Laboratory Study of Bayesian Updating, Complexity, and Affect",2005
10.1257/0002828054825592,Meetings with Costly Participation: Reply,2005
10.1257/0002828054825600,Incomplete Contracts and the Product Cycle,2005
10.1257/0002828054825619,The Market for News,2005
10.1257/0002828054825628,Meetings with Costly Participation: Comment,2005
10.1257/0002828054825637,Uncertainty and Hyperbolic Discounting,2005
10.1257/0002828054825646,The Political Economy of Corporate Governance,2005
10.1257/0002828054825655,Fairness and Redistribution,2005
10.1257/0002828054825664,State “Currencies” and the Transition to the U.S. Dollar: Reply—Including a New View from Canada,2005
10.1257/0002828054825673,Secrecy and Safety,2005
10.1257/0002828054825682,"Homeownership, Community Interactions, and Segregation",2005
10.1257/0002828054825691,Unnatural Selection: Perverse Incentives and the Misallocation of Credit in Japan,2005
10.1257/000282805774669565,The Bundling of Academic Journals,2005
10.1257/000282805774669574,A Framework for Exploring the Macroeconomic Determinants of Systematic Risk,2005
10.1257/000282805774669583,Cost-Effective Policies to Reduce Vehicle Emissions,2005
10.1257/000282805774669592,Report of the Representative to the International Economic Association,2005
10.1257/000282805774669600,"Charity Care, Risk Pooling, and the Decline in Private Health Insurance",2005
10.1257/000282805774669619,The Increased Frequency and Duration of the Postdoctorate Career Stage,2005
10.1257/000282805774669628,Explaining the Short Careers of High-Achieving Teachers in Schools with Low-Performing Students,2005
10.1257/000282805774669637,The Boston Public School Match,2005
10.1257/000282805774669646,"Racial Profiling as a Public Policy Question: Efficiency, Equity, and Ambiguity",2005
10.1257/000282805774669655,"Moore's Law, Competition, and Intel's Productivity in the Mid-1990s",2005
10.1257/000282805774669664,The Influence of Technology on Foreign Direct Investment,2005
10.1257/000282805774669673,The Cost of Reducing Gasoline Consumption,2005
10.1257/000282805774669682,Report of the Search Committee for the Editor of the AER,2005
10.1257/000282805774669691,The Gastroenterology Fellowship Market: Should There Be a Match?,2005
10.1257/000282805774669709,The Neuroeconomics of Distrust: Sex Differences in Behavior and Physiology,2005
10.1257/000282805774669718,Value of a Statistical Life: Relative Position vs. Relative Age,2005
10.1257/000282805774669727,Grants versus Loans for Development Banks,2005
10.1257/000282805774669736,Neuroeconomic Foundations of Trust and Social Preferences: Initial Evidence,2005
10.1257/000282805774669745,Report of the Treasurer,2005
10.1257/000282805774669754,The Role of Dynamic Scoring in the Federal Budget Process: Closing the Gap between Theory and Practice,2005
10.1257/000282805774669763,Vanishing Children: From High Unemployment to Low Fertility in Developed Countries,2005
10.1257/000282805774669772,Involving Undergraduates in Research To Encourage Them To Undertake Ph.D. Study in Economics,2005
10.1257/000282805774669781,"Skill-Sorting, Self-Selectivity, and Immigration Policy Regime Change: Two Surveys of Chinese Graduate Students' Intention to Study Abroad",2005
10.1257/000282805774669790,Does Teaching Enhance Research in Economics?,2005
10.1257/000282805774669808,Dynamic Inefficiencies in Insurance Markets: Evidence from Long-Term Care Insurance,2005
10.1257/000282805774669817,Optimal Search Profiling with Linear Deterrence,2005
10.1257/000282805774669826,Report of the Editor,2005
10.1257/000282805774669835,"Minutes of the Annual Meeting Philadelphia, PA January 8, 2005",2005
10.1257/000282805774669844,Effects of Insurance Coverage on Use of Care and Health Outcomes for Nonpoor Young Women,2005
10.1257/000282805774669853,American Economic Association Universal Academic Questionnaire Summary Statistics,2005
10.1257/000282805774669862,Information on the Association,2005
10.1257/000282805774669871,Property Rights and the International Organization of Production,2005
10.1257/000282805774669880,The Economics of Governance,2005
10.1257/000282805774669899,An Investigation of the Effects of Alcohol Consumption and Alcohol Policies on Youth Risky Sexual Behaviors,2005
10.1257/000282805774669907,Socioeconomic Differences in the Adoption of New Medical Technologies,2005
10.1257/000282805774669916,From Education to Democracy?,2005
10.1257/000282805774669925,Are Positional Concerns Stronger in Some Domains than in Others?,2005
10.1257/000282805774669934,Meese-Rogoff Redux: Micro-Based Exchange-Rate Forecasting,2005
10.1257/000282805774669943,The 1918 Influenza Pandemic and Subsequent Health Outcomes: An Analysis of SIPP Data,2005
10.1257/000282805774669952,Editors' Introduction,2005
10.1257/000282805774669961,Why Have Housing Prices Gone Up?,2005
10.1257/000282805774669970,Report of the Committee on Economic Education,2005
10.1257/000282805774669989,A Kidney Exchange Clearinghouse in New England,2005
10.1257/000282805774669998,“Dysfunctional Identities” Can Be Rational,2005
10.1257/000282805774670004,What Does the Taxable Income Elasticity Say About Dynamic Responses to Tax Changes?,2005
10.1257/000282805774670013,Sudden Stops and Output Drops,2005
10.1257/000282805774670022,Implications of Intellectual Property Rights for Dynamic Gains from Trade,2005
10.1257/000282805774670031,"Passenger Profiling, Imperfect Screening, and Airport Security",2005
10.1257/000282805774670040,The Labor-Market Impact of High-Skill Immigration,2005
10.1257/000282805774670059,Do Democratic Transitions Produce Bad Economic Outcomes?,2005
10.1257/000282805774670068,Fellowship Stipend Support and the Supply of Science and Engineering Students: NSF Graduate Research Fellowships,2005
10.1257/000282805774670077,"Metropolitan-Specific Estimates of the Price Elasticity of Supply of Housing, and Their Sources",2005
10.1257/000282805774670086,Infertility Insurance Mandates and Fertility,2005
10.1257/000282805774670095,Fear and Greed in Financial Markets: A Clinical Study of Day-Traders,2005
10.1257/000282805774670103,The Neuroeconomics of Mind Reading and Empathy,2005
10.1257/000282805774670112,Open Access and Academic Journal Quality,2005
10.1257/000282805774670121,The Consequences of the Growth of Health Insurance Premiums,2005
10.1257/000282805774670130,Do Returns to Schooling Differ by Race and Ethnicity?,2005
10.1257/000282805774670149,Do Faculty Serve as Role Models? The Impact of Instructor Gender on Female Students,2005
10.1257/000282805774670158,Resource and Peer Impacts on Girls' Academic Achievement: Evidence from a Randomized Experiment,2005
10.1257/000282805774670167,The New York City High School Match,2005
10.1257/000282805774670176,"Parental Child Care in Single-Parent, Cohabiting, and Married-Couple Families: Time-Diary Evidence from the United Kingdom",2005
10.1257/000282805774670185,Foreign Direct Investment and the Domestic Capital Stock,2005
10.1257/000282805774670194,Modeling Bond Yields in Finance and Macroeconomics,2005
10.1257/000282805774670202,Report of the Director,2005
10.1257/000282805774670211,Foreword,2005
10.1257/000282805774670220,Heavy Alcohol Use and the Commission of Nuisance Crime: Evidence from Underage Drunk Driving Laws,2005
10.1257/000282805774670239,Report of the Committee on the Status of Women in the Economics Profession,2005
10.1257/000282805774670248,"Access to Care, Provider Choice, and the Infant Health Gradient",2005
10.1257/000282805774670257,Learning and Statistical Discrimination,2005
10.1257/000282805774670266,Welfare-Enhancing Technological Change and the Growth of Obesity,2005
10.1257/000282805774670275,Dynamic Scoring: An Introduction to the Issues,2005
10.1257/000282805774670284,Are Alcohol Tax Hikes Fully Passed Through to Prices? Evidence from Alaska,2005
10.1257/000282805774670293,Regulation and the High Cost of Housing in California,2005
10.1257/000282805774670301,Minutes of the Executive Committee Meetings,2005
10.1257/000282805774670310,Health and Wealth among the Poor: India and South Africa Compared,2005
10.1257/000282805774670329,"The Volume–Outcome Effect, Scale Economies, and Learning-by-Doing",2005
10.1257/000282805774670338,Report of the Editor,2005
10.1257/000282805774670347,Academic Journal Pricing and the Demand of Libraries,2005
10.1257/000282805774670356,Federalism and the Democratic Transition: Lessons from South Africa,2005
10.1257/000282805774670365,Implicit Discrimination,2005
10.1257/000282805774670374,CBO's Analysis of the Macroeconomic Effects of the President's Budget,2005
10.1257/000282805774670383,Views of Teaching and Research in Economics and Other Disciplines,2005
10.1257/000282805774670392,Positional Externalities Cause Large and Preventable Welfare Losses,2005
10.1257/000282805774670400,Report of the Finance Committee,2005
10.1257/000282805774670419,The Net Effect of an Alcohol Tax Increase on Death Rates in Middle Age,2005
10.1257/000282805774670428,Does Monetary Policy Affect Relative Educational Unemployment Rates?,2005
10.1257/000282805774670437,Coordinating Creditors,2005
10.1257/000282805774670446,"A Teacher Like Me: Does Race, Ethnicity, or Gender Matter?",2005
10.1257/000282805774670455,"Employer Learning, Statistical Discrimination and Occupational Attainment",2005
10.1257/000282805774670464,"What Explains Differences in Smoking, Drinking, and Other Health-Related Behaviors?",2005
10.1257/000282805774670473,Report of the Editor,2005
10.1257/000282805774670482,Is Pay-as-You-Drive Insurance a Better Way to Reduce Gasoline than Gasoline Taxes?,2005
10.1257/000282805774670491,Report of the Secretary for 2004,2005
10.1257/000282805774670509,Returning to the Returns to Computer Use,2005
10.1257/000282805774670518,Complementarities between Outsourcing and Foreign Sourcing,2005
10.1257/000282805774670527,Tax-Transfer Policy and Labor-Market Outcomes,2005
10.1257/000282805774670536,Distributional and Efficiency Impacts of Gasoline Taxes: An Econometrically Based Multi-market Study,2005
10.1257/000282805774670545,Tracing the Economic Impact of Cumulative Discrimination,2005
10.1257/000282805775014236,How Do Hospitals Respond to Price Changes?,2005
10.1257/000282805775014245,A Model of Positive Self-Image in Subjective Assessments,2005
10.1257/000282805775014254,Crises and Capital Requirements in Banking,2005
10.1257/000282805775014263,Does Increasing Women's Schooling Raise the Schooling of the Next Generation? Reply,2005
10.1257/000282805775014272,The Impact of Outsourcing to China on Hong Kong's Labor Market,2005
10.1257/000282805775014281,Annuities and Individual Welfare,2005
10.1257/000282805775014290,Estimating the Value of Proposal Power,2005
10.1257/000282805775014308,Fact-Free Learning,2005
10.1257/000282805775014317,Herding and Contrarian Behavior in Financial Markets: An Internet Experiment,2005
10.1257/000282805775014326,Are Banks Really Special? New Evidence from the FDIC-Induced Failure of Healthy Banks,2005
10.1257/000282805775014335,Services as Experience Goods: An Empirical Examination of Consumer Learning in Automobile Insurance,2005
10.1257/000282805775014344,On the Irrelevance of Input Prices for Make-or-Buy Decisions,2005
10.1257/000282805775014353,Does Increasing Women's Schooling Raise the Schooling of the Next Generation? Comment,2005
10.1257/000282805775014362,Bubbles and Experience: An Experiment,2005
10.1257/000282805775014371,A Spatial Theory of Trade,2005
10.1257/000282805775014380,"Human Capital Formation, Life Expectancy, and the Process of Development",2005
10.1257/000282805775014399,The Savers-Spenders Theory of Fiscal Policy: Corrigendum,2005
10.1257/000282805775014407,Using Experimental Economics to Measure Social Capital and Predict Financial Decisions,2005
10.1257/000282805775014416,Manufacturer Liability for Harms Caused by Consumers to Others,2005
10.1257/000282805775014425,The Macroeconomics of Child Labor Regulation,2005
10.1257/000282805775014434,Cooperation under the Shadow of the Future: Experimental Evidence from Infinitely Repeated Games,2005
10.1257/000282805775014443,Herd Behavior in a Laboratory Financial Market,2005
10.1257/000282805775014452,Contracting on Time,2005
10.1257/000282805775014461,Tax-Motivated Trading by Individual Investors,2005
10.1257/000282806776157506,International Protection of Intellectual Property: Corrigendum,2006
10.1257/000282806776157515,Why Beauty Matters,2006
10.1257/000282806776157524,Do Labor Issues Matter in the Determination of U.S. Trade Policy? An Empirical Reevaluation,2006
10.1257/000282806776157533,"Inequality, Lobbying, and Resource Allocation",2006
10.1257/000282806776157542,Free Markets and Fettered Consumers,2006
10.1257/000282806776157551,The <i>New York Times</i> and the Market for Local Newspapers,2006
10.1257/000282806776157560,Can Rational Expectations Sticky-Price Models Explain Inflation Dynamics?,2006
10.1257/000282806776157579,An Alternative Test of Racial Prejudice in Motor Vehicle Searches: Theory and Evidence,2006
10.1257/000282806776157588,Managing Growth to Achieve Efficient Coordination in Large Groups,2006
10.1257/000282806776157597,"Social Value of Public Information: Morris and Shin (2002) Is Actually Pro-Transparency, Not Con: Reply",2006
10.1257/000282806776157605,Persistent Distortionary Policies with Asymmetric Information,2006
10.1257/000282806776157614,"Wealth Concentration in a Developing Economy: Paris and France, 1807–1994",2006
10.1257/000282806776157623,Benefit-Cost in a Benevolent Society,2006
10.1257/000282806776157632,Advertising Content,2006
10.1257/000282806776157641,Estimating Average and Local Average Treatment Effects of Education when Compulsory Schooling Laws Really Matter,2006
10.1257/000282806776157650,"Social Value of Public Information: Comment: Morris and Shin (2002) Is Actually Pro-Transparency, Not Con",2006
10.1257/000282806776157669,The Evolution of Managerial Expertise: How Corporate Culture Can Run Amok,2006
10.1257/000282806776157678,Were There Regime Switches in U.S. Monetary Policy?,2006
10.1257/000282806776157687,Do Technological Improvements in the Manufacturing Sector Raise or Lower Employment?,2006
10.1257/000282806776157696,Odious Debt,2006
10.1257/000282806776157704,Politically Connected Firms,2006
10.1257/000282806776157713,On the Workings of a Cartel: Evidence from the Norwegian Cement Industry,2006
10.1257/000282806776157722,"Information Gathering, Transaction Costs, and the Property Rights Approach",2006
10.1257/000282806776157731,The Long-Term Impact of Military Service on Health: Evidence from World War II and Korean War Veterans,2006
10.1257/000282806776157740,Economic Conditions Early in Life and Individual Mortality,2006
10.1257/000282806776157759,Money in a Theory of Banking,2006
10.1257/000282806776157768,National Treatment in the GATT,2006
10.1257/000282806776157777,Putting Risk in Its Proper Place,2006
10.1257/000282806777211595,Vertical Integration and Competition,2006
10.1257/000282806777211603,"Report of the Director, <i>Job Openings for Economists</i>",2006
10.1257/000282806777211612,Matriculation in U.S. Economics Ph.D. Programs: How Many Accepted Americans Do Not Enroll?,2006
10.1257/000282806777211621,Has Government Investment Crowded Out Private Investment in India?,2006
10.1257/000282806777211630,The Impact of State Licensing Regulations on Low-Skilled Immigrants: The Case of Vietnamese Manicurists,2006
10.1257/000282806777211649,Certificate of Incorporation and Bylaws,2006
10.1257/000282806777211658,The Impact of Group Membership on Cooperation and Norm Enforcement: Evidence Using Random Assignment to Real Social Groups,2006
10.1257/000282806777211667,Postsecondary Education and Increasing Wage Inequality,2006
10.1257/000282806777211676,Lessons from the Debt-Deflation Theory of Sudden Stops,2006
10.1257/000282806777211685,The Regulatory Record of the Greenspan Fed,2006
10.1257/000282806777211694,The Government's Valuation of Military Life-Saving in War: A Cost Minimization Approach,2006
10.1257/000282806777211702,Report of the Committee on the Status of Women in the Economics Profession,2006
10.1257/000282806777211711,"Minutes of the Annual Meeting Boston, MA January 7, 2006",2006
10.1257/000282806777211720,Asian Growth and African Development,2006
10.1257/000282806777211739,Report of the Secretary for 2005,2006
10.1257/000282806777211748,Factor Reallocation in Eastern Germany after Reunification,2006
10.1257/000282806777211757,Point Shaving: Corruption in NCAA Basketball,2006
10.1257/000282806777211766,Did Medicare Induce Pharmaceutical Innovation?,2006
10.1257/000282806777211775,Institutional Entrepreneurs,2006
10.1257/000282806777211784,"Editor, <i>Journal of Economic Perspectives</i>",2006
10.1257/000282806777211793,The Evolution of a Global Climate Change Agreement,2006
10.1257/000282806777211801,"Editor, <i>Journal of Economic Literature</i>",2006
10.1257/000282806777211810,Report of the Treasurer,2006
10.1257/000282806777211829,On Overborrowing,2006
10.1257/000282806777211838,The Effects of the 2003 Dividend Tax Cut on Corporate Behavior: Interpreting the Evidence,2006
10.1257/000282806777211847,"Poverty, Political Freedom, and the Roots of Terrorism",2006
10.1257/000282806777211856,Sudden Stops and Phoenix Miracles in Emerging Markets,2006
10.1257/000282806777211865,Prior User Rights,2006
10.1257/000282806777211874,The Dynamics of Open-Source Contributors,2006
10.1257/000282806777211883,"Colorism, Complexion Homogamy, and Household Wealth: Some Historical Evidence",2006
10.1257/000282806777211892,How Widespread Was Late Trading in Mutual Funds?,2006
10.1257/000282806777211900,"From Inflation to More Inflation, Disinflation, and Low Inflation",2006
10.1257/000282806777211919,Gender and Performance: Evidence from School Assignment by Randomized Lottery,2006
10.1257/000282806777211928,"Simultaneous Model of Innovation, Secrecy, and Patent Policy",2006
10.1257/000282806777211937,Pervasive Stickiness,2006
10.1257/000282806777211946,"Migration, Remittances, and Male and Female Employment Patterns",2006
10.1257/000282806777211955,Foreword,2006
10.1257/000282806777211964,After Kyoto: Alternative Mechanisms to Control Global Warming,2006
10.1257/000282806777211973,"Housing, Credit Constraints, and Macro Stability: The Secondary Mortgage Market and Reduced Cyclicality of Residential Investment",2006
10.1257/000282806777211982,Marriage Laws and Growth in Sub-Saharan Africa,2006
10.1257/000282806777211991,The Parallel-Currency Approach to Asian Monetary Integration,2006
10.1257/000282806777212008,"Israel, the Palestinian Factions, and the Cycle of Violence",2006
10.1257/000282806777212017,Honors And Awards,2006
10.1257/000282806777212026,A Letter to Ben Bernanke,2006
10.1257/000282806777212035,When Do More Patents Reduce R&amp;D?,2006
10.1257/000282806777212044,Attrition in Economics Ph.D. Programs,2006
10.1257/000282806777212053,Health and Democracy,2006
10.1257/000282806777212062,Wages and Employment in a Random Social Network with Arbitrary Degree Distribution,2006
10.1257/000282806777212071,Skin-Tone Effects among African Americans: Perceptions and Reality,2006
10.1257/000282806777212080,Why Is Russian GDP Growth Slowing?,2006
10.1257/000282806777212099,"All in the Extended Family: Effects of Grandparents, Aunts, and Uncles on Educational Attainment",2006
10.1257/000282806777212107,American Economic Association Universal Academic Questionnaire Summary Statistics,2006
10.1257/000282806777212116,The Evolution of Top Incomes: A Historical and International Perspective,2006
10.1257/000282806777212125,The Multitask Theory of State Enterprise Reform: Empirical Evidence from China,2006
10.1257/000282806777212134,Time-to-Degree for the Economics Ph.D. Class of 2001–2002,2006
10.1257/000282806777212143,Investor Sentiment and Corporate Finance: Micro and Macro,2006
10.1257/000282806777212152,Shades of Discrimination: Skin Tone and Wages,2006
10.1257/000282806777212161,"White-Collar Crime Writ Small: A Case Study of Bagels, Donuts, and the Honor System",2006
10.1257/000282806777212170,Modernizing China's Growth Paradigm,2006
10.1257/000282806777212189,Report of the Committee on Economic Education,2006
10.1257/000282806777212198,Is School Segregation Good or Bad?,2006
10.1257/000282806777212206,Helping Infant Economies Grow: Foundations of Trade Policies for Developing Countries,2006
10.1257/000282806777212215,Technology Improves Learning in Large Principles of Economics Classes: Using Our WITS,2006
10.1257/000282806777212224,Incentives and Student Learning: A Natural Experiment with Economics Problem Sets,2006
10.1257/000282806777212233,Minutes of the Executive Committee Meetings,2006
10.1257/000282806777212242,“Build-or-Buy” Strategies in the Local Loop,2006
10.1257/000282806777212251,"The Greenspan Era: Discretion, Rather than Rules",2006
10.1257/000282806777212260,"Regional Labor Markets, Network Externalities and Migration: The Case of German Reunification",2006
10.1257/000282806777212279,The Effects of Rate Regulation on Demand for Supplemental Health Insurance,2006
10.1257/000282806777212288,Patent Litigation with Endogenous Disputes,2006
10.1257/000282806777212297,Inertia of Forward-Looking Expectations,2006
10.1257/000282806777212305,"Editor, <i>American Economic Review</i>",2006
10.1257/000282806777212314,The Caring Hand that Cripples: The East German Labor Market after Reunification,2006
10.1257/000282806777212323,War and Institutions: New Evidence from Sierra Leone,2006
10.1257/000282806777212332,Climate Treaties and “Breakthrough” Technologies,2006
10.1257/000282806777212341,Why Personal Ties Cannot Be Bought,2006
10.1257/000282806777212350,"The Quiet Revolution That Transformed Women's Employment, Education, and Family",2006
10.1257/000282806777212369,Regulation under Asymmetric Information in Water Utilities,2006
10.1257/000282806777212378,Trade and the Great Divergence: The Family Connection,2006
10.1257/000282806777212387,Who Are China's Entrepreneurs?,2006
10.1257/000282806777212396,Democracy and Development: The Devil in the Details,2006
10.1257/000282806777212404,Editors' Introduction,2006
10.1257/000282806777212413,An International Policy Architecture for the Post-Kyoto Era,2006
10.1257/000282806777212422,Past Officers,2006
10.1257/000282806777212431,Rational Inattention: Beyond the Linear-Quadratic Case,2006
10.1257/000282806777212440,When to Exit a Product: Evidence from the U.S. Motion-Picture Exhibition Market,2006
10.1257/000282806777212459,China's Exchange Rate Trap: Japan Redux?,2006
10.1257/000282806777212468,Migration and Imperfect Monitoring: Implications for Intra-Household Allocation,2006
10.1257/000282806777212477,Individual versus Parental Consent in Marriage: Implications for Intra-Household Resource Allocation and Growth,2006
10.1257/000282806777212486,Requiring a Math Skills Unit: Results of a Randomized Experiment.,2006
10.1257/000282806777212495,Dividend Taxes and Firm Valuation: New Evidence,2006
10.1257/000282806777212503,The Return to Capital in Ghana,2006
10.1257/000282806777212512,China's Exchange Rate Policy Dilemma,2006
10.1257/000282806777212521,Valuing Consumer Products by the Time Spent Using Them: An Application to the Internet,2006
10.1257/000282806777212530,Crime and Punishment: And Skin Hue Too?,2006
10.1257/000282806777212549,De Facto Political Power and Institutional Persistence,2006
10.1257/000282806777212558,General Information on the Association,2006
10.1257/000282806777212567,The Road to Price Stability,2006
10.1257/000282806777212576,Executive Turnover and Firm Performance in China,2006
10.1257/000282806777212585,Putting Firms into Optimal Tax Theory,2006
10.1257/000282806777212594,Group Affiliation and Altruistic Norm Enforcement,2006
10.1257/000282806777212602,"Family Structure, Institutions, and Growth: The Origins and Implications of Western Corporations",2006
10.1257/000282806777212611,"Discrimination, Social Identity, and Durable Inequalities",2006
10.1257/000282806777212620,The Polarization of the U.S. Labor Market,2006
10.1257/000282806779468409,"$1,000 Cash Back: The Pass-Through of Auto Manufacturer Promotions",2006
10.1257/000282806779468418,Credibility of Optimal Monetary Delegation: Comment,2006
10.1257/000282806779468427,Multiple Dimensions of Private Information: Evidence from the Long-Term Care Insurance Market,2006
10.1257/000282806779468436,Equilibrium Incentives in Oligopoly: Corrigendum,2006
10.1257/000282806779468445,"Good Principals or Good Peers? Parental Valuation of School Characteristics, Tiebout Equilibrium, and the Incentive Effects of Competition among Jurisdictions",2006
10.1257/000282806779468454,Speculative Growth: Hints from the U.S. Economy,2006
10.1257/000282806779468463,"Stock Prices, News, and Economic Fluctuations",2006
10.1257/000282806779468472,"What Is Discrimination? Gender in the American Economic Association, 1935–2004",2006
10.1257/000282806779468481,An Astonishing Sixty Years: The Legacy of Hiroshima,2006
10.1257/000282806779468490,Caps on Political Lobbying: Reply,2006
10.1257/000282806779468508,Life-Cycle Variation in the Association between Current and Lifetime Earnings,2006
10.1257/000282806779468517,Caps on Political Lobbying: Comment,2006
10.1257/000282806779468526,A Model of Forum Shopping,2006
10.1257/000282806779468535,What Mean Impacts Miss: Distributional Effects of Welfare Reform Experiments,2006
10.1257/000282806779468544,Costly Information Acquisition: Experimental Analysis of a Boundedly Rational Model,2006
10.1257/000282806779468553,"Taxes, Cigarette Consumption, and Smoking Intensity",2006
10.1257/000282806779468562,The Speed of Learning in Noisy Games: Partial Reinforcement and the Sustainability of Cooperation,2006
10.1257/000282806779468571,A Theory of Participation in Elections,2006
10.1257/000282806779468580,Choice Shifts in Groups: A Decision-Theoretic Basis,2006
10.1257/000282806779468599,Shocks and Government Beliefs: The Rise and Fall of American Inflation,2006
10.1257/000282806779468607,"Traditional Institutions Meet the Modern World: Caste, Gender, and Schooling Choice in a Globalizing Economy",2006
10.1257/000282806779468616,Cardinality versus Ordinality: A Suggested Compromise,2006
10.1257/000282806779468625,Abstracts,2006
10.1257/000282806779468634,Self-Enforcing Voting in International Organizations,2006
10.1257/000282806779468643,Higher-Education Policies and the College Wage Premium: Cross-State Evidence from the 1990s,2006
10.1257/000282806779468652,"Individual Preferences, Monetary Gambles, and Stock Market Participation: A Case for Narrow Framing",2006
10.1257/000282807780323352,"Conditional Cash Transfers, Public Provision of Private Goods, and Income Redistribution",2007
10.1257/000282807780323361,Credible Commitment to Optimal Escape from a Liquidity Trap: The Role of the Balance Sheet of an Independent Central Bank,2007
10.1257/000282807780323370,What Are Stock Investors' Actual Historical Returns? Evidence from Dollar-Weighted Returns,2007
10.1257/000282807780323389,Credible Sales Mechanisms and Intermediaries,2007
10.1257/000282807780323398,"Decision Making in Committees: Transparency, Reputation, and Voting Rules",2007
10.1257/000282807780323406,Imprecision as an Account of the Preference Reversal Phenomenon,2007
10.1257/000282807780323415,Testing for Indeterminacy: An Application to U.S. Monetary Policy: Reply,2007
10.1257/000282807780323424,Inefficiency in Legislative Policymaking: A Dynamic Analysis,2007
10.1257/000282807780323433,Simple Cost-Sharing Contracts,2007
10.1257/000282807780323442,"Urban Evolutions: The Fast, the Slow, and the Still",2007
10.1257/000282807780323451,Testing for Indeterminacy: An Application to U.S. Monetary Policy: Comment,2007
10.1257/000282807780323460,Structural Change in a Multisector Model of Growth,2007
10.1257/000282807780323479,Do Workers Work More if Wages Are High? Evidence from a Randomized Field Experiment,2007
10.1257/000282807780323488,The Missing Motivation in Macroeconomics,2007
10.1257/000282807780323497,Competence Implies Credibility,2007
10.1257/000282807780323505,Individual Perceptions of the Criminal Justice System,2007
10.1257/000282807780323514,Consumer Bankruptcy: A Fresh Start,2007
10.1257/000282807780323523,Internet Advertising and the Generalized Second-Price Auction: Selling Billions of Dollars Worth of Keywords,2007
10.1257/000282807780323532,The Motivation and Bias of Bureaucrats,2007
10.1257/000282807780323541,Modeling the Transition to a New Economy: Lessons from Two Technological Revolutions,2007
10.1257/000282807780323550,Minimax Play at Wimbledon: Comment,2007
10.1257/000282807780323569,The Effect of Court-Ordered Hiring Quotas on the Composition and Quality of Police,2007
10.1257/000282807780323578,Bureaucrats or Politicians? Part I: A Single Policy Task,2007
10.1257/000282807780323587,Credit Traps and Credit Cycles,2007
10.1257/000282807780323596,Vignettes and Self-Reports of Work Disability in the United States and the Netherlands,2007
10.1257/000282807780323604,The Economic Impacts of Climate Change: Evidence from Agricultural Output and Random Fluctuations in Weather,2007
10.1257/000282807780323613,"Market Share Dynamics and the ""Persistence of Leadership"" Debate",2007
10.1257/000282807780323622,Abstracts,2007
10.1257/000282807780323631,Secession and the Limits of Taxation: Toward a Theory of Internal Exit: Comment,2007
10.1257/000282807780323640,The Cross Section of Foreign Currency Risk Premia and Consumption Growth Risk,2007
10.1257/aer.100.1.130,Matching and Sorting in Online Dating,2010
10.1257/aer.100.1.164,"Entry, Exit, and Investment-Specific Technical Change",2010
10.1257/aer.100.1.193,Patient Cost-Sharing and Hospitalization Offsets in the Elderly,2010
10.1257/aer.100.1.214,Contractibility and the Design of Research Agreements,2010
10.1257/aer.100.1.247,Multinationals and Anti-Sweatshop Activism,2010
10.1257/aer.100.1.274,Robustly Optimal Monetary Policy with Near-Rational Expectations,2010
10.1257/aer.100.1.304,Currency Choice and Exchange Rate Pass-Through,2010
10.1257/aer.100.1.337,Demographics and the Politics of Capital Taxation in a Life-Cycle Economy,2010
10.1257/aer.100.1.35,Learning about a New Technology: Pineapple in Ghana,2010
10.1257/aer.100.1.364,Can Multistage Production Explain the Home Bias in Trade?,2010
10.1257/aer.100.1.394,Trade Agreements as Endogenously Incomplete Contracts,2010
10.1257/aer.100.1.420,Intergroup Conflict and Intra-Group Punishment in an Experimental Contest Game,2010
10.1257/aer.100.1.448,"Building Routines: Learning, Cooperation, and the Dynamics of Incomplete Relational Contracts",2010
10.1257/aer.100.1.466,Interpersonal Authority in a Theory of the Firm,2010
10.1257/aer.100.1.491,Monetary Policy Rules and Macroeconomic Stability: Some New Evidence,2010
10.1257/aer.100.1.5,"Price Indexes, Inequality, and the Measurement of World Poverty",2010
10.1257/aer.100.1.504,Tournaments and Office Politics: Evidence from a Real Effort Experiment,2010
10.1257/aer.100.1.518,Financial Exchange Rates and International Currency Exposures,2010
10.1257/aer.100.1.541,"Social Preferences, Beliefs, and the Dynamics of Free Riding in Public Goods Experiments",2010
10.1257/aer.100.1.557,Risk and Time Preferences: Linking Experimental and Household Survey Data from Vietnam,2010
10.1257/aer.100.1.572,Earnings Losses of Displaced Workers Revisited,2010
10.1257/aer.100.1.590,The Effect of Medicare Part D on Pharmaceutical Prices and Utilization,2010
10.1257/aer.100.1.608,Generalizing the Taylor Principle: Comment,2010
10.1257/aer.100.1.618,Generalizing the Taylor Principle: Reply,2010
10.1257/aer.100.1.625,All-or-Nothing Monitoring: Comment,2010
10.1257/aer.100.1.628,"Betrayal Aversion: Evidence from Brazil, China, Oman, Switzerland, Turkey, and the United States: Comment",2010
10.1257/aer.100.1.634,Excellence in Refereeing Award,2010
10.1257/aer.100.1.70,Multiple-Product Firms and Product Switching,2010
10.1257/aer.100.1.98,“Momma's Got the Pill”: How Anthony Comstock and <i>Griswold v. Connecticut</i> Shaped US Childbearing,2010
10.1257/aer.100.1.i,The American Economic Review,2010
10.1257/aer.100.2.1,Computer Mediated Transactions,2010
10.1257/aer.100.2.105,New Approaches to Surveying Organizations,2010
10.1257/aer.100.2.11,Okun's Law and Productivity Innovations,2010
10.1257/aer.100.2.110,Artistic Originals as a Capital Asset,2010
10.1257/aer.100.2.115,"Institutions, Factor Prices, and Taxation: Virtues of Strong States?",2010
10.1257/aer.100.2.120,Coping with Political Instability: Micro Evidence from Kenya's 2007 Election Crisis,2010
10.1257/aer.100.2.125,Do Traditional Institutions Constrain Female Entrepreneurship? A Field Experiment on Business Training in India,2010
10.1257/aer.100.2.130,Creating Property Rights: Land Banks in Ghana,2010
10.1257/aer.100.2.135,Cultural and Institutional Bifurcation: China and Europe Compared,2010
10.1257/aer.100.2.141,Equilibrium Fictions: A Cognitive Approach to Societal Rigidity,2010
10.1257/aer.100.2.147,Religious Conversion in Colonial Africa,2010
10.1257/aer.100.2.153,The Public and Private Sectors in the Process of Innovation: Theory and Evidence from the Mouse Genetics Revolution,2010
10.1257/aer.100.2.159,Network Effects in Biology R&amp;D,2010
10.1257/aer.100.2.16,Indicators for Dating Business Cycles: Cross-History Selection and Comparisons,2010
10.1257/aer.100.2.165,"Openness, Open Source, and the Veil of Ignorance",2010
10.1257/aer.100.2.172,Economywide Implications from US Bioenergy Expansion,2010
10.1257/aer.100.2.178,Ethanol Policy Effects on US Natural Gas Prices and Quantities,2010
10.1257/aer.100.2.183,"Are Biofuels the Culprit? OPEC, Food, and Fuel",2010
10.1257/aer.100.2.188,The Health Returns of Education Policies from Preschool to High School and Beyond,2010
10.1257/aer.100.2.195,"Family Health, Children's Own Health, and Test Score Gaps",2010
10.1257/aer.100.2.20,"Real-Time Macroeconomic Monitoring: Real Activity, Inflation, and Interactions",2010
10.1257/aer.100.2.200,"Time Preference, Noncognitive Skills and Well Being across the Life Course: Do Noncognitive Skills Encourage Healthy Behavior?",2010
10.1257/aer.100.2.205,Adult Child Migration and the Health of Elderly Parents Left Behind in Mexico,2010
10.1257/aer.100.2.209,Investment in General Human Capital and Turnover Intention,2010
10.1257/aer.100.2.214,Applicant Screening and Performance-Related Outcomes,2010
10.1257/aer.100.2.219,Stop the Clock Policies and Career Success in Academia,2010
10.1257/aer.100.2.224,Low Skilled Immigration and Work-Fertility Tradeoffs Among High Skilled US Natives,2010
10.1257/aer.100.2.229,The Market for College Graduates and the Worldwide Boom in Higher Education of Women,2010
10.1257/aer.100.2.234,The Education-Health Gradient,2010
10.1257/aer.100.2.239,Inputs and Impacts in Charter Schools: KIPP Lynn,2010
10.1257/aer.100.2.244,Human Capital and Imperfectly Informed Financial Markets,2010
10.1257/aer.100.2.25,"The Business Cycle in a Changing Economy: Conceptualization, Measurement, Dating",2010
10.1257/aer.100.2.250,Using Performance on the Job to Inform Teacher Tenure Decisions,2010
10.1257/aer.100.2.256,Using Student Performance Data to Identify Effective Classroom Practices,2010
10.1257/aer.100.2.261,Subjective and Objective Evaluations of Teacher Effectiveness,2010
10.1257/aer.100.2.267,Generalizations about Using Value-Added Measures of Teacher Quality,2010
10.1257/aer.100.2.272,"Achievement Goals, Locus of Control, and Academic Success in Economics",2010
10.1257/aer.100.2.277,The Effectiveness of Peer Tutoring on Student Achievement at the University Level,2010
10.1257/aer.100.2.283,Do Online Homework Tools Improve Student Results in Principles of Microeconomics Courses?,2010
10.1257/aer.100.2.287,The Efficacy of Collaborative Learning Recitation Sessions on Student Outcomes,2010
10.1257/aer.100.2.292,How Sensitive are Low Income Families to Health Plan Prices?,2010
10.1257/aer.100.2.297,Disentangling the Effects of Health Reform in Massachusetts: How Important Are the Special Provisions for Young Adults?,2010
10.1257/aer.100.2.30,Some Fiscal Calculus,2010
10.1257/aer.100.2.303,Patient Cost Sharing in Low Income Populations,2010
10.1257/aer.100.2.309,Culture and Intraracial Wage Inequality Among America's African Diaspora,2010
10.1257/aer.100.2.316,Mexican Immigrant Employment Outcomes over the Business Cycle,2010
10.1257/aer.100.2.321,The Effect of Migration on Wages: Evidence from a Natural Experiment,2010
10.1257/aer.100.2.327,"Directed Search on the Job, Heterogeneity, and Aggregate Fluctuations",2010
10.1257/aer.100.2.333,Unemployment and Small Cap Returns: The Nexus,2010
10.1257/aer.100.2.338,Wage Dispersion in the Search and Matching Model,2010
10.1257/aer.100.2.343,Job to Job Movements in a Simple Search Model,2010
10.1257/aer.100.2.348,Can Mentoring Help Female Assistant Professors? Interim Results from a Randomized Trial,2010
10.1257/aer.100.2.35,Fiscal Policy in a Model With Financial Frictions,2010
10.1257/aer.100.2.353,Are There Gender Differences in the Job Mobility Patterns of Academic Economists?,2010
10.1257/aer.100.2.358,Female Hires and the Success of Start-up Firms,2010
10.1257/aer.100.2.362,Gender Differences in Wealth at Retirement,2010
10.1257/aer.100.2.368,Dynamic Asset Pricing in a System of Local Housing Markets,2010
10.1257/aer.100.2.373,Local Multipliers,2010
10.1257/aer.100.2.378,"Changes in Transportation Infrastructure and Commuting Patterns in US Metropolitan Areas, 1960–2000",2010
10.1257/aer.100.2.383,"Place Based Policies, Heterogeneity, and Agglomeration",2010
10.1257/aer.100.2.388,Risk and Global Economic Architecture: Why Full Financial Integration May Be Undesirable,2010
10.1257/aer.100.2.393,Decoupling and Recoupling,2010
10.1257/aer.100.2.398,Credit Externalities: Macroeconomic Effects and Policy Implications,2010
10.1257/aer.100.2.403,Excessive Volatility in Capital Flows: A Pigouvian Taxation Approach,2010
10.1257/aer.100.2.408,Wholesalers and Retailers in US Trade,2010
10.1257/aer.100.2.41,Debt Consolidation and Fiscal Stabilization of Deep Recessions,2010
10.1257/aer.100.2.414,Imports “Я” Us: Retail Chains as Platforms for Developing-Country Imports,2010
10.1257/aer.100.2.419,Facts and Figures on Intermediated Trade,2010
10.1257/aer.100.2.424,Intermediation and Economic Integration,2010
10.1257/aer.100.2.429,Trading Favors within Chinese Business Groups,2010
10.1257/aer.100.2.434,Does Product Market Competition Lead Firms to Decentralize?,2010
10.1257/aer.100.2.439,Offshoring and Wage Inequality: Using Occupational Licensing as a Shifter of Offshoring Costs,2010
10.1257/aer.100.2.444,Intrafirm Trade and Product Contractibility,2010
10.1257/aer.100.2.449,Can Openness Mitigate the Effects of Weather Shocks? Evidence from India's Famine Era,2010
10.1257/aer.100.2.454,Climate Shocks and Exports,2010
10.1257/aer.100.2.46,Asset Fire Sales and Credit Easing,2010
10.1257/aer.100.2.460,Oil Monopoly and the Climate,2010
10.1257/aer.100.2.465,Trade and Carbon Taxes,2010
10.1257/aer.100.2.470,“One Discriminatory Rent” or “Double Jeopardy”: Multicomponent Negotiation for New Car Purchases,2010
10.1257/aer.100.2.475,The Impact of Commissions on Home Sales in Greater Boston,2010
10.1257/aer.100.2.480,Investigating Income Effects in Scanner Data: Do Gasoline Prices Affect Grocery Purchases?,2010
10.1257/aer.100.2.485,An Individual Health Plan Exchange: Which Employees Would Benefit and Why?,2010
10.1257/aer.100.2.490,What “Triggers” Mortgage Default?,2010
10.1257/aer.100.2.495,Learning to Cope: Voluntary Financial Education and Loan Performance during a Housing Crisis,2010
10.1257/aer.100.2.501,Issuer Credit Quality and the Price of Asset Backed Securities,2010
10.1257/aer.100.2.506,Statistical Default Models and Incentives,2010
10.1257/aer.100.2.51,The Great Recession: Lessons from Microeconomic Data,2010
10.1257/aer.100.2.511,Consumer Confusion in the Mortgage Market: Evidence of Less than a Perfectly Transparent and Competitive Market,2010
10.1257/aer.100.2.516,The Failure and Promise of Mandated Consumer Mortgage Disclosures: Evidence from Qualitative Interviews and a Controlled Experiment with Mortgage Borrowers,2010
10.1257/aer.100.2.522,Affine Disagreement and Asset Pricing,2010
10.1257/aer.100.2.527,The Short and Long Run Benefits of Financial Integration,2010
10.1257/aer.100.2.532,Growth Opportunities and Technology Shocks,2010
10.1257/aer.100.2.537,Confidence Risk and Asset Prices,2010
10.1257/aer.100.2.542,"Long Run Risks, the Macroeconomy, and Asset Prices",2010
10.1257/aer.100.2.547,"Long Run Risks, Credit Markets, and Financial Structure",2010
10.1257/aer.100.2.552,"Long Run Risk, the Wealth-Consumption Ratio, and the Temporal Pricing of Risk",2010
10.1257/aer.100.2.557,An Equilibrium Term Structure Model with Recursive Preferences,2010
10.1257/aer.100.2.562,"Global Interest Rates, Currency Returns, and the Real Value of the Dollar",2010
10.1257/aer.100.2.568,Estimation of De Facto Flexibility Parameter and Basket Weights in Evolving Exchange Rate Regimes,2010
10.1257/aer.100.2.57,Loan Syndication and Credit Cycles,2010
10.1257/aer.100.2.573,Growth in a Time of Debt,2010
10.1257/aer.100.2.579,Interest Rate Risk in Credit Markets,2010
10.1257/aer.100.2.585,Price Pressure in the Government Bond Market,2010
10.1257/aer.100.2.591,Repo Market Effects of the Term Securities Lending Facility,2010
10.1257/aer.100.2.597,Optimal Auction Design and Equilibrium Selection in Sponsored Search Auctions,2010
10.1257/aer.100.2.603,Online Advertising: Heterogeneity and Conflation in Market Design,2010
10.1257/aer.100.2.608,The Impact of Targeting Technology on Advertising Markets and Media Competition,2010
10.1257/aer.100.2.614,Wage Subsidies for Microenterprises,2010
10.1257/aer.100.2.619,Why Do Firms in Developing Countries Have Low Productivity?,2010
10.1257/aer.100.2.62,"Growth, Size, and Openness: A Quantitative Approach",2010
10.1257/aer.100.2.624,Self-Control and the Development of Work Arrangements,2010
10.1257/aer.100.2.629,What Capital is Missing in Developing Countries?,2010
10.1257/aer.100.2.637,"Minutes of the Annual Meeting Atlanta, GA January 4, 2010",2010
10.1257/aer.100.2.639,Report of the Secretary for 2009,2010
10.1257/aer.100.2.643,Report of the Treasurer,2010
10.1257/aer.100.2.647,American Economic Association Universal Academic Questionnaire Summary Statistics,2010
10.1257/aer.100.2.653,"Minutes of the Meeting of the Executive Committee Chicago, IL April 24, 2009",2010
10.1257/aer.100.2.660,"Minutes of the Meeting of the Executive Committee Atlanta, GA January 2, 2010",2010
10.1257/aer.100.2.667,Report of the Editor <i>American Economic Review</i>,2010
10.1257/aer.100.2.678,Report of the Editor <i>Journal of Economic Literature</i>,2010
10.1257/aer.100.2.68,Capital Flows and Macroeconomic Performance: Lessons from the Golden Era of International Finance,2010
10.1257/aer.100.2.680,Report of the Editor <i>Journal of Economic Perspectives</i>,2010
10.1257/aer.100.2.682,Report of the Editor <i>American Economic Journal: Applied Economics</i>,2010
10.1257/aer.100.2.685,Report of the Editor <i>American Economic Journal: Economic Policy</i>,2010
10.1257/aer.100.2.688,Report of the Editor <i>American Economic Journal: Macroeconomics</i>,2010
10.1257/aer.100.2.692,Report of the Editor <i>American Economic Journal: Microeconomics</i>,2010
10.1257/aer.100.2.696,Report of the Director <i>Job Openings for Economists</i>,2010
10.1257/aer.100.2.699,Report of the Committee on Economic Education for 2009,2010
10.1257/aer.100.2.704,Report of the Committee on the Status of Women in the Economics Profession 2009,2010
10.1257/aer.100.2.710,Committee on the Status of Minority Groups in the Economics Profession: Report of Committee Activities for the 2009 Calendar Year,2010
10.1257/aer.100.2.713,American Economic Association Committee on Statistics (AEAStat) Annual Report—2009,2010
10.1257/aer.100.2.715,Committee on Government Relations,2010
10.1257/aer.100.2.718,Report of the Ad Hoc Search Committee for the <i>American Economic Review</i> Editor,2010
10.1257/aer.100.2.719,General Information on the Association,2010
10.1257/aer.100.2.73,"The Marginal Product of Capital, Capital Flows, and Convergence",2010
10.1257/aer.100.2.78,The Quantitative Role of Capital Goods Imports in US Growth,2010
10.1257/aer.100.2.83,Political Limits to Globalization,2010
10.1257/aer.100.2.89,Making Room for China in the World Economy,2010
10.1257/aer.100.2.94,What Parts of Globalization Matter for Catch-Up Growth?,2010
10.1257/aer.100.2.99,How Do You Measure a “Technological Revolution”?,2010
10.1257/aer.100.2.i,The American Economic Association,2010
10.1257/aer.100.2.x,Editors' Introduction,2010
10.1257/aer.100.2.xi,Foreword,2010
10.1257/aer.100.3.1008,Trade Shocks and Labor Adjustment: A Structural Empirical Approach,2010
10.1257/aer.100.3.1046,Investment and Usage of New Technologies: Evidence from a Shared ATM Network,2010
10.1257/aer.100.3.1080,Intertemporal Consumption and Credit Constraints: Does Total Expenditure Respond to an Exogenous Shock to Credit?,2010
10.1257/aer.100.3.1104,A Theory of Optimal Random Crackdowns,2010
10.1257/aer.100.3.1136,Peddling Influence through Intermediaries,2010
10.1257/aer.100.3.1163,The Burden of the Nondiversifiable Risk of Entrepreneurship,2010
10.1257/aer.100.3.1195,What Causes Industry Agglomeration? Evidence from Coagglomeration Patterns,2010
10.1257/aer.100.3.1214,Specific Capital and Vintage Effects on the Dynamics of Unemployment and Vacancies,2010
10.1257/aer.100.3.1238,Are Risk Aversion and Impatience Related to Cognitive Ability?,2010
10.1257/aer.100.3.1261,Policy Reversal,2010
10.1257/aer.100.3.1269,Vertical Relationships and Competition in Retail Gasoline Markets: Empirical Evidence from Contract Changes in Southern California: Comment,2010
10.1257/aer.100.3.1277,Vertical Relationships and Competition in Retail Gasoline Markets: Empirical Evidence from Contract Changes in Southern California: Reply,2010
10.1257/aer.100.3.1280,Antidumping Investigations and the Pass-Through of Antidumping Duties and Exchange Rates: Comment,2010
10.1257/aer.100.3.1283,Antidumping Investigations and the Pass-Through of Antidumping Duties and Exchange Rates: Reply,2010
10.1257/aer.100.3.1285,Independent Auditor's Report,2010
10.1257/aer.100.3.641,Beyond Markets and States: Polycentric Governance of Complex Economic Systems,2010
10.1257/aer.100.3.673,Transaction Cost Economics: The Natural Progression,2010
10.1257/aer.100.3.691,Product Creation and Destruction: Evidence and Price Implications,2010
10.1257/aer.100.3.724,A Study of the Internal Organization of a Bidding Cartel,2010
10.1257/aer.100.3.763,The Macroeconomic Effects of Tax Changes: Estimates Based on a New Measure of Fiscal Shocks,2010
10.1257/aer.100.3.802,Bargaining with Arrival of New Traders,2010
10.1257/aer.100.3.837,"Emissions Trading, Electricity Restructuring, and Investment in Pollution Abatement",2010
10.1257/aer.100.3.870,Infrequent Portfolio Decisions: A Solution to the Forward Discount Puzzle,2010
10.1257/aer.100.3.905,A New Approach to Estimating the Production Function for Housing,2010
10.1257/aer.100.3.925,Technology Adoption with Exit in Imperfectly Informed Equity Markets,2010
10.1257/aer.100.3.958,Is a Donor in Hand Better than Two in the Bush? Evidence from a Natural Field Experiment,2010
10.1257/aer.100.3.984,Pinocchio's Pupil: Using Eyetracking and Pupil Dilation to Understand Truth Telling and Deception in Sender-Receiver Games,2010
10.1257/aer.100.3.i,The American Economic Association,2010
10.1257/aer.100.4.1299,Morally Motivated Self-Regulation,2010
10.1257/aer.100.4.1330,Identifying the Elasticity of Substitution with Biased Technical Change,2010
10.1257/aer.100.4.1358,Social Comparisons and Contributions to Online Communities: A Field Experiment on MovieLens,2010
10.1257/aer.100.4.1399,Are Health Insurance Markets Competitive?,2010
10.1257/aer.100.4.1432,Wage Risk and Employment Risk over the Life Cycle,2010
10.1257/aer.100.4.1468,The Law of the Few,2010
10.1257/aer.100.4.1493,Technology Capital and the US Current Account,2010
10.1257/aer.100.4.1523,Sovereign Risk and Secondary Markets,2010
10.1257/aer.100.4.1556,Pavlovian Processes in Consumer Choice: The Physical Presence of a Good Increases Willingness-to-Pay,2010
10.1257/aer.100.4.1572,"Determinants of Redistributive Politics: An Empirical Analysis of Land Reforms in West Bengal, India",2010
10.1257/aer.100.4.1601,Monopoly Price Discrimination and Demand Curvature,2010
10.1257/aer.100.4.1616,Strategic Redistricting,2010
10.1257/aer.100.4.1642,A Price Theory of Multi-Sided Platforms,2010
10.1257/aer.100.4.1673,Consumption Taxes and Redistribution,2010
10.1257/aer.100.4.1695,When Does Communication Improve Coordination?,2010
10.1257/aer.100.4.1725,"Kinship, Incentives, and Evolution",2010
10.1257/aer.100.4.1759,"Elections, Capital Flows, and Politico-Economic Equilibria",2010
10.1257/aer.100.4.1778,Preemption Games: Theory and Experiment,2010
10.1257/aer.100.4.1804,<i>Watta Satta</i>: Bride Exchange and Women's Welfare in Rural Pakistan,2010
10.1257/aer.100.4.1826,Self-Interest through Delegation: An Additional Rationale for the Principal-Agent Relationship,2010
10.1257/aer.100.4.1847,The Gender Wage Gap and Domestic Violence,2010
10.1257/aer.100.4.1860,Constrained School Choice: An Experimental Study,2010
10.1257/aer.100.4.1875,Financing Development: The Role of Information Costs,2010
10.1257/aer.100.4.1892,Efficiency Gains from Team-Based Coordination—Large-Scale Experimental Evidence,2010
10.1257/aer.100.4.1913,Social Identity and Preferences,2010
10.1257/aer.100.4.1929,Bidding with Securities: Comment,2010
10.1257/aer.100.4.i,The American Economic Association,2010
10.1257/aer.100.5.1941,"Sudden Stops, Financial Crises, and Leverage",2010
10.1257/aer.100.5.1967,The Political Economy of the US Mortgage Default Crisis,2010
10.1257/aer.100.5.1999,Margins of Multinational Labor Substitution,2010
10.1257/aer.100.5.2031,An Exploration of Technology Diffusion,2010
10.1257/aer.100.5.2060,Inherited Trust and Growth,2010
10.1257/aer.100.5.2093,International Trade and Income Differences,2010
10.1257/aer.100.5.2125,Early Admissions at Selective Colleges,2010
10.1257/aer.100.5.2157,The Changing Incidence of Geography,2010
10.1257/aer.100.5.2187,Is Reputation Good or Bad? An Experiment,2010
10.1257/aer.100.5.2205,Institutions and Behavior: Experimental Evidence on the Effects of Democracy,2010
10.1257/aer.100.5.2230,Asymmetric Contests with Conditional Investments,2010
10.1257/aer.100.5.2261,Social Preferences and Strategic Uncertainty: An Experiment on Markets and Contracts,2010
10.1257/aer.100.5.2279,Exploiting Naïvete about Self-Control in the Credit Market,2010
10.1257/aer.100.5.2304,"Inventories, Lumpy Trade, and Large Devaluations",2010
10.1257/aer.100.5.2340,Do We Follow Others when We Should? A Simple Test of Rational Expectations,2010
10.1257/aer.100.5.2361,Persuasion by Cheap Talk,2010
10.1257/aer.100.5.2383,Can Higher Prices Stimulate Product Use? Evidence from a Field Experiment in Zambia,2010
10.1257/aer.100.5.2414,Inheritance Law and Investment in Family Firms,2010
10.1257/aer.100.5.2451,Binary Payment Schemes: Moral Hazard and Loss Aversion,2010
10.1257/aer.100.5.2478,"Organizational Structure, Communication, and Group Ethics",2010
10.1257/aer.100.5.2492,Doing Well by Doing Good? Green Office Buildings,2010
10.1257/aer.100.5.2510,Real Business Cycles in Emerging Countries?,2010
10.1257/aer.100.5.2532,Negative Marginal Tax Rates and Heterogeneity,2010
10.1257/aer.100.5.2548,Psychological Pressure in Competitive Environments: Evidence from a Randomized Natural Experiment,2010
10.1257/aer.100.5.i,The American Economic Association,2010
10.1257/aer.101.1.1,100 Years of the <i>American Economic Review</i>: The Top 20 Articles,2011
10.1257/aer.101.1.109,Two Illustrations of the Quantity Theory of Money: Breakdowns and Revivals,2011
10.1257/aer.101.1.129,"Is Tiger Woods Loss Averse? Persistent Bias in the Face of Experience, Competition, and High Stakes",2011
10.1257/aer.101.1.158,The Effect of Female Education on Fertility and Infant Health: Evidence from School Entry Policies Using Exact Date of Birth,2011
10.1257/aer.101.1.196,Growing Like China,2011
10.1257/aer.101.1.234,"Reference Prices, Costs, and Nominal Rigidities",2011
10.1257/aer.101.1.263,Bundle-Size Pricing as an Approximation to Mixed Bundling,2011
10.1257/aer.101.1.304,"Trade Liberalization, Exports, and Technology Upgrading: Evidence on the Impact of MERCOSUR on Argentinian Firms",2011
10.1257/aer.101.1.341,"Monetary Policy, Trend Inflation, and the Great Moderation: An Alternative Interpretation",2011
10.1257/aer.101.1.36,Some Unsettled Problems of Irrigation,2011
10.1257/aer.101.1.371,Inflation and Unemployment in the Long Run,2011
10.1257/aer.101.1.399,Resolving Conflicting Preferences in School Choice: The “Boston Mechanism” Reconsidered,2011
10.1257/aer.101.1.411,The Evolution of Cooperation in Infinitely Repeated Games: Experimental Evidence,2011
10.1257/aer.101.1.49,Reflections on “Some Unsettled Problems of Irrigation”,2011
10.1257/aer.101.1.64,Institutional Path Dependence in Climate Adaptation: Coman's “Some Unsettled Problems of Irrigation”,2011
10.1257/aer.101.1.81,The Problem of the Commons: Still Unsettled after 100 Years,2011
10.1257/aer.101.1.9,The Economic History of the <i>American Economic Review</i>: A Century's Explosion of Economics Research,2011
10.1257/aer.101.1.i,The American Economic Association,2011
10.1257/aer.101.2.1012,"The Willingness to Pay—Willingness to Accept Gap, the “Endowment Effect,” Subject Misconceptions, and Experimental Procedures for Eliciting Valuations: Reply",2011
10.1257/aer.101.2.1029,Stationary Concepts for Experimental 2 × 2 Games: Comment,2011
10.1257/aer.101.2.1041,Stationary Concepts for Experimental 2 × 2 Games: Reply,2011
10.1257/aer.101.2.431,The Long Slump,2011
10.1257/aer.101.2.470,Reference Points and Effort Provision,2011
10.1257/aer.101.2.493,Contracts as Reference Points—Experimental Evidence,2011
10.1257/aer.101.2.526,"The Economics of Credence Goods: An Experiment on the Role of Liability, Verifiability, Reputation, and Competition",2011
10.1257/aer.101.2.556,"Performance Pay and Multidimensional Sorting: Productivity, Preferences, and Gender",2011
10.1257/aer.101.2.591,Are Risk Preferences Stable across Contexts? Evidence from Insurance Data,2011
10.1257/aer.101.2.632,Collaborating,2011
10.1257/aer.101.2.664,Heterogeneity in Risky Choice Behavior in a Broad Population,2011
10.1257/aer.101.2.695,The Rich Domain of Uncertainty: Source Functions and Their Experimental Implementation,2011
10.1257/aer.101.2.724,Procedural Analysis of Choice Rules with Applications to Bounded Rationality,2011
10.1257/aer.101.2.749,The Bidder's Curse,2011
10.1257/aer.101.2.788,Falsifiability,2011
10.1257/aer.101.2.819,Deferred Compensation in Multiperiod Labor Contracts: An Experimental Test of Lazear's Model,2011
10.1257/aer.101.2.844,Sales and Monetary Policy,2011
10.1257/aer.101.2.877,The Cyclical Behavior of Debt and Equity Finance,2011
10.1257/aer.101.2.900,Search Dynamics in Consumer Choice under Time Pressure: An Eye-Tracking Study,2011
10.1257/aer.101.2.927,Coordination in the Presence of Asset Markets,2011
10.1257/aer.101.2.948,Real-Time Search in the Laboratory and the Market,2011
10.1257/aer.101.2.975,Checkmate: Exploring Backward Induction among Chess Players,2011
10.1257/aer.101.2.991,"The Willingness to Pay—Willingness to Accept Gap, the “Endowment Effect,” Subject Misconceptions, and Experimental Procedures for Eliciting Valuations: Comment",2011
10.1257/aer.101.2.i,The American Economic Association,2011
10.1257/aer.101.3.1,Inequality at Birth: Some Causes and Consequences,2011
10.1257/aer.101.3.105,"Fuel Economy, Car Class Mix, and Safety",2011
10.1257/aer.101.3.110,Forecasting Gasoline Prices Using Consumer Surveys,2011
10.1257/aer.101.3.115,Credit Ratings and Security Prices in the Subprime MBS Market,2011
10.1257/aer.101.3.120,Credit Ratings Accuracy and Analyst Incentives,2011
10.1257/aer.101.3.125,Did Credit Rating Agencies Make Unbiased Assumptions on CDOs?,2011
10.1257/aer.101.3.131,Credit Ratings and the Evolution of the Mortgage-Backed Securities Market,2011
10.1257/aer.101.3.136,Wine Retail Price Dispersion in the United States: Searching for Expensive Wines?,2011
10.1257/aer.101.3.142,"Climate, Grapevine Phenology, Wine Production, and Prices: Pauillac (1800–2009)",2011
10.1257/aer.101.3.147,Isolating the Symbolic Implications of Employee Mobility: Price Increases after Hiring Winemakers from Prominent Wineries,2011
10.1257/aer.101.3.152,What Is the Value of Terroir?,2011
10.1257/aer.101.3.157,The Restoration of Welfare Economics,2011
10.1257/aer.101.3.162,Markets and Morality,2011
10.1257/aer.101.3.166,Economics: A Moral Inquiry with Religious Origins,2011
10.1257/aer.101.3.171,Economists as Worldly Philosophers,2011
10.1257/aer.101.3.176,Completion Rates and Time-to-Degree in Economics PhD Programs,2011
10.1257/aer.101.3.194,A Bright Idea for Measuring Economic Growth,2011
10.1257/aer.101.3.200,Does Quality Adjustment Matter for Technologically Stable Products? An Application to the CPI for Food,2011
10.1257/aer.101.3.206,"Quality Adjustment for Health Care Spending on Chronic Disease: Evidence from Diabetes Treatment, 1999–2009",2011
10.1257/aer.101.3.212,Sale Rates and Price Movements in Art Auctions,2011
10.1257/aer.101.3.217,"Rock and Roll Bands, (In)complete Contracts, and Creativity",2011
10.1257/aer.101.3.222,Art and Money,2011
10.1257/aer.101.3.227,Optimal Learning Patterns for Creativity Generation in a Field,2011
10.1257/aer.101.3.23,"Recessions, Retirement, and Social Security",2011
10.1257/aer.101.3.233,Why Can't US Airlines Make Money?,2011
10.1257/aer.101.3.238,Comparing the Costs of Intermittent and Dispatchable Electricity Generating Technologies,2011
10.1257/aer.101.3.242,Financial Regulatory Reform: Challenges Ahead,2011
10.1257/aer.101.3.247,Measuring the Benefits of Greater Spatial Granularity in Short-Term Pricing in Wholesale Electricity Markets,2011
10.1257/aer.101.3.253,Challenges from State-Federal Interactions in US Climate Change Policy,2011
10.1257/aer.101.3.258,The Role of Trade and Competitiveness Measures in US Climate Policy,2011
10.1257/aer.101.3.263,Vertical Targeting and Leakage in Carbon Policy,2011
10.1257/aer.101.3.268,The Effect of Allowing Pollution Offsets with Imperfect Enforcement,2011
10.1257/aer.101.3.273,Corrective Taxation versus Liability,2011
10.1257/aer.101.3.277,"Optimal Proof Burdens, Deterrence, and the Chilling of Desirable Behavior",2011
10.1257/aer.101.3.281,Trust in Public Institutions over the Business Cycle,2011
10.1257/aer.101.3.288,Predicting and Preventing Shootings among At-Risk Youth,2011
10.1257/aer.101.3.29,What Explains Changes in Retirement Plans during the Great Recession?,2011
10.1257/aer.101.3.293,The “Collapse in Quality” Hypothesis,2011
10.1257/aer.101.3.298,Trade Finance and the Great Trade Collapse,2011
10.1257/aer.101.3.303,US Trade and Inventory Dynamics,2011
10.1257/aer.101.3.308,Vertical Linkages and the Collapse of Global Trade,2011
10.1257/aer.101.3.313,Does Market Experience Eliminate Market Anomalies? The Case of Exogenous Market Experience,2011
10.1257/aer.101.3.318,The Persistence of Treatment Effects with Norm-Based Policy Instruments: Evidence from a Randomized Environmental Policy Experiment,2011
10.1257/aer.101.3.323,Can Tailored Communications Motivate Environmental Volunteers? A Natural Field Experiment,2011
10.1257/aer.101.3.329,Using Artefactual Field Experiments to Learn about the Incentives for Sustainable Forest Use in Developing Economies,2011
10.1257/aer.101.3.334,Long-term Consequences of Vietnam-Era Conscription: New Estimates Using Social Security Data,2011
10.1257/aer.101.3.339,Battle Scars? The Puzzling Decline in Employment and Rise in Disability Receipt among Vietnam Era Veterans,2011
10.1257/aer.101.3.345,Long-Run Mortality Effects of Vietnam-Era Army Service: Evidence from Australia's Conscription Lotteries,2011
10.1257/aer.101.3.35,Time to Retire? The Effect of State Fiscal Policies on Retirement Decisions,2011
10.1257/aer.101.3.350,The War at Home: Effects of Vietnam-Era Military Service on Postwar Household Stability,2011
10.1257/aer.101.3.355,Race and Home Ownership from the End of the Civil War to the Present,2011
10.1257/aer.101.3.360,Covenants without Courts: Enforcing Residential Segregation with Legally Unenforceable Agreements,2011
10.1257/aer.101.3.366,"The New Deal, Race, and Home Ownership in the 1920s and 1930s",2011
10.1257/aer.101.3.371,Land and Racial Wealth Inequality,2011
10.1257/aer.101.3.377,Heterogeneity in Choice Inconsistencies among the Elderly: Evidence from Prescription Drug Plan Choice,2011
10.1257/aer.101.3.382,Part D Formulary and Benefit Design as a Risk-Steering Mechanism,2011
10.1257/aer.101.3.387,The Medium-Term Impact of Medicare Part D on Pharmaceutical Prices,2011
10.1257/aer.101.3.393,Are Drugs Substitutes or Complements for Intensive (and Expensive) Medical Treatment,2011
10.1257/aer.101.3.398,The Risky Steady State,2011
10.1257/aer.101.3.40,Crash and Wait? The Impact of the Great Recession on the Retirement Plans of Older Americans,2011
10.1257/aer.101.3.402,Market Sentiment: A Tragedy of the Commons,2011
10.1257/aer.101.3.406,Disasterization: A Simple Way to Fix the Asset Pricing Properties of Macroeconomic Models,2011
10.1257/aer.101.3.410,Regulating Asset Price Risk,2011
10.1257/aer.101.3.413,Leverage and the Financial Accelerator in a Liquidity Trap,2011
10.1257/aer.101.3.417,Helping Consumers Know Themselves,2011
10.1257/aer.101.3.423,The Limits of Transparency: Pitfalls and Potential of Disclosing Conflicts of Interest,2011
10.1257/aer.101.3.429,The Financial Education Fallacy,2011
10.1257/aer.101.3.435,Superfund Cleanups and Infant Health,2011
10.1257/aer.101.3.442,Environmental Regulation and Labor Reallocation: Evidence from the Clean Air Act,2011
10.1257/aer.101.3.448,Water Quality Violations and Avoidance Behavior: Evidence from Bottled Water Consumption,2011
10.1257/aer.101.3.45,Does Concentration Matter? Measurement of Petroleum Merger Price Effects,2011
10.1257/aer.101.3.454,"Monopsony, Mobility, and Sex Differences in Pay: Missouri School Teachers",2011
10.1257/aer.101.3.460,Teacher Mobility Responses to Wage Changes: Evidence from a Quasi-Natural Experiment,2011
10.1257/aer.101.3.466,Negative Returns to Seniority and Job Mobility across the Program Quality Distribution: Are Top Public PhD-Granting Programs Different?,2011
10.1257/aer.101.3.471,Are Micro and Macro Labor Supply Elasticities Consistent? A Review of Evidence on the Intensive and Extensive Margins,2011
10.1257/aer.101.3.476,Interpreting Labor Supply Regressions in a Model of Full- and Part-Time Work,2011
10.1257/aer.101.3.482,Labor Supply and the Extensive Margin,2011
10.1257/aer.101.3.487,A Labor Supply Elasticity Accord?,2011
10.1257/aer.101.3.492,Which Dimensions of Culture Matter for Long-Run Growth?,2011
10.1257/aer.101.3.499,Fertility and the Plough,2011
10.1257/aer.101.3.504,The Weight of History on European Cultural Integration: A Gravity Approach,2011
10.1257/aer.101.3.509,Social Preferences and Fairness Norms as Informal Institutions: Experimental Evidence,2011
10.1257/aer.101.3.51,More Evidence on the Performance of Merger Simulations,2011
10.1257/aer.101.3.514,Gender Gap in Performance under Competitive Pressure: Admissions to Czech Universities,2011
10.1257/aer.101.3.519,The Roma/Non-Roma Test Score Gap in Hungary,2011
10.1257/aer.101.3.526,"Learn English, Not the Local Language! Ethnic Russians in the Baltic States",2011
10.1257/aer.101.3.532,Oaxaca-Blinder as a Reweighting Estimator,2011
10.1257/aer.101.3.538,Robustness to Parametric Assumptions in Missing Data Models,2011
10.1257/aer.101.3.544,Flexible Estimation of Treatment Effect Parameters,2011
10.1257/aer.101.3.552,Origins of the Unemployment Rate: The Lasting Legacy of Measurement without Theory,2011
10.1257/aer.101.3.558,The Lerner Index of Monopoly Power: Origins and Uses,2011
10.1257/aer.101.3.56,Challenges in Merger Simulation Analysis,2011
10.1257/aer.101.3.565,Real Wage Index Numbers,2011
10.1257/aer.101.3.571,The Impact of the Transatlantic Slave Trade on Ethnic Stratification in Africa,2011
10.1257/aer.101.3.577,Global Financial Crisis and Africa: Is the Impact Permanent or Transitory? Time Series Evidence from North Africa,2011
10.1257/aer.101.3.582,Remittances and Income Smoothing,2011
10.1257/aer.101.3.588,Applying Fixed Effects to Hierarchical Segregation Models,2011
10.1257/aer.101.3.593,Does <i>Mestizaje</i> Matter in the US? Economic Stratification of Mexican Immigrants,2011
10.1257/aer.101.3.598,Estimating the ex ante Expected Returns to College,2011
10.1257/aer.101.3.60,The Effect of Bottle Laws on Income: New Empirical Results,2011
10.1257/aer.101.3.603,Tracking Intergenerational Progress for Immigrant Groups: The Problem of Ethnic Attrition,2011
10.1257/aer.101.3.609,Owner-Occupied Housing: Life-Cycle Implications for the Household Portfolio,2011
10.1257/aer.101.3.615,House Prices and Marital Stability,2011
10.1257/aer.101.3.620,"Hazardous Waste Cleanup, Neighborhood Gentrification, and Environmental Justice: Evidence from Restricted Access Census Block Data",2011
10.1257/aer.101.3.625,Estimating the Willingness to Pay to Avoid Violent Crime: A Dynamic Approach,2011
10.1257/aer.101.3.630,Compensating Differentials for Sexual Harassment,2011
10.1257/aer.101.3.635,Chipping away at the Glass Ceiling: Gender Spillovers in Corporate Leadership,2011
10.1257/aer.101.3.640,Have Gender Gaps in Insurance Coverage and Access to Care Narrowed under Health Reform? Findings from Massachusetts,2011
10.1257/aer.101.3.645,International Migration and Gender Discrimination among Children Left Behind,2011
10.1257/aer.101.3.65,"Promoting Recycling: Private Values, Social Norms, and Economic Incentives",2011
10.1257/aer.101.3.650,"Proceedings of the One Hundred Twenty-Third Annual Meeting: Denver, CO January 6–9, 2011",2011
10.1257/aer.101.3.653,"Minutes of the Annual Meeting Denver, CO January 8, 2011",2011
10.1257/aer.101.3.655,Report of the Secretary for 2010,2011
10.1257/aer.101.3.659,Report of the Treasurer,2011
10.1257/aer.101.3.664,American Economic Association Universal Academic Questionnaire Summary Statistics,2011
10.1257/aer.101.3.668,List of Online Reports,2011
10.1257/aer.101.3.669,"Minutes of the Meeting of the Executive Committee Chicago, IL April 23, 2010",2011
10.1257/aer.101.3.677,"Minutes of the Meeting of the Executive Committee Denver, CO January 6, 2011",2011
10.1257/aer.101.3.684,Report of the Editor: <i>American Economic Review</i>,2011
10.1257/aer.101.3.700,Report of the Editor: <i>Journal of Economic Literature</i>,2011
10.1257/aer.101.3.703,Report of the Editor: <i>Journal of Economic Perspectives</i>,2011
10.1257/aer.101.3.706,Report of the Editor: <i>American Economic Journal: Applied Economics</i>,2011
10.1257/aer.101.3.71,The Environmental Consequences of Global Reuse,2011
10.1257/aer.101.3.710,Report of the Editor: <i>American Economic Journal: Economic Policy</i>,2011
10.1257/aer.101.3.713,Report of the Editor: <i>American Economic Journal: Macroeconomics</i>,2011
10.1257/aer.101.3.718,Report of the Editor: <i>American Economic Journal: Microeconomics</i>,2011
10.1257/aer.101.3.721,Report of the Director: <i>Job Openings for Economists</i>,2011
10.1257/aer.101.3.724,Report of the Committee on Economic Education for 2010,2011
10.1257/aer.101.3.731,Report of the Committee on the Status of Women in the Economics Profession 2010,2011
10.1257/aer.101.3.737,Committee on the Status of Minority Groups in the Economics Profession: Report of Committee Activities for the 2010 Calendar Year,2011
10.1257/aer.101.3.739,American Economic Association Committee on Statistics (AEAStat): Annual Report—2010,2011
10.1257/aer.101.3.741,Committee on Government Relations,2011
10.1257/aer.101.3.744,Report of Ad Hoc Committee on the Job Market,2011
10.1257/aer.101.3.747,General Information on the Association,2011
10.1257/aer.101.3.77,The Diffusion of Energy Efficiency in Building,2011
10.1257/aer.101.3.83,Do Residential Customers Respond to Hourly Prices? Evidence from a Dynamic Pricing Experiment,2011
10.1257/aer.101.3.88,Electricity Consumption and Durable Housing: Understanding Cohort Effects,2011
10.1257/aer.101.3.93,Is an Automaker's Road to Bankruptcy Paved with Customers' Beliefs?,2011
10.1257/aer.101.3.98,Consumers' Perceptions and Misperceptions of Energy Costs,2011
10.1257/aer.101.3.i,The American Economic Association,2011
10.1257/aer.101.3.x,Foreword,2011
10.1257/aer.101.3.xi,Editors' Introduction,2011
10.1257/aer.101.4.1045,"Unemployment, Vacancies, Wages",2011
10.1257/aer.101.4.1073,Markets with Search Friction and the DMP Model,2011
10.1257/aer.101.4.1092,Equilibrium in the Labor Market with Search Frictions,2011
10.1257/aer.101.4.1106,The Role of Trading Frictions in Real Asset Markets,2011
10.1257/aer.101.4.1144,Read All about It!! What Happens Following a Technology Shock?,2011
10.1257/aer.101.4.1180,Choice Inconsistencies among the Elderly: Evidence from Plan Choice in the Medicare Part D Program,2011
10.1257/aer.101.4.1211,Participation,2011
10.1257/aer.101.4.1238,What Do Trade Negotiators Negotiate About? Empirical Evidence from the World Trade Organization,2011
10.1257/aer.101.4.1274,Electoral Accountability and Corruption: Evidence from the Audits of Local Governments,2011
10.1257/aer.101.4.1312,"R&amp;D Investment, Exporting, and Productivity Dynamics",2011
10.1257/aer.101.4.1345,Linking Conflict to Inequality and Polarization,2011
10.1257/aer.101.4.1375,Using Loopholes to Reveal the Marginal Cost of Regulation: The Case of Fuel-Economy Standards,2011
10.1257/aer.101.4.1410,"Strike Three: Discrimination, Incentives, and Evaluation",2011
10.1257/aer.101.4.1436,The Inflation-Output Trade-Off with Downward Wage Rigidities,2011
10.1257/aer.101.4.1467,Education and Labor Market Discrimination,2011
10.1257/aer.101.4.1497,Face Value,2011
10.1257/aer.101.4.1514,Term Premia and Inflation Uncertainty: Empirical Evidence from an International Panel Dataset,2011
10.1257/aer.101.4.1535,"Asymmetric Information, Adverse Selection and Online Disclosure: The Case of eBay Motors",2011
10.1257/aer.101.4.1547,Ambiguity Models and the Machina Paradoxes,2011
10.1257/aer.101.4.1561,Optimal Policy Intervention and the Social Value of Public Information,2011
10.1257/aer.101.4.1575,Why Do Payment Card Networks Charge Proportional Fees?,2011
10.1257/aer.101.4.1591,Information and Prices with Capacity Constraints,2011
10.1257/aer.101.4.1601,Group Size and Incentives to Contribute: A Natural Experiment at Chinese Wikipedia,2011
10.1257/aer.101.4.1616,Fertility and the Personal Exemption: Comment,2011
10.1257/aer.101.4.1629,Returns to Education: Evidence from UK Twins: Comment,2011
10.1257/aer.101.4.1636,Corrigendum: Psychological Pressure in Competitive Environments: Evidence from a Randomized Natural Experiment,2011
10.1257/aer.101.4.1637,Independent Auditor's Report,2011
10.1257/aer.101.4.i,The American Economic Association,2011
10.1257/aer.101.5.1649,Environmental Accounting for Pollution in the United States Economy,2011
10.1257/aer.101.5.1676,From Financial Crash to Debt Crisis,2011
10.1257/aer.101.5.1707,An Experimental Component Index for the CPI: From Annual Computer Data to Monthly Data on Other Goods,2011
10.1257/aer.101.5.1739,"Peer Effects, Teacher Incentives, and the Impact of Tracking: Evidence from a Randomized Evaluation in Kenya",2011
10.1257/aer.101.5.1775,The Impact of Regulations on the Supply and Quality of Care in Child Care Markets,2011
10.1257/aer.101.5.1806,Competition among Sellers in Securities Auctions,2011
10.1257/aer.101.5.1842,Unhealthy Insurance Markets: Search Frictions and the Cost and Quality of Health Insurance,2011
10.1257/aer.101.5.1872,Segregation and the Quality of Government in a Cross Section of Countries,2011
10.1257/aer.101.5.1912,New York City Cab Drivers' Labor Supply Revisited: Reference-Dependent Preferences with Rational-Expectations Targets for Hours and Income,2011
10.1257/aer.101.5.1933,Climbing atop the Shoulders of Giants: The Impact of Institutions on Cumulative Research,2011
10.1257/aer.101.5.1964,Finance and Development: A Tale of Two Sectors,2011
10.1257/aer.101.5.2003,Dynamics and Stagnation in the Malthusian Epoch,2011
10.1257/aer.101.5.2042,Bargaining in Stationary Networks,2011
10.1257/aer.101.5.2081,State Misallocation and Housing Prices: Theory and Evidence from China,2011
10.1257/aer.101.5.2108,Forced Sales and House Prices,2011
10.1257/aer.101.5.2132,"House Prices, Home Equity–Based Borrowing, and the US Household Leverage Crisis",2011
10.1257/aer.101.5.2157,"Panic on the Streets of London: Police, Crime, and the July 2005 Terror Attacks",2011
10.1257/aer.101.5.2182,Barriers to Investment in Polarized Societies,2011
10.1257/aer.101.5.2205,The Area and Population of Cities: New Insights from a Different Perspective on Cities,2011
10.1257/aer.101.5.2226,The Effects of Lottery Prizes on Winners and Their Neighbors: Evidence from the Dutch Postcode Lottery,2011
10.1257/aer.101.5.2248,Did Household Consumption Become More Volatile?,2011
10.1257/aer.101.5.2271,Strotz Meets Allais: Diminishing Impatience and the Certainty Effect: Comment,2011
10.1257/aer.101.5.i,The American Economic Review,2011
10.1257/aer.101.6.2277,Searching and Learning by Trial and Error,2011
10.1257/aer.101.6.2309,"Trends in Quality-Adjusted Skill Premia in the United States, 1960–2000",2011
10.1257/aer.101.6.2350,Nudging Farmers to Use Fertilizer: Theory and Experimental Evidence from Kenya,2011
10.1257/aer.101.6.2391,Aggregation and the PPP Puzzle in a Sticky-Price Model,2011
10.1257/aer.101.6.2425,Private Monitoring and Communication in Cartels: Explaining Recent Collusive Practices,2011
10.1257/aer.101.6.2450,"International Prices, Costs, and Markup Differences",2011
10.1257/aer.101.6.2487,The Nature of Credit Constraints and Human Capital,2011
10.1257/aer.101.6.2530,Risk Matters: The Real Effects of Volatility Shocks,2011
10.1257/aer.101.6.2562,The Potential of Social Identity for Equilibrium Selection,2011
10.1257/aer.101.6.2590,Bayesian Persuasion,2011
10.1257/aer.101.6.2616,The Fundamental Law of Road Congestion: Evidence from US Cities,2011
10.1257/aer.101.6.2653,Bid Preference Programs and Participation in Highway Procurement Auctions,2011
10.1257/aer.101.6.2687,Clearing the Air? The Effects of Gasoline Content Regulation on Air Quality,2011
10.1257/aer.101.6.2723,The Chinese Warrants Bubble,2011
10.1257/aer.101.6.2754,Estimating Marginal Returns to Education,2011
10.1257/aer.101.6.2782,How Demanding Is the Revealed Preference Approach to Demand?,2011
10.1257/aer.101.6.2796,Currency Misalignments and Optimal Monetary Policy: A Reexamination,2011
10.1257/aer.101.6.2823,Aggregate and Idiosyncratic Risk in a Frictional Labor Market,2011
10.1257/aer.101.6.2844,"Expectations, Learning, and Business Cycle Fluctuations",2011
10.1257/aer.101.6.i,The American Economic Review,2011
10.1257/aer.101.7.2873,Frictional Wage Dispersion in Search Models: A Quantitative Assessment,2011
10.1257/aer.101.7.2899,Search and Satisficing,2011
10.1257/aer.101.7.2923,Sources of Lifetime Inequality,2011
10.1257/aer.101.7.2955,Endogenous Information Flows and the Clustering of Announcements,2011
10.1257/aer.101.7.2980,The Effect of Newspaper Entry and Exit on Electoral Politics,2011
10.1257/aer.101.7.3019,"School Desegregation, School Choice, and Changes in Residential Location Patterns by Race",2011
10.1257/aer.101.7.3047,Dynamic Inefficiencies in an Employment-Based Health Insurance System: Theory and Evidence,2011
10.1257/aer.101.7.3078,The Effects of Rural Electrification on Employment: New Evidence from South Africa,2011
10.1257/aer.101.7.3109,Happiness and Time Preference: The Effect of Positive Affect in a Random-Assignment Experiment,2011
10.1257/aer.101.7.3130,Who Thinks about the Competition? Managerial Ability and Strategic Entry in US Local Telephone Markets,2011
10.1257/aer.101.7.3162,Buffalo Hunt: International Trade and the Virtual Extinction of the North American Bison,2011
10.1257/aer.101.7.3196,Extreme Walrasian Dynamics: The Gale Example in the Lab,2011
10.1257/aer.101.7.3221,The Slave Trade and the Origins of Mistrust in Africa,2011
10.1257/aer.101.7.3253,Media and Political Persuasion: Evidence from Russia,2011
10.1257/aer.101.7.3286,The Consequences of Radical Reform: The French Revolution,2011
10.1257/aer.101.7.3308,Trends in Employment and Earnings of Allowed and Rejected Applicants to the Social Security Disability Insurance Program,2011
10.1257/aer.101.7.3330,Relative Earnings and Giving in a Real-Effort Experiment,2011
10.1257/aer.101.7.3349,Relational Contracts and the Value of Loyalty,2011
10.1257/aer.101.7.3368,Automobiles on Steroids: Product Attribute Trade-Offs and Technological Progress in the Automobile Sector,2011
10.1257/aer.101.7.3400,Overborrowing and Systemic Externalities in the Business Cycle,2011
10.1257/aer.101.7.3427,Stakes Matter in Ultimatum Games,2011
10.1257/aer.101.7.3440,US International Equity Investment and Past and Prospective Returns,2011
10.1257/aer.101.7.3456,The Cross Section of Foreign Currency Risk Premia and Consumption Growth Risk: Comment,2011
10.1257/aer.101.7.3477,The Cross Section of Foreign Currency Risk Premia and Consumption Growth Risk: Reply,2011
10.1257/aer.101.7.i,The American Economic Review,2011
10.1257/aer.102.1.1,Optimal Interventions in Markets with Adverse Selection,2012
10.1257/aer.102.1.131,The Environment and Directed Technical Change,2012
10.1257/aer.102.1.167,Americans Do IT Better: US Multinationals and the Productivity Miracle,2012
10.1257/aer.102.1.202,"The Value of Information in the Court: Get it Right, Keep it Tight",2012
10.1257/aer.102.1.238,Macroeconomic Effects of Financial Shocks,2012
10.1257/aer.102.1.272,The Effects of Housing Assistance on Labor Supply: Evidence from a Voucher Lottery,2012
10.1257/aer.102.1.29,Overcoming Adverse Selection: How Public Intervention Can Restore Market Functioning,2012
10.1257/aer.102.1.305,Standard Setting Committees: Consensus Governance for Shared Technology Platforms,2012
10.1257/aer.102.1.337,A Continuous Dilemma,2012
10.1257/aer.102.1.364,Understanding International Prices: Customers as Capital,2012
10.1257/aer.102.1.396,Compulsory Licensing: Evidence from the Trading with the Enemy Act,2012
10.1257/aer.102.1.428,Testing Efficient Risk Sharing with Heterogeneous Risk Preferences,2012
10.1257/aer.102.1.469,A Structural Analysis of Disappointment Aversion in a Real Effort Competition,2012
10.1257/aer.102.1.504,Why Don't We See Poverty Convergence?,2012
10.1257/aer.102.1.524,Was the New Deal Contractionary?,2012
10.1257/aer.102.1.556,The Internet and Local Wages: A Puzzle,2012
10.1257/aer.102.1.576,The Impact of Shrouded Fees: Evidence from a Natural Experiment in the Indian Mutual Funds Market,2012
10.1257/aer.102.1.594,Contracts versus Salaries in Matching,2012
10.1257/aer.102.1.60,"Collective Moral Hazard, Maturity Mismatch, and Systemic Bailouts",2012
10.1257/aer.102.1.602,Efficient Pollution Regulation: Getting the Prices Right: Comment,2012
10.1257/aer.102.1.608,Efficient Pollution Regulation: Getting the Prices Right: Reply,2012
10.1257/aer.102.1.613,Efficient Pollution Regulation: Getting the Prices Right: Corrigendum (Mortality Rate Update),2012
10.1257/aer.102.1.94,"New Trade Models, Same Old Gains?",2012
10.1257/aer.102.1.i,The American Economic Review,2012
10.1257/aer.102.2.1029,"Credit Booms Gone Bust: Monetary Policy, Leverage Cycles, and Financial Crises, 1870–2008",2012
10.1257/aer.102.2.1062,What Drives US Foreign Borrowing? Evidence on the External Adjustment to Transitory and Permanent Shocks,2012
10.1257/aer.102.2.1093,International Income Inequality: Measuring PPP Bias by Estimating Engel Curves for Food,2012
10.1257/aer.102.2.1118,Behavioral Foundations of Microcredit: Experimental and Survey Evidence from Rural India,2012
10.1257/aer.102.2.1140,"Search, Design, and Market Structure",2012
10.1257/aer.102.2.1161,Paying a Premium on Your Premium? Consolidation in the US Health Insurance Industry,2012
10.1257/aer.102.2.1186,Erratum: Macroeconomic Effects of Financial Shocks,2012
10.1257/aer.102.2.617,Comparing Real Wage Rates,2012
10.1257/aer.102.2.643,The Welfare Effects of Bundling in Multichannel Television Markets,2012
10.1257/aer.102.2.686,The Use of Full-Line Forcing Contracts in the Video Rental Industry,2012
10.1257/aer.102.2.720,Slow to Anger and Fast to Forgive: Cooperation in an Uncertain World,2012
10.1257/aer.102.2.750,Relational Contracts and the Value of Relationships,2012
10.1257/aer.102.2.780,Competition through Commissions and Kickbacks,2012
10.1257/aer.102.2.810,Estimating the Peace Dividend: The Impact of Violence on House Prices in Northern Ireland,2012
10.1257/aer.102.2.834,"Screening, Competition, and Job Design: Economic Origins of Good Jobs",2012
10.1257/aer.102.2.865,Thar She Bursts: Reducing Confusion Reduces Bubbles,2012
10.1257/aer.102.2.884,Information and Industry Dynamics,2012
10.1257/aer.102.2.914,Carrot or Stick? The Evolution of Reciprocal Preferences in a Haystack Model,2012
10.1257/aer.102.2.941,Violent Conflict and Behavior: A Field Experiment in Burundi,2012
10.1257/aer.102.2.965,What Do Emissions Markets Deliver and to Whom? Evidence from Southern California's NO<sub>x</sub> Trading Program,2012
10.1257/aer.102.2.994,Measuring Economic Growth from Outer Space,2012
10.1257/aer.102.2.i,The American Economic Review,2012
10.1257/aer.102.3.1,Does the Current Account Still Matter?,2012
10.1257/aer.102.3.101,The Safe-Asset Share,2012
10.1257/aer.102.3.107,Three Principles for Market-Based Credit Regulation,2012
10.1257/aer.102.3.113,Limited-Purpose Banking—Moving from “Trust Me” to “Show Me” Banking,2012
10.1257/aer.102.3.120,Within-City Variation in Urban Decline: The Case of Detroit,2012
10.1257/aer.102.3.127,Housing Booms and City Centers,2012
10.1257/aer.102.3.134,"Heterogeneity in Neighborhood-Level Price Growth in the United States, 1993–2009",2012
10.1257/aer.102.3.141,"Market Prices of Risk with Diverse Beliefs, Learning, and Catastrophes",2012
10.1257/aer.102.3.147,Financial Innovation and Asset Price Volatility,2012
10.1257/aer.102.3.152,International Robust Disagreement,2012
10.1257/aer.102.3.156,"Heterogeneous Beliefs, Wealth Distribution, and Asset Markets with Risk of Default",2012
10.1257/aer.102.3.161,Estimating Sovereign Default Risk,2012
10.1257/aer.102.3.167,Evolving Monetary/Fiscal Policy Mix in the United States,2012
10.1257/aer.102.3.173,Monetary-Fiscal Policy Interactions and Indeterminacy in Postwar US Data,2012
10.1257/aer.102.3.179,Real Exchange Rate Adjustment in and out of the Eurozone,2012
10.1257/aer.102.3.186,Fiscal Consolidation in an Open Economy,2012
10.1257/aer.102.3.192,Managing Currency Pegs,2012
10.1257/aer.102.3.198,Can Asia Overcome the IMF Stigma?,2012
10.1257/aer.102.3.203,Capital Flow Management,2012
10.1257/aer.102.3.207,International Liquidity in a Multipolar World,2012
10.1257/aer.102.3.213,Follow the Money: Quantifying Domestic Effects of Foreign Bank Shocks in the Great Recession,2012
10.1257/aer.102.3.219,"Flight Home, Flight Abroad, and International Credit Cycles",2012
10.1257/aer.102.3.225,From Financial Crisis to Great Recession: The Role of Globalized Banks,2012
10.1257/aer.102.3.231,International Shock Transmission after the Lehman Brothers Collapse: Evidence from Syndicated Lending,2012
10.1257/aer.102.3.238,Moving to Higher Ground: Migration Response to Natural Disasters in the Early Twentieth Century,2012
10.1257/aer.102.3.24,Simple Market Equilibria with Rationally Inattentive Consumers,2012
10.1257/aer.102.3.245,Nature versus Nurture: The Environment's Persistent Influence through the Modernization of American Agriculture,2012
10.1257/aer.102.3.250,Adaptation to Climate Change in Preindustrial Iceland,2012
10.1257/aer.102.3.256,Race and Gender Differences Under Federal Sentencing Guidelines,2012
10.1257/aer.102.3.261,"Terrorism and Patriotism: On the Earnings of US Veterans following September 11, 2001",2012
10.1257/aer.102.3.267,The Nonlinear Relationship between Terrorism and Poverty,2012
10.1257/aer.102.3.273,War and Stature: Growing Up during the Nigerian Civil War,2012
10.1257/aer.102.3.278,Nation Building and Economic Growth,2012
10.1257/aer.102.3.283,The Determinants and Consequences of School Choice Errors in Kenya,2012
10.1257/aer.102.3.289,"Kinship and Financial Networks, Formal Financial Access, and Risk Reduction",2012
10.1257/aer.102.3.294,Child Health and Conflict in Côte d'Ivoire,2012
10.1257/aer.102.3.30,Information Processing and Limited Liability,2012
10.1257/aer.102.3.300,How Financial Literacy Affects Household Wealth Accumulation,2012
10.1257/aer.102.3.305,Financial Education and Timely Decision Support: Lessons from Junior Achievement,2012
10.1257/aer.102.3.309,Financial Knowledge and Financial Literacy at the Household Level,2012
10.1257/aer.102.3.314,Effectiveness of Employer-Provided Financial Information: Hiring to Retiring,2012
10.1257/aer.102.3.319,Efficient Auctions and Interdependent Types,2012
10.1257/aer.102.3.325,Robustly Ranking Mechanisms,2012
10.1257/aer.102.3.330,Approximation in Mechanism Design,2012
10.1257/aer.102.3.337,Copyright Research in the Digital Age: Moving from Piracy to the Supply of New Products,2012
10.1257/aer.102.3.343,Is Wikipedia Biased?,2012
10.1257/aer.102.3.349,Shifts in Privacy Concerns,2012
10.1257/aer.102.3.35,Information Choice Technologies,2012
10.1257/aer.102.3.354,New Challenges in Multihospital Kidney Exchange,2012
10.1257/aer.102.3.360,Holdout in the Assembly of Complements: A Problem for Market Design,2012
10.1257/aer.102.3.366,Stability and Strategy-Proofness for Matching with Constraints: A Problem in the Japanese Medical Match and Its Solution,2012
10.1257/aer.102.3.371,Understanding Price Controls and Nonprice Competition with Matching Theory,2012
10.1257/aer.102.3.376,After Airline Deregulation and Alfred E. Kahn,2012
10.1257/aer.102.3.381,Dynamic Pricing of Electricity,2012
10.1257/aer.102.3.386,Telecommunications Deregulation,2012
10.1257/aer.102.3.391,Government Policy for a Partially Deregulated Industry: Deregulate it Fully,2012
10.1257/aer.102.3.396,Global Supply Chains and Wage Inequality,2012
10.1257/aer.102.3.402,Sustaining Production Chains through Financial Linkages,2012
10.1257/aer.102.3.407,Proximity and Production Fragmentation,2012
10.1257/aer.102.3.41,Prospect Theory as Efficient Perceptual Distortion,2012
10.1257/aer.102.3.412,Measuring the Upstreamness of Production and Trade Flows,2012
10.1257/aer.102.3.417,"Trade, Labor Market Frictions, and Residual Wage Inequality across Worker Groups",2012
10.1257/aer.102.3.424,"Offshoring, Transition, and Training: Evidence from Danish Matched Worker-Firm Data",2012
10.1257/aer.102.3.429,Liberalized Trade and Worker-Firm Matching,2012
10.1257/aer.102.3.435,Exports and Within-Plant Wage Distributions: Evidence from Mexico,2012
10.1257/aer.102.3.441,Village Economic Accounts: Real and Financial Intertwined,2012
10.1257/aer.102.3.447,Innovation in Space,2012
10.1257/aer.102.3.453,"Ricardo's Theory of Comparative Advantage: Old Idea, New Evidence",2012
10.1257/aer.102.3.459,Tariff Revenue and Tariff Caps,2012
10.1257/aer.102.3.466,Profits in the “New Trade” Approach to Trade Negotiations,2012
10.1257/aer.102.3.47,Salience in Experimental Tests of the Endowment Effect,2012
10.1257/aer.102.3.470,Trade Agreements and the Nature of Price Determination,2012
10.1257/aer.102.3.477,On the Use of Holdout Samples for Model Selection,2012
10.1257/aer.102.3.482,Prediction with Misspecified Models,2012
10.1257/aer.102.3.487,Assumptions Matter: Model Uncertainty and the Deterrent Effect of Capital Punishment,2012
10.1257/aer.102.3.493,Heuristics and Heterogeneity in Health Insurance Exchanges: Evidence from the Massachusetts Connector,2012
10.1257/aer.102.3.498,"Health Reform, Health Insurance, and Selection: Estimating Selection into Health Insurance Using the Massachusetts Health Reform",2012
10.1257/aer.102.3.502,The Impact of the Massachusetts Health Care Reform on Health Care Use Among Children,2012
10.1257/aer.102.3.508,How Did Health Care Reform in Massachusetts Impact Insurance Premiums?,2012
10.1257/aer.102.3.514,The Long-Term Effects of UI Extensions on Employment,2012
10.1257/aer.102.3.520,Unemployment in the Great Recession: Did the Housing Market Crisis Prevent the Unemployed from Moving to Take Jobs?,2012
10.1257/aer.102.3.526,"Contract Form, Wage Flexibility, and Employment",2012
10.1257/aer.102.3.53,Getting at Systemic Risk via an Agent-Based Model of the Housing Market,2012
10.1257/aer.102.3.532,"Access to Credit by Small Businesses: How Relevant Are Race, Ethnicity, and Gender?",2012
10.1257/aer.102.3.538,Coming to America: Does Having a Developed Home Country Matter for Self-Employment in the United States?,2012
10.1257/aer.102.3.543,The Labor Market Impact of Mandated Employment Verification Systems,2012
10.1257/aer.102.3.549,The Employment of Low-Skilled Immigrant Men in the United States,2012
10.1257/aer.102.3.555,Love and Money by Parental Matchmaking: Evidence from Urban Couples in China,2012
10.1257/aer.102.3.561,Business Cycles and Gender Diversification: An Analysis of Establishment-Level Gender Dissimilarity,2012
10.1257/aer.102.3.566,Birth Rates and the Vietnam Draft,2012
10.1257/aer.102.3.570,Identification of the Effect of Depression on Risky Sexual Behavior: Exploiting a Natural Experiment,2012
10.1257/aer.102.3.575,"Hiring, Churn, and the Business Cycle",2012
10.1257/aer.102.3.580,Job-to-Job Flows in the Great Recession,2012
10.1257/aer.102.3.584,Recruiting Intensity during and after the Great Recession: National and Industry Evidence,2012
10.1257/aer.102.3.589,Did the Housing Price Bubble Clobber Local Labor Market Job and Worker Flows When It Burst?,2012
10.1257/aer.102.3.59,Capital Shortfall: A New Approach to Ranking and Regulating Systemic Risks,2012
10.1257/aer.102.3.594,"Time Use, Emotional Well-Being, and Unemployment: Evidence from Longitudinal Data",2012
10.1257/aer.102.3.600,Retirement and Home Production: A Regression Discontinuity Approach,2012
10.1257/aer.102.3.606,The Role of Preferences and Opportunity Costs in Determining the Time Allocated to Housework,2012
10.1257/aer.102.3.612,Aggregate Impacts of a Gift of Time,2012
10.1257/aer.102.3.617,Proceedings of the One Hundred Twenty-Fourth Annual Meeting,2012
10.1257/aer.102.3.620,"Minutes of the Annual Business Meeting Chicago, IL January 7, 2012",2012
10.1257/aer.102.3.622,Report of the Secretary for 2011,2012
10.1257/aer.102.3.626,Report of the Treasurer,2012
10.1257/aer.102.3.631,American Economic Association Universal Academic Questionnaire Summary Statistics,2012
10.1257/aer.102.3.635,List of Online Reports,2012
10.1257/aer.102.3.637,"Minutes of the Meeting of the Executive Committee Chicago, IL April 15, 2011",2012
10.1257/aer.102.3.645,"Minutes of the Meeting of the Executive Committee Chicago, IL January 5, 2012",2012
10.1257/aer.102.3.65,Privacy-Preserving Methods for Sharing Financial Risk Exposures,2012
10.1257/aer.102.3.653,Report of the Editor <i>American Economic Review</i>,2012
10.1257/aer.102.3.666,Report of the Editor <i>Journal of Economic Literature</i>,2012
10.1257/aer.102.3.669,Report of the Editor <i>Journal of Economic Perspectives</i>,2012
10.1257/aer.102.3.672,Report of the Editor <i>American Economic Journal: Applied Economics</i>,2012
10.1257/aer.102.3.676,Report of the Editor <i>American Economic Journal: Economic Policy</i>,2012
10.1257/aer.102.3.680,Report of the Editor <i>American Economic Journal: Macroeconomics</i>,2012
10.1257/aer.102.3.685,Report of the Editor <i>American Economic Journal: Microeconomics</i>,2012
10.1257/aer.102.3.688,Report of the Director <i>Job Openings for Economists</i>,2012
10.1257/aer.102.3.691,Report of the Committee on the Status of Women in the Economics Profession 2011,2012
10.1257/aer.102.3.697,Report of the Committee on the Status of Women in the Economics Profession 2011,2012
10.1257/aer.102.3.705,Committee on the Status of Minority Groups in the Economics Profession: Report of Committee Activities for the 2011 Calendar Year,2012
10.1257/aer.102.3.71,Fiscal Policy and the Great Recession in the Euro Area,2012
10.1257/aer.102.3.710,American Economic Association Committee on Statistics (AEAStat) Annual Report—2011,2012
10.1257/aer.102.3.711,Committee on Government Relations,2012
10.1257/aer.102.3.714,The American Economic Association and Allied Social Science Associations,2012
10.1257/aer.102.3.716,Report of the Selection Committee for the <i>American Economic Journal: Macroeconomics</i> Editor,2012
10.1257/aer.102.3.77,Fiscal Policy in a Financial Crisis: Standard Policy versus Bank Rescue Measures,2012
10.1257/aer.102.3.82,Bubbles and Total Factor Productivity,2012
10.1257/aer.102.3.88,Debt Financing in Asset Markets,2012
10.1257/aer.102.3.95,Understanding Bubbly Episodes,2012
10.1257/aer.102.3.i,The American Economic Review,2012
10.1257/aer.102.3.x,Foreword,2012
10.1257/aer.102.3.xi,Editors' Introduction,2012
10.1257/aer.102.4.1187,Statistical Modeling of Monetary Policy and Its Effects,2012
10.1257/aer.102.4.1206,Targeting the Poor: Evidence from a Field Experiment in Indonesia,2012
10.1257/aer.102.4.1241,Incentives Work: Getting Teachers to Come to School,2012
10.1257/aer.102.4.1279,Selective Trials: A Principal-Agent Approach to Randomized Controlled Experiments,2012
10.1257/aer.102.4.1310,Ethnicity and Conflict: An Empirical Study,2012
10.1257/aer.102.4.1343,"Information, Animal Spirits, and the Meaning of Innovations in Consumer Confidence",2012
10.1257/aer.102.4.1378,Why Does Trend Growth Affect Equilibrium Employment? A New Explanation of an Old Puzzle,2012
10.1257/aer.102.4.1414,Understanding Bank Runs: The Importance of Depositor-Bank Relationships and Networks,2012
10.1257/aer.102.4.1446,"Dynamics and Stability of Constitutions, Coalitions, and Clubs",2012
10.1257/aer.102.4.1477,The Enduring Impact of the American Dust Bowl: Short- and Long-Run Adjustments to Environmental Catastrophe,2012
10.1257/aer.102.4.1508,The Origins of Ethnolinguistic Diversity,2012
10.1257/aer.102.4.1540,Competitive Pressure and the Adoption of Complementary Innovations,2012
10.1257/aer.102.4.1571,Evaluating Microfoundations for Aggregate Price Rigidities: Evidence from Matched Firm-Level Data on Product Prices and Unit Labor Cost,2012
10.1257/aer.102.4.1596,On the Timing and Pricing of Dividends,2012
10.1257/aer.102.4.1619,The Finnish Great Depression: From Russia with Love,2012
10.1257/aer.102.4.1644,The Currency of Reciprocity: Gift Exchange in the Workplace,2012
10.1257/aer.102.4.1663,Risk Aversion and the Labor Margin in Dynamic Equilibrium Models,2012
10.1257/aer.102.4.1692,Credit Spreads and Business Cycle Fluctuations,2012
10.1257/aer.102.4.1721,Do Matching Frictions Explain Unemployment? Not in Bad Times,2012
10.1257/aer.102.4.1751,"Taxes, Cigarette Consumption, and Smoking Intensity: Comment",2012
10.1257/aer.102.4.1764,Independent Auditor's Report,2012
10.1257/aer.102.4.i,The American Economic Review,2012
10.1257/aer.102.5.1773,A Field Study on Matching with Network Externalities,2012
10.1257/aer.102.5.1805,Pay for Percentile,2012
10.1257/aer.102.5.1832,"Europe's Tired, Poor, Huddled Masses: Self-Selection and Economic Outcomes in the Age of Mass Migration",2012
10.1257/aer.102.5.1857,Social Capital and Social Quilts: Network Patterns of Favor Exchange,2012
10.1257/aer.102.5.1898,A Rational Expectations Approach to Hedonic Price Regressions with Time-Varying Unobserved Product Attributes: The Price of Pollution,2012
10.1257/aer.102.5.1927,The Impact of Family Income on Child Achievement: Evidence from the Earned Income Tax Credit,2012
10.1257/aer.102.5.1957,Bundling and Competition for Slots,2012
10.1257/aer.102.5.1986,"Fund Managers, Career Concerns, and Asset Price Volatility",2012
10.1257/aer.102.5.2018,Organ Allocation Policy and the Decision to Donate,2012
10.1257/aer.102.5.2048,Katrina's Children: Evidence on the Structure of Peer Effects from Hurricane Evacuees,2012
10.1257/aer.102.5.2083,What Do You Think Would Make You Happier? What Do You Think You Would Choose?,2012
10.1257/aer.102.5.2111,Industrial Structure and Capital Flows,2012
10.1257/aer.102.5.2147,Spatial Differentiation and Vertical Mergers in Retail Markets for Gasoline,2012
10.1257/aer.102.5.2183,Revealed Attention,2012
10.1257/aer.102.5.2206,Heuristic Thinking and Limited Attention in the Car Market,2012
10.1257/aer.102.5.2237,The Multi-unit Assignment Problem: Theory and Evidence from Course Allocation at Harvard,2012
10.1257/aer.102.5.2272,Durable Consumption and Asset Management with Transaction and Observation Costs,2012
10.1257/aer.102.5.2301,Credit Supply and Monetary Policy: Identifying the Bank Balance-Sheet Channel with Loan Applications,2012
10.1257/aer.102.5.2327,Skill Dispersion and Trade Flows,2012
10.1257/aer.102.5.2349,"Interjurisdictional Spillovers, Decentralized Policymaking, and the Elasticity of Capital Supply",2012
10.1257/aer.102.5.2358,The Hidden Advantage of Delegation: Pareto Improvements in a Gift Exchange Game,2012
10.1257/aer.102.5.i,The American Economic Review,2012
10.1257/aer.102.6.2381,The Collateral Channel: How Real Estate Shocks Affect Corporate Investment,2012
10.1257/aer.102.6.2410,Modeling the Change of Paradigm: Non-Bayesian Reactions to Unexpected News,2012
10.1257/aer.102.6.2437,Markups and Firm-Level Export Status,2012
10.1257/aer.102.6.2472,The Evolution of Brand Preferences: Evidence from Consumer Migration,2012
10.1257/aer.102.6.2509,The Contribution of Large and Small Employers to Job Creation in Times of High and Low Unemployment,2012
10.1257/aer.102.6.2540,The Rise of the Service Economy,2012
10.1257/aer.102.6.2570,"Liquidity, Monetary Policy, and the Financial Crisis: A New Monetarist Approach",2012
10.1257/aer.102.6.2606,How General Are Risk Preferences? Choices under Uncertainty in Different Domains,2012
10.1257/aer.102.6.2639,"Sinking, Swimming, or Learning to Swim in Medicare Part D",2012
10.1257/aer.102.6.2674,"Maturity, Indebtedness, and Default Risk",2012
10.1257/aer.102.6.2700,"Trade Costs, Asset Market Frictions, and Risk Sharing",2012
10.1257/aer.102.6.2734,Disaster Risk and Business Cycles,2012
10.1257/aer.102.6.2767,But Who Will Monitor the Monitor?,2012
10.1257/aer.102.6.2798,Reset Price Inflation and the Impact of Monetary Policy Shocks,2012
10.1257/aer.102.6.2826,Physician Agency and Adoption of Generic Pharmaceuticals,2012
10.1257/aer.102.6.2859,Is the Volatility of the Market Price of Risk Due to Intermittent Portfolio Rebalancing?,2012
10.1257/aer.102.6.2897,The Strategy of Manipulating Conflict,2012
10.1257/aer.102.6.2923,Credit Market Consequences of Improved Personal Identification: Field Experimental Evidence from Malawi,2012
10.1257/aer.102.6.2955,Testing Models of Consumer Search Using Data on Web Browsing and Purchasing Behavior,2012
10.1257/aer.102.6.2981,Inequality at Work: The Effect of Peer Salaries on Job Satisfaction,2012
10.1257/aer.102.6.3004,Credit Traps,2012
10.1257/aer.102.6.3033,Economic Growth with Bubbles,2012
10.1257/aer.102.6.3059,The Colonial Origins of Comparative Development: An Empirical Investigation: Comment,2012
10.1257/aer.102.6.3077,The Colonial Origins of Comparative Development: An Empirical Investigation: Reply,2012
10.1257/aer.102.6.i,The American Economic Review,2012
10.1257/aer.103.1.1,"The “Out of Africa” Hypothesis, Human Genetic Diversity, and Comparative Economic Development",2013
10.1257/aer.103.1.107,Coercive Contract Enforcement: Law and the Labor Market in Nineteenth Century Industrial Britain,2013
10.1257/aer.103.1.145,Price Discrimination and Bargaining: Empirical Evidence from Medical Devices,2013
10.1257/aer.103.1.178,Selection on Moral Hazard in Health Insurance,2013
10.1257/aer.103.1.220,Are Consumers Myopic? Evidence from New and Used Car Purchases,2013
10.1257/aer.103.1.257,The Impact of Medical Liability Standards on Regional Variations in Physician Behavior: Evidence from the Adoption of National-Standard Rules,2013
10.1257/aer.103.1.277,Innovation and Institutional Ownership,2013
10.1257/aer.103.1.305,Cross-Country Differences in Productivity: The Role of Allocation and Selection,2013
10.1257/aer.103.1.335,Making Sense of Nonbinding Retail-Price Recommendations,2013
10.1257/aer.103.1.360,Entropy and the Value of Information for Investors,2013
10.1257/aer.103.1.378,Technological Diversification,2013
10.1257/aer.103.1.415,Dictating the Risk: Experimental Evidence on Giving in Risky Environments,2013
10.1257/aer.103.1.438,"Children's Resources in Collective Households: Identification, Estimation, and an Application to Child Poverty in Malawi",2013
10.1257/aer.103.1.47,Pandering to Persuade,2013
10.1257/aer.103.1.472,Cultural Change as Learning: The Evolution of Female Labor Force Participation over a Century,2013
10.1257/aer.103.1.501,Submission Fees and Response Times in Academic Publishing,2013
10.1257/aer.103.1.510,Impatience and Uncertainty: Experimental Decisions Predict Adolescents' Field Behavior,2013
10.1257/aer.103.1.532,Preferences for Truthfulness: Heterogeneity among and within Individuals,2013
10.1257/aer.103.1.549,Fairness and Redistribution: Comment,2013
10.1257/aer.103.1.554,Fairness and Redistribution: Reply,2013
10.1257/aer.103.1.80,School Admissions Reform in Chicago and England: Comparing Mechanisms by their Vulnerability to Manipulation,2013
10.1257/aer.103.1.i,The American Economic Review,2013
10.1257/aer.103.2.1006,Merger Policy with Merger Choice,2013
10.1257/aer.103.2.1034,Inferior Good and Giffen Behavior for Investing and Borrowing,2013
10.1257/aer.103.2.1054,Misclassification Errors and the Underestimation of the US Unemployment Rate,2013
10.1257/aer.103.2.1071,Self-Enforcing Trade Agreements: Evidence from Time-Varying Trade Policy,2013
10.1257/aer.103.2.1091,A Theory of Charitable Fund-Raising with Costly Solicitations,2013
10.1257/aer.103.2.563,Paper Money,2013
10.1257/aer.103.2.585,Designing Random Allocation Mechanisms: Theory and Applications,2013
10.1257/aer.103.2.624,Inferring Strategic Voting,2013
10.1257/aer.103.2.663,Dynamic Matching and Bargaining Games: A General Approach,2013
10.1257/aer.103.2.690,"The Effect of Language on Economic Behavior: Evidence from Savings Rates, Health Behaviors, and Retirement Assets",2013
10.1257/aer.103.2.732,Intermediary Asset Pricing,2013
10.1257/aer.103.2.771,Job Selection and Wages over the Business Cycle,2013
10.1257/aer.103.2.804,Optimal Expectations and Limited Medical Testing: Evidence from Huntington Disease,2013
10.1257/aer.103.2.831,Public Monopoly and Economic Efficiency: Evidence from the Pennsylvania Liquor Control Board's Entry Decisions,2013
10.1257/aer.103.2.863,Commercial Imperialism? Political Influence and Trade During the Cold War,2013
10.1257/aer.103.2.897,Assessing the Incidence and Efficiency of a Prominent Place Based Policy,2013
10.1257/aer.103.2.948,"Selection, Agriculture, and Cross-Country Productivity Differences",2013
10.1257/aer.103.2.981,Testing for Racial Differences in the Mental Ability of Young Children,2013
10.1257/aer.103.2.i,The American Economic Review,2013
10.1257/aer.103.3.1,A Nation of Gamblers: Real Estate Speculation and American History,2013
10.1257/aer.103.3.105,Comparisons of Weekly Hours over the Past Century and the Importance of Work-Sharing Policies in the 1930s,2013
10.1257/aer.103.3.111,The Life-Cycle Profile of Time Spent on Job Search,2013
10.1257/aer.103.3.117,Growth Forecast Errors and Fiscal Multipliers,2013
10.1257/aer.103.3.121,Using State Pension Shocks to Estimate Fiscal Multipliers since the Great Recession,2013
10.1257/aer.103.3.125,How Much Would US Style Fiscal Integration Buffer European Unemployment and Income Shocks? (A Comparative Empirical Analysis),2013
10.1257/aer.103.3.129,Are Government Spending Multipliers Greater during Periods of Slack? Evidence from Twentieth-Century Historical Data,2013
10.1257/aer.103.3.135,"The Mystique Surrounding the Central Bank's Balance Sheet, Applied to the European Crisis",2013
10.1257/aer.103.3.141,Output Spillovers from Fiscal Policy,2013
10.1257/aer.103.3.147,Forecasting the Recovery from the Great Recession: Is This Time Different?,2013
10.1257/aer.103.3.153,Extreme Wage Inequality: Pay at the Very Top,2013
10.1257/aer.103.3.158,"Family, Education, and Sources of Wealth among the Richest Americans, 1982–2012",2013
10.1257/aer.103.3.163,Bailouts and the Optimal Taxation of Bonus Pay,2013
10.1257/aer.103.3.168,"Income Inequality, Mobility, and Turnover at the Top in the US, 1987–2010",2013
10.1257/aer.103.3.173,Deconstructing Income and Income Inequality Measures: A Crosswalk from Market Income to Comprehensive Income,2013
10.1257/aer.103.3.178,Consumption and Income Inequality and the Great Recession,2013
10.1257/aer.103.3.184,Measuring the Trends in Inequality of Individuals and Families: Income and Consumption,2013
10.1257/aer.103.3.189,The Scale and Selectivity of Foreign-Born PhD Recipients in the US,2013
10.1257/aer.103.3.193,Immigration and Employer Transitions for STEM Workers,2013
10.1257/aer.103.3.198,Why Do Programmers Earn More in Houston than Hyderabad? Evidence from Randomized Processing of US Visas,2013
10.1257/aer.103.3.203,Pathways to Adjustment: The Case of Information Technology Workers,2013
10.1257/aer.103.3.208,A Trapped-Factors Model of Innovation,2013
10.1257/aer.103.3.214,Sources of Wage Inequality,2013
10.1257/aer.103.3.220,The Geography of Trade and Technology Shocks in the United States,2013
10.1257/aer.103.3.226,Long-Term Neighborhood Effects on Low-Income Families: Evidence from Moving to Opportunity,2013
10.1257/aer.103.3.232,Achieving Escape Velocity: Neighborhood and School Interventions to Reduce Persistent Inequality,2013
10.1257/aer.103.3.238,Place Based Policies with Unemployment,2013
10.1257/aer.103.3.244,"Career, Family, and the Well-Being of College-Educated Women",2013
10.1257/aer.103.3.251,Female Labor Supply: Why Is the United States Falling Behind?,2013
10.1257/aer.103.3.257,Shocking Labor Supply: A Reassessment of the Role of World War II on Women's Labor Supply,2013
10.1257/aer.103.3.263,Is Ignorance Bliss? The Effect of Asymmetric Information between Spouses on Intra-Household Allocations,2013
10.1257/aer.103.3.269,Trade Liberalization and Gender Inequality,2013
10.1257/aer.103.3.274,Sexual Violence against Women and Labor Market Outcomes,2013
10.1257/aer.103.3.279,The Effects of School Calendar Type on Maternal Employment across Racial Groups: A Story of Child Care Availability,2013
10.1257/aer.103.3.284,The Impact of Crime and Insecurity on Trust in Democracy and Institutions,2013
10.1257/aer.103.3.289,Earnings Inequality and the Intersectionality of Gender and Ethnicity in Sub-Saharan Africa: The Case of Tanzanian Manufacturing,2013
10.1257/aer.103.3.293,Access to Credit by Firms in Sub-Saharan Africa: How Relevant is Gender?,2013
10.1257/aer.103.3.298,Fidelity Networks and Long-Run Trends in HIV/AIDS Gender Gaps,2013
10.1257/aer.103.3.303,The Informational Role of Voluntary Certification: Evidence from the Mexican Clean Industry Program,2013
10.1257/aer.103.3.309,Liquidity Constraints and Deforestation: The Limitations of Payments for Ecosystem Services,2013
10.1257/aer.103.3.314,What Does Reputation Buy? Differentiation in a Market for Third-Party Auditors,2013
10.1257/aer.103.3.320,A Numerical Investigation of the Potential for Negative Emissions Leakage,2013
10.1257/aer.103.3.326,Linking Numerical and Analytical Models of Carbon Leakage,2013
10.1257/aer.103.3.332,"Leakage, Welfare, and Cost-Effectiveness of Carbon Policy",2013
10.1257/aer.103.3.338,Natural Gas: From Shortages to Abundance in the United States,2013
10.1257/aer.103.3.344,Transportation Fuels Policy Since the OPEC Embargo: Paved with Good Intentions,2013
10.1257/aer.103.3.350,Efficient Retail Pricing in Electricity and Natural Gas Markets,2013
10.1257/aer.103.3.356,Transaction Networks: Evidence from Mobile Money in Kenya,2013
10.1257/aer.103.3.362,Behavioral Biases and Firm Behavior: Evidence from Kenyan Retail Shops,2013
10.1257/aer.103.3.369,"The Home Economics of E-Money: Velocity, Cash Management, and Discount Rates of M-Pesa Users",2013
10.1257/aer.103.3.375,"Informal Risk Sharing, Index Insurance, and Risk Taking in Developing Countries",2013
10.1257/aer.103.3.381,Profitability of Fertilizer: Experimental Evidence from Female Rice Farmers in Mali,2013
10.1257/aer.103.3.387,"Deposit Collecting: Unbundling the Role of Frequency, Salience, and Habit Formation in Generating Savings",2013
10.1257/aer.103.3.393,Benefit-Cost Analysis for Financial Regulation,2013
10.1257/aer.103.3.398,Financial Innovation and Portfolio Risks,2013
10.1257/aer.103.3.402,Reflections on Finance and the Good Society,2013
10.1257/aer.103.3.406,Can Financial Engineering Cure Cancer?,2013
10.1257/aer.103.3.412,Health Care Usage and Health Status of Immigrant Children: The Effects of Nativity versus Citizenship,2013
10.1257/aer.103.3.418,The Effects of Job Corps Training on Wages of Adolescents and Young Adults,2013
10.1257/aer.103.3.423,The Poverty Gap in School Spending Following the Introduction of Title I,2013
10.1257/aer.103.3.428,Achieving the DREAM: The Effect of IRCA on Immigrant Youth Postsecondary Educational Access,2013
10.1257/aer.103.3.43,Glass-Steagall: A Requiem,2013
10.1257/aer.103.3.433,HIV Risk and Adolescent Behaviors in Africa,2013
10.1257/aer.103.3.439,Learning from Others' HIV Testing: Updating Beliefs and Responding to Risk,2013
10.1257/aer.103.3.445,Do Sex Workers Respond to Disease? Evidence from the Male Market for Sex,2013
10.1257/aer.103.3.451,"Inheritances, Intergenerational Transfers, and the Accumulation of Health",2013
10.1257/aer.103.3.456,Adult Antiretroviral Therapy and Child Health: Evidence from Scale-up in Zambia,2013
10.1257/aer.103.3.462,SSI for Disabled Immigrants: Why Do Ethnic Networks Matter?,2013
10.1257/aer.103.3.467,Boys' Cognitive Skill Formation and Physical Growth: Long-Term Experimental Evidence on Critical Ages for Early Childhood Interventions,2013
10.1257/aer.103.3.472,Incentive Effects of Inheritances and Optimal Estate Taxation,2013
10.1257/aer.103.3.478,The Estate Tax and Inter Vivos Transfers over Time,2013
10.1257/aer.103.3.48,Shifting Mandates: The Federal Reserve's First Centennial,2013
10.1257/aer.103.3.484,Income and Substitution Effects of Estate Taxation,2013
10.1257/aer.103.3.489,Estate Taxation with Altruism Heterogeneity,2013
10.1257/aer.103.3.496,Optimal Progressive Labor Income Taxation and Education Subsidies When Education Decisions and Intergenerational Transfers are Endogenous,2013
10.1257/aer.103.3.502,Optimal Pension Systems with Simple Instruments,2013
10.1257/aer.103.3.508,Some Basic Economics of National Security,2013
10.1257/aer.103.3.512,"Modest, Secure, and Informed: Successful Development in Conflict Zones",2013
10.1257/aer.103.3.518,Insurgent Compensation: Evidence from Iraq,2013
10.1257/aer.103.3.523,An Analysis of Economic Warfare,2013
10.1257/aer.103.3.528,Genetic Diversity and the Origins of Cultural Fragmentation,2013
10.1257/aer.103.3.534,"Social Organizations, Violence, and Modern Growth",2013
10.1257/aer.103.3.539,Not the Opium of the People: Income and Secularization in a Panel of Prussian Counties,2013
10.1257/aer.103.3.545,From Stagnation to Sustained Growth: The Role of Female Empowerment,2013
10.1257/aer.103.3.55,The Most Dangerous Idea in Federal Reserve History: Monetary Policy Doesn't Matter,2013
10.1257/aer.103.3.550,Nonparametric Instrumental Variables Estimation,2013
10.1257/aer.103.3.557,What Do Instrumental Variable Models Deliver with Discrete Dependent Variables?,2013
10.1257/aer.103.3.563,Control Functions and Simultaneous Equations Methods,2013
10.1257/aer.103.3.570,What Goes Up Must Come Down? Experimental Evidence on Intuitive Forecasting,2013
10.1257/aer.103.3.575,Estimating the Effect of Salience in Wholesale and Retail Car Markets,2013
10.1257/aer.103.3.580,Distinguishing Probability Weighting from Risk Misperceptions in Field Data,2013
10.1257/aer.103.3.586,The Importance of Being Marginal: Gender Differences in Generosity,2013
10.1257/aer.103.3.591,Two Happiness Puzzles,2013
10.1257/aer.103.3.598,Subjective Well-Being and Income: Is There Any Evidence of Satiation?,2013
10.1257/aer.103.3.605,Aggregating Local Preferences to Guide Marginal Policy Adjustments,2013
10.1257/aer.103.3.61,Not Just the Great Contraction: Friedman and Schwartz's <i>A Monetary History of the United States 1867 to 1960</i>,2013
10.1257/aer.103.3.611,The Psychology of Tail Events: Progress and Challenges,2013
10.1257/aer.103.3.617,An Approach to Incorporating Psychology into Economics,2013
10.1257/aer.103.3.623,Salience and Asset Prices,2013
10.1257/aer.103.3.629,Views among Economists: Professional Consensus or Point-Counterpoint?,2013
10.1257/aer.103.3.636,Economic Experts versus Average Americans,2013
10.1257/aer.103.3.643,Course Requirements for Bachelor's Degrees in Economics,2013
10.1257/aer.103.3.648,One Essay On Dissertation Formats In Economics,2013
10.1257/aer.103.3.654,How Economists Allocate Time to Teaching and Research,2013
10.1257/aer.103.3.659,Economic Understanding in US High School Courses,2013
10.1257/aer.103.3.66,The Missing Transmission Mechanism in the Monetary Explanation of the Great Depression,2013
10.1257/aer.103.3.664,PROCEEDINGS OF THE ONE HUNDRED TWENTY-FIFTH ANNUAL MEETING,2013
10.1257/aer.103.3.667,"Minutes of the Annual Business Meeting San Diego, CA, January 5, 2013",2013
10.1257/aer.103.3.669,Report of the Secretary,2013
10.1257/aer.103.3.673,Report of the Treasurer,2013
10.1257/aer.103.3.678,American Economic Association Universal Academic Questionnaire Summary Statistics,2013
10.1257/aer.103.3.683,List of Online Reports,2013
10.1257/aer.103.3.685,"Minutes of the Meeting of the Executive Committee Chicago, IL April 27, 2012",2013
10.1257/aer.103.3.692,"Minutes of the Meeting of the Executive Committee San Diego, CA January 3, 2013",2013
10.1257/aer.103.3.701,<i>American Economic Review</i>,2013
10.1257/aer.103.3.713,<i>Journal of Economic Literature</i>,2013
10.1257/aer.103.3.716,<i>Journal of Economic Perspectives</i>,2013
10.1257/aer.103.3.719,<i>American Economic Journal: Applied Economics</i>,2013
10.1257/aer.103.3.723,<i>American Economic Journal: Economic Policy</i>,2013
10.1257/aer.103.3.727,<i>American Economic Journal: Macroeconomics</i>,2013
10.1257/aer.103.3.73,Shadowy Banks and Financial Contagion during the Great Depression: A Retrospective on Friedman and Schwartz,2013
10.1257/aer.103.3.732,<i>American Economic Journal: Microeconomics</i>,2013
10.1257/aer.103.3.735,<i>Job Openings for Economists</i>,2013
10.1257/aer.103.3.738,Committee on Economic Education,2013
10.1257/aer.103.3.744,Committee on the Status of Women in the Economics Profession,2013
10.1257/aer.103.3.756,Committee on the Status of Minority Groups in the Economics Profession,2013
10.1257/aer.103.3.767,American Economic Association Committee on Statistics,2013
10.1257/aer.103.3.769,Committee on Government Relations,2013
10.1257/aer.103.3.772,Ad Hoc Committee on Criterion for the John Bates Clark Medal,2013
10.1257/aer.103.3.774,Ad Hoc Search Committee for the Editor of the <i>American Economic Journal: Economic Policy</i>,2013
10.1257/aer.103.3.775,Ad Hoc Search Committee for the Editor of the <i>Journal of Economic Literature</i>,2013
10.1257/aer.103.3.79,"Married to Intolerance: Attitudes toward Intermarriage in Germany, 1900–2006",2013
10.1257/aer.103.3.86,The Transmission of Democracy: From the Village to the Nation-State,2013
10.1257/aer.103.3.93,The Persistence of Inferior Cultural-Institutional Conventions,2013
10.1257/aer.103.3.99,Cyclical Variation in Labor Hours and Productivity Using the ATUS,2013
10.1257/aer.103.3.i,The American Economic Review,2013
10.1257/aer.103.3.xi,Foreword,2013
10.1257/aer.103.3.xiii,Editors' Introduction,2013
10.1257/aer.103.4.1109,Intergenerational Occupational Mobility in Great Britain and the United States Since 1850,2013
10.1257/aer.103.4.1138,Why Don't the Poor Save More? Evidence from Health Savings Experiments,2013
10.1257/aer.103.4.1172,Unconventional Fiscal Policy at the Zero Bound,2013
10.1257/aer.103.4.1212,The Dynamic Effects of Personal and Corporate Income Tax Changes in the United States,2013
10.1257/aer.103.4.1248,A Theory of Strategic Voting in Runoff Elections,2013
10.1257/aer.103.4.1289,Going to a Better School: Effects and Behavioral Responses,2013
10.1257/aer.103.4.1325,The Lure of Authority: Motivation and Incentive Effects of Power,2013
10.1257/aer.103.4.1360,Preferences and Incentives of Appointed and Elected Public Officials: Evidence from State Trial Court Judges,2013
10.1257/aer.103.4.1398,Just Luck: An Experimental Study of Risk-Taking and Fairness,2013
10.1257/aer.103.4.1414,The Gravity of Knowledge,2013
10.1257/aer.103.4.1445,"Nonconvexities, Retirement, and the Elasticity of Labor Supply",2013
10.1257/aer.103.4.1463,Lemons Markets and the Transmission of Aggregate Shocks,2013
10.1257/aer.103.4.1490,Placebo Reforms,2013
10.1257/aer.103.4.1507,Discretionary Tax Changes and the Macroeconomy: New Narrative Evidence from the United Kingdom,2013
10.1257/aer.103.4.1529,Even (Mixed) Risk Lovers are Prudent,2013
10.1257/aer.103.4.1536,Even (Mixed) Risk Lovers are Prudent: Comment,2013
10.1257/aer.103.4.1538,"Investment Behavior, Observable Expectations, and Internal Funds: Corrigendum",2013
10.1257/aer.103.4.1540,Independent Auditor's Report,2013
10.1257/aer.103.4.i,The American Economic Review,2013
10.1257/aer.103.5.1553,The Growth of Low-Skill Service Jobs and the Polarization of the US Labor Market,2013
10.1257/aer.103.5.1598,Ownership Consolidation and Product Characteristics: A Study of the US Daily Newspaper Market,2013
10.1257/aer.103.5.1629,"Trade, Tastes, and Nutrition in India",2013
10.1257/aer.103.5.1664,Time Use During the Great Recession,2013
10.1257/aer.103.5.1697,The Great Diversification and its Undoing,2013
10.1257/aer.103.5.1728,Asset Prices and Institutional Investors,2013
10.1257/aer.103.5.1759,The Political Resource Curse,2013
10.1257/aer.103.5.1797,Does Disability Insurance Receipt Discourage Work? Using Examiner Assignment to Estimate Causal Effects of SSDI Receipt,2013
10.1257/aer.103.5.1830,When Should Sellers Use Auctions?,2013
10.1257/aer.103.5.1862,Early Life Health Interventions and Academic Achievement,2013
10.1257/aer.103.5.1892,Taxation and International Migration of Superstars: Evidence from the European Football Market,2013
10.1257/aer.103.5.1925,"Immigration, Offshoring, and American Jobs",2013
10.1257/aer.103.5.1960,Regional Effects of Trade Reform: What is the Correct Measure of Liberalization?,2013
10.1257/aer.103.5.1977,"Limited Life Expectancy, Human Capital and Health Investments",2013
10.1257/aer.103.5.2003,Intergenerational Occupational Mobility in Great Britain and the United States Since 1850: Comment,2013
10.1257/aer.103.5.2021,Intergenerational Occupational Mobility in Great Britain and the United States Since 1850: Comment,2013
10.1257/aer.103.5.2041,Intergenerational Occupational Mobility in Great Britain and the United States Since 1850: Reply,2013
10.1257/aer.103.5.2050,Matching with Contracts: Comment,2013
10.1257/aer.103.5.i,The American Economic Review,2013
10.1257/aer.103.6.2052,Understanding the Mechanisms Through Which an Influential Early Childhood Program Boosted Adult Outcomes,2013
10.1257/aer.103.6.2087,The Effect of Education on Adult Mortality and Health: Evidence from Britain,2013
10.1257/aer.103.6.2121,The China Syndrome: Local Labor Market Effects of Import Competition in the United States,2013
10.1257/aer.103.6.2169,Trade Liberalization and Embedded Institutional Reform: Evidence from Chinese Exporters,2013
10.1257/aer.103.6.2196,Does the Classic Microfinance Model Discourage Entrepreneurship Among the Poor? Experimental Evidence from India,2013
10.1257/aer.103.6.2227,How the West “Invented” Fertility Restriction,2013
10.1257/aer.103.6.2265,Identifying Supply and Demand Elasticities of Agricultural Commodities: Implications for the US Ethanol Mandate,2013
10.1257/aer.103.6.2296,Urban Accounting and Welfare,2013
10.1257/aer.103.6.2328,Managing Conflicts in Relational Contracts,2013
10.1257/aer.103.6.2352,The Cost of Contract Renegotiation: Evidence from the Local Public Sector,2013
10.1257/aer.103.6.2384,Competition with Exclusive Contracts and Market-Share Discounts,2013
10.1257/aer.103.6.2412,Spontaneous Discrimination,2013
10.1257/aer.103.6.2437,Incarceration and Incapacitation: Evidence from the 2006 Italian Collective Pardon,2013
10.1257/aer.103.6.2466,Word-of-Mouth Communication and Percolation in Social Networks,2013
10.1257/aer.103.6.2499,The Nature of Risk Preferences: Evidence from Insurance Choices,2013
10.1257/aer.103.6.2530,Consumer Spending and the Economic Stimulus Payments of 2008,2013
10.1257/aer.103.6.2554,Trading Away Wide Brands for Cheap Brands,2013
10.1257/aer.103.6.2585,Surplus Maximization and Optimality,2013
10.1257/aer.103.6.2612,News Shocks and the Slope of the Term Structure of Interest Rates,2013
10.1257/aer.103.6.2633,Do We Follow Others when We Should? A Simple Test of Rational Expectations: Comment,2013
10.1257/aer.103.6.i,The American Economic Review,2013
10.1257/aer.103.7.2643,Adverse Selection and Inertia in Health Insurance Markets: When Nudging Hurts,2013
10.1257/aer.103.7.2683,Using Differences in Knowledge Across Neighborhoods to Uncover the Impacts of the EITC on Earnings,2013
10.1257/aer.103.7.2722,Intertemporal Price Discrimination in Storable Goods Markets,2013
10.1257/aer.103.7.2752,Two Perspectives on Preferences and Structural Transformation,2013
10.1257/aer.103.7.2790,“Reverse Bayesianism”: A Choice-Based Theory of Growing Awareness,2013
10.1257/aer.103.7.2811,Dynamic Deception,2013
10.1257/aer.103.7.2848,Debt Contracts with Partial Commitment,2013
10.1257/aer.103.7.2875,Information and Quality When Motivation is Intrinsic: Evidence from Surgeon Report Cards,2013
10.1257/aer.103.7.2911,When Do Secondary Markets Harm Firms?,2013
10.1257/aer.103.7.2935,Time as a Trade Barrier,2013
10.1257/aer.103.7.2960,Vertical Integration and Exclusivity in Platform and Two-Sided Markets,2013
10.1257/aer.103.7.3001,Conclusions Regarding Cross-Group Differences in Happiness Depend on Difficulty of Reaching Respondents,2013
10.1257/aer.103.7.3022,The Demand for Youth: Explaining Age Differences in the Volatility of Hours,2013
10.1257/aer.103.7.3045,"News, Noise, and Fluctuations: An Empirical Exploration",2013
10.1257/aer.103.7.3071,Polarization and Ambiguity,2013
10.1257/aer.103.7.3084,Social Preferences under Risk: Equality of Opportunity versus Equality of Outcome,2013
10.1257/aer.103.7.3102,"Taxes, Cigarette Consumption, and Smoking Intensity: Reply",2013
10.1257/aer.103.7.i,The American Economic Review,2013
10.1257/aer.104.1.1,Sales Taxes and Internet Commerce,2014
10.1257/aer.104.1.123,Violence and Risk Preference: Experimental Evidence from Afghanistan,2014
10.1257/aer.104.1.149,Consumption Risk-Sharing in Social Networks,2014
10.1257/aer.104.1.183,Risk Sharing and Transactions Costs: Evidence from Kenya's Mobile Money Revolution,2014
10.1257/aer.104.1.224,Estimating a Structural Model of Herd Behavior in Financial Markets,2014
10.1257/aer.104.1.252,Worktime Regulations and Spousal Labor Supply,2014
10.1257/aer.104.1.27,Risk Shocks,2014
10.1257/aer.104.1.277,One Swallow Doesn't Make a Summer: New Evidence on Anchoring Effects,2014
10.1257/aer.104.1.291,"Partnerships versus Corporations: Moral Hazard, Sorting, and Ownership Structure",2014
10.1257/aer.104.1.308,Social Ideology and Taxes in a Differentiated Candidates Framework,2014
10.1257/aer.104.1.323,Term Premia and Inflation Uncertainty: Empirical Evidence from an International Panel Dataset: Comment,2014
10.1257/aer.104.1.338,Term Premia and Inflation Uncertainty: Empirical Evidence from an International Panel Dataset: Reply,2014
10.1257/aer.104.1.66,Aligned Delegation,2014
10.1257/aer.104.1.84,Immigration and the Diffusion of Technology: The Huguenot Diaspora in Prussia,2014
10.1257/aer.104.1.i,Front Matter,2014
10.1257/aer.104.10.2941,Mandatory versus Discretionary Spending: The Status Quo Effect,2014
10.1257/aer.104.10.2975,Behavioral Implementation,2014
10.1257/aer.104.10.3003,The Short-Run and Long-Run Effects of Behavioral Interventions: Experimental Evidence from Energy Conservation,2014
10.1257/aer.104.10.3038,"Environmental Regulations, Air and Water Pollution, and Infant Mortality in India",2014
10.1257/aer.104.10.3073,Competition and Ideological Diversity: Historical Evidence from US Newspapers,2014
10.1257/aer.104.10.3115,Financial Networks and Contagion,2014
10.1257/aer.104.10.3154,Measuring the Effect of the Zero Lower Bound on Medium- and Longer-Term Interest Rates,2014
10.1257/aer.104.10.3186,Productivity Losses from Financial Frictions: Can Self-Financing Undo Capital Misallocation?,2014
10.1257/aer.104.10.3222,German Jewish Émigrés and US Invention,2014
10.1257/aer.104.10.3256,"Efficiency, Equality, and Labeling: An Experimental Investigation of Focal Points in Explicit Bargaining",2014
10.1257/aer.104.10.3288,Efficient Entry in Competing Auctions,2014
10.1257/aer.104.10.3297,Private Equity Premium Puzzle Revisited,2014
10.1257/aer.104.10.3335,How Does Risk Selection Respond to Risk Adjustment? New Evidence from the Medicare Advantage Program,2014
10.1257/aer.104.10.3365,The Effect of Mergers in Search Markets: Evidence from the Canadian Mortgage Industry,2014
10.1257/aer.104.10.i,Front Matter,2014
10.1257/aer.104.11.3397,A Test of Racial Bias in Capital Sentencing,2014
10.1257/aer.104.11.3434,On the Selection of Arbitrators,2014
10.1257/aer.104.11.3459,Asset Demand Based Tests of Expected Utility Maximization,2014
10.1257/aer.104.11.3481,A Biological Theory of Social Discounting,2014
10.1257/aer.104.11.3498,Can Marginal Rates of Substitution Be Inferred from Happiness Data? Evidence from Residency Choices,2014
10.1257/aer.104.11.3529,Mismatch Unemployment,2014
10.1257/aer.104.11.3565,Inefficient Hiring in Entry-Level Labor Markets,2014
10.1257/aer.104.11.3600,The Network Structure of International Trade,2014
10.1257/aer.104.11.3635,"Structural Transformation, the Mismeasurement of Productivity Growth, and the Cost Disease of Services",2014
10.1257/aer.104.11.3668,A Quantitative Analysis of the Used-Car Market,2014
10.1257/aer.104.11.3701,Fertility Transitions Along the Extensive and Intensive Margins,2014
10.1257/aer.104.11.3725,Claim Validation,2014
10.1257/aer.104.11.3737,The Power of Communication,2014
10.1257/aer.104.11.3752,The Human Capital Stock: A Generalized Approach,2014
10.1257/aer.104.11.i,Front Matter,2014
10.1257/aer.104.12.3779,Optimal Allocation with Costly Verification,2014
10.1257/aer.104.12.3814,Ambiguity Aversion with Three or More Outcomes,2014
10.1257/aer.104.12.3841,"Hospital Choices, Hospital Prices, and Financial Incentives to Physicians",2014
10.1257/aer.104.12.3885,Is It Whom You Know or What You Know? An Empirical Assessment of the Lobbying Process,2014
10.1257/aer.104.12.3921,The Effects of Poor Neonatal Health on Children's Cognitive Development,2014
10.1257/aer.104.12.3956,"Private Equity, Jobs, and Productivity",2014
10.1257/aer.104.12.3991,Hot and Cold Seasons in the Housing Market,2014
10.1257/aer.104.12.4027,Reputation and Persistence of Adverse Selection in Secondary Loan Markets,2014
10.1257/aer.104.12.4071,The Dynamic Efficiency Costs of Common-Pool Resource Exploitation,2014
10.1257/aer.104.12.4104,Trade Wars and Trade Talks with Data,2014
10.1257/aer.104.12.4147,"Consume Now or Later? Time Inconsistency, Collective Choice, and Revealed Preference",2014
10.1257/aer.104.12.4184,Present Bias and Collective Dynamic Choice in the Lab,2014
10.1257/aer.104.12.4205,Consumption and Debt Response to Unanticipated Income Shocks: Evidence from a Natural Experiment in Singapore,2014
10.1257/aer.104.12.4231,Risk Matters: The Real Effects of Volatility Shocks: Comment,2014
10.1257/aer.104.12.i,Front Matter,2014
10.1257/aer.104.2.343,Collateral Crises,2014
10.1257/aer.104.2.379,A Macroeconomic Model with a Financial Sector,2014
10.1257/aer.104.2.422,Finance and Misallocation: Evidence from Plant-Level Data,2014
10.1257/aer.104.2.459,Tracing Value-Added and Double Counting in Gross Exports,2014
10.1257/aer.104.2.495,"Market Size, Competition, and the Product Mix of Exporters",2014
10.1257/aer.104.2.537,Do Consumers Respond to Marginal or Average Price? Evidence from Nonlinear Electricity Pricing,2014
10.1257/aer.104.2.564,Time to Build and Fluctuations in Bulk Shipping,2014
10.1257/aer.104.2.609,Time Allocation and Task Juggling,2014
10.1257/aer.104.2.624,How Financial Incentives Induce Disability Insurance Recipients to Return to Work,2014
10.1257/aer.104.2.656,Outside Options and the Failure of the Coase Conjecture,2014
10.1257/aer.104.2.672,Raising Retailers’ Profits: On Vertical Practices and the Exclusion of Rivals,2014
10.1257/aer.104.2.687,Are Private Markets and Filtering a Viable Source of Low-Income Housing? Estimates from a “Repeat Income” Model,2014
10.1257/aer.104.2.707,Income and Democracy: Comment,2014
10.1257/aer.104.2.i,Front Matter,2014
10.1257/aer.104.3.1014,Do Employers Use Unemployment as a Sorting Criterion When Hiring? Evidence from a Field Experiment,2014
10.1257/aer.104.3.1040,Risk and Precautionary Saving in Two-Person Households,2014
10.1257/aer.104.3.1047,Does Money Illusion Matter?: Comment,2014
10.1257/aer.104.3.1063,Does Money Illusion Matter?: Reply,2014
10.1257/aer.104.3.1072,The Dynamic Behavior of the Real Exchange Rate in Sticky Price Models: Comment,2014
10.1257/aer.104.3.721,Monetary Policy and Rational Asset Price Bubbles,2014
10.1257/aer.104.3.753,Fiscal Stimulus in a Monetary Union: Evidence from US Regions,2014
10.1257/aer.104.3.793,Trade Adjustment and Productivity in Large Crises,2014
10.1257/aer.104.3.832,Do Prices and Attributes Explain International Differences in Food Purchases?,2014
10.1257/aer.104.3.868,The Economics of Predation: What Drives Pricing When There Is Learning-by-Doing?,2014
10.1257/aer.104.3.898,Strategic Interaction and Networks,2014
10.1257/aer.104.3.931,How University Endowments Respond to Financial Market Shocks: Evidence and Implications,2014
10.1257/aer.104.3.963,When the Levee Breaks: Black Migration and Economic Development in the American South,2014
10.1257/aer.104.3.991,"School Choice, School Quality, and Postsecondary Attainment",2014
10.1257/aer.104.3.i,Front Matter,2014
10.1257/aer.104.4.1091,A Grand Gender Convergence: Its Last Chapter,2014
10.1257/aer.104.4.1120,Vertical Integration and Input Flows,2014
10.1257/aer.104.4.1149,Misallocation and Growth,2014
10.1257/aer.104.4.1172,"Search, Liquidity, and the Dynamics of House Prices and Construction",2014
10.1257/aer.104.4.1211,Spatial Development,2014
10.1257/aer.104.4.1244,The Role of Local Officials in New Democracies: Evidence from Indonesia,2014
10.1257/aer.104.4.1288,Bidding for Incomplete Contracts: An Empirical Analysis of Adaptation Costs,2014
10.1257/aer.104.4.1320,Do Physicians' Financial Incentives Affect Medical Treatment and Patient Health?,2014
10.1257/aer.104.4.1350,Cycles of Conflict: An Economic Model,2014
10.1257/aer.104.4.1368,Frictionless Technology Diffusion: The Case of Tractors,2014
10.1257/aer.104.4.1392,Investment Dispersion and the Business Cycle,2014
10.1257/aer.104.4.1417,Knowledge is (Less) Power: Experimental Evidence from Residential Energy Use,2014
10.1257/aer.104.4.1439,"Stock Prices, News, and Economic Fluctuations: Comment",2014
10.1257/aer.104.4.1446,Heterogeneity and Aggregation: Implications for Labor-Market Fluctuations: Comment,2014
10.1257/aer.104.4.1461,Heterogeneity and Aggregation: Implications for Labor-Market Fluctuations: Reply,2014
10.1257/aer.104.4.i,Front Matter,2014
10.1257/aer.104.5.1,Retirement Security in an Aging Population,2014
10.1257/aer.104.5.101,Sovereign Debt Booms in Monetary Unions,2014
10.1257/aer.104.5.107,The Distribution of Wealth and the MPC: Implications of New European Data,2014
10.1257/aer.104.5.112,Measuring How Fiscal Shocks Affect Durable Spending in Recessions and Expansions,2014
10.1257/aer.104.5.116,A Tale of Two Stimulus Payments: 2001 versus 2008,2014
10.1257/aer.104.5.122,Consumption Inequality over the Last Half Century: Some Evidence Using the New PSID Consumption Measure,2014
10.1257/aer.104.5.127,"Health, Human Capital, and Life Cycle Labor Supply",2014
10.1257/aer.104.5.132,Estimates of Annual Consumption Expenditures and Its Major Components in the PSID in Comparison to the CE,2014
10.1257/aer.104.5.136,The Intergenerational Correlation of Consumption Expenditures,2014
10.1257/aer.104.5.141,Is the United States Still a Land of Opportunity? Recent Trends in Intergenerational Mobility,2014
10.1257/aer.104.5.148,How Risky Are Recessions for Top Earners?,2014
10.1257/aer.104.5.154,Year-End Tax Planning of Top Management: Evidence from High-Frequency Payroll Data,2014
10.1257/aer.104.5.159,Macro-Perspective on Asset Grants Programs: Occupational and Wealth Mobility,2014
10.1257/aer.104.5.165,Agricultural Productivity Differences across Countries,2014
10.1257/aer.104.5.171,The Aggregate Impact of Household Saving and Borrowing Constraints: Designing a Field Experiment in Uganda,2014
10.1257/aer.104.5.177,A Reassessment of Real Business Cycle Theory,2014
10.1257/aer.104.5.183,Can Intangible Capital Explain Cyclical Movements in the Labor Wedge?,2014
10.1257/aer.104.5.189,The Value and Ownership of Intangible Capital,2014
10.1257/aer.104.5.195,Weak Identification in Maximum Likelihood: A Question of Information,2014
10.1257/aer.104.5.200,Physician Payment Reform and Hospital Referrals,2014
10.1257/aer.104.5.206,Estimation of an Education Production Function under Random Assignment with Selection,2014
10.1257/aer.104.5.212,Treatment Effects and Informative Missingness with an Application to Bank Recapitalization Programs,2014
10.1257/aer.104.5.218,The Determinants of the Macroeconomic Implications of Aging,2014
10.1257/aer.104.5.224,"Aging in Europe: Reforms, International Diversification, and Behavioral Reactions",2014
10.1257/aer.104.5.230,The Growing Gap in Life Expectancy: Using the Future Elderly Model to Estimate Implications for Social Security and Medicare,2014
10.1257/aer.104.5.234,Macroeconomic Consequences of Population Aging in the United States: Overview of a National Academy Report,2014
10.1257/aer.104.5.240,Disparities in Wealth Accumulation and Loss from the Great Recession and Beyond,2014
10.1257/aer.104.5.245,Gender and Business Outcomes of Black and Hispanic New Entrepreneurs in the United States,2014
10.1257/aer.104.5.250,Does the US Labor Market Reward International Experience?,2014
10.1257/aer.104.5.255,Entrepreneurial Innovation: Killer Apps in the iPhone Ecosystem,2014
10.1257/aer.104.5.260,Learning From the Doers: Developing Country Lessons for Advanced Economy Growth,2014
10.1257/aer.104.5.266,Forty Years of Leverage: What Have We Learned About Sovereign Debt?,2014
10.1257/aer.104.5.272,Demand and Defective Growth Patterns: The Role of The Tradable and Non-Tradable Sectors in an Open Economy,2014
10.1257/aer.104.5.278,"Rainfall Forecasts, Weather, and Wages over the Agricultural Production Cycle",2014
10.1257/aer.104.5.284,Dynamics of Demand for Index Insurance: Evidence from a Long-Run Field Experiment,2014
10.1257/aer.104.5.291,Bundling Health Insurance and Microfinance in India: There Cannot be Adverse Selection if There Is No Demand,2014
10.1257/aer.104.5.298,"Together at Last: Trade Costs, Demand Structure, and Welfare",2014
10.1257/aer.104.5.304,Monopolistic Competition and Optimum Product Selection,2014
10.1257/aer.104.5.31,"Inflation Persistence, the NAIRU, and the Great Recession",2014
10.1257/aer.104.5.310,Welfare and Trade without Pareto,2014
10.1257/aer.104.5.317,Missing Gains from Trade?,2014
10.1257/aer.104.5.322,The Impact of Medicaid on Labor Market Activity and Program Participation: Evidence from the Oregon Health Insurance Experiment,2014
10.1257/aer.104.5.329,Disability Insurance and Health Insurance Reform: Evidence from Massachusetts,2014
10.1257/aer.104.5.336,The Accelerated Benefits Demonstration: Impacts on the Employment of Disability Insurance Beneficiaries,2014
10.1257/aer.104.5.342,"Unilateral Divorce, the Decreasing Gender Gap, and Married Women's Labor Force Participation",2014
10.1257/aer.104.5.348,Marry Your Like: Assortative Mating and Income Inequality,2014
10.1257/aer.104.5.354,Labor Supply and Household Dynamics,2014
10.1257/aer.104.5.360,The Myth of Immigrant Women as Secondary Workers: Evidence from Canada,2014
10.1257/aer.104.5.365,All for One? Family Size and Children's Educational Distribution under Credit Constraints,2014
10.1257/aer.104.5.37,The Natural Rate of Interest and Its Usefulness for Monetary Policy,2014
10.1257/aer.104.5.370,Are Female Supervisors More Female-Friendly?,2014
10.1257/aer.104.5.376,Race and Marriage in the Labor Market: A Discrimination Correspondence Study in a Developing Country,2014
10.1257/aer.104.5.381,The Declining Fortunes of the Young Since 2000,2014
10.1257/aer.104.5.387,Trends in Earnings Differentials across College Majors and the Changing Task Composition of Jobs,2014
10.1257/aer.104.5.394,"Return of the Solow Paradox? IT, Productivity, and Employment in US Manufacturing",2014
10.1257/aer.104.5.400,"Ability-Tracking, Instructional Time, and Better Pedagogy: The Effect of Double-Dose Algebra on Student Achievement",2014
10.1257/aer.104.5.406,Using School Choice Lotteries to Test Measures of School Effectiveness,2014
10.1257/aer.104.5.412,Gender and Race Heterogeneity: The Impact of Students with Limited English on Native Students' Performance,2014
10.1257/aer.104.5.418,Implementation Details for Frequent Batch Auctions: Slowing Down Markets to the Blink of an Eye,2014
10.1257/aer.104.5.425,Getting More Organs for Transplantation,2014
10.1257/aer.104.5.431,Mechanism Design in Large Games: Incentives and Privacy,2014
10.1257/aer.104.5.436,Investment Incentives in Labor Market Matching,2014
10.1257/aer.104.5.44,The Future of US Economic Growth,2014
10.1257/aer.104.5.442,The VCG Auction in Theory and Practice,2014
10.1257/aer.104.5.446,Market Design and the Evolution of the Combinatorial Clock Auction,2014
10.1257/aer.104.5.452,The Continuous Combinatorial Auction Architecture,2014
10.1257/aer.104.5.457,Costly Persuasion,2014
10.1257/aer.104.5.463,How Sharing Information Can Garble Experts' Advice,2014
10.1257/aer.104.5.469,Interim Bayesian Persuasion: First Steps,2014
10.1257/aer.104.5.475,Mobile Computing: The Next Platform Rivalry,2014
10.1257/aer.104.5.481,Trading Dollars for Dollars: The Price of Attention Online and Offline,2014
10.1257/aer.104.5.489,"Growth, Adoption, and Use of Mobile E-Commerce",2014
10.1257/aer.104.5.495,Stochastic Choice: An Optimizing Neuroeconomic Model,2014
10.1257/aer.104.5.50,Recovery from Financial Crises: Evidence from 100 Episodes,2014
10.1257/aer.104.5.501,Benefits of Neuroeconomic Modeling: New Policy Interventions and Predictors of Preference,2014
10.1257/aer.104.5.507,Rational Attention and Adaptive Coding: A Puzzle and a Solution,2014
10.1257/aer.104.5.514,(Dis)Organization and Success in an Economics MOOC,2014
10.1257/aer.104.5.519,The Industrial Organization of Online Education,2014
10.1257/aer.104.5.523,Equalizing Superstars: The Internet and the Democratization of Education,2014
10.1257/aer.104.5.528,"The Economics of Online Postsecondary Education: MOOCs, Nonselective Education, and Highly Selective Education",2014
10.1257/aer.104.5.534,Discounting and Growth,2014
10.1257/aer.104.5.538,Declining Discount Rates,2014
10.1257/aer.104.5.544,Fat Tails and the Social Cost of Carbon,2014
10.1257/aer.104.5.547,On Not Revisiting Official Discount Rates: Institutional Inertia and the Social Cost of Carbon,2014
10.1257/aer.104.5.552,Selected International Aspects of Carbon Taxation,2014
10.1257/aer.104.5.557,The Costs and Consequences of Clean Air Act Regulation of CO<sub>2</sub>from Power Plants,2014
10.1257/aer.104.5.56,Why Has US Policy Uncertainty Risen Since 1960?,2014
10.1257/aer.104.5.563,Tax Policy Issues in Designing a Carbon Tax,2014
10.1257/aer.104.5.569,How Effective are US Renewable Energy Subsidies in Cutting Greenhouse Gases?,2014
10.1257/aer.104.5.575,Powering up China: Income Distributions and Residential Electricity Consumption,2014
10.1257/aer.104.5.581,The Economic Cost of Global Fuel Subsidies,2014
10.1257/aer.104.5.586,Why Are Power Plants in India Less Efficient than Power Plants in the United States?,2014
10.1257/aer.104.5.593,"Minutes of the Annual Business Meeting Philadelphia, PA, January 4, 2014",2014
10.1257/aer.104.5.595,Report of the Secretary,2014
10.1257/aer.104.5.599,Report of the Treasurer,2014
10.1257/aer.104.5.603,American Economic Association Universal Academic Questionnaire Summary Statistics,2014
10.1257/aer.104.5.608,List of Online Reports,2014
10.1257/aer.104.5.609,"Minutes of the Meeting of the Executive Committee Chicago, IL April 12, 2013",2014
10.1257/aer.104.5.61,The Role of Policy in the Great Recession and the Weak Recovery,2014
10.1257/aer.104.5.614,"Minutes of the Meeting of the Executive Committee Philadelphia, PA January 2, 2014",2014
10.1257/aer.104.5.621,<i>American Economic Review</i>,2014
10.1257/aer.104.5.632,<i>Journal of Economic Literature</i>,2014
10.1257/aer.104.5.635,<i>Journal of Economic Perspectives</i>,2014
10.1257/aer.104.5.638,<i>American Economic Journal: Applied Economics</i>,2014
10.1257/aer.104.5.645,<i>American Economic Journal: Economic Policy</i>,2014
10.1257/aer.104.5.649,<i>American Economic Journal: Macroeconomics</i>,2014
10.1257/aer.104.5.654,<i>American Economic Journal: Microeconomics</i>,2014
10.1257/aer.104.5.657,<i>Job Openings for Economists</i>,2014
10.1257/aer.104.5.660,Committee on Economic Education,2014
10.1257/aer.104.5.664,Committee on the Status of Women in the Economics Profession,2014
10.1257/aer.104.5.67,Housing Assignment with Restrictions: Theory and Evidence from Stanford University's Campus,2014
10.1257/aer.104.5.682,Committee on the Status of Minority Groups in the Economics Profession,2014
10.1257/aer.104.5.697,American Economic Association Committee on Statistics,2014
10.1257/aer.104.5.698,Committee on Government Relations,2014
10.1257/aer.104.5.702,Ad Hoc Search Committee for the Editor of the <i>Journal of Economic Perspectives</i>,2014
10.1257/aer.104.5.703,Ad Hoc Search Committee for the Editor of the <i>American Economic Journal: Macroeconomics</i>,2014
10.1257/aer.104.5.73,Why Is Housing Finance Still Stuck in Such a Primitive Stage?,2014
10.1257/aer.104.5.77,"The Mortgage Mess, the Press, and the Politics of Inattention",2014
10.1257/aer.104.5.82,Mandated Risk Retention in Mortgage Securitization: An Economist's View,2014
10.1257/aer.104.5.88,Is It Too Late to Bail Out the Troubled Countries in the Eurozone?,2014
10.1257/aer.104.5.94,Renegotiation Policies in Sovereign Defaults,2014
10.1257/aer.104.5.i,Front Matter,2014
10.1257/aer.104.5.xi,Foreword,2014
10.1257/aer.104.5.xiii,Editor's Introduction,2014
10.1257/aer.104.6.1467,Two Pillars of Asset Pricing,2014
10.1257/aer.104.6.1486,Speculative Asset Prices,2014
10.1257/aer.104.6.1518,Who Is (More) Rational?,2014
10.1257/aer.104.6.1551,"Tenure, Experience, Human Capital, and Wages: A Tractable Equilibrium Search Model of Wage Dynamics",2014
10.1257/aer.104.6.1597,The Wage Effects of Offshoring: Evidence from Danish Matched Worker-Firm Data,2014
10.1257/aer.104.6.1630,US Food Aid and Civil Conflict,2014
10.1257/aer.104.6.1667,The Size Distribution of Farms and International Productivity Differences,2014
10.1257/aer.104.6.1698,The Effect of Uncertainty on Investment: Evidence from Texas Oil Drilling,2014
10.1257/aer.104.6.1735,Gift Exchange versus Monetary Exchange: Theory and Evidence,2014
10.1257/aer.104.6.1777,Compulsory Education and the Benefits of Schooling,2014
10.1257/aer.104.6.1793,Evolutionary Origins of the Endowment Effect: Evidence from Hunter-Gatherers,2014
10.1257/aer.104.6.1806,Does Growing Up in a High Crime Neighborhood Affect Youth Criminal Behavior?,2014
10.1257/aer.104.6.1833,Aid Under Fire: Development Projects and Civil Conflict,2014
10.1257/aer.104.6.1857,"Language, Meaning, and Games: A Model of Communication, Coordination, and Evolution: Comment",2014
10.1257/aer.104.6.1864,Independent Auditor's Report,2014
10.1257/aer.104.6.i,Front Matter,2014
10.1257/aer.104.7.1875,"Dynamic Adverse Selection: A Theory of Illiquidity, Fire Sales, and Flight to Quality",2014
10.1257/aer.104.7.1909,"Micro-Loans, Insecticide-Treated Bednets, and Malaria: Evidence from a Randomized Controlled Trial in Orissa, India",2014
10.1257/aer.104.7.1942,"Importers, Exporters, and Exchange Rate Disconnect",2014
10.1257/aer.104.7.1979,"Patent Laws, Product Life-Cycle Lengths, and Multinational Activity",2014
10.1257/aer.104.7.2014,"Auctions, Actions, and the Failure of Information Aggregation",2014
10.1257/aer.104.7.2049,Peer Effects in Program Participation,2014
10.1257/aer.104.7.2075,Consumption and Labor Supply with Partial Insurance: An Analytical Framework,2014
10.1257/aer.104.7.2127,A Balls-and-Bins Model of Trade,2014
10.1257/aer.104.7.2152,"The Effect of Patient Cost Sharing on Utilization, Health, and Risk Protection",2014
10.1257/aer.104.7.2185,Mafia and Public Spending: Evidence on the Fiscal Multiplier from a Quasi-Experiment,2014
10.1257/aer.104.7.2210,Household Bargaining and Excess Fertility: An Experimental Study in Zambia,2014
10.1257/aer.104.7.2238,E-lections: Voting Behavior and the Internet,2014
10.1257/aer.104.7.i,Front Matter,2014
10.1257/aer.104.8.2267,"Financial Globalization, Inequality, and the Rising Public Debt",2014
10.1257/aer.104.8.2303,The Axiomatic Structure of Empirical Content,2014
10.1257/aer.104.8.2320,Man-Bites-Dog Business Cycles,2014
10.1257/aer.104.8.2368,Ambiguous Business Cycles,2014
10.1257/aer.104.8.2400,Not Only What but Also When: A Theory of Dynamic Voluntary Disclosure,2014
10.1257/aer.104.8.2421,Promotional Reviews: An Empirical Investigation of Online Review Manipulation,2014
10.1257/aer.104.8.2456,"Isolated Capital Cities, Accountability, and Corruption: Evidence from US States",2014
10.1257/aer.104.8.2482,Industry Compensation under Relocation Risk: A Firm-Level Analysis of the EU Emissions Trading Scheme,2014
10.1257/aer.104.8.2509,Explaining Job Polarization: Routine-Biased Technological Change and Offshoring,2014
10.1257/aer.104.8.2527,Estimates of the Size and Source of Price Declines Due to Nearby Foreclosures,2014
10.1257/aer.104.8.2552,The Effect of Third-Party Funding of Plaintiffs on Settlement,2014
10.1257/aer.104.8.2567,A Community College Instructor Like Me: Race and Ethnicity Interactions in the Classroom,2014
10.1257/aer.104.8.i,Front Matter,2014
10.1257/aer.104.9.2593,Measuring the Impacts of Teachers I: Evaluating Bias in Teacher Value-Added Estimates,2014
10.1257/aer.104.9.2633,Measuring the Impacts of Teachers II: Teacher Value-Added and Student Outcomes in Adulthood,2014
10.1257/aer.104.9.2680,How Much Would You Pay to Resolve Long-Run Risk?,2014
10.1257/aer.104.9.2698,Beyond Happiness and Satisfaction: Toward Well-Being Indices Based on Stated Preference,2014
10.1257/aer.104.9.2736,Human Capital and the Wealth of Nations,2014
10.1257/aer.104.9.2763,"Subways, Strikes, and Slowdowns: The Impacts of Public Transit on Traffic Congestion",2014
10.1257/aer.104.9.2797,Wall Street and the Housing Bubble,2014
10.1257/aer.104.9.2830,Mortgage Modification and Strategic Behavior: Evidence from a Legal Settlement with Countrywide,2014
10.1257/aer.104.9.2858,Dynamic Free Riding with Irreversible Investments,2014
10.1257/aer.104.9.2872,Pass-Through of Emissions Costs in Electricity Markets,2014
10.1257/aer.104.9.2900,Fraudulent Claims and Nitpicky Insurers,2014
10.1257/aer.104.9.2918,Multiproduct Search and the Joint Search Effect,2014
10.1257/aer.104.9.i,Front Matter,2014
10.1257/aer.105.03.i,Front Matter,2015
10.1257/aer.105.06.i,Front Matter,2015
10.1257/aer.105.1.i,Front Matter,2015
10.1257/aer.105.10.i,Front Matter,2015
10.1257/aer.105.11.i,Front Matter,2015
10.1257/aer.105.12.i,Front Matter,2015
10.1257/aer.105.2.i,Front Matter,2015
10.1257/aer.105.3.i,Front Matter,2015
10.1257/aer.105.4.i,Front Matter,2015
10.1257/aer.105.5.i,Front Matter,2015
10.1257/aer.105.6.i,Front Matter,2015
10.1257/aer.105.7.i,Front Matter,2015
10.1257/aer.105.8.i,Front Matter,2015
10.1257/aer.105.9.i,Front Matter,2015
10.1257/aer.106.1.i,Front Matter,2016
10.1257/aer.106.10.i,Front Matter,2016
10.1257/aer.106.11.i,Front Matter,2016
10.1257/aer.106.12.i,Front Matter,2016
10.1257/aer.106.2.475,The Housing Market Impacts of Shale Gas Development: Corrigendum,2016
10.1257/aer.106.2.i,Front Matter,2016
10.1257/aer.106.3.i,Front Matter,2016
10.1257/aer.106.4.1214,"Search, Liquidity, and the Dynamics of House Prices and Construction: Corrigendum",2016
10.1257/aer.106.4.i,Front Matter,2016
10.1257/aer.106.5.671,"Minutes of the Annual Business Meeting San Francisco, CA January 3, 2016",2016
10.1257/aer.106.5.672,Report of the Secretary,2016
10.1257/aer.106.5.676,Report of the Treasurer,2016
10.1257/aer.106.5.680,American Economic Association Universal Academic Questionnaire Summary Statistics,2016
10.1257/aer.106.5.683,List of Online Reports,2016
10.1257/aer.106.5.685,"Minutes of the Meeting of the Executive Committee Chicago, IL April 24, 2015",2016
10.1257/aer.106.5.691,"Minutes of the Meeting of the Executive Committee San Francisco, CA January 2, 2016",2016
10.1257/aer.106.5.700,<i>American Economic Review</i>,2016
10.1257/aer.106.5.713,<i>Journal of Economic Literature</i>,2016
10.1257/aer.106.5.716,<i>Journal of Economic Perspectives</i>,2016
10.1257/aer.106.5.719,<i>American Economic Journal: Applied Economics</i>,2016
10.1257/aer.106.5.726,<i>American Economic Journal: Economic Policy</i>,2016
10.1257/aer.106.5.731,<i>American Economic Journal: Macroeconomics</i>,2016
10.1257/aer.106.5.736,<i>American Economic Journal: Microeconomics</i>,2016
10.1257/aer.106.5.740,<i>Job Openings for Economists</i>,2016
10.1257/aer.106.5.743,Committee on Economic Education,2016
10.1257/aer.106.5.750,Committee on the Status of Women in the Economics Profession (CSWEP),2016
10.1257/aer.106.5.774,Committee on the Status of Minority Groups in the Economics Profession (CSMGEP),2016
10.1257/aer.106.5.788,American Economic Association Committee on Statistics (AEAStat),2016
10.1257/aer.106.5.794,Committee on Government Relations,2016
10.1257/aer.106.5.i,Front Matter,2016
10.1257/aer.106.5.xi,Foreword,2016
10.1257/aer.106.5.xiii,Editors' Introduction,2016
10.1257/aer.106.6.1221,"Measuring and Understanding Behavior, Welfare, and Poverty",2016
10.1257/aer.106.6.1562,Optimal Expectations and Limited Medical Testing: Evidence from Huntington Disease: Corrigendum,2016
10.1257/aer.106.6.1566,Independent Auditor's Report,2016
10.1257/aer.106.6.i,Front Matter,2016
10.1257/aer.106.7.1577,"Behavioral Economics: Past, Present, and Future",2016
10.1257/aer.106.7.i,Front Matter,2016
10.1257/aer.106.8.i,Front Matter,2016
10.1257/aer.106.9.i,Front Matter,2016
10.1257/aer.107.1.i,Front Matter,2017
10.1257/aer.107.10.i,Front Matter,2017
10.1257/aer.107.11.i,Front Matter,2017
10.1257/aer.107.12.i,Front Matter,2017
10.1257/aer.107.2.i,Front Matter,2017
10.1257/aer.107.3.i,Front Matter,2017
10.1257/aer.107.3.i;,Front Matter,2017
10.1257/aer.107.4.967,Narrative Economics,2017
10.1257/aer.107.4.i,Front Matter,2017
10.1257/aer.107.5.667,"Minutes of the Annual Business Meeting, Chicago, IL, January 6, 2017",2017
10.1257/aer.107.5.670,Report of the Secretary,2017
10.1257/aer.107.5.674,Report of the Treasurer,2017
10.1257/aer.107.5.678,American Economic Association Universal Academic Questionnaire Summary Statistics,2017
10.1257/aer.107.5.681,List of Online Reports,2017
10.1257/aer.107.5.683,"Minutes of the Meeting of the Executive Committee, Chicago, IL, April 29, 2016",2017
10.1257/aer.107.5.689,"Minutes of the Meeting of the Executive Committee, Chicago, IL, January 5, 2017",2017
10.1257/aer.107.5.699,<i>American Economic Review</i>,2017
10.1257/aer.107.5.713,<i>Journal of Economic Literature</i>,2017
10.1257/aer.107.5.716,<i>Journal of Economic Perspectives</i>,2017
10.1257/aer.107.5.719,<i>American Economic Journal: Applied Economics</i>,2017
10.1257/aer.107.5.726,<i>American Economic Journal: Economic Policy</i>,2017
10.1257/aer.107.5.735,<i>American Economic Journal: Macroeconomics</i>,2017
10.1257/aer.107.5.743,<i>American Economic Journal: Microeconomics</i>,2017
10.1257/aer.107.5.749,<i>Job Openings for Economists</i>,2017
10.1257/aer.107.5.752,Committee on Economic Education,2017
10.1257/aer.107.5.759,Committee on the Status of Women in the Economics Profession (CSWEP),2017
10.1257/aer.107.5.777,Committee on the Status of Minority Groups in the Economics Profession (CSMGEP),2017
10.1257/aer.107.5.792,American Economic Association Committee on Statistics (AEAStat),2017
10.1257/aer.107.5.795,Committee on Government Relations,2017
10.1257/aer.107.5.797,Report of the Search Committee for the Editor of the <i>American Economic Review</i>,2017
10.1257/aer.107.5.i,Front Matter,2017
10.1257/aer.107.5.xi,Foreword,2017
10.1257/aer.107.5.xii,Editors' Introduction,2017
10.1257/aer.107.6.1718,Independent Auditor's Report,2017
10.1257/aer.107.6.i,Front Matter,2017
10.1257/aer.107.7.1731,Incomplete Contracts and Control,2017
10.1257/aer.107.7.1753,Pay For Performance and Beyond,2017
10.1257/aer.107.7.i,Front Matter,2017
10.1257/aer.107.8.i,Front Matter,2017
10.1257/aer.107.9.i,Front Matter,2017
10.1257/aer.108.1.i,Front Matter,2018
10.1257/aer.108.10.i,Front Matter,2018
10.1257/aer.108.11.i,Front Matter,2018
10.1257/aer.108.12.i,Front Matter,2018
10.1257/aer.108.2.i,Front Matter,2018
10.1257/aer.108.3.i,Front Matter,2018
10.1257/aer.108.4-5.i,Front Matter,2018
10.1257/aer.108.6.1265,From Cashews to Nudges: The Evolution of Behavioral Economics,2018
10.1257/aer.108.6.1598,Independent Auditor’s Report,2018
10.1257/aer.108.6.i,Front Matter,2018
10.1257/aer.108.7.1609,"Marketplaces, Markets, and Market Design",2018
10.1257/aer.108.7.i,Front Matter,2018
10.1257/aer.108.8.i,Front Matter,2018
10.1257/aer.108.9.i,Front Matter,2018
10.1257/aer.109.1.i,Front Matter,2019
10.1257/aer.109.10.i,Front Matter,2019
10.1257/aer.109.11.i,Front Matter,2019
10.1257/aer.109.12.i,Front Matter,2019
10.1257/aer.109.2.i,Front Matter,2019
10.1257/aer.109.3.i,Front Matter,2019
10.1257/aer.109.4.1197,Public Debt and Low Interest Rates,2019
10.1257/aer.109.4.1616,WTO Accession and Performance of Chinese Manufacturing Firms: Corrigendum,2019
10.1257/aer.109.4.i,Front Matter,2019
10.1257/aer.109.5.i,Front Matter,2019
10.1257/aer.109.6.1991,Climate Change: The Ultimate Challenge for Economics,2019
10.1257/aer.109.6.2015,Can We Control Carbon Dioxide? (from 1975),2019
10.1257/aer.109.6.2368,Report of Independent Auditor,2019
10.1257/aer.109.6.i,Front Matter,2019
10.1257/aer.109.7.i,Front Matter,2019
10.1257/aer.109.8.i,Front Matter,2019
10.1257/aer.109.9.i,Front Matter,2019
10.1257/aer.110.1.i,Front Matter,2020
10.1257/aer.110.10.i,Front Matter,2020
10.1257/aer.110.11.i,Front Matter,2020
10.1257/aer.110.12.i,Front Matter,2020
10.1257/aer.110.2.i,Front Matter,2020
10.1257/aer.110.3.i,Front Matter,2020
10.1257/aer.110.4.943,The New Tools of Monetary Policy,2020
10.1257/aer.110.4.i,Front Matter,2020
10.1257/aer.110.5.i,Front Matter,2020
10.1257/aer.110.6.1921,REPORT OF INDEPENDENT AUDITOR,2020
10.1257/aer.110.6.i,Front Matter,2020
10.1257/aer.110.7.1937,Field Experiments and the Practice of Economics,2020
10.1257/aer.110.7.1952,Field Experiments and the Practice of Policy,2020
10.1257/aer.110.7.1974,"Experimentation, Innovation, and Economics",2020
10.1257/aer.110.7.i,Front Matter,2020
10.1257/aer.110.8.i,Front Matter,2020
10.1257/aer.110.9.i,Front Matter,2020
10.1257/aer.111.1.i,Front Matter,2021
10.1257/aer.111.10.i,Front Matter,2021
10.1257/aer.111.11.i,Front Matter,2021
10.1257/aer.111.12.i,Front Matter,2021
10.1257/aer.111.2.755,What Makes a Rule Complex? Erratum,2021
10.1257/aer.111.2.i,Front Matter,2021
10.1257/aer.111.3.i,Front Matter,2021
10.1257/aer.111.4.i,Front Matter,2021
10.1257/aer.111.5.1383,Auction Research Evolving: Theorems and Market Designs,2021
10.1257/aer.111.5.i,Front Matter,2021
10.1257/aer.111.6.2049,REPORT OF INDEPENDENT AUDITOR,2021
10.1257/aer.111.6.i,Front Matter,2021
10.1257/aer.111.7.i,Front Matter,2021
10.1257/aer.111.8.i,Front Matter,2021
10.1257/aer.111.9.i,Front Matter,2021
10.1257/aer.112.1.i,Front Matter,2022
10.1257/aer.112.10.i,Front Matter,2022
10.1257/aer.112.11.i,Front Matter,2022
10.1257/aer.112.12.i,Front Matter,2022
10.1257/aer.112.2.i,Front Matter,2022
10.1257/aer.112.3.i,Front Matter,2022
10.1257/aer.112.4.1075,Who Set Your Wage?,2022
10.1257/aer.112.4.i,Front Matter,2022
10.1257/aer.112.5.1395,A Special Introduction,2022
10.1257/aer.112.5.i,Front Matter,2022
10.1257/aer.112.6.1773,Design-Based Research in Empirical Microeconomics,2022
10.1257/aer.112.6.2083,REPORT OF INDEPENDENT AUDITOR,2022
10.1257/aer.112.6.i,Front Matter,2022
10.1257/aer.112.7.i,Front Matter,2022
10.1257/aer.112.8.i,Front Matter,2022
10.1257/aer.112.9.i,Front Matter,2022
10.1257/aer.113.1.i,Front Matter,2023
10.1257/aer.113.10.i,Front Matter,2023
10.1257/aer.113.11.i,Front Matter,2023
10.1257/aer.113.12.i,Front Matter,2023
10.1257/aer.113.2.i,Front Matter,2023
10.1257/aer.113.3.i,Front Matter,2023
10.1257/aer.113.4.i,Front Matter,2023
10.1257/aer.113.5.1143,"Nobel Lecture: Banking, Credit, and Economic Fluctuations",2023
10.1257/aer.113.5.i,Front Matter,2023
10.1257/aer.113.6.1395,Presidential Address: Does Monetary Policy Matter? The Narrative Approach after 35 Years,2023
10.1257/aer.113.6.1686,Report of Independent Auditor,2023
10.1257/aer.113.6.i,Front Matter,2023
10.1257/aer.113.7.2053,Retraction of “Dividend Taxes and the Allocation of Capital”,2023
10.1257/aer.113.7.i,Front Matter,2023
10.1257/aer.113.8.i,Front Matter,2023
10.1257/aer.113.9.i,Front Matter,2023
10.1257/aer.114.1.i,Front Matter,2024
10.1257/aer.114.10.i,Front Matter,2024
10.1257/aer.114.11.i,Front Matter,2024
10.1257/aer.114.12.i,Front Matter,2024
10.1257/aer.114.2.i,Front Matter,2024
10.1257/aer.114.3.i,Front Matter,2024
10.1257/aer.114.4.i,Front Matter,2024
10.1257/aer.114.5.i,Front Matter,2024
10.1257/aer.114.6.1515,Nobel Lecture: An Evolving Economic Force,2024
10.1257/aer.114.6.i,Front Matter,2024
10.1257/aer.114.7.i,Front Matter,2024
10.1257/aer.114.8.i,Front Matter,2024
10.1257/aer.114.9.i,Front Matter,2024
10.1257/aer.115.1.i,Front Matter,2025
10.1257/aer.115.2.i,Front Matter,2025
10.1257/aer.115.3.i,Front Matter,2025
10.1257/aer.15000001,Climate Clubs: Overcoming Free-riding in International Climate Policy,2015
10.1257/aer.15000002,Foreword,2015
10.1257/aer.15000003,Editors' Introduction,2015
10.1257/aer.15000004,"Minutes of the Annual Business Meeting Boston, MA January 3, 2015",2015
10.1257/aer.15000005,Report of the Secretary,2015
10.1257/aer.15000006,Report of the Treasurer,2015
10.1257/aer.15000007,American Economic Association Universal Academic Questionnaire Summary Statistics,2015
10.1257/aer.15000008,List of Online Reports,2015
10.1257/aer.15000009,"Minutes of the Meeting of the Executive Committee Chicago, IL April 17, 2014",2015
10.1257/aer.15000010,"Minutes of the Meeting of the Executive Committee Boston, MA January 2, 2015",2015
10.1257/aer.15000011,<i>American Economic Review</i>,2015
10.1257/aer.15000012,<i>Journal of Economic Literature</i>,2015
10.1257/aer.15000013,<i>Journal of Economic Perspectives</i>,2015
10.1257/aer.15000014,<i>American Economic Journal: Applied Economics</i>,2015
10.1257/aer.15000015,<i>American Economic Journal: Economic Policy</i>,2015
10.1257/aer.15000016,<i>American Economic Journal: Macroeconomics</i>,2015
10.1257/aer.15000017,<i>American Economic Journal: Microeconomics</i>,2015
10.1257/aer.15000018,<i>Job Openings for Economists</i>,2015
10.1257/aer.15000019,Committee on Economic Education,2015
10.1257/aer.15000020,Committee on the Status of Women in the Economics Profession (CSWEP),2015
10.1257/aer.15000021,Committee on the Status of Minority Groups in the Economics Profession (CSMGEP),2015
10.1257/aer.15000022,American Economic Association Committee on Statistics (AEAStat),2015
10.1257/aer.15000023,Committee on Government Relations,2015
10.1257/aer.15000024,Market Failures and Public Policy,2015
10.1257/aer.15000025,INDEPENDENT AUDITOR’S REPORT,2015
10.1257/aer.2002.92.issue-1,,2002
10.1257/aer.2002.92.issue-2,,2002
10.1257/aer.2002.92.issue-3,,2002
10.1257/aer.2002.92.issue-4,,2002
10.1257/aer.2002.92.issue-5,,2002
10.1257/aer.2003.93.issue-1,,2003
10.1257/aer.2003.93.issue-2,,2003
10.1257/aer.2003.93.issue-3,,2003
10.1257/aer.2003.93.issue-4,,2003
10.1257/aer.2003.93.issue-5,,2003
10.1257/aer.2004.94.issue-1,,2004
10.1257/aer.2004.94.issue-2,,2004
10.1257/aer.2004.94.issue-3,,2004
10.1257/aer.2004.94.issue-4,,2004
10.1257/aer.2004.94.issue-5,,2004
10.1257/aer.2005.95.issue-1,,2005
10.1257/aer.2005.95.issue-2,,2005
10.1257/aer.2005.95.issue-3,,2005
10.1257/aer.2005.95.issue-4,,2005
10.1257/aer.2005.95.issue-5,,2005
10.1257/aer.2006.96.issue-1,,2006
10.1257/aer.2006.96.issue-2,,2006
10.1257/aer.2006.96.issue-3,,2006
10.1257/aer.2006.96.issue-4,,2006
10.1257/aer.2006.96.issue-5,,2006
10.1257/aer.2007.97.issue-1,,2007
10.1257/aer.2007.97.issue-2,,2007
10.1257/aer.2007.97.issue-3,,2007
10.1257/aer.2007.97.issue-4,,2007
10.1257/aer.2007.97.issue-5,,2007
10.1257/aer.20080841,The Price of Experience,2015
10.1257/aer.20100273,Just Luck: An Experimental Study of Risk-Taking and Fairness: Erratum,2016
10.1257/aer.20101199,Railroads of the Raj: Estimating the Impact of Transportation Infrastructure,2018
10.1257/aer.20101552,Efficient Matching under Distributional Constraints: Theory and Applications,2015
10.1257/aer.20101557,Trade and the Global Recession,2016
10.1257/aer.20110035,Endogenous Liquidity and the Business Cycle,2015
10.1257/aer.20110108,Disability Insurance and the Dynamics of the Incentive Insurance Trade-Off,2015
10.1257/aer.20110236,Beyond GDP? Welfare across Countries and Time,2016
10.1257/aer.20110306,Information Rigidity and the Expectations Formation Process: A Simple Framework and New Facts,2015
10.1257/aer.20110433,The Social Cost of Near-Rational Investment,2017
10.1257/aer.20110457,"Firm Dynamics, Job Turnover, and Wage Distributions in an Open Economy",2016
10.1257/aer.20110572,Infrastructure Quality and the Subsidy Trap,2015
10.1257/aer.20110576,Optimal Taxation and Debt with Uninsurable Risks to Human Capital Accumulation,2015
10.1257/aer.20110683,"Inequality, Leverage, and Crises",2015
10.1257/aer.20110701,Estimating a War of Attrition: The Case of the US Movie Theater Industry,2015
10.1257/aer.20110753,Information Disclosure as a Matching Mechanism: Theory and Evidence from a Field Experiment,2015
10.1257/aer.20110865,"Real Rigidity, Nominal Rigidity, and the Social Value of Information",2016
10.1257/aer.20110948,Effects of Deregulation and Consolidation of the Broadcast Television Industry,2016
10.1257/aer.20111046,Revealed (P)Reference Theory,2015
10.1257/aer.20111196,Clearing Up the Fiscal Multiplier Morass,2017
10.1257/aer.20111550,Redistribution and Social Insurance,2016
10.1257/aer.20111559,Optimal Life Cycle Unemployment Insurance,2015
10.1257/aer.20111662,The Housing Market (s) of San Diego,2015
10.1257/aer.20111681,"Human Capital Risk, Contract Enforcement, and the Macroeconomy",2015
10.1257/aer.20120070,The War on Poverty's Experiment in Public Medicine: Community Health Centers and the Mortality of Older Americans,2015
10.1257/aer.20120079,"Financial Intermediation, Investment Dynamics, and Business Cycle Fluctuations",2016
10.1257/aer.20120141,The Value of Relationships: Evidence from a Supply Shock to Kenyan Rose Exports,2015
10.1257/aer.20120234,"Yours, Mine, and Ours: Do Divorce Laws Affect the Intertemporal Behavior of Married Couples?",2015
10.1257/aer.20120273,Borrowing on the Wrong Credit Card? Evidence from Mexico,2017
10.1257/aer.20120283,"Cellular Service Demand: Biased Beliefs, Learning, and Bill Shock",2015
10.1257/aer.20120389,Too-Systemic-to-Fail: What Option Markets Imply about Sector-Wide Government Guarantees,2016
10.1257/aer.20120427,Institutional Corruption and Election Fraud: Evidence from a Field Experiment in Afghanistan,2015
10.1257/aer.20120512,Macroeconomic Effects of Bankruptcy and Foreclosure Policies,2016
10.1257/aer.20120525,The Anatomy of a Credit Crisis: The Boom and Bust in Farm Land Prices in the United States in the 1920s,2015
10.1257/aer.20120549,"Competition, Markups, and the Gains from International Trade",2015
10.1257/aer.20120555,CoVaR,2016
10.1257/aer.20120578,Has the US Finance Industry Become Less Efficient? On the Theory and Measurement of Financial Intermediation,2015
10.1257/aer.20120599,Has Consumption Inequality Mirrored Income Inequality?,2015
10.1257/aer.20120642,The Impact of the Great Migration on Mortality of African Americans: Evidence from the Deep South,2015
10.1257/aer.20120651,Paying Attention or Paying Too Much in Medicare Part D,2015
10.1257/aer.20120700,Leader Punishment and Cooperation in Groups: Experimental Field Evidence from Commons Management in Ethiopia,2015
10.1257/aer.20120737,Estimating Neighborhood Choice Models: Lessons from a Housing Assistance Experiment,2015
10.1257/aer.20120767,The Bidder's Curse: Comment,2016
10.1257/aer.20120881,"Price Reaction to Information with Heterogeneous Beliefs and Wealth Effects: Underreaction, Momentum, and Reversal",2015
10.1257/aer.20120901,Endogenous Skill Acquisition and Export Manufacturing in Mexico,2016
10.1257/aer.20120926,Fertility and Childlessness in the United States,2015
10.1257/aer.20120942,Cultural Proximity and Loan Outcomes,2017
10.1257/aer.20120946,Comment on “Risk Preferences Are Not Time Preferences”: On the Elicitation of Time Preference under Conditions of Risk,2015
10.1257/aer.20120978,Experiments on Decisions under Uncertainty: A Theoretical Framework,2016
10.1257/aer.20121036,The Cost of Financial Frictions for Life Insurers,2015
10.1257/aer.20121110,Wages and Informality in Developing Countries,2015
10.1257/aer.20121186,"Separations, Sorting, and Cyclical Unemployment",2017
10.1257/aer.20121236,Fiscal Volatility Shocks and Economic Activity,2015
10.1257/aer.20121242,Teacher Quality Policy When Supply Matters,2015
10.1257/aer.20121248,Country Solidarity in Sovereign Crises,2015
10.1257/aer.20121266,WTO Accession and Performance of Chinese Manufacturing Firms,2017
10.1257/aer.20121282,The Virtues of Hesitation: Optimal Timing in a Non-Stationary World,2015
10.1257/aer.20121317,Consumer Search and Double Marginalization,2015
10.1257/aer.20121365,"Exchange Rates, Interest Rates, and the Risk Premium",2016
10.1257/aer.20121416,Credit Supply and the Price of Housing,2015
10.1257/aer.20121437,The Empirical Implications of the Interest-Rate Lower Bound,2017
10.1257/aer.20121469,Team Contests with Multiple Pairwise Battles,2015
10.1257/aer.20121493,Psychological Frictions and the Incomplete Take-Up of Social Benefits: Evidence from an IRS Field Experiment,2015
10.1257/aer.20121524,Efficient Bailouts?,2016
10.1257/aer.20121530,"R&amp;D, International Sourcing, and the Joint Impact on Firm Performance",2015
10.1257/aer.20121532,"Free to Choose? Reform, Choice, and Consideration Sets in the English National Health Service",2016
10.1257/aer.20121546,"The Cyclicality of Sales, Regular and Effective Prices: Business Cycle and Policy Implications",2015
10.1257/aer.20121549,Consumption Inequality and Family Labor Supply,2016
10.1257/aer.20121607,"Education, HIV, and Early Fertility: Experimental Evidence from Kenya",2015
10.1257/aer.20121637,Trafficking Networks and the Mexican Drug War,2015
10.1257/aer.20121640,Vertical Contracting with Informational Opportunism,2015
10.1257/aer.20121656,"Environmental Health Risks and Housing Values: Evidence from 1,600 Toxic Plant Openings and Closings",2015
10.1257/aer.20121660,The Great Escape? A Quantitative Evaluation of the Fed's Liquidity Facilities,2017
10.1257/aer.20121662,Gross Worker Flows over the Business Cycle,2017
10.1257/aer.20130025,Endogenous Disasters,2018
10.1257/aer.20130047,Rational Inattention to Discrete Choices: A New Foundation for the Multinomial Logit Model,2015
10.1257/aer.20130090,Reallocation and Technology: Evidence from the US Steel Industry,2015
10.1257/aer.20130098,Capital Tax Reform and the Real Economy: The Effects of the 2003 Dividend Tax Cut,2015
10.1257/aer.20130189,Punishment and Deterrence: Evidence from Drunk Driving,2015
10.1257/aer.20130223,Mergers When Prices Are Negotiated: Evidence from the Hospital Industry,2015
10.1257/aer.20130232,Firm Size Distortions and the Productivity Distribution: Evidence from France,2016
10.1257/aer.20130249,A Spatial Knowledge Economy,2019
10.1257/aer.20130250,Competitive Policy Development,2015
10.1257/aer.20130267,"Price Subsidies, Diagnostic Tests, and Targeting of Malaria Treatment: Evidence from a Randomized Controlled Trial",2015
10.1257/aer.20130332,Reputation and School Competition,2015
10.1257/aer.20130351,"New Trade Models, New Welfare Implications",2015
10.1257/aer.20130360,How Elastic Are Preferences for Redistribution? Evidence from Randomized Survey Experiments,2015
10.1257/aer.20130375,Long-Run Impacts of Childhood Access to the Safety Net,2016
10.1257/aer.20130392,Parameter Learning in General Equilibrium: The Asset Pricing Implications,2016
10.1257/aer.20130393,No Taxation without Information: Deterrence and Self-Enforcement in the Value Added Tax,2015
10.1257/aer.20130397,Crossing Party Lines: The Effects of Information on Redistributive Politics,2015
10.1257/aer.20130420,Comment on “Risk Preferences Are Not Time Preferences”: Balancing on a Budget Line,2015
10.1257/aer.20130456,Systemic Risk and Stability in Financial Networks,2015
10.1257/aer.20130470,"Innovation, Reallocation, and Growth",2018
10.1257/aer.20130479,"Financial Intermediation, International Risk Sharing, and Reserve Currencies",2017
10.1257/aer.20130549,Credit Constraints and Growth in a Global Economy,2015
10.1257/aer.20130564,Intertemporal Price Discrimination: Dynamic Arrivals and Changing Values,2016
10.1257/aer.20130570,Do Higher Corporate Taxes Reduce Wages? Micro Evidence from Germany,2018
10.1257/aer.20130604,The Effect of the TseTse Fly on African Development,2015
10.1257/aer.20130612,Debt Relief and Debtor Outcomes: Measuring the Effects of Consumer Bankruptcy Protection,2015
10.1257/aer.20130623,Clientelism in Indian Villages,2015
10.1257/aer.20130626,University Differences in the Graduation of Minorities in STEM Fields: Evidence from California,2016
10.1257/aer.20130665,"Banking, Liquidity, and Bank Runs in an Infinite Horizon Economy",2015
10.1257/aer.20130675,"Cooperation, but No Reciprocity: Individual Strategies in the Repeated Prisoner’s Dilemma",2015
10.1257/aer.20130683,"Thar SHE Blows? Gender, Competition, and Bubbles in Experimental Asset Markets",2015
10.1257/aer.20130711,Announcements of Support and Public Good Provision,2017
10.1257/aer.20130712,Non-Optimal Mechanism Design,2015
10.1257/aer.20130758,Adverse Selection and an Individual Mandate: When Theory Meets Practice,2015
10.1257/aer.20130768,Ostracism and Forgiveness,2016
10.1257/aer.20130778,Evolving Choice Inconsistencies in Choice of Prescription Drug Insurance,2016
10.1257/aer.20130779,Dictating the Risk: Experimental Evidence on Giving in Risky Environments: Comment,2016
10.1257/aer.20130817,Fiscal Unions,2017
10.1257/aer.20130821,"In the Name of the Son (and the Daughter): Intergenerational Mobility in the United States, 1850 –1940",2015
10.1257/aer.20130824,Bounding the Labor Supply Responses to a Randomized Welfare Experiment: A Revealed Preference Approach,2016
10.1257/aer.20130848,The Limits of Price Discrimination,2015
10.1257/aer.20130853,Delinking Land Rights from Land Use: Certification and Migration in Mexico,2015
10.1257/aer.20130874,Monitoring Corruptible Politicians,2016
10.1257/aer.20130896,Until the Bitter End: On Prospect Theory in a Dynamic Context,2015
10.1257/aer.20130903,Medicare Part D: Are Insurers Gaming the Low Income Subsidy Design?,2015
10.1257/aer.20130907,The Welfare Economics of Default Options in 401(k) Plans,2015
10.1257/aer.20130921,Overconfidence in Political Behavior,2015
10.1257/aer.20130929,How to Control Controlled School Choice,2015
10.1257/aer.20130930,Self-Confirming Equilibrium and Model Uncertainty,2015
10.1257/aer.20130932,A Seniority Arrangement for Sovereign Debt,2015
10.1257/aer.20130935,Vehicle Scrappage and Gasoline Policy,2015
10.1257/aer.20130952,Sticky Leverage,2016
10.1257/aer.20130954,The Next Generation of the Penn World Table,2015
10.1257/aer.20130957,Fiscal Policy and Economic Recovery: The Case of the 1936 Veterans' Bonus,2016
10.1257/aer.20131002,Defensive Investments and the Demand for Air Quality: Evidence from the NOx Budget Program,2017
10.1257/aer.20131006,An Empirical Model of the Medical Match,2015
10.1257/aer.20131024,Moderating Political Extremism: Single Round versus Runoff Elections under Plurality Rule,2016
10.1257/aer.20131026,How Local Are Labor Markets? Evidence from a Spatial Job Search Model,2017
10.1257/aer.20131029,Modeling the Revolving Revolution: The Debt Collection Channel,2017
10.1257/aer.20131030,Preferences for Flexibility and Randomization under Uncertainty,2015
10.1257/aer.20131031,The Value of Democracy: Evidence from Road Building in Kenya,2015
10.1257/aer.20131032,Marijuana on Main Street? Estimating Demand in Markets with Limited Access,2016
10.1257/aer.20131048,Choice Inconsistencies among the Elderly: Evidence from Plan Choice in the Medicare Part D Program: Comment,2016
10.1257/aer.20131057,"Bidder Solicitation, Adverse Selection, and the Failure of Competition",2017
10.1257/aer.20131061,Agricultural Productivity and Structural Transformation: Evidence from Brazil,2016
10.1257/aer.20131063,How Do Voters Respond to Information? Evidence from a Randomized Campaign,2015
10.1257/aer.20131076,"Financial Entanglement: A Theory of Incomplete Integration, Leverage, Crashes, and Contagion",2015
10.1257/aer.20131082,The Allocation of Future Business: Dynamic Relational Contracts with Multiple Agents,2016
10.1257/aer.20131118,The Macrodynamics of Sorting between Workers and Firms,2017
10.1257/aer.20131126,"Health Insurance for “Humans”: Information Frictions, Plan Choice, and Consumer Welfare",2015
10.1257/aer.20131159,Robustness and Linear Contracts,2015
10.1257/aer.20131176,Do Firms Underinvest in Long-Term Research? Evidence from Cancer Clinical Trials,2015
10.1257/aer.20131183,Comment on “Risk Preferences Are Not Time Preferences”: Separating Risk and Time Preference,2015
10.1257/aer.20131189,Taxpayer Confusion: Evidence from the Child Tax Credit,2016
10.1257/aer.20131193,Measuring Uncertainty,2015
10.1257/aer.20131273,Market Externalities of Large Unemployment Insurance Extension Programs,2015
10.1257/aer.20131296,Do Expiring Budgets Lead to Wasteful Year-End Spending? Evidence from Federal Procurement,2017
10.1257/aer.20131306,Government Policy with Time Inconsistent Voters,2015
10.1257/aer.20131311,The Long-Run Effects of the Scramble for Africa,2016
10.1257/aer.20131314,Evidence for Countercyclical Risk Aversion: An Experiment with Financial Professionals,2015
10.1257/aer.20131365,"Networks and Misallocation: Insurance, Migration, and the Rural-Urban Wage Gap",2016
10.1257/aer.20131377,When Does Regulation Distort Costs? Lessons from Fuel Procurement in US Electricity Generation,2015
10.1257/aer.20131408,Bankruptcy as Implicit Health Insurance,2015
10.1257/aer.20131416,On the Timing and Pricing of Dividends: Comment,2016
10.1257/aer.20131455,The Demand for Energy-Using Assets among the World's Rising Middle Classes,2016
10.1257/aer.20131461,Fiscal Foundations of Inflation: Imperfect Knowledge,2018
10.1257/aer.20131483,Betting on Secession: Quantifying Political Events Surrounding Slavery and the Civil War,2016
10.1257/aer.20131496,Recall and Unemployment,2017
10.1257/aer.20131513,Are Sticky Prices Costly? Evidence from the Stock Market,2016
10.1257/aer.20131564,Evaluating Behaviorally Motivated Policy: Experimental Evidence from the Lightbulb Market,2015
10.1257/aer.20131578,The Surprisingly Swift Decline of US Manufacturing Employment,2016
10.1257/aer.20131580,On Discrimination in Auctions with Endogenous Entry,2015
10.1257/aer.20131584,Optimal Annuitization with Stochastic Mortality and Correlated Medical Costs,2015
10.1257/aer.20131658,Understanding the Gains from Wage Flexibility: The Exchange Rate Connection,2016
10.1257/aer.20131664,Exclusive Contracts and Market Dominance,2015
10.1257/aer.20131687,Domestic Value Added in Exports: Theory and Firm Evidence from China,2016
10.1257/aer.20131702,Efficient Firm Dynamics in a Frictional Labor Market,2015
10.1257/aer.20131706,The Determinants and Welfare Implications of US Workers' Diverging Location Choices by Skill: 1980–2000,2016
10.1257/aer.20140012,Media Influences on Social Outcomes: The Impact of MTV’s <i>16 and Pregnant</i> on Teen Childbearing,2015
10.1257/aer.20140015,Medicaid Insurance in Old Age,2016
10.1257/aer.20140040,Interest Rates and Equity Extraction During the Housing Boom,2016
10.1257/aer.20140044,State Capacity and Economic Development: A Network Approach,2015
10.1257/aer.20140079,The Housing Market Impacts of Shale Gas Development,2015
10.1257/aer.20140105,The Evolution of Strategic Sophistication,2016
10.1257/aer.20140117,"Revealed Preference, Rational Inattention, and Costly Information Acquisition",2015
10.1257/aer.20140131,Discounts as a Barrier to Entry,2016
10.1257/aer.20140134,"Correlation Neglect, Voting Behavior, and Information Aggregation",2015
10.1257/aer.20140150,"Acquisitions, Productivity, and Profitability: Evidence from the Japanese Cotton Spinning Industry",2015
10.1257/aer.20140193,A Macroeconomic Model of Price Swings in the Housing Market,2019
10.1257/aer.20140202,Identifying Industry Margins with Price Constraints: Structural Estimation on Pharmaceuticals,2018
10.1257/aer.20140205,Stock Price Booms and Expected Capital Gains,2017
10.1257/aer.20140259,Leverage and Beliefs: Personal Experience and Risk-Taking in Margin Lending,2016
10.1257/aer.20140260,The Determinants of Productivity in Medical Testing: Intensity and Allocation of Care,2016
10.1257/aer.20140270,Back to Fundamentals: Equilibrium in Abstract Economies,2015
10.1257/aer.20140289,Liquidity Trap and Excessive Leverage,2016
10.1257/aer.20140297,The Caloric Costs of Culture: Evidence from Indian Migrants,2016
10.1257/aer.20140308,Do Schools Matter for High Math Achievement? Evidence from the American Mathematics Competitions,2016
10.1257/aer.20140316,The Politics of Compromise,2016
10.1257/aer.20140359,Price Cutting and Business Stealing in Imperfect Cartels,2017
10.1257/aer.20140372,A Balls-and-Bins Model of Trade: Comment,2016
10.1257/aer.20140386,The Realization Effect: Risk-Taking After Realized Versus Paper Losses,2016
10.1257/aer.20140389,How Do Electricity Shortages Affect Industry? Evidence from India,2016
10.1257/aer.20140412,International Recessions,2018
10.1257/aer.20140443,International Reserves and Rollover Risk,2018
10.1257/aer.20140466,"Technical Change, Wage Inequality, and Taxes",2015
10.1257/aer.20140481,Poverty and Economic Decision-Making: Evidence from Changes in Financial Resources at Payday,2016
10.1257/aer.20140494,Optimal Allocation with Ex Post Verification and Limited Penalties,2017
10.1257/aer.20140500,The Real Effects of Monetary Shocks in Sticky Price Models: A Sufficient Statistic Approach,2016
10.1257/aer.20140529,The Long-Run Impact of Cash Transfers to Poor Families,2016
10.1257/aer.20140571,Attention Discrimination: Theory and Field Experiments with Monitoring Information Acquisition,2016
10.1257/aer.20140605,Unplanned Purchases and Retail Competition,2017
10.1257/aer.20140647,Export Destinations and Input Prices,2018
10.1257/aer.20140662,Asymmetric Information and Intermediation Chains,2016
10.1257/aer.20140678,Runs on Money Market Mutual Funds,2016
10.1257/aer.20140705,Network Structure and the Aggregation of Information: Theory and Evidence from Indonesia,2016
10.1257/aer.20140737,Persuading Voters,2016
10.1257/aer.20140741,Rational Inattention and Organizational Focus,2016
10.1257/aer.20140759,Decentralized Exchange,2017
10.1257/aer.20140772,Managerial Attention and Worker Performance,2016
10.1257/aer.20140773,Competition and Strategic Incentives in the Market for Credit Ratings: Empirics of the Financial Crisis of 2007,2019
10.1257/aer.20140774,Report Cards: The Impact of Providing School and Child Test Scores on Educational Markets,2017
10.1257/aer.20140782,Banks as Secret Keepers,2017
10.1257/aer.20140783,"Does Affirmative Action Work? Caste, Gender, College Quality, and Academic Success in India",2016
10.1257/aer.20140806,Averting Catastrophes: The Strange Economics of Scylla and Charybdis,2015
10.1257/aer.20140832,"The Wind of Change: Maritime Technology, Trade, and Economic Development",2017
10.1257/aer.20140850,How To Count Citations If You Must,2016
10.1257/aer.20140855,Tax Policy and Heterogeneous Investment Behavior,2017
10.1257/aer.20140883,Tracing Value-Added and Double Counting in Gross Exports: Comment,2016
10.1257/aer.20140890,You Owe Me,2017
10.1257/aer.20140913,Presidents and the US Economy: An Econometric Exploration,2016
10.1257/aer.20140973,A Behavioral Analysis of Stochastic Reference Dependence,2016
10.1257/aer.20140989,Unemployment Insurance as a Housing Market Stabilizer,2018
10.1257/aer.20141017,Dictating the Risk: Experimental Evidence on Giving in Risky Environments: Reply,2016
10.1257/aer.20141070,Exporter Dynamics and Partial-Year Effects,2017
10.1257/aer.20141081,Capital Taxation under Political Constraints,2016
10.1257/aer.20141096,Export Markets and Labor Allocation in a Low-Income Country,2018
10.1257/aer.20141122,Anatomy of a Contract Change,2016
10.1257/aer.20141123,BKK the EZ Way: International Long-Run Growth News and Capital Flows,2018
10.1257/aer.20141127,"Price Setting in Online Markets: Basic Facts, International Comparisons, and Cross-Border Integration",2017
10.1257/aer.20141141,Perceiving Prospects Properly,2016
10.1257/aer.20141188,Near-Feasible Stable Matchings with Couples,2018
10.1257/aer.20141198,Adverse Selection and Auction Design for Internet Display Advertising,2016
10.1257/aer.20141212,Properties of the Combinatorial Clock Auction,2016
10.1257/aer.20141215,Dynamic Delegation of Experimentation,2016
10.1257/aer.20141222,Why Do People Give? Testing Pure and Impure Altruism,2017
10.1257/aer.20141271,"Feedback Effects, Asymmetric Trading, and the Limits to Arbitrage",2015
10.1257/aer.20141280,The Growth Potential of Startups over the Business Cycle,2017
10.1257/aer.20141287,Coarse Competitive Equilibrium and Extreme Prices,2017
10.1257/aer.20141297,High Discounts and High Unemployment,2017
10.1257/aer.20141300,Peer Effects in the Workplace,2017
10.1257/aer.20141301,The Market Impacts of Pharmaceutical Product Patents in Developing Countries: Evidence from India,2016
10.1257/aer.20141313,"Interest Rate Pass-Through: Mortgage Rates, Household Consumption, and Voluntary Deleveraging",2017
10.1257/aer.20141335,"In with the Big, Out with the Small: Removing Small-Scale Reservations in India",2017
10.1257/aer.20141346,Building State Capacity: Evidence from Biometric Smartcards in India,2016
10.1257/aer.20141362,Generalized Social Marginal Welfare Weights for Optimal Tax Theory,2016
10.1257/aer.20141374,In Search of Labor Demand,2018
10.1257/aer.20141388,The Limits to Partial Banking Unions: A Political Economy Approach,2018
10.1257/aer.20141406,"Family Ruptures, Stress, and the Mental Health of the Next Generation",2018
10.1257/aer.20141409,Conveniently Upset: Avoiding Altruism by Distorting Beliefs about Others' Altruism,2015
10.1257/aer.20141419,"Policy Uncertainty, Trade, and Welfare: Theory and Evidence for China and the United States",2017
10.1257/aer.20141440,Measuring the Impacts of Teachers: Comment,2017
10.1257/aer.20141449,"Trade, Domestic Frictions, and Scale Effects",2016
10.1257/aer.20141467,Can Women Have Children and a Career? IV Evidence from IVF Treatments,2017
10.1257/aer.20141469,On Communication and Collusion,2016
10.1257/aer.20141482,Patents and the Global Diffusion of New Drugs,2016
10.1257/aer.20141524,Eponymous Entrepreneurs,2017
10.1257/aer.20141529,"Sequential Markets, Market Power, and Arbitrage",2016
10.1257/aer.20141558,The Twin Ds: Optimal Default and Devaluation,2018
10.1257/aer.20141566,The Effect of Unemployment Benefits and Nonemployment Durations on Wages,2016
10.1257/aer.20141625,Nominal Wage Rigidity in Village Labor Markets,2019
10.1257/aer.20141651,Incidental Bequests and the Choice to Self-Insure Late-Life Risks,2018
10.1257/aer.20141685,The Margins of Global Sourcing: Theory and Evidence from US Firms,2017
10.1257/aer.20141702,Who Benefits from State Corporate Tax Cuts? A Local Labor Markets Approach with Heterogeneous Firms,2016
10.1257/aer.20141707,Creative Destruction: Barriers to Urban Growth and the Great Boston Fire of 1872,2017
10.1257/aer.20141708,Estimating Group Effects Using Averages of Observables to Control for Sorting on Unobservables: School and Neighborhood Effects,2018
10.1257/aer.20141727,Group Strategy-Proofness in Private Good Economies,2016
10.1257/aer.20141734,Gender Differences in Accepting and Receiving Requests for Tasks with Low Promotability,2017
10.1257/aer.20141743,Innovation and Production in the Global Economy,2018
10.1257/aer.20141745,"Firms, Informality, and Development: Theory and Evidence from Brazil",2018
10.1257/aer.20141751,"Implications of US Tax Policy for House Prices, Rents, and Homeownership",2018
10.1257/aer.20141757,The Value of Postsecondary Credentials in the Labor Market: An Experimental Study,2016
10.1257/aer.20141766,Slow Moving Debt Crises,2019
10.1257/aer.20141772,Segmented Housing Search,2020
10.1257/aer.20141781,"Skill Transferability, Migration, and Development:Evidence from Population Resettlement in Indonesia",2016
10.1257/aer.20150004,Bargaining under the Illusion of Transparency,2021
10.1257/aer.20150020,The Agricultural Origins of Time Preference,2016
10.1257/aer.20150063,The Power of Forward Guidance Revisited,2016
10.1257/aer.20150076,Search Design and Broad Matching,2016
10.1257/aer.20150102,How Much Energy Do Building Energy Codes Save? Evidence from California Houses,2016
10.1257/aer.20150143,Investment Banks as Corporate Monitors in the Early Twentieth Century United States,2017
10.1257/aer.20150154,"Partner Choice, Investment in Children, and the Marital College Premium",2017
10.1257/aer.20150157,"Bailouts, Time Inconsistency, and Optimal Regulation: A Macroeconomic View",2016
10.1257/aer.20150183,Estimating the Production Function for Human Capital: Results from a Randomized Controlled Trial in Colombia,2020
10.1257/aer.20150208,Measuring Discounting without Measuring Utility,2016
10.1257/aer.20150210,Positive Long-Run Capital Taxation: Chamley-Judd Revisited,2020
10.1257/aer.20150218,Beeps,2017
10.1257/aer.20150233,The Fundamental Surplus,2017
10.1257/aer.20150237,Taxation and the International Mobility of Inventors,2016
10.1257/aer.20150243,"Culture, Ethnicity, and Diversity",2017
10.1257/aer.20150248,Inflation Dynamics during the Financial Crisis,2017
10.1257/aer.20150275,Dynamic Procurement under Uncertainty: Optimal Design and Implications for Incomplete Contracts,2016
10.1257/aer.20150311,Risk Preferences Are Not Time Preferences: Reply,2015
10.1257/aer.20150313,"Corruption, Trade Costs, and Gains from Tariff Liberalization: Evidence from Southern Africa",2016
10.1257/aer.20150314,Misallocation and the Distribution of Global Volatility,2017
10.1257/aer.20150320,New Evidence on the Aftermath of Financial Crises in Advanced Countries,2017
10.1257/aer.20150338,Creative Destruction and Subjective Well-Being,2016
10.1257/aer.20150342,Deposit Competition and Financial Fragility: Evidence from the US Banking Sector,2017
10.1257/aer.20150343,Politician Family Networks and Electoral Outcomes: Evidence from the Philippines,2017
10.1257/aer.20150355,Clicking on Heaven’s Door: The Effect of Immigrant Legalization on Crime,2017
10.1257/aer.20150361,Firm Sorting and Agglomeration,2018
10.1257/aer.20150416,Timing Decisions in Organizations: Communication and Authority in a Dynamic Environment,2016
10.1257/aer.20150443,Imported Inputs and Productivity,2015
10.1257/aer.20150474,"Technological Innovations, Downside Risk, and the Modernization of Agriculture",2016
10.1257/aer.20150479,Charters without Lotteries: Testing Takeovers in New Orleans and Boston,2016
10.1257/aer.20150484,Can Tracking Raise the Test Scores of High-Ability Minority Students?,2016
10.1257/aer.20150487,Asymmetric Information and Imperfect Competition in Lending Markets,2018
10.1257/aer.20150491,Housing Wealth and Consumption: Evidence from Geographically Linked Microdata,2017
10.1257/aer.20150501,"No Price Like Home: Global House Prices, 1870–2012",2017
10.1257/aer.20150503,Reducing Crime and Violence: Experimental Evidence from Cognitive Behavioral Therapy in Liberia,2017
10.1257/aer.20150508,The Effect of State Taxes on the Geographical Location of Top Earners: Evidence from Star Scientists,2017
10.1257/aer.20150528,Does Extending Unemployment Benefits Improve Job Quality?,2017
10.1257/aer.20150540,A Structural Model of the Retail Market for Illicit Drugs,2017
10.1257/aer.20150566,Estimating Dynamic Games of Electoral Competition to Evaluate Term Limits in US Gubernatorial Elections,2017
10.1257/aer.20150572,The Effects of Exposure to Better Neighborhoods on Children: New Evidence from the Moving to Opportunity Experiment,2016
10.1257/aer.20150585,Long-Run Risk Is the Worst-Case Scenario,2016
10.1257/aer.20150592,"Hayek, Local Information, and Commanding Heights: Decentralizing State-Owned Enterprises in China",2017
10.1257/aer.20150626,The Berlin Stock Exchange in Imperial Germany: A Market for New Technology?,2016
10.1257/aer.20150630,Inspecting the Mechanism: Leverage and the Great Recession in the Eurozone,2017
10.1257/aer.20150635,"Networks, Markets, and Inequality",2017
10.1257/aer.20150678,Robust Social Decisions,2016
10.1257/aer.20150681,Real Effects of Information Frictions: When the States and the Kingdom Became United,2018
10.1257/aer.20150742,"Speed, Accuracy, and the Optimal Timing of Choices",2018
10.1257/aer.20150755,Competing for Loyalty: The Dynamics of Rallying Support,2017
10.1257/aer.20150774,This Mine is Mine! How Minerals Fuel Conflicts in Africa,2017
10.1257/aer.20150781,Using a Free Permit Rule to Forecast the Marginal Abatement Cost of Proposed Climate Policy,2017
10.1257/aer.20150796,"Trade, Quality Upgrading, and Input Linkages: Theory and Evidence from Colombia",2018
10.1257/aer.20150808,Financing Innovation: Evidence from R&amp;D Grants,2017
10.1257/aer.20150811,"Trade, Migration, and Productivity: A Quantitative Analysis of China",2019
10.1257/aer.20150891,"The Cyclicality of Sales, Regular, and Effective Prices: Business Cycle and Policy Implications: Comment",2017
10.1257/aer.20150897,Are There Environmental Benefits from Driving Electric Vehicles? The Importance of Local Factors,2016
10.1257/aer.20150912,Medical Care Spending and Labor Market Outcomes: Evidence from Workers’ Compensation Reforms,2018
10.1257/aer.20150913,Evidence Games: Truth and Commitment,2017
10.1257/aer.20150947,A Comprehensive Approach to Revealed Preference Theory,2017
10.1257/aer.20150956,Nonparametric Counterfactual Predictions in Neoclassical Models of International Trade,2017
10.1257/aer.20150958,The Political Legacy of Entertainment TV,2019
10.1257/aer.20150986,Steering the Climate System: Using Inertia to Lower the Cost of Policy,2017
10.1257/aer.20150988,The Impact of Family Income on Child Achievement: Evidence from the Earned Income Tax Credit: Comment,2017
10.1257/aer.20150993,Backward Induction in the Wild? Evidence from Sequential Voting in the US Senate,2018
10.1257/aer.20151045,Real Exchange Rates and Sectoral Productivity in the Eurozone,2018
10.1257/aer.20151047,Legal Origins and Female HIV,2018
10.1257/aer.20151052,Regional Redistribution through the US Mortgage Market,2016
10.1257/aer.20151057,Incentivizing Better Quality of Care: The Role of Medicaid and Competition in the Nursing Home Industry,2019
10.1257/aer.20151079,Optimal Taxation with Behavioral Agents,2020
10.1257/aer.20151080,Health Care Exceptionalism? Performance and Allocation in the US Health Care Sector,2016
10.1257/aer.20151086,Microeconomic Origins of Macroeconomic Tail Risks,2017
10.1257/aer.20151093,Taxing Top CEO Incomes,2016
10.1257/aer.20151129,Does Welfare Inhibit Success? The Long-Term Effects of Removing Low-Income Youth from the Disability Rolls,2016
10.1257/aer.20151138,Quality and Accountability in Health Care Delivery: Audit-Study Evidence from Primary Care in India,2016
10.1257/aer.20151147,The Distributional Consequences of Public School Choice,2021
10.1257/aer.20151180,Fiscal Rules and Discretion in a World Economy,2018
10.1257/aer.20151181,"Breakthroughs, Deadlines, and Self-Reported Progress: Contracting for Multistage Projects",2016
10.1257/aer.20151182,Quality Overprovision in Cable Television Markets,2019
10.1257/aer.20151184,Team-Specific Capital and Innovation,2018
10.1257/aer.20151193,Virtual Classrooms: How Online College Courses Affect Student Success,2017
10.1257/aer.20151211,Does the Gender Composition of Scientific Committees Matter?,2017
10.1257/aer.20151231,"Disability Benefits, Consumption Insurance, and Household Labor Supply",2019
10.1257/aer.20151233,A Balls-and-Bins Model of Trade: Reply,2016
10.1257/aer.20151260,Resurrecting the Role of the Product Market Wedge in Recessions,2018
10.1257/aer.20151272,"Why Is Pollution from US Manufacturing Declining? The Roles of Environmental Regulation, Productivity, and Trade",2018
10.1257/aer.20151282,Why Are Indian Children So Short? The Role of Birth Order and Son Preference,2017
10.1257/aer.20151299,How Do Firms Form Their Expectations? New Survey Evidence,2018
10.1257/aer.20151310,Contractual Managerial Incentives with Stock Price Feedback,2019
10.1257/aer.20151317,Large Firm Dynamics and the Business Cycle,2019
10.1257/aer.20151318,Choice Inconsistencies among the Elderly: Evidence from Plan Choice in the Medicare Part D Program: Reply,2016
10.1257/aer.20151326,Geographic Dispersion of Economic Shocks: Evidence from the Fracking Revolution,2017
10.1257/aer.20151362,Do Larger Health Insurance Subsidies Benefit Patients or Producers? Evidence from Medicare Advantage,2018
10.1257/aer.20151372,The Bidder's Curse: Reply,2016
10.1257/aer.20151398,How Do Patents Affect Follow-On Innovation? Evidence from the Human Genome,2019
10.1257/aer.20151404,Identifying and Spurring High-Growth Entrepreneurship: Experimental Evidence from a Business Plan Competition,2017
10.1257/aer.20151413,Household Consumption When the Marriage Is Stable,2017
10.1257/aer.20151422,Beyond Truth-Telling: Preference Estimation with Centralized School Choice and College Admissions,2019
10.1257/aer.20151425,The Welfare Effects of Coordinated Assignment: Evidence from the New York City High School Match,2017
10.1257/aer.20151462,Full Implementation and Belief Restrictions,2017
10.1257/aer.20151485,Advertising and Risk Selection in Health Insurance Markets,2018
10.1257/aer.20151497,The Consumption Effects of the 2007–2008 Financial Crisis: Evidence from Households in Denmark,2017
10.1257/aer.20151507,"Commuting, Migration, and Local Employment Elasticities",2018
10.1257/aer.20151510,Bad Investments and Missed Opportunities? Postwar Capital Flows to Asia and Latin America,2018
10.1257/aer.20151538,Endogenous Entry to Security-Bid Auctions,2016
10.1257/aer.20151551,The Distributional Consequences of Large Devaluations,2017
10.1257/aer.20151569,Structural Interpretation of Vector Autoregressions with Incomplete Identification: Revisiting the Role of Oil Supply and Demand Shocks,2019
10.1257/aer.20151579,Search at the Margin,2017
10.1257/aer.20151589,The Effect of Wealth on Individual and Household Labor Supply: Evidence from Swedish Lotteries,2017
10.1257/aer.20151604,"Housing Booms and Busts, Labor Market Opportunities, and College Attendance",2018
10.1257/aer.20151606,Option-Based Credit Spreads,2018
10.1257/aer.20151645,"Equilibrium Technology Diffusion, Trade, and Growth",2021
10.1257/aer.20151655,Knowledge of Future Job Loss and Implications for Unemployment Insurance,2017
10.1257/aer.20151656,"Factory Productivity and the Concession System of Incorporation in Late Imperial Russia, 1894–1908",2020
10.1257/aer.20151667,The Costs of Sovereign Default: Evidence from Argentina,2017
10.1257/aer.20151684,Wealth Distribution and Social Mobility in the US: A Quantitative Approach,2019
10.1257/aer.20151700,A Theory of Crowdfunding: A Mechanism Design Approach with Demand Uncertainty and Moral Hazard,2017
10.1257/aer.20151703,The Welfare Cost of Perceived Policy Uncertainty: Evidence from Social Security,2018
10.1257/aer.20151710,Contracts as a Barrier to Entry in Markets with Nonpivotal Buyers,2017
10.1257/aer.20151714,Information Spillovers in Asset Markets with Correlated Values,2017
10.1257/aer.20151720,How Do Hours Worked Vary with Income? Cross-Country Evidence and Implications,2018
10.1257/aer.20151723,Quantifying the Supply Response of Private Schools to Public Policies,2021
10.1257/aer.20151730,Temporary Protection and Technology Adoption: Evidence from the Napoleonic Blockade,2018
10.1257/aer.20151739,Balanced Growth Despite Uzawa,2017
10.1257/aer.20151743,Discriminatory Information Disclosure,2017
10.1257/aer.20160034,Some Causal Effects of an Industrial Policy,2019
10.1257/aer.20160042,Monetary Policy According to HANK,2018
10.1257/aer.20160055,Multi-Category Competition and Market Power: A Model of Supermarket Pricing,2017
10.1257/aer.20160080,Gender Quotas and the Crisis of the Mediocre Man: Theory and Evidence from Sweden,2017
10.1257/aer.20160091,The Micro Origins of International Business-Cycle Comovement,2018
10.1257/aer.20160093,Correlation Misperception in Choice,2017
10.1257/aer.20160131,The Market for Used Capital: Endogenous Irreversibility and Reallocation over the Business Cycle,2018
10.1257/aer.20160133,How Does Household Income Affect Child Personality Traits and Behaviors?,2018
10.1257/aer.20160137,Monetary Policy and the Redistribution Channel,2019
10.1257/aer.20160144,The Economic Effects of the Abolition of Serfdom: Evidence from the Russian Empire,2018
10.1257/aer.20160145,Buyer-Optimal Learning and Monopoly Pricing,2017
10.1257/aer.20160164,Is the Cure Worse than the Disease? Unintended Effects of Payment Reform in a Quantity-Based Transfer Program,2020
10.1257/aer.20160175,Not So Demanding: Demand Structure and Firm Behavior,2017
10.1257/aer.20160177,Just Starting Out: Learning and Equilibrium in a New Market,2018
10.1257/aer.20160186,Escaping the Great Recession,2017
10.1257/aer.20160194,Relational Knowledge Transfers,2017
10.1257/aer.20160216,A Model of Safe Asset Determination,2019
10.1257/aer.20160232,Fairness and Frictions: The Impact of Unequal Raises on Quit Behavior,2019
10.1257/aer.20160251,Income-Induced Expenditure Switching,2016
10.1257/aer.20160256,The Effects of Income Transparency on Well-Being: Evidence from a Natural Experiment,2020
10.1257/aer.20160277,Content-Based Agendas and Qualified Majorities in Sequential Voting,2017
10.1257/aer.20160284,University Innovation and the Professor's Privilege,2018
10.1257/aer.20160328,"Bargaining over Babies: Theory, Evidence, and Policy Implications",2019
10.1257/aer.20160346,"Drilling Like There’s No Tomorrow: Bankruptcy, Insurance, and Environmental Risk",2019
10.1257/aer.20160349,Detecting Potential Overbilling in Medicare Reimbursement via Hours Worked,2017
10.1257/aer.20160404,Differentiated Durable Goods Monopoly: A Robust Coase Conjecture,2019
10.1257/aer.20160409,Does Incomplete Spanning in International Financial Markets Help to Explain Exchange Rates?,2019
10.1257/aer.20160425,Obviously Strategy-Proof Mechanisms,2017
10.1257/aer.20160449,Understanding the Scarring Effect of Recessions,2022
10.1257/aer.20160522,A Model of Trading in the Art Market,2018
10.1257/aer.20160524,Will a Five-Minute Discussion Change Your Mind? A Countrywide Experiment on Voter Choice in France,2018
10.1257/aer.20160542,Are Online and Offline Prices Similar? Evidence from Large Multi-Channel Retailers,2017
10.1257/aer.20160547,News Shocks and the Slope of the Term Structure of Interest Rates: Comment,2017
10.1257/aer.20160575,The Persistence of Local Joblessness,2018
10.1257/aer.20160576,Walk on the Wild Side: Temporarily Unstable Paths and Multiplicative Sunspots,2019
10.1257/aer.20160600,The Taxing Deed of Globalization,2019
10.1257/aer.20160613,Equal but Inequitable: Who Benefits from Gender-Neutral Tenure Clock Stopping Policies?,2018
10.1257/aer.20160658,Consumers as Tax Auditors,2019
10.1257/aer.20160665,Gresham's Law of Model Averaging,2017
10.1257/aer.20160675,Bid Shading and Bidder Surplus in the US Treasury Auction System,2018
10.1257/aer.20160696,"The Race between Man and Machine: Implications of Technology for Growth, Factor Shares, and Employment",2018
10.1257/aer.20160698,On the Timing and Pricing of Dividends: Reply,2016
10.1257/aer.20160763,The Long-Run Effects of Disruptive Peers,2018
10.1257/aer.20160782,Asset Bubbles and Credit Constraints,2018
10.1257/aer.20160788,Team Incentives and Performance: Evidence from a Retail Chain,2017
10.1257/aer.20160789,Violence and Risk Preference: Experimental Evidence from Afghanistan: Comment,2018
10.1257/aer.20160812,Bias in Cable News: Persuasion and Polarization,2017
10.1257/aer.20160816,The Optimal Timing of Unemployment Benefits: Theory and Evidence from Sweden,2018
10.1257/aer.20160848,"Mismatch of Talent: Evidence on Match Quality, Entry Wages, and Job Mobility",2018
10.1257/aer.20160863,Trucks without Bailouts: Equilibrium Product Characteristics for Commercial Vehicles,2018
10.1257/aer.20160868,Lapse-Based Insurance,2021
10.1257/aer.20160913,How to Control Controlled School Choice: Comment,2017
10.1257/aer.20160921,Government Old-Age Support and Labor Supply: Evidence from the Old Age Assistance Program,2018
10.1257/aer.20160945,Inference in Regression Discontinuity Designs with a Discrete Running Variable,2018
10.1257/aer.20160970,An Efficient Ascending-Bid Auction for Multiple Objects: Comment,2018
10.1257/aer.20160999,Mobilizing the Masses for Genocide,2021
10.1257/aer.20161007,Nondogmatic Social Discounting,2020
10.1257/aer.20161014,"Health Care Access, Costs, and Treatment Dynamics: Evidence from <i>In Vitro</i> Fertilization",2018
10.1257/aer.20161038,The Economic Consequences of Hospital Admissions,2018
10.1257/aer.20161048,Corporate Finance and Monetary Policy,2018
10.1257/aer.20161076,Does Household Finance Matter? Small Financial Errors with Large Social Costs,2019
10.1257/aer.20161079,The Design and Price of Information,2018
10.1257/aer.20161080,Absolute Poverty: When Necessity Displaces Desire,2017
10.1257/aer.20161109,"Delegated Expertise, Authority, and Communication",2019
10.1257/aer.20161124,"Family Ruptures, Stress, and the Mental Health of the Next Generation: Comment",2018
10.1257/aer.20161151,From Final Goods to Inputs: The Protectionist Effect of Rules of Origin,2018
10.1257/aer.20161214,Trade Liberalization and Regional Dynamics,2017
10.1257/aer.20161218,Expecting the Unexpected: Emissions Uncertainty and Environmental Market Design,2019
10.1257/aer.20161226,Does Helping John Help Sue? Evidence of Spillovers in Education,2019
10.1257/aer.20161290,The Efficiency of Race-Neutral Alternatives to Race-Based Affirmative Action: Evidence from Chicago’s Exam Schools,2021
10.1257/aer.20161329,The Impact of Family Income on Child Achievement: Evidence from the Earned Income Tax Credit: Reply,2017
10.1257/aer.20161343,Subsidies and Time Discounting in New Technology Adoption: Evidence from Solar Photovoltaic Systems,2019
10.1257/aer.20161345,Brands in Motion: How Frictions Shape Multinational Production,2019
10.1257/aer.20161352,Moved to Opportunity: The Long-Run Effects of Public Housing Demolition on Children,2018
10.1257/aer.20161385,The Arrival of Fast Internet and Employment in Africa,2019
10.1257/aer.20161413,Why Did the Democrats Lose the South? Bringing New Data to an Old Debate,2018
10.1257/aer.20161420,Aggregate Recruiting Intensity,2018
10.1257/aer.20161434,Tourism and Economic Development: Evidence from Mexico’s Coastline,2019
10.1257/aer.20161441,Persuasion: The Art of Changing Worldviews,2019
10.1257/aer.20161457,Sovereign Debt and Structural Reforms,2019
10.1257/aer.20161471,Self-Fulfilling Debt Crises: A Quantitative Analysis,2019
10.1257/aer.20161488,Optimal Regulation of Financial Intermediaries,2019
10.1257/aer.20161491,Endogenous Monitoring in a Partnership Game,2020
10.1257/aer.20161492,Certified Random: A New Order for Coauthorship,2018
10.1257/aer.20161495,The “Pupil” Factory: Specialization and the Production of Human Capital in Schools,2018
10.1257/aer.20161500,Valuing Alternative Work Arrangements,2017
10.1257/aer.20161503,"The Effects of Pre-Trial Detention on Conviction, Future Crime, and Employment: Evidence from Randomly Assigned Judges",2018
10.1257/aer.20161534,Disentangling the Effects of a Banking Crisis: Evidence from German Firms and Counties,2018
10.1257/aer.20161553,Lying Aversion and the Size of the Lie,2018
10.1257/aer.20161570,Do Recessions Accelerate Routine-Biased Technological Change? Evidence from Vacancy Postings,2018
10.1257/aer.20161574,Does Science Advance One Funeral at a Time?,2019
10.1257/aer.20161605,"Family Ruptures, Stress, and the Mental Health of the Next Generation: Reply",2018
10.1257/aer.20161622,"Productivity Shocks, Long-Term Contracts, and Earnings Dynamics",2022
10.1257/aer.20161661,Bank Networks and Systemic Risk: Evidence from the National Banking Acts,2019
10.1257/aer.20161696,Investment Strategy and Selection Bias: An Equilibrium Perspective on Overoptimism,2018
10.1257/aer.20161720,"Frictions in a Competitive, Regulated Market: Evidence from Taxis",2019
10.1257/aer.20161723,"Lumpy Investment, Business Cycles, and Stimulus Policy",2021
10.1257/aer.20161749,Marking to Market versus Taking to Market,2018
10.1257/aer.20161852,Narrative Sign Restrictions for SVARs,2018
10.1257/aer.20161863,Taking a Financial Position in Your Opponent in Litigation,2018
10.1257/aer.20161864,Curbing Leakage in Public Programs: Evidence from India’s Direct Benefit Transfer Policy,2024
10.1257/aer.20161923,Vulnerable Growth,2019
10.1257/aer.20161925,Occupations and Import Competition: Evidence from Denmark,2019
10.1257/aer.20161946,News Shocks and the Slope of the Term Structure of Interest Rates: Reply,2017
10.1257/aer.20161965,"Market Integration, Demand, and the Growth of Firms: Evidence From a Natural Experiment in India",2018
10.1257/aer.20161996,Forward Guidance without Common Knowledge,2018
10.1257/aer.20162002,"Multidimensional Skills, Sorting, and Human Capital Accumulation",2020
10.1257/aer.20162005,A Behavioral New Keynesian Model,2020
10.1257/aer.20162011,The Dynamic Effects of Personal and Corporate Income Tax Changes in the United States: Comment,2019
10.1257/aer.20162015,Intergenerational Mobility and Preferences for Redistribution,2018
10.1257/aer.20162018,Ownership Concentration and Strategic Supply Reduction,2025
10.1257/aer.20170007,Beliefs about Gender,2019
10.1257/aer.20170011,Importing Political Polarization? The Electoral Consequences of Rising Trade Exposure,2020
10.1257/aer.20170029,‘Acting Wife’: Marriage Market Incentives and Labor Market Investments,2017
10.1257/aer.20170045,Turnover Liquidity and the Transmission of Monetary Policy,2020
10.1257/aer.20170092,Strategic Patient Discharge: The Case of Long-Term Care Hospitals,2018
10.1257/aer.20170108,Measuring the Impacts of Teachers: Reply,2017
10.1257/aer.20170110,Are Low Interest Rates Deflationary? A Paradox of Perfect-Foresight Analysis,2019
10.1257/aer.20170116,Learning to Coordinate: A Study in Retail Gasoline,2019
10.1257/aer.20170129,Heterogeneous Beliefs and School Choice Mechanisms,2020
10.1257/aer.20170133,The Nexus of Monetary Policy and Shadow Banking in China,2018
10.1257/aer.20170156,The Elephant in the Room: The Impact of Labor Obligations on Credit Markets,2020
10.1257/aer.20170159,Crises: Equilibrium Shifts and Large Shocks,2019
10.1257/aer.20170237,Recovery from the Great Depression: The Farm Channel in Spring 1933,2019
10.1257/aer.20170263,"The Violent Legacy of Conflict: Evidence on Asylum Seekers, Crime, and Public Policy in Switzerland",2019
10.1257/aer.20170279,"Religion, Division of Labor, and Conflict: Anti-Semitism in Germany over 600 Years",2019
10.1257/aer.20170297,Behavioral Constraints on the Design of Subgame-Perfect Implementation Mechanisms,2021
10.1257/aer.20170299,Evaluating Strategic Forecasters,2018
10.1257/aer.20170334,Selling to Advised Buyers,2019
10.1257/aer.20170346,Firms’ Internal Networks and Local Economic Shocks,2019
10.1257/aer.20170370,An Estimated Structural Model of Entrepreneurial Behavior,2020
10.1257/aer.20170404,Enfranchising Your Own? Experimental Evidence on Bureaucrat Diversity and Election Bias in India,2018
10.1257/aer.20170413,Testing Efficient Risk Sharing with Heterogeneous Risk Preferences: Comment,2018
10.1257/aer.20170416,The Logic of Insurgent Electoral Violence,2018
10.1257/aer.20170458,Alcohol and Self-Control: A Field Experiment in India,2019
10.1257/aer.20170471,Inattention and Switching Costs as Sources of Inertia in Medicare Part D,2021
10.1257/aer.20170476,Voter Turnout with Peer Punishment,2020
10.1257/aer.20170491,What Drives Differences in Management Practices?,2019
10.1257/aer.20170519,A Single-Judge Solution to Beauty Contests,2020
10.1257/aer.20170537,Consumer Spending during Unemployment: Positive and Normative Implications,2019
10.1257/aer.20170581,Efficient Child Care Subsidies,2020
10.1257/aer.20170619,The Long-Term Effects of Management and Technology Transfers,2019
10.1257/aer.20170620,Ultimatum Bargaining with Rational Inattention,2020
10.1257/aer.20170627,An Economic Analysis of Privacy Protection and Statistical Accuracy as Social Choices,2019
10.1257/aer.20170637,Price Floors and Employer Preferences: Evidence from a Minimum Wage Experiment,2025
10.1257/aer.20170666,"Rich Pickings? Risk, Return, and Skill in Household Wealth",2020
10.1257/aer.20170690,Who Acquires Information in Dealer Markets?,2020
10.1257/aer.20170721,Is Inflation Default? The Role of Information in Debt Crises,2019
10.1257/aer.20170725,Imperfect Financial Markets and Investment Inefficiencies,2023
10.1257/aer.20170748,Escaping Malthus: Economic Growth and Fertility Change in the Developing World,2018
10.1257/aer.20170765,Immigration Restrictions as Active Labor Market Policy: Evidence from the Mexican Bracero Exclusion,2018
10.1257/aer.20170768,Daily Labor Supply and Adaptive Reference Points,2021
10.1257/aer.20170772,"Mortgage Debt, Consumption, and Illiquid Housing Markets in the Great Recession",2020
10.1257/aer.20170792,News or Noise? The Missing Link,2018
10.1257/aer.20170861,Using Aggregated Relational Data to Feasibly Identify Network Structure without Network Data,2020
10.1257/aer.20170866,How Are SNAP Benefits Spent? Evidence from a Retail Panel,2018
10.1257/aer.20170882,Auctions with Limited Commitment,2019
10.1257/aer.20170914,Learning from Others' Outcomes,2018
10.1257/aer.20170947,Media Bias in China,2018
10.1257/aer.20170950,Incentivized Kidney Exchange,2020
10.1257/aer.20170973,"Capital Accumulation, Private Property, and Rising Inequality in China, 1978–2015",2019
10.1257/aer.20170995,Financing Durable Assets,2019
10.1257/aer.20171000,Optimal Dynamic Allocation of Attention,2019
10.1257/aer.20171014,A Road to Efficiency through Communication and Commitment,2023
10.1257/aer.20171019,Elite Colleges and Upward Mobility to Top Jobs and Top Incomes,2019
10.1257/aer.20171034,Diffusing Coordination Risk,2020
10.1257/aer.20171066,Optimal Trend Inflation,2019
10.1257/aer.20171112,Disrupting Education? Experimental Evidence on Technology-Aided Instruction in India,2019
10.1257/aer.20171172,Parents’ Beliefs about Their Children’s Academic Ability: Implications for Educational Investments,2019
10.1257/aer.20171175,From Extreme to Mainstream: The Erosion of Social Norms,2020
10.1257/aer.20171201,Dominant Currency Paradigm,2020
10.1257/aer.20171218,Consumer Price Search and Platform Design in Internet Commerce,2018
10.1257/aer.20171272,Parental Resources and College Attendance: Evidence from Lottery Wins,2021
10.1257/aer.20171288,Equilibrium Provider Networks: Bargaining and Exclusion in Health Care Markets,2019
10.1257/aer.20171330,Measuring and Bounding Experimenter Demand,2018
10.1257/aer.20171338,"The Cyclicality of Sales, Regular and Effective Prices: Business Cycle and Policy Implications: Reply",2019
10.1257/aer.20171339,The Costs of Patronage: Evidence from the British Empire,2018
10.1257/aer.20171349,Long-Run Growth of Financial Data Technology,2020
10.1257/aer.20171397,Competition and Entry in Agricultural Markets: Experimental Evidence from Kenya,2020
10.1257/aer.20171400,"Monetary Policy, Bounded Rationality, and Incomplete Markets",2019
10.1257/aer.20171408,An Efficient Ascending-Bid Auction for Multiple Objects: Reply,2018
10.1257/aer.20171438,"(Mis)Allocation, Market Power, and Global Oil Extraction",2019
10.1257/aer.20171445,Who Pays for the Minimum Wage?,2019
10.1257/aer.20171449,Identifying the Benefits from Homeownership: A Swedish Experiment,2023
10.1257/aer.20171455,Subsidizing Health Insurance for Low-Income Adults: Evidence from Massachusetts,2019
10.1257/aer.20171474,Intrinsic Information Preferences and Skewness,2023
10.1257/aer.20171484,Incentives and the Supply of Effective Charter Schools,2019
10.1257/aer.20171526,Time versus State in Insurance: Experimental Evidence from Contract Farming in Kenya,2018
10.1257/aer.20171534,Bayesian Identification: A Theory for State-Dependent Utilities,2019
10.1257/aer.20171541,Targeted Debt Relief and the Origins of Financial Distress: Experimental Evidence from Distressed Credit Card Borrowers,2020
10.1257/aer.20171553,Strategyproof Choice of Social Acts,2020
10.1257/aer.20171611,Speculative Fever: Investor Contagion in the Housing Bubble,2021
10.1257/aer.20171634,"A Theory of Experimenters: Robustness, Randomization, and Balance",2020
10.1257/aer.20171671,"The Long-Run Effects of Childhood Insurance Coverage: Medicaid Implementation, Adult Health, and Labor Market Outcomes",2021
10.1257/aer.20171673,Cities in Bad Shape: Urban Geometry in India,2020
10.1257/aer.20171676,Why Do Defaults Affect Behavior? Experimental Evidence from Afghanistan,2018
10.1257/aer.20171722,Test Design and Minimum Standards,2019
10.1257/aer.20171732,Industrial Espionage and Productivity,2020
10.1257/aer.20171735,The Social Value of Financial Expertise,2019
10.1257/aer.20171742,Knowledge Spillovers and Corporate Investment in Scientific Research,2021
10.1257/aer.20171745,Missing Growth from Creative Destruction,2019
10.1257/aer.20171764,Failures in Contingent Reasoning: The Role of Uncertainty,2019
10.1257/aer.20171765,The Impact of Media Censorship: 1984 or Brave New World?,2019
10.1257/aer.20171787,The Human Capital Stock: A Generalized Approach: Comment,2019
10.1257/aer.20171822,Interest Rates under Falling Stars,2020
10.1257/aer.20171825,Impacts of Performance Pay for Hospitals: The Readmissions Reduction Program,2021
10.1257/aer.20171829,The Dynamics of Discrimination: Theory and Evidence,2019
10.1257/aer.20171840,Equilibrium Effects of Firm Subsidies,2019
10.1257/aer.20171867,"Political Turnover, Bureaucratic Turnover, and the Quality of Public Services",2022
10.1257/aer.20171898,How Well Targeted Are Soda Taxes?,2020
10.1257/aer.20171919,Research and the Approval Process: The Organization of Persuasion,2019
10.1257/aer.20171927,Taxes and Turnout: When the Decisive Voter Stays at Home,2022
10.1257/aer.20171937,"Payroll Taxes, Firm Behavior, and Rent Sharing: Evidence from a Young Workers' Tax Cut in Sweden",2019
10.1257/aer.20171939,Training and Effort Dynamics in Apprenticeship,2019
10.1257/aer.20171993,Family Health Behaviors,2019
10.1257/aer.20172015,Does Strategic Ability Affect Efficiency? Evidence from Electricity Markets,2019
10.1257/aer.20172018,A Price Theory of Multi-Sided Platforms: Comment,2018
10.1257/aer.20172020,When Britain Turned Inward: The Impact of Interwar British Protection,2019
10.1257/aer.20172034,Imperfect Markets versus Imperfect Regulation in US Electricity Generation,2022
10.1257/aer.20172040,Do Parents Value School Effectiveness?,2020
10.1257/aer.20172043,Tax Evasion and Inequality,2019
10.1257/aer.20180019,The Quanto Theory of Exchange Rates,2019
10.1257/aer.20180041,Testing Efficient Risk Sharing with Heterogeneous Risk Preferences: Reply,2018
10.1257/aer.20180044,"Familiarity Does Not Breed Contempt: Generosity, Discrimination, and Diversity in Delhi Schools",2019
10.1257/aer.20180071,The Competitive Impact of Vertical Integration by Multiproduct Firms,2020
10.1257/aer.20180086,The Effect of House Prices on Household Borrowing: A New Approach,2019
10.1257/aer.20180098,The Term Structure of Currency Carry Trade Risk Premia,2019
10.1257/aer.20180124,Information Networks and Collective Action: Evidence from the Women’s Temperance Crusade,2022
10.1257/aer.20180131,How Efficient Is Dynamic Competition? The Case of Price as Investment,2019
10.1257/aer.20180145,Monetary Policy and Rational Asset Price Bubbles: Comment,2019
10.1257/aer.20180174,Unity in Diversity? How Intergroup Contact Can Foster Nation Building,2019
10.1257/aer.20180203,Risk Premia and the Real Effects of Money,2020
10.1257/aer.20180210,Revealed Preferences over Risk and Uncertainty,2020
10.1257/aer.20180260,The Welfare Effects of Peer Entry: The Case of Airbnb and the Accommodation Industry,2022
10.1257/aer.20180268,Rural Roads and Local Economic Development,2020
10.1257/aer.20180277,Making Moves Matter: Experimental Evidence on Incentivizing Bureaucrats through Performance-Based Postings,2019
10.1257/aer.20180279,The Mortality and Medical Costs of Air Pollution: Evidence from Changes in Wind Direction,2019
10.1257/aer.20180281,Demand and Supply of Infrequent Payments as a Commitment Device: Evidence from Kenya,2019
10.1257/aer.20180284,The Legacy of Colonial Medicine in Central Africa,2021
10.1257/aer.20180288,How Do Individuals Repay Their Debt? The Balance-Matching Heuristic,2019
10.1257/aer.20180310,Identification of and Correction for Publication Bias,2019
10.1257/aer.20180325,Targeting with In-Kind Transfers: Evidence from Medicaid Home Care,2019
10.1257/aer.20180326,"Losing Prosociality in the Quest for Talent? Sorting, Selection, and Productivity in the Delivery of Public Services",2020
10.1257/aer.20180336,The Sources of Capital Misallocation,2019
10.1257/aer.20180338,Are Ideas Getting Harder to Find?,2020
10.1257/aer.20180384,Why Special Economic Zones? Using Trade Policy to Discriminate across Importers,2020
10.1257/aer.20180412,Does Regulatory Jurisdiction Affect the Quality of Investment-Adviser Regulation?,2019
10.1257/aer.20180427,"Relational Contracting, Negotiation, and External Enforcement",2020
10.1257/aer.20180441,Efficiency and Equity Impacts of Energy Subsidies,2021
10.1257/aer.20180478,A Price Theory of Multi-Sided Platforms: Reply,2018
10.1257/aer.20180496,Comparing UK Tax Returns of Foreign Multinationals to Matched Domestic Firms,2019
10.1257/aer.20180501,Regulation by Shaming: Deterrence Effects of Publicizing Violations of Workplace Safety and Health Laws,2020
10.1257/aer.20180511,"Maternal Depression, Women’s Empowerment, and Parental Investment: Evidence from a Randomized Controlled Trial",2020
10.1257/aer.20180517,The Risk-Adjusted Carbon Price,2021
10.1257/aer.20180555,Lack of Selection and Limits to Delegation: Firm Dynamics in Developing Countries,2021
10.1257/aer.20180568,Paying for Kidneys? A Randomized Survey and Choice Experiment,2019
10.1257/aer.20180601,Diffusion Games,2020
10.1257/aer.20180607,"Seasonal Liquidity, Rural Labor Markets, and Agricultural Production",2020
10.1257/aer.20180608,The Paradox of Global Thrift,2019
10.1257/aer.20180609,Pre-Event Trends in the Panel Event-Study Design,2019
10.1257/aer.20180615,Tax-Exempt Lobbying: Corporate Philanthropy as a Tool for Political Influence,2020
10.1257/aer.20180649,Home Values and Firm Behavior,2020
10.1257/aer.20180652,Sources of Displaced Workers’ Long-Term Earnings Losses,2020
10.1257/aer.20180654,Predicting and Understanding Initial Play,2019
10.1257/aer.20180688,Deliberately Stochastic,2019
10.1257/aer.20180707,The Dynamic Effects of Personal and Corporate Income Tax Changes in the United States: Reply,2019
10.1257/aer.20180728,The Dynamics of Motivated Beliefs,2020
10.1257/aer.20180733,Feedbacks: Financial Markets and Economic Activity,2021
10.1257/aer.20180746,Intertemporal Labor Supply Substitution? Evidence from the Swiss Income Tax Holidays,2021
10.1257/aer.20180771,Market Failure in Kidney Exchange,2019
10.1257/aer.20180773,Revenue Guarantee Equivalence,2019
10.1257/aer.20180805,Building Nations through Shared Experiences: Evidence from African Football,2020
10.1257/aer.20180812,Detecting Potential Overbilling in Medicare Reimbursement via Hours Worked: Comment,2020
10.1257/aer.20180820,Risk-Based Selection in Unemployment Insurance: Evidence and Implications,2021
10.1257/aer.20180830,"Financial Crises, Dollarization, and Lending of Last Resort in Open Economies",2020
10.1257/aer.20180831,Self-Fulfilling Debt Dilution: Maturity and Multiplicity in Debt Models,2020
10.1257/aer.20180841,Social Ties and the Selection of China’s Political Elite,2020
10.1257/aer.20180865,Sources of Inaction in Household Finance: Evidence from the Danish Mortgage Market,2020
10.1257/aer.20180888,Geographic Dispersion of Economic Shocks: Evidence from the Fracking Revolution: Comment,2020
10.1257/aer.20180924,Upping the Ante: The Equilibrium Effects of Unconditional Grants to Private Schools,2020
10.1257/aer.20180946,"Regulating Innovation with Uncertain Quality: Information, Risk, and Access in Medical Devices",2020
10.1257/aer.20180975,Misperceived Social Norms: Women Working Outside the Home in Saudi Arabia,2020
10.1257/aer.20180976,Way Down in the Hole: Adaptation to Long-Term Water Loss in Rural India,2020
10.1257/aer.20180998,Liquidity Sentiments,2019
10.1257/aer.20181012,Escalation of Scrutiny: The Gains from Dynamic Enforcement of Environmental Regulations,2020
10.1257/aer.20181026,Does When You Die Depend on Where You Live? Evidence from Hurricane Katrina,2020
10.1257/aer.20181027,College Tuition and Income Inequality,2022
10.1257/aer.20181047,"Bartik Instruments: What, When, Why, and How",2020
10.1257/aer.20181052,Online Privacy and Information Disclosure by Consumers,2020
10.1257/aer.20181065,Testing the Waters: Behavior across Participant Pools,2021
10.1257/aer.20181096,Time Discounting and Wealth Inequality,2020
10.1257/aer.20181135,The Reach of Radio: Ending Civil Conflict through Rebel Demobilization,2020
10.1257/aer.20181151,Naïve Learning with Uninformed Agents,2021
10.1257/aer.20181164,Did Austerity Cause Brexit?,2019
10.1257/aer.20181169,Two-Way Fixed Effects Estimators with Heterogeneous Treatment Effects,2020
10.1257/aer.20181174,Business-Cycle Anatomy,2020
10.1257/aer.20181186,Stability and Bayesian Consistency in Two-Sided Markets,2020
10.1257/aer.20181219,Overreaction in Macroeconomic Expectations,2020
10.1257/aer.20181243,Liquidity versus Wealth in Household Debt Obligations: Evidence from Housing Policy in the Great Recession,2020
10.1257/aer.20181249,The Rise and Fall of Local Elections in China,2022
10.1257/aer.20181289,"The Effects of Rent Control Expansion on Tenants, Landlords, and Inequality: Evidence from San Francisco",2019
10.1257/aer.20181316,Bargaining and News,2020
10.1257/aer.20181346,Unwatched Pollution: The Effect of Intermittent Monitoring on Air Quality,2021
10.1257/aer.20181396,Expert-Captured Democracies,2020
10.1257/aer.20181415,Exchange Rates and Prices: Evidence from the 2015 Swiss Franc Appreciation,2021
10.1257/aer.20181432,"Fiscal Rules, Bailouts, and Reputation in Federal Governments",2020
10.1257/aer.20181446,Does Diversity Matter for Health? Experimental Evidence from Oakland,2019
10.1257/aer.20181461,What to Expect from the Lower Bound on Interest Rates: Evidence from Derivatives Prices,2021
10.1257/aer.20181470,Missing Events in Event Studies: Identifying the Effects of Partially Measured News Surprises,2020
10.1257/aer.20181478,Outsourcing Education: Experimental Evidence from Liberia,2020
10.1257/aer.20181480,Strategy Choice in the Infinitely Repeated Prisoner’s Dilemma,2019
10.1257/aer.20181491,Patronage and Selection in Public Sector Organizations,2020
10.1257/aer.20181495,Gambling over Public Opinion,2020
10.1257/aer.20181499,Small and Large Firms over the Business Cycle,2020
10.1257/aer.20181506,Earnings Inequality and the Minimum Wage: Evidence from Brazil,2022
10.1257/aer.20181518,Forced Migration and Human Capital: Evidence from Post-WWII Population Transfers,2020
10.1257/aer.20181550,An Equilibrium Model of the International Price System,2022
10.1257/aer.20181585,Household Debt Revaluation and the Real Economy: Evidence from a Foreign Currency Debt Crisis,2020
10.1257/aer.20181596,Assortative Matching or Exclusionary Hiring? The Impact of Employment and Pay Policies on Racial Wage Differences in Brazil,2021
10.1257/aer.20181606,The Race to the Base,2020
10.1257/aer.20181607,A Few Bad Apples? Racial Bias in Policing,2021
10.1257/aer.20181662,Mobility and Congestion in Urban India,2023
10.1257/aer.20181678,The Human Capital Stock: A Generalized Approach: Reply,2019
10.1257/aer.20181707,"Incentive Constrained Risk Sharing, Segmentation, and Asset Pricing",2021
10.1257/aer.20181714,Incentivized Resume Rating: Eliciting Employer Preferences without Deception,2019
10.1257/aer.20181721,Policy Language and Information Effects in the Early Days of Federal Reserve Forward Guidance,2020
10.1257/aer.20181735,Asymmetric Consumption Smoothing,2021
10.1257/aer.20181756,Community Colleges and Upward Mobility,2022
10.1257/aer.20181779,The Abolition of Immigration Restrictions and the Performance of Firms and Workers: Evidence from Switzerland,2021
10.1257/aer.20181798,Acquiring Information through Peers,2020
10.1257/aer.20181801,Prep School for Poor Kids: The Long-Run Impacts of Head Start on Human Capital and Economic Self-Sufficiency,2021
10.1257/aer.20181805,"Interaction, Stereotypes, and Performance: Evidence from South Africa",2022
10.1257/aer.20181811,Aggregating Distributional Treatment Effects: A Bayesian Hierarchical Analysis of the Microcredit Literature,2022
10.1257/aer.20181830,Heterogeneous Global Booms and Busts,2022
10.1257/aer.20181851,Aiming for the Goal: Contribution Dynamics of Crowdfunding,2024
10.1257/aer.20181853,Venting Out: Exports during a Domestic Slump,2021
10.1257/aer.20181857,Mortgage Prepayment and Path-Dependent Effects of Monetary Policy,2021
10.1257/aer.20181897,Quantifying Information and Uncertainty,2019
10.1257/aer.20181917,Employer Incentives and Distortions in Health Insurance Design: Implications for Welfare and Costs,2022
10.1257/aer.20190021,Politically Feasible Reforms of Nonlinear Tax Systems,2021
10.1257/aer.20190080,Learning under Diverse World Views: Model-Based Inference,2020
10.1257/aer.20190089,Steering the Climate System: Using Inertia to Lower the Cost of Policy: Comment,2020
10.1257/aer.20190098,Can Policy Change Culture? Government Pension Plans and Traditional Kinship Practices,2021
10.1257/aer.20190149,When Losses Turn into Loans: The Cost of Weak Banks,2023
10.1257/aer.20190150,The Reversal Interest Rate,2023
10.1257/aer.20190159,Synthetic Difference-in-Differences,2021
10.1257/aer.20190185,The Cost of Information: The Case of Constant Marginal Costs,2023
10.1257/aer.20190189,Entry-Proofness and Discriminatory Pricing under Adverse Selection,2021
10.1257/aer.20190197,Implementation by Vote-Buying Mechanisms,2021
10.1257/aer.20190221,The Causal Interpretation of Two-Stage Least Squares with Multiple Instrumental Variables,2021
10.1257/aer.20190234,Raising Capital from Heterogeneous Investors,2020
10.1257/aer.20190240,Cross-Region Transfer Multipliers in a Monetary Union: Evidence from Social Security and Stimulus Payments,2021
10.1257/aer.20190253,Discrete Choice under Risk with Limited Consideration,2021
10.1257/aer.20190261,The Demand for Insurance and Rationale for a Mandate: Evidence from Workers’ Compensation Insurance,2022
10.1257/aer.20190283,A Model of Complex Contracts,2020
10.1257/aer.20190285,"Offshore Profit Shifting and Aggregate Measurement: Balance of Payments, Foreign Investment, Productivity, and the Labor Share",2022
10.1257/aer.20190318,Aggregate Nominal Wage Adjustments: New Evidence from Administrative Payroll Data,2021
10.1257/aer.20190388,Job Displacement Insurance and (the Lack of) Consumption-Smoothing,2021
10.1257/aer.20190390,A Theory of Chosen Preferences,2021
10.1257/aer.20190415,The Effects of Parental and Sibling Incarceration: Evidence from Ohio,2021
10.1257/aer.20190433,Measuring the Welfare Effects of Shame and Pride,2022
10.1257/aer.20190448,Geographic Dispersion of Economic Shocks: Evidence from the Fracking Revolution: Reply,2020
10.1257/aer.20190460,Discounts and Deadlines in Consumer Search,2020
10.1257/aer.20190486,Dispersed Behavior and Perceptions in Assortative Societies,2022
10.1257/aer.20190516,Targeting In-Kind Transfers through Market Design: A Revealed Preference Analysis of Public Housing Allocation,2021
10.1257/aer.20190540,"Market Entry, Fighting Brands, and Tacit Collusion: Evidence from the French Mobile Telecommunications Market",2021
10.1257/aer.20190553,"Dynastic Human Capital, Inequality, and Intergenerational Mobility",2021
10.1257/aer.20190565,Vulnerability and Clientelism,2022
10.1257/aer.20190586,The Selection of Talent: Experimental and Structural Evidence from Ethiopia,2021
10.1257/aer.20190609,How to Use Natural Experiments to Estimate Misallocation,2023
10.1257/aer.20190611,The Production Relocation and Price Effects of US Trade Policy: The Case of Washing Machines,2020
10.1257/aer.20190623,"Artificial Intelligence, Algorithmic Pricing, and Collusion",2020
10.1257/aer.20190658,The Welfare Effects of Social Media,2020
10.1257/aer.20190661,Subsidy Policies and Insurance Demand,2020
10.1257/aer.20190668,Persistent Overconfidence and Biased Memory: Evidence from Managers,2022
10.1257/aer.20190672,From Weber to Kafka: Political Instability and the Overproduction of Laws,2021
10.1257/aer.20190680,Changing Business Dynamism and Productivity: Shocks versus Responsiveness,2020
10.1257/aer.20190687,Methods Matter: p-Hacking and Publication Bias in Causal Analysis in Economics,2020
10.1257/aer.20190690,Employer Consolidation and Wages: Evidence from Hospitals,2021
10.1257/aer.20190748,The Nature of Firm Growth,2021
10.1257/aer.20190759,Loss in the Time of Cholera: Long-Run Impact of a Disease Epidemic on the Urban Landscape,2020
10.1257/aer.20190780,Job Matching under Constraints,2020
10.1257/aer.20190781,Trade with Correlation,2023
10.1257/aer.20190789,Putting the Cycle Back into Business Cycle Analysis,2020
10.1257/aer.20190790,"Imperfect Competition, Compensating Differentials, and Rent Sharing in the US Labor Market",2022
10.1257/aer.20190808,"Job Seekers’ Perceptions and Employment Prospects: Heterogeneity, Duration Dependence, and Bias",2021
10.1257/aer.20190811,From Mad Men to Maths Men: Concentration and Buyer Power in Online Advertising,2021
10.1257/aer.20190813,Household Labor Supply and the Value of Social Security Survivors Benefits,2024
10.1257/aer.20190823,The Role of Behavioral Frictions in Health Insurance Marketplace Enrollment and Risk: Evidence from a Field Experiment,2021
10.1257/aer.20190825,Place-Based Drivers of Mortality: Evidence from Migration,2021
10.1257/aer.20190830,"How Research Affects Policy: Experimental Evidence from 2,150 Brazilian Municipalities",2021
10.1257/aer.20190842,Does Information Break the Political Resource Curse? Experimental Evidence from Mozambique,2020
10.1257/aer.20190846,The Value of Working Conditions in the United States and Implications for the Structure of Wages,2023
10.1257/aer.20190848,Going Negative at the Zero Lower Bound: The Effects of Negative Nominal Interest Rates,2021
10.1257/aer.20190896,Using the Retail Distribution of Sellers to Impute Expenditure Shares,2022
10.1257/aer.20190913,Oligopolistic Price Leadership and Mergers: The United States Beer Industry,2021
10.1257/aer.20190920,Estimating Social Preferences and Gift Exchange at Work,2022
10.1257/aer.20190964,The Macroeconomic Effects of Oil Supply News: Evidence from OPEC Announcements,2021
10.1257/aer.20191039,What Motivates Paternalism? An Experimental Study,2021
10.1257/aer.20191054,"Devotion and Development: Religiosity, Education, and Economic Progress in Nineteenth-Century France",2020
10.1257/aer.20191068,Anticipatory Anxiety and Wishful Thinking,2024
10.1257/aer.20191074,Using Models to Persuade,2021
10.1257/aer.20191099,A Model of Competing Narratives,2020
10.1257/aer.20191136,Reference Points for Retirement Behavior: Evidence from German Pension Discontinuities,2021
10.1257/aer.20191137,Leadership in Social Movements: Evidence from the “Forty-Eighters” in the Civil War,2021
10.1257/aer.20191178,"Consumption Response to Credit Expansions: Evidence from Experimental Assignment of 45,307 Credit Lines",2022
10.1257/aer.20191184,Revealing Stereotypes: Evidence from Immigrants in Schools,2024
10.1257/aer.20191191,Screening and Selection: The Case of Mammograms,2020
10.1257/aer.20191204,How to Avoid Black Markets for Appointments with Online Booking Systems,2021
10.1257/aer.20191234,Migrants and Firms: Evidence from China,2022
10.1257/aer.20191244,State-Dependent Effects of Monetary Policy: The Refinancing Channel,2022
10.1257/aer.20191258,Identifying Present Bias from the Timing of Choices,2021
10.1257/aer.20191277,The Effect of ­High-Tech Clusters on the Productivity of Top Inventors,2021
10.1257/aer.20191295,"Mistakes, Overconfidence, and the Effect of Sharing on Detecting Lies",2021
10.1257/aer.20191311,The Economic Consequences of Bankruptcy Reform,2021
10.1257/aer.20191321,Mediation in Reputational Bargaining,2021
10.1257/aer.20191330,Nonrivalry and the Economics of Data,2020
10.1257/aer.20191385,Rational Illiquidity and Consumption: Theory and Evidence from Income Tax Withholding and Refunds,2022
10.1257/aer.20191410,The Financial Transmission of Housing Booms: Evidence from Spain,2021
10.1257/aer.20191414,Arrival of Young Talent: The Send-Down Movement and Rural Education in China,2020
10.1257/aer.20191422,The Intergenerational Effects of a Large Wealth Shock: White Southerners after the Civil War,2021
10.1257/aer.20191432,Asymmetric Attention,2021
10.1257/aer.20191436,Myopia and Anchoring,2021
10.1257/aer.20191521,Labor Market Power,2022
10.1257/aer.20191528,Employment Structure and the Rise of the Modern Tax System,2022
10.1257/aer.20191586,Intergenerational Mobility of Immigrants in the United States over Two Centuries,2021
10.1257/aer.20191594,Relinquishing Riches: Auctions versus Informal Negotiations in Texas Oil and Gas Leasing,2023
10.1257/aer.20191598,Individuals and Organizations as Sources of State Effectiveness,2023
10.1257/aer.20191657,Pay Me Later: Savings Constraints and the Demand for Deferred Payments,2021
10.1257/aer.20191701,Conflict and Intergroup Trade: Evidence from the 2014 Russia-Ukraine Crisis,2023
10.1257/aer.20191717,What Makes a Rule Complex?,2020
10.1257/aer.20191726,The Impacts of a Multifaceted Prenatal Intervention on Human Capital Accumulation in Early Life,2021
10.1257/aer.20191758,Notching R&amp;D Investment with Corporate Income Tax Cuts in China,2021
10.1257/aer.20191766,Reference Dependence in the Housing Market,2022
10.1257/aer.20191777,"Social Media, News Consumption, and Polarization: Evidence from a Field Experiment",2021
10.1257/aer.20191780,Types of Contact: A Field Experiment on Collaborative and Adversarial Caste Integration,2021
10.1257/aer.20191814,Steering the Climate System: Using Inertia to Lower the Cost of Policy: Reply,2020
10.1257/aer.20191823,Measuring Geopolitical Risk,2022
10.1257/aer.20191849,Motivated Errors,2024
10.1257/aer.20191852,The Relative Efficiency of Skilled Labor across Countries: Measurement and Interpretation,2022
10.1257/aer.20191895,Sectoral Media Focus and Aggregate Fluctuations,2021
10.1257/aer.20191927,The Common-Probability Auction Puzzle,2023
10.1257/aer.20191943,In Harm's Way? Infrastructure Investments and the Persistence of Coastal Cities,2025
10.1257/aer.20191950,Robust Monopoly Regulation,2025
10.1257/aer.20191957,What Caused Racial Disparities in Particulate Exposure to Fall? New Evidence from the Clean Air Act and Satellite-Based Measures of Air Quality,2023
10.1257/aer.20191970,Detecting Potential Overbilling in Medicare Reimbursement via Hours Worked: Reply,2020
10.1257/aer.20191972,"Recruitment, Effort, and Retention Effects of Performance Contracts for Civil Servants: Experimental Evidence from Rwandan Primary Schools",2021
10.1257/aer.20200002,Can You Move to Opportunity? Evidence from the Great Migration,2022
10.1257/aer.20200025,Monopsony in the US Labor Market,2022
10.1257/aer.20200068,A Few Bad Apples Spoil the Barrel: An Anti-Folk Theorem for Anonymous Repeated Games with Incomplete Information,2020
10.1257/aer.20200125,An Experiment in Candidate Selection,2021
10.1257/aer.20200146,Signaling and Employer Learning with Instruments,2022
10.1257/aer.20200153,Digitization and Pre-Purchase Information: The Causal and Welfare Impacts of Reviews and Crowd Ratings,2021
10.1257/aer.20200154,Neighborhood-Based Information Costs,2021
10.1257/aer.20200187,"Information, Mobile Communication, and Referral Effects",2023
10.1257/aer.20200208,Stock Market Wealth and the Real Economy: A Local Labor Market Approach,2021
10.1257/aer.20200212,Designing Deadlines,2022
10.1257/aer.20200224,The Impact of Childhood Social Skills and Self-Control Training on Economic and Noneconomic Outcomes: Evidence from a Randomized Experiment Using Administrative Data,2022
10.1257/aer.20200239,Optimal Monetary Policy According to HANK,2023
10.1257/aer.20200243,Five Facts about Beliefs and Portfolios,2021
10.1257/aer.20200252,The Costs of Job Displacement over the Business Cycle and Its Sources: Evidence from Germany,2023
10.1257/aer.20200292,Intergenerational Mobility in American History: Accounting for Race and Measurement Error,2023
10.1257/aer.20200295,Can Network Theory-Based Targeting Increase Technology Adoption?,2021
10.1257/aer.20200304,Adverse and Advantageous Selection in the Laboratory,2021
10.1257/aer.20200372,Self-Persuasion: Evidence from Field Experiments at International Debating Competitions,2022
10.1257/aer.20200407,Creating Moves to Opportunity: Experimental Evidence on Barriers to Neighborhood Choice,2024
10.1257/aer.20200412,Security Transitions,2021
10.1257/aer.20200451,Closing the Gap: The Effect of Reducing Complexity and Uncertainty in College Pricing on the Choices of Low-Income Students,2021
10.1257/aer.20200505,Sentiment and Speculation in a Market with Heterogeneous Beliefs,2022
10.1257/aer.20200513,"Media, Pulpit, and Populist Persuasion: Evidence from Father Coughlin",2021
10.1257/aer.20200523,The Challenges of Universal Health Insurance in Developing Countries: Experimental Evidence from Indonesia’s National Health Insurance,2021
10.1257/aer.20200555,Rank Uncertainty in Organizations,2021
10.1257/aer.20200596,Misallocation under Trade Liberalization,2024
10.1257/aer.20200636,Optimal Policy under Dollar Pricing,2023
10.1257/aer.20200679,When Does Regulation Distort Costs? Lessons from Fuel Procurement in US Electricity Generation: Comment,2021
10.1257/aer.20200705,On Her Own Account: How Strengthening Women’s Financial Control Impacts Labor Supply and Gender Norms,2021
10.1257/aer.20200732,A/B Contracts,2022
10.1257/aer.20200738,Public Procurement in Law and Practice,2022
10.1257/aer.20200751,Targeting High Ability Entrepreneurs Using Community Information: Mechanism Design in the Field,2022
10.1257/aer.20200780,The Political Economy of International Regulatory Cooperation,2023
10.1257/aer.20200829,Market Fragmentation,2021
10.1257/aer.20200847,Beyond Teachers: Estimating Individual School Counselors’ Effects on Educational Attainment,2023
10.1257/aer.20200864,Multidimensional Auctions of Contracts: An Empirical Analysis,2022
10.1257/aer.20200885,How Merchant Towns Shaped Parliaments: From the Norman Conquest of England to the Great Reform Act,2022
10.1257/aer.20200956,From Fog to Smog: The Value of Pollution Information,2024
10.1257/aer.20200961,Job Search and Hiring with Limited Information about Workseekers’ Skills,2022
10.1257/aer.20200988,Projection of Private Values in Auctions,2021
10.1257/aer.20201004,Mental Models and Learning: The Case of Base-Rate Neglect,2024
10.1257/aer.20201015,The Economic Effects of Mafia: Firm Level Evidence,2022
10.1257/aer.20201026,Bargaining over Contingent Contracts under Incomplete Information,2022
10.1257/aer.20201038,Concentration Thresholds for Horizontal Mergers,2022
10.1257/aer.20201062,Jobs for Sale: Corruption and Misallocation in Hiring,2021
10.1257/aer.20201063,Macroeconomic Implications of COVID-19: Can Negative Supply Shocks Cause Demand Shortages?,2022
10.1257/aer.20201073,When Should There Be Vertical Choice in Health Insurance Markets?,2022
10.1257/aer.20201079,Market Power and Innovation in the Intangible Economy,2024
10.1257/aer.20201092,"Incomplete Information Bargaining with Applications to Mergers, Investment, and Vertical Integration",2022
10.1257/aer.20201098,Screening Inattentive Buyers,2022
10.1257/aer.20201111,Dynamic Matching in Overloaded Waiting Lists,2022
10.1257/aer.20201112,Reshaping Adolescents' Gender Attitudes: Evidence from a School-Based Experiment in India,2022
10.1257/aer.20201157,The Human Side of Structural Transformation,2022
10.1257/aer.20201159,Local Elites as State Capacity: How City Chiefs Use Local Information to Increase Tax Compliance in the Democratic Republic of the Congo,2022
10.1257/aer.20201214,Digital Dystopia,2021
10.1257/aer.20201220,An Alternative Explanation for the “Fed Information Effect”,2023
10.1257/aer.20201229,Supply and Demand in Disaggregated Keynesian Economies with an Application to the COVID-19 Crisis,2022
10.1257/aer.20201237,Tax Administration versus Tax Rates: Evidence from Corporate Taxation in Indonesia,2021
10.1257/aer.20201238,Team-Specific Human Capital and Team Performance: Evidence from Doctors,2021
10.1257/aer.20201248,Belief Elicitation and Behavioral Incentive Compatibility,2022
10.1257/aer.20201272,Capital Gains Taxes and Real Corporate Investment: Evidence from Korea,2022
10.1257/aer.20201283,"Rebel on the Canal: Disrupted Trade Access and Social Conflict in China, 1650–1911",2022
10.1257/aer.20201292,Does Race Matter for Police Use of Force? Evidence from 911 Calls,2022
10.1257/aer.20201332,Social Exclusion and Social Preferences: Evidence from Colombia’s Leper Colony,2023
10.1257/aer.20201333,Enabling or Limiting Cognitive Flexibility? Evidence of Demand for Moral Commitment,2023
10.1257/aer.20201361,Public Discourse and Socially Responsible Market Behavior,2024
10.1257/aer.20201365,Institution Building without Commitment,2024
10.1257/aer.20201385,Labor Rationing,2021
10.1257/aer.20201434,"Droughts, Deluges, and (River) Diversions: Valuing Market-Based Water Reallocation",2023
10.1257/aer.20201453,Hospital Network Competition and Adverse Selection: Evidence from the Massachusetts Health Insurance Exchange,2022
10.1257/aer.20201479,Globalization and Pandemics,2023
10.1257/aer.20201480,A Satellite Account for Health in the United States,2022
10.1257/aer.20201524,How Do National Firms Respond to Local Cost Shocks?,2022
10.1257/aer.20201529,Effective Demand Failures and the Limits of Monetary Stabilization Policy,2022
10.1257/aer.20201540,Spreading Gangs: Exporting US Criminal Capital to El Salvador,2022
10.1257/aer.20201550,When Choices Are Mistakes,2022
10.1257/aer.20201571,Human Capital Depreciation and Returns to Experience,2022
10.1257/aer.20201605,The End of Economic Growth? Unintended Consequences of a Declining Population,2022
10.1257/aer.20201653,Measuring Racial Discrimination in Bail Decisions,2022
10.1257/aer.20201656,"Product Innovation, Product Diversification, and Firm Growth: Evidence from Japan’s Early Industrialization",2021
10.1257/aer.20201660,Does Context Outweigh Individual Characteristics in Driving Voting Behavior? Evidence from Relocations within the United States,2022
10.1257/aer.20201661,"Fictional Money, Real Costs: Impacts of Financial Salience on Disadvantaged Students",2022
10.1257/aer.20201683,M Equilibrium: A Theory of Beliefs and Choices in Games,2021
10.1257/aer.20201692,Justified Communication Equilibrium,2021
10.1257/aer.20201713,Belief Distortions and Macroeconomic Fluctuations,2022
10.1257/aer.20201718,Bargaining over a Divisible Good in the Market for Lemons,2022
10.1257/aer.20201739,Dynamic Oligopoly and Price Stickiness,2022
10.1257/aer.20201753,Who Benefits from State Corporate Tax Cuts? A Local Labor Markets Approach with Heterogeneous Firms: Comment,2023
10.1257/aer.20201769,Constrained Pseudo-Market Equilibrium,2021
10.1257/aer.20201806,Optimally Imprecise Memory and Biased Forecasts,2024
10.1257/aer.20201817,Delegation in Veto Bargaining,2021
10.1257/aer.20201844,"Fake News, Voter Overconfidence, and the Quality of Democratic Choice",2022
10.1257/aer.20201856,Optimality of Matched-Pair Designs in Randomized Controlled Trials,2022
10.1257/aer.20201860,Judging Judge Fixed Effects,2023
10.1257/aer.20201867,<i>The Birth of a Nation:</i>Media and Racial Hate,2023
10.1257/aer.20201872,When Does Regulation Distort Costs? Lessons from Fuel Procurement in US Electricity Generation: Reply,2021
10.1257/aer.20201875,"Shocks, Frictions, and Inequality in US Business Cycles",2024
10.1257/aer.20201877,Labor Supply Responses to Learning the Tax and Benefit Schedule,2021
10.1257/aer.20201892,Persistent Polarizing Effects of Persuasion: Experimental Evidence from Turkey,2022
10.1257/aer.20201919,The Economic Origins of Government,2023
10.1257/aer.20201931,The Micro Anatomy of Macro Consumption Adjustments,2023
10.1257/aer.20201940,"Technology Gaps, Trade, and Income",2023
10.1257/aer.20201952,Financial Technology Adoption: Network Externalities of Cashless Payments in Mexico,2024
10.1257/aer.20202016,"Dynamic Price Competition, Learning-by-Doing, and Strategic Buyers",2022
10.1257/aer.20202045,Populist Leaders and the Economy,2023
10.1257/aer.20210013,The Behavioral Foundations of Default Effects: Theory and Evidence from Medicare Part D,2023
10.1257/aer.20210039,"Political Correctness, Social Image, and Information Transmission",2024
10.1257/aer.20210059,Factor Market Failures and the Adoption of Irrigation in Rwanda,2022
10.1257/aer.20210083,Consumer Information and the Limits to Competition,2022
10.1257/aer.20210096,Matching Mechanisms for Refugee Resettlement,2023
10.1257/aer.20210107,The Impact of Regulation on Innovation,2023
10.1257/aer.20210121,Methods Matter: p-Hacking and Publication Bias in Causal Analysis in Economics: Comment,2022
10.1257/aer.20210122,Market Access and Quality Upgrading: Evidence from Four Field Experiments,2022
10.1257/aer.20210140,Did US Politicians Expect the China Shock?,2023
10.1257/aer.20210147,Partisanship and Fiscal Policy in Economic Unions: Evidence from US States,2023
10.1257/aer.20210150,Selection on Welfare Gains: Experimental Evidence from Electricity Plan Choice,2023
10.1257/aer.20210154,Misspecified Politics and the Recurrence of Populism,2022
10.1257/aer.20210169,Asset-Based Microfinance for Microenterprises: Evidence from Pakistan,2024
10.1257/aer.20210182,Technological Change and the Consequences of Job Loss,2023
10.1257/aer.20210208,Optimal Contracting with Altruistic Agents: Medicare Payments for Dialysis Drugs,2023
10.1257/aer.20210220,Supply Network Formation and Fragility,2022
10.1257/aer.20210225,The Long and Short (Run) of Trade Elasticities,2023
10.1257/aer.20210240,Efficient Matching in the School Choice Problem,2022
10.1257/aer.20210254,The Matching Multiplier and the Amplification of Recessions,2023
10.1257/aer.20210271,Monetary Policy with Opinionated Markets,2022
10.1257/aer.20210290,Evaluating Deliberative Competence: A Simple Method with an Application to Financial Choice,2022
10.1257/aer.20210307,Dynamic Inconsistency in Risky Choice: Evidence from the Lab and Field,2025
10.1257/aer.20210357,Retail Pharmacies and Drug Diversion during the Opioid Epidemic,2023
10.1257/aer.20210362,Demographic Origins of the Start-up Deficit,2024
10.1257/aer.20210369,RETRACTED BY THE AUTHORS: Dividend Taxes and the Allocation of Capital,2022
10.1257/aer.20210383,"Market Structure, Oligopsony Power, and Productivity",2023
10.1257/aer.20210410,Welfare Comparisons for Biased Learning,2024
10.1257/aer.20210413,Reconciliation Narratives:<i>The Birth of a Nation</i>after the US Civil War,2023
10.1257/aer.20210419,"Profits, Scale Economies, and the Gains from Trade and Industrial Policy",2023
10.1257/aer.20210434,Not Too Late: Improving Academic Outcomes among Adolescents,2023
10.1257/aer.20210461,Electronic Food Vouchers: Evidence from an At-Scale Experiment in Indonesia,2023
10.1257/aer.20210476,Is There Too Much Benchmarking in Asset Management?,2023
10.1257/aer.20210496,Counterfactuals with Latent Information,2022
10.1257/aer.20210497,"Wetlands, Flooding, and the Clean Water Act",2022
10.1257/aer.20210616,Selling Consumer Data for Profit: Optimal ­Market-Segmentation Design and Its Consequences,2022
10.1257/aer.20210626,Bargaining with Mechanisms,2022
10.1257/aer.20210678,Estimating Spillovers from Publicly Funded R&amp;D: Evidence from the US Department of Energy,2022
10.1257/aer.20210687,The Economic Impact of Depression Treatment in India: Evidence from Community-Based Provision of Pharmacotherapy,2024
10.1257/aer.20210701,When a Doctor Falls from the Sky: The Impact of Easing Doctor Supply Constraints on Mortality,2023
10.1257/aer.20210710,Regulation Design in Insurance Markets,2023
10.1257/aer.20210753,Prudential Policy with Distorted Beliefs,2023
10.1257/aer.20210766,"Credit, Attention, and Externalities in the Adoption of Energy Efficient Technologies by Low-Income Households",2022
10.1257/aer.20210778,All Eyes on Them: A Field Experiment on Citizen Oversight and Electoral Integrity,2022
10.1257/aer.20210795,Unpacking p-Hacking and Publication Bias,2023
10.1257/aer.20210811,Convex Supply Curves,2022
10.1257/aer.20210863,The Old Boys’ Club: Schmoozing and the Gender Gap,2023
10.1257/aer.20210864,The Macroeconomics of the Greek Depression,2023
10.1257/aer.20210867,Digital Addiction,2022
10.1257/aer.20210877,Revealing Choice Bracketing,2024
10.1257/aer.20210879,Experimental Cost of Information,2022
10.1257/aer.20210890,The Comparative Statics of Sorting,2024
10.1257/aer.20210902,Constrained-Efficient Capital Reallocation,2023
10.1257/aer.20210926,"Taking It to the Limit: Effects of Increased Student Loan Availability on Attainment, Earnings, and Financial Well-Being",2023
10.1257/aer.20210935,"Sticky Spending, Sequestration, and Government Debt",2024
10.1257/aer.20210937,Multigenerational Impacts of Childhood Access to the Safety Net: Early Life Exposure to Medicaid and the Next Generation’s Health,2023
10.1257/aer.20210949,Why Do Households Leave School Value Added on the Table? The Roles of Information and Preferences,2023
10.1257/aer.20210970,Law and Norms: Empirical Evidence,2023
10.1257/aer.20210972,Trading on Sunspots,2022
10.1257/aer.20210987,Monitoring in Small Firms: Experimental Evidence from Kenyan Public Transit,2024
10.1257/aer.20211003,Is Journalistic Truth Dead? Measuring How Informed Voters Are about Political News,2024
10.1257/aer.20211015,Second-Best Fairness: The Trade-Off between False Positives and False Negatives,2023
10.1257/aer.20211025,Generalized Social Marginal Welfare Weights Imply Inconsistent Comparisons of Tax Policies,2024
10.1257/aer.20211051,Happy Times: Measuring Happiness Using Response Times,2023
10.1257/aer.20211063,Valid <i>t</i>-ratio Inference for IV,2022
10.1257/aer.20211069,Separating Ownership and Information,2022
10.1257/aer.20211094,Religious Festivals and Economic Development: Evidence from the Timing of Mexican Saint Day Festivals,2022
10.1257/aer.20211125,Demagogues and the Economic Fragility of Democracies,2022
10.1257/aer.20211127,What Happens When Employers Can No Longer Discriminate in Job Ads?,2023
10.1257/aer.20211137,Hedging When Applying: Simultaneous Search with Correlation,2025
10.1257/aer.20211145,Start-Up Costs and Market Power: Lessons from the Renewable Energy Transition,2025
10.1257/aer.20211158,Learning from Manipulable Signals,2022
10.1257/aer.20211207,"Subjective Performance Evaluation, Influence Activities, and Bureaucratic Work Behavior: Evidence from China",2023
10.1257/aer.20211218,Social Media and Mental Health,2022
10.1257/aer.20211229,Mortgage Pricing and Monetary Policy,2025
10.1257/aer.20211241,Immigration and Spatial Equilibrium: The Role of Expenditures in the Country of Origin,2022
10.1257/aer.20211242,Valuing Long-Term Property Rights with Anticipated Political Regime Shifts,2024
10.1257/aer.20211252,Posterior Separable Cost of Information,2022
10.1257/aer.20211319,The Flight to Safety and International Risk Sharing,2024
10.1257/aer.20211337,Hub-and-Spoke Cartels: Theory and Evidence from the Grocery Industry,2024
10.1257/aer.20211428,Dynamic Amnesty Programs,2022
10.1257/aer.20211437,Optimal Procurement with Quality Concerns,2023
10.1257/aer.20211455,Regulating Conglomerates: Evidence from an Energy Conservation Program in China,2025
10.1257/aer.20211478,Occupational Exposure to Capital-Embodied Technical Change,2023
10.1257/aer.20211509,Heroes and Villains: The Effects of Heroism on Autocratic Values and Nazi Collaboration in France,2023
10.1257/aer.20211519,When Tariffs Disrupt Global Supply Chains,2024
10.1257/aer.20211523,"Loans for the “Little Fellow”: Credit, Crisis, and Recovery in the Great Depression",2024
10.1257/aer.20211524,Unobserved-Offers Bargaining,2023
10.1257/aer.20211537,Persuasion through Slanted Language: Evidence from the Media Coverage of Immigration,2023
10.1257/aer.20211547,The Economics of the Public Option: Evidence from Local Pharmaceutical Markets,2024
10.1257/aer.20211589,Local Productivity Spillovers,2024
10.1257/aer.20211616,The Psychosocial Value of Employment: Evidence from a Refugee Camp,2022
10.1257/aer.20211638,Is There a VA Advantage? Evidence from Dually Eligible Veterans,2023
10.1257/aer.20211653,Opportunity Unraveled: Private Information and the Missing Markets for Financing Human Capital,2024
10.1257/aer.20211729,Signaling and Discrimination in Collaborative Projects,2023
10.1257/aer.20211743,Redesigning the US Army’s Branching Process: A Case Study in Minimalist Market Design,2024
10.1257/aer.20211751,The Missing Intercept: A Demand Equivalence Approach,2023
10.1257/aer.20211792,The Global Financial Resource Curse,2025
10.1257/aer.20211826,Does Identity Affect Labor Supply?,2023
10.1257/aer.20211856,Age Set versus Kin: Culture and Financial Ties in east Africa,2024
10.1257/aer.20211879,Worth Your Weight: Experimental Evidence on the Benefits of Obesity in Low-Income Countries,2023
10.1257/aer.20220089,Evidence and Lessons on the Health Impacts of Public Health Funding from the Fight against HIV/AIDS,2023
10.1257/aer.20220100,Disentangling Moral Hazard and Adverse Selection,2024
10.1257/aer.20220110,The Dynamic Consequences of State Building: Evidence from the French Revolution,2024
10.1257/aer.20220129,The Voice of Monetary Policy,2023
10.1257/aer.20220199,Nonlinear Pricing with Underutilization: A Theory of Multi-part Tariffs,2023
10.1257/aer.20220212,Efficiency and Equity Impacts of Urban Transportation Policies with Equilibrium Sorting,2024
10.1257/aer.20220226,Political Social Learning: Short-Term Memory and Cycles of Polarization,2025
10.1257/aer.20220234,Task-Based Discrimination,2024
10.1257/aer.20220249,The Political Development Cycle: The Right and the Left in People’s Republic of China from 1953,2024
10.1257/aer.20220277,Methods Matter: p-Hacking and Publication Bias in Causal Analysis in Economics: Reply,2022
10.1257/aer.20220296,Investing in the Next Generation: The Long-Run Impacts of a Liquidity Shock,2024
10.1257/aer.20220316,Measuring Upward Mobility,2023
10.1257/aer.20220328,"Bank Runs, Fragility, and Credit Easing",2024
10.1257/aer.20220349,Gender Differences in Medical Evaluations: Evidence from Randomly Assigned Doctors,2024
10.1257/aer.20220357,Smart Contracts and the Coase Conjecture,2023
10.1257/aer.20220376,The Immigrant Next Door,2024
10.1257/aer.20220425,Local Economic and Political Effects of Trade Deals: Evidence from NAFTA,2024
10.1257/aer.20220456,The Nurture of Nature and the Nature of Nurture: How Genes and Investments Interact in the Formation of Skills,2024
10.1257/aer.20220471,Urban Public Works in Spatial Equilibrium: Experimental Evidence from Ethiopia,2024
10.1257/aer.20220522,Information Technology and Returns to Scale,2024
10.1257/aer.20220528,Corruption as a Local Advantage: Evidence from the Indigenization of Nigerian Oil,2025
10.1257/aer.20220555,"Old Age Risks, Consumption, and Insurance",2024
10.1257/aer.20220581,A Sufficient Statistics Approach for Macro Policy,2023
10.1257/aer.20220582,Breaking Gender Barriers: Experimental Evidence on Men in Pink-Collar Jobs,2024
10.1257/aer.20220583,Status Externalities in Education and Low Birth Rates in Korea,2024
10.1257/aer.20220616,Big Loans to Small Businesses: Predicting Winners and Losers in an Entrepreneurial Lending Experiment,2024
10.1257/aer.20220621,100 Years of Rising Corporate Concentration,2024
10.1257/aer.20220626,Crowding in School Choice,2024
10.1257/aer.20220639,Beliefs in Repeated Games: An Experiment,2024
10.1257/aer.20220699,Choice-Screen Auctions,2023
10.1257/aer.20220711,Indirect Effects of Access to Finance,2024
10.1257/aer.20220717,Resisting Social Pressure in the Household Using Mobile Money: Experimental Evidence on Microenterprise Investment in Uganda,2024
10.1257/aer.20220720,A Signal to End Child Marriage: Theory and Experimental Evidence from Bangladesh,2023
10.1257/aer.20220792,Long-Run Effects of Incentivizing Work after Childbirth,2024
10.1257/aer.20220822,In-Kind Transfers as Insurance,2024
10.1257/aer.20220846,The Decline of Too Big to Fail,2025
10.1257/aer.20220892,Propagation and Insurance in Village Networks,2024
10.1257/aer.20220908,The Real State: Inside the Congo’s Traffic Police Agency,2024
10.1257/aer.20220915,"Confidence, Self-Selection, and Bias in the Aggregate",2023
10.1257/aer.20220943,Pricing Power in Advertising Markets: Theory and Evidence,2024
10.1257/aer.20220973,Spending and Job-Finding Impacts of Expanded Unemployment Benefits: Evidence from Administrative Micro Data,2024
10.1257/aer.20221053,Sufficient Statistics for Nonlinear Tax Systems with General Across-Income Heterogeneity,2024
10.1257/aer.20221099,Universal Basic Income: A Dynamic Assessment,2024
10.1257/aer.20221116,Contamination Bias in Linear Regressions,2024
10.1257/aer.20221149,Prolonged Learning and Hasty Stopping: The Wald Problem with Ambiguity,2024
10.1257/aer.20221167,The Effect of Macroeconomic Uncertainty on Household Spending,2024
10.1257/aer.20221180,A Framework for Economic Growth with Capital-Embodied Technical Change,2024
10.1257/aer.20221215,Does the Squeaky Wheel Get More Grease? The Direct and Indirect Effects of Citizen Participation on Environmental Governance in China,2024
10.1257/aer.20221227,Decisions under Risk Are Decisions under Complexity,2024
10.1257/aer.20221234,Land Rental Markets: Experimental Evidence from Kenya,2025
10.1257/aer.20221247,"Optimal Insurance: Dual Utility, Random Losses, and Adverse Selection",2023
10.1257/aer.20221297,Information Choice in Auctions,2024
10.1257/aer.20221338,Optimal Inference for Spot Regressions,2024
10.1257/aer.20221352,"Long-Run Trends in Long-Maturity Real Rates, 1311–2022",2024
10.1257/aer.20221365,"America, Jump-Started: World War II R&amp;D and the Takeoff of the US Innovation System",2023
10.1257/aer.20221413,The Gender Gap in Confidence: Expected but Not Accounted For,2024
10.1257/aer.20221422,Heterogeneity in School Value Added and the Private Premium,2025
10.1257/aer.20221426,Retirement Consumption and Pension Design,2024
10.1257/aer.20221432,Dividend Taxes and the Allocation of Capital: Comment,2023
10.1257/aer.20221479,The Ends of 27 Big Depressions,2024
10.1257/aer.20221509,The Opportunity Cost of Debt Aversion,2024
10.1257/aer.20221524,Personalized Pricing and Competition,2024
10.1257/aer.20221535,Distinguishing Common Ratio Preferences from Common Ratio Effects Using Paired Valuation Tasks,2024
10.1257/aer.20221574,"Rising Top, Falling Bottom: Industries and Rising Wage Inequality",2024
10.1257/aer.20221576,On Binscatter,2024
10.1257/aer.20221578,Who Controls the Agenda Controls the Legislature,2023
10.1257/aer.20221605,Competing to Commit: Markets with Rational Inattention,2024
10.1257/aer.20221687,Organized Crime and Economic Growth: Evidence from Municipalities Infiltrated by the Mafia,2024
10.1257/aer.20221705,Merchants of Death: The Effect of Credit Supply Shocks on Hospital Outcomes,2024
10.1257/aer.20221712,Polity Size and Local Government Performance: Evidence from India,2024
10.1257/aer.20221722,Internationalizing Like China,2025
10.1257/aer.20230008,"The Gift of a Lifetime: The Hospital, Modern Medicine, and Mortality",2024
10.1257/aer.20230010,The (Lack of) Anticipatory Effects of the Social Safety Net on Human Capital Investment,2023
10.1257/aer.20230015,Dynamic Outside Options and Optimal Negotiation Strategies,2024
10.1257/aer.20230016,The Social Costs of Keystone Species Collapse: Evidence from the Decline of Vultures in India,2024
10.1257/aer.20230019,Strengthening State Capacity: Civil Service Reform and Public Sector Performance during the Gilded Age,2024
10.1257/aer.20230033,"Learning by Necessity: Government Demand, Capacity Constraints, and Productivity Growth",2024
10.1257/aer.20230038,Universalism: Global Evidence,2025
10.1257/aer.20230056,Organized Voters: Elections and Public Funding of Nonprofits,2025
10.1257/aer.20230075,The Benefits of Revealing Race: Evidence from Minority-Owned Local Businesses,2025
10.1257/aer.20230084,Nurturing Childhood Curiosity to Enhance Learning: Evidence from a Randomized Pedagogical Intervention,2024
10.1257/aer.20230114,Repeated Trading: Transparency and Market Structure,2024
10.1257/aer.20230128,Micro Risks and (Robust) Pareto-Improving Policies,2024
10.1257/aer.20230133,A Technology-Gap Model of ‘Premature’ Deindustrialization,2024
10.1257/aer.20230208,Who Benefits from State Corporate Tax Cuts? A Local Labor Market Approach with Heterogeneous Firms: Reply,2023
10.1257/aer.20230233,Experimentation in Networks,2024
10.1257/aer.20230248,The Price of Power: Costs of Political Corruption in Indian Electricity,2024
10.1257/aer.20230328,Dying or Lying? For-Profit Hospices and End-of-Life Care,2025
10.1257/aer.20230330,Monotone Function Intervals: Theory and Applications,2024
10.1257/aer.20230393,The Good Wife? Reputation Dynamics and Financial Decision-Making inside the Household,2025
10.1257/aer.20230425,Arbitraging Covered Interest rate Parity Deviations and Bank Lending,2024
10.1257/aer.20230430,Comparisons of Signals,2024
10.1257/aer.20230478,"Data, Competition, and Digital Platforms",2024
10.1257/aer.20230486,Whatever It Takes? The Impact of Conditional Policy Promises,2025
10.1257/aer.20230496,A Theory of Dynamic Inflation Targets,2025
10.1257/aer.20230505,"How Competitive Is the Stock Market? Theory, Evidence from Portfolios, and Implications for the Rise of Passive Investing",2025
10.1257/aer.20230515,Measuring Science: Performance Metrics and the Allocation of Talent,2024
10.1257/aer.20230521,Women Left Behind: Gender Disparities in Utilization of Government Health Insurance in India,2024
10.1257/aer.20230585,Financial Access and Labor Market Outcomes: Evidence from Credit Lotteries,2024
10.1257/aer.20230700,A Discrimination Report Card,2024
10.1257/aer.20230814,Quality Is in the Eye of the Beholder: Taste Projection in Markets with Observational Learning,2024
10.1257/aer.20230914,Buying from a Group,2024
10.1257/aer.20231012,Bias and Sensitivity under Ambiguity,2024
10.1257/aer.20231133,Do Ordeals Work for Selection Markets? Evidence from Health Insurance Auto-Enrollment,2025
10.1257/aer.20240138,Five Facts about MPCs: Evidence from a Randomized Experiment,2025
10.1257/aer.20240309,Sticky Wages on the Layoff Margin,2025
10.1257/aer.20240374,Empowering Adolescents to Transform Schools: Lessons from a Behavioral Targeting,2025
10.1257/aer.90.1.1,"Population, Food, and Knowledge",2000
10.1257/aer.90.1.130,"Mobility, Targeting, and Private-School Vouchers",2000
10.1257/aer.90.1.147,"Liberalization, Moral Hazard in Banking, and Prudential Regulation: Are Capital Requirements Enough?",2000
10.1257/aer.90.1.15,Optimal Adoption of Complementary Technologies,2000
10.1257/aer.90.1.166,"ERC: A Theory of Equity, Reciprocity, and Competition",2000
10.1257/aer.90.1.194,The Choice Between Market Failures and Corruption,2000
10.1257/aer.90.1.212,Elephants,2000
10.1257/aer.90.1.235,Credit Rationing?,2000
10.1257/aer.90.1.240,Third-Degree Price Discrimination in Input Markets: Output and Welfare,2000
10.1257/aer.90.1.247,A Simple Mechanism for the Efficient Provision of Public Goods: Experimental Evidence,2000
10.1257/aer.90.1.265,Limiting Buyer Discretion: Effects on Performance and Price in Long-Term Contracts,2000
10.1257/aer.90.1.282,Economic Growth and the Elasticity of Substitution: Two Theorems and Some Suggestions,2000
10.1257/aer.90.1.292,Economies of Scale and Constant Returns to Capital: A Neglected Early Contribution to the Theory of Economic Growth,2000
10.1257/aer.90.1.296,Naked Exclusion: Comment,2000
10.1257/aer.90.1.30,Collateral Damage: Effects of the Japanese Bank Crisis on Real Activity in the United States,2000
10.1257/aer.90.1.310,Naked Exclusion: Reply,2000
10.1257/aer.90.1.312,"The Phillips Curve, the Persistence of Inflation, and the Lucas Critique: Evidence from Exchange-Rate Regimes: Comment",2000
10.1257/aer.90.1.316,Unique Equilibrium in a Model of Self-Fulfilling Currency Attacks: Comment,2000
10.1257/aer.90.1.319,The Deadweight Loss of Christmas: Comment,2000
10.1257/aer.90.1.325,The Deadweight Loss of Christmas: Reply,2000
10.1257/aer.90.1.46,Endogenous Inequality in Integrated Labor Markets with Two-Sided Search,2000
10.1257/aer.90.1.73,"Labor-Market Integration, Investment in Risky Human Capital, and Fiscal Competition",2000
10.1257/aer.90.1.96,Unequal Societies: Income Distribution and the Social Contract,2000
10.1257/aer.90.1.i,The American Economic Association,2000
10.1257/aer.90.2.1,"International Financial Crises: Causes, Prevention, and Cures",2000
10.1257/aer.90.2.100,Pitfalls of Forward-Looking Monetary Policy,2000
10.1257/aer.90.2.105,Inflation Targeting for Emerging-Market Countries,2000
10.1257/aer.90.2.110,Requiem for the Representative Consumer? Aggregate Implications of Microeconomic Consumption Behavior,2000
10.1257/aer.90.2.116,"Testing the (<i>S, s</i>) Model",2000
10.1257/aer.90.2.120,The Savers–Spenders Theory of Fiscal Policy,2000
10.1257/aer.90.2.126,Political Losers as a Barrier to Economic Development,2000
10.1257/aer.90.2.131,Ethnicity and Development in Africa: A Reappraisal,2000
10.1257/aer.90.2.135,Capture and Governance at Local and National Levels,2000
10.1257/aer.90.2.140,"Participatory Politics, Social Cooperation, and Economic Stability",2000
10.1257/aer.90.2.145,Beyond the Algebra of Explanation: HOV for the Technology Age,2000
10.1257/aer.90.2.150,International Trade as an “Integrated Equilibrium”: New Perspectives,2000
10.1257/aer.90.2.155,Aggregation Bias in the Factor Content of Trade: Evidence from U.S. Manufacturing,2000
10.1257/aer.90.2.161,U.S. Economic Growth at the Industry Level,2000
10.1257/aer.90.2.168,Economic and Productivity Growth in Canadian Industries,2000
10.1257/aer.90.2.17,Crisis and Risk Management,2000
10.1257/aer.90.2.172,A Comparison of Industrial Productivity Growth in Canada and the United States,2000
10.1257/aer.90.2.176,Productivity Levels and International Competitiveness Between Canadian and U.S. Industries,2000
10.1257/aer.90.2.180,The <i>IBM</i> and <i>Microsoft</i> Cases: What's the Difference?,2000
10.1257/aer.90.2.184,A Competitive Perspective on Internet Explorer,2000
10.1257/aer.90.2.188,Toward a Quantification of the Effects of Microsoft's Conduct,2000
10.1257/aer.90.2.192,Antitrust Issues in Schumpeterian Industries,2000
10.1257/aer.90.2.197,Has the “Million-Dollar Cap” Affected CEO Pay?,2000
10.1257/aer.90.2.203,Agents With and Without Principals,2000
10.1257/aer.90.2.209,Optimal Exercise Prices for Executive Stock Options,2000
10.1257/aer.90.2.215,Knowledge Spillovers and Patent Citations: Evidence from a Survey of Inventors,2000
10.1257/aer.90.2.219,Who Benefits Most from Employee Involvement: Firms or Workers?,2000
10.1257/aer.90.2.22,Tunneling,2000
10.1257/aer.90.2.224,Is Cost-Cutting Evidence of X-Inefficiency?,2000
10.1257/aer.90.2.228,Economists and Field Research: “You Can Observe a Lot Just by Watching”,2000
10.1257/aer.90.2.233,Can Downstream Waste Disposal Policies Encourage Upstream “Design for Environment”?,2000
10.1257/aer.90.2.238,Two Generalizations of a Deposit–Refund System,2000
10.1257/aer.90.2.243,Restricting the Trash Trade,2000
10.1257/aer.90.2.247,Economic Measurement: Progress and Challenges,2000
10.1257/aer.90.2.253,Getting the 21st-Century GDP Right: What's Underway?,2000
10.1257/aer.90.2.259,New Directions in National Economic Accounting,2000
10.1257/aer.90.2.264,"The Income and Tax Share of Very High-Income Households, 1960–1995",2000
10.1257/aer.90.2.271,"Taxes, High-Income Executives, and the Perils of Revenue Estimation in the New Economy",2000
10.1257/aer.90.2.276,Capital Gains Realizations of the Rich and Sophisticated,2000
10.1257/aer.90.2.28,"U.S. Banks, Crises, and Bailouts: From Mexico to LTCM",2000
10.1257/aer.90.2.283,Tax Policy and Entrepreneurial Entry,2000
10.1257/aer.90.2.288,How Much Should Americans Be Saving for Retirement?,2000
10.1257/aer.90.2.293,Generational Accounts for the United States: An Update,2000
10.1257/aer.90.2.297,Saver Behavior and 401(k) Retirement Wealth,2000
10.1257/aer.90.2.303,Generational Aspects of Medicare,2000
10.1257/aer.90.2.308,Racial and Ethnic Economic Inequality: The International Record,2000
10.1257/aer.90.2.312,"Persistent Discrimination: Racial Disparity in the United States, 1967–1988",2000
10.1257/aer.90.2.317,Intergroup Economic Inequality in South Africa: The Post-Apartheid Era,2000
10.1257/aer.90.2.32,"Floating, Fixed, or Super-Fixed? Dollarization Joins the Menu of Exchange-Rate Options",2000
10.1257/aer.90.2.322,"Does Caste Still Define Disparity? A Look at Inequality in Kerala, India",2000
10.1257/aer.90.2.326,The Convergence in Black–White Infant Mortality Rates During the 1960's,2000
10.1257/aer.90.2.333,Labor-Market Dropouts and the Racial Wage Gap: 1940–1990,2000
10.1257/aer.90.2.339,Evaluating a Simple Method for Estimating Black–White Gaps in Median Wages,2000
10.1257/aer.90.2.344,Understanding Black–White Wage Differentials: 1960–1990,2000
10.1257/aer.90.2.350,"Immigration, Social Security, and Broader Fiscal Impacts",2000
10.1257/aer.90.2.355,Foreign-Born Teaching Assistants and the Academic Performance of Undergraduates,2000
10.1257/aer.90.2.360,Do Immigrant Inflows Lead to Native Outflows?,2000
10.1257/aer.90.2.368,Immigrant Earnings Assimilation: Estimates from Longitudinal Data,2000
10.1257/aer.90.2.373,Welfare Benefits and Female Headship in U.S. Time Series,2000
10.1257/aer.90.2.378,The Economics of Fatherhood,2000
10.1257/aer.90.2.38,Conflicting Demands on the International Monetary Fund,2000
10.1257/aer.90.2.383,Women on Welfare: A Macroeconomic Analysis,2000
10.1257/aer.90.2.389,Carrots and Sticks: Fertility Effects of China's Population Policies,2000
10.1257/aer.90.2.393,Child Health and Household Resources in South Africa: Evidence from the Old Age Pension Program,2000
10.1257/aer.90.2.399,Agricultural Volatility and Investments in Children,2000
10.1257/aer.90.2.405,Sibling Rivalry in Africa,2000
10.1257/aer.90.2.410,The Power of Incentives,2000
10.1257/aer.90.2.415,The Use of Performance Measures in Incentive Contracting,2000
10.1257/aer.90.2.421,What Trade-off of Risk and Incentives?,2000
10.1257/aer.90.2.426,Emotions in Economic Theory and Economic Behavior,2000
10.1257/aer.90.2.43,Rules and Authorities in International Monetary Arrangements: The Role of Central Banks,2000
10.1257/aer.90.2.433,A Boundedly Rational Decision Algorithm,2000
10.1257/aer.90.2.439,Thinking and Feeling,2000
10.1257/aer.90.2.444,Growth in Women's Relative Wages and in Inequality Among Men: One Phenomenon or Two?,2000
10.1257/aer.90.2.450,The Rise of Female Professionals: Are Women Responding to Skill Demand?,2000
10.1257/aer.90.2.456,Are Women's Wage Gains Men's Losses? A Distributional Test,2000
10.1257/aer.90.2.461,Career and Marriage in the Age of the Pill,2000
10.1257/aer.90.2.466,Why Are Women Such Reluctant Economists? Evidence from Liberal Arts Colleges,2000
10.1257/aer.90.2.471,Do Colleges Shortchange Women? Gender Differences in the Transition from College to Work,2000
10.1257/aer.90.2.476,Harriet Taylor Mill,2000
10.1257/aer.90.2.48,Why Did the Ruble Collapse in August 1998?,2000
10.1257/aer.90.2.480,Nineteenth-Century American Feminist Economics: From Caroline Dall to Charlotte Perkins Gilman,2000
10.1257/aer.90.2.486,John Bates Clark Award,2000
10.1257/aer.90.2.487,Minutes of the Annual Meeting,2000
10.1257/aer.90.2.488,Minutes of the Executive Committee Meetings,2000
10.1257/aer.90.2.495,Report of the Secretary for 1999,2000
10.1257/aer.90.2.498,"Report of the Treasurer for the Year Ending December 31, 1999",2000
10.1257/aer.90.2.499,Report of the Finance Committee,2000
10.1257/aer.90.2.500,"Report of the Editor, <i>American Economic Review</i>",2000
10.1257/aer.90.2.508,"Report of the Editor, <i>Journal of Economic Literature</i>",2000
10.1257/aer.90.2.511,"Report of the Editor, <i>Journal of Economic Perspectives</i>",2000
10.1257/aer.90.2.514,"Report of the Director, <i>Job Openings for Economists</i>",2000
10.1257/aer.90.2.517,Report of the Committee on Economic Education,2000
10.1257/aer.90.2.519,Report of the Committee on the Status of Minority Groups in the Economics Profession,2000
10.1257/aer.90.2.521,Report of the Committee on the Status of Women in the Economics Profession,2000
10.1257/aer.90.2.528,Report of the AEA Committee on the Journals,2000
10.1257/aer.90.2.53,"The Polish Zloty, 1990–1999: Success and Underperformance",2000
10.1257/aer.90.2.532,Report of the Representative to the National Bureau of Economic Research,2000
10.1257/aer.90.2.534,American Economic Association Universal Academic Questionnaire Summary Statistics,2000
10.1257/aer.90.2.59,Capital-Markets Crisis and Economic Collapse in Emerging Markets: An Informational-Frictions Approach,2000
10.1257/aer.90.2.65,The Mirage of Floating Exchange Rates,2000
10.1257/aer.90.2.71,Exchange-Rate Policy for Developing Countries,2000
10.1257/aer.90.2.76,Telling Better Stories in Introductory Macro,2000
10.1257/aer.90.2.81,Eight Reasons Why Real versus Nominal Interest Rates is the Most Important Concept in Macroeconomics Principles Courses,2000
10.1257/aer.90.2.85,The Principles of Macroeconomics at the Millennium,2000
10.1257/aer.90.2.90,Teaching Modern Macroeconomics at the Principles Level,2000
10.1257/aer.90.2.95,The First Year of the Eurosystem: Inflation Targeting or Not?,2000
10.1257/aer.90.2.i,The American Economic Association,2000
10.1257/aer.90.3.327,A Reconsideration of the Twentieth Century,2000
10.1257/aer.90.3.341,Saving and Growth with Habit Formation,2000
10.1257/aer.90.3.356,Tax Policy and Aggregate Demand Management Under Catching Up with the Joneses,2000
10.1257/aer.90.3.367,Habit Formation in Consumption and Its Implications for Monetary-Policy Models,2000
10.1257/aer.90.3.391,Habit Formation in Consumer Preferences: Evidence from Panel Data,2000
10.1257/aer.90.3.407,What Do a Million Observations on Banks Say About the Transmission of Monetary Policy?,2000
10.1257/aer.90.3.429,Federal Reserve Information and the Behavior of Interest Rates,2000
10.1257/aer.90.3.458,What Inventory Behavior Tells Us About Business Cycles,2000
10.1257/aer.90.3.482,Job Destruction and Propagation of Shocks,2000
10.1257/aer.90.3.499,Efficiency and Information Aggregation in Auctions,2000
10.1257/aer.90.3.526,"Ownership Risk, Investment, and the Use of Natural Resources",2000
10.1257/aer.90.3.550,Standardization in Decentralized Economies,2000
10.1257/aer.90.3.571,The Labeling Effect of a Child Benefit System,2000
10.1257/aer.90.3.584,"A Time-Series Analysis of Crime, Deterrence, and Drug Abuse in New York City",2000
10.1257/aer.90.3.605,A Theory of Rigid Extremists and Flexible Moderates with an Application to the U.S. Congress,2000
10.1257/aer.90.3.621,Sovereign Debt as Intertemporal Barter,2000
10.1257/aer.90.3.640,Role Models and Arguments for Affirmative Action,2000
10.1257/aer.90.3.649,Political Influence and the Dynamic Consistency of Policy,2000
10.1257/aer.90.3.667,The Role of a Variable Input in the Relationship Between Investment and Uncertainty,2000
10.1257/aer.90.3.681,Optimal Income Taxation: An Example with a U-Shaped Pattern of Optimal Marginal Tax Rates: Comment,2000
10.1257/aer.90.3.687,Capital Mobility in Neoclassical Models of Growth: Comment,2000
10.1257/aer.90.3.695,Herd Behavior and Investment: Comment,2000
10.1257/aer.90.3.705,Herd Behavior and Investment: Reply,2000
10.1257/aer.90.3.707,Independent Auditors' Report,2000
10.1257/aer.90.3.i,The American Economic Association,2000
10.1257/aer.90.4.1005,Losing Sleep at the Market: The Daylight Saving Anomaly,2000
10.1257/aer.90.4.1012,Private Information and Trade Timing,2000
10.1257/aer.90.4.1019,A Preference Regime Model of Bull and Bear Markets,2000
10.1257/aer.90.4.1034,Learning and Forgetting: The Dynamics of Aircraft Production,2000
10.1257/aer.90.4.1055,Optimal Risk Adjustment in Markets with Adverse Selection: An Application to Managed Care,2000
10.1257/aer.90.4.1072,Fair Shares: Accountability and Cognitive Dissonance in Allocation Decisions,2000
10.1257/aer.90.4.715,Orchestrating Impartiality: The Impact of “Blind” Auditions on Female Musicians,2000
10.1257/aer.90.4.742,Wage Shocks and North American Labor-Market Integration,2000
10.1257/aer.90.4.765,Mentoring and Diversity,2000
10.1257/aer.90.4.787,Asset Pricing with Distorted Beliefs: Are Equity Returns Too Good to Be True?,2000
10.1257/aer.90.4.806,"Population, Technology, and Growth: From Malthusian Stagnation to the Demographic Transition and Beyond",2000
10.1257/aer.90.4.829,Endogenous Growth and Cross-Country Income Differences,2000
10.1257/aer.90.4.847,"Aid, Policies, and Growth",2000
10.1257/aer.90.4.869,A Reassessment of the Relationship Between Inequality and Growth,2000
10.1257/aer.90.4.888,"Intelligence, Social Mobility, and Growth",2000
10.1257/aer.90.4.909,A Representative Consumer Theory of Distribution,2000
10.1257/aer.90.4.927,Meetings with Costly Participation,2000
10.1257/aer.90.4.944,Motivating Wealth-Constrained Actors,2000
10.1257/aer.90.4.961,Demand Reduction in Multiunit Auctions: Evidence from a Sportscard Field Experiment,2000
10.1257/aer.90.4.973,Does Culture Matter in Economic Behavior? Ultimatum Game Bargaining Among the Machiguenga of the Peruvian Amazon,2000
10.1257/aer.90.4.980,Cooperation and Punishment in Public Goods Experiments,2000
10.1257/aer.90.4.995,Asset Markets: How They Are Affected by Tournament Incentives for Individuals,2000
10.1257/aer.90.4.i,The American Economic Association,2000
10.1257/aer.90.5.1093,Does Exchange-Rate Stability Increase Trade and Welfare?,2000
10.1257/aer.90.5.1110,Market Contagion: Evidence from the Panics of 1854 and 1857,2000
10.1257/aer.90.5.1125,Monetary Aggregates and Output,2000
10.1257/aer.90.5.1136,"Endogenous Business Cycles and the Dynamics of Output, Hours, and Consumption",2000
10.1257/aer.90.5.1160,Does Schooling Cause Growth?,2000
10.1257/aer.90.5.1184,"Schooling, Labor-Force Quality, and the Growth of Nations",2000
10.1257/aer.90.5.1209,Does Competition Among Public Schools Benefit Students and Taxpayers?,2000
10.1257/aer.90.5.1239,“Globalization” and Vertical Structure,2000
10.1257/aer.90.5.1255,Diversity and Trade,2000
10.1257/aer.90.5.1276,Economic Integration and Political Disintegration,2000
10.1257/aer.90.5.1297,The Determinants of Equilibrium Unemployment,2000
10.1257/aer.90.5.1323,Aggregate Employment Fluctuations with Microeconomic Asymmetries,2000
10.1257/aer.90.5.1346,Performance Pay and Productivity,2000
10.1257/aer.90.5.1362,Minimum Wages and Employment: A Case Study of the Fast-Food Industry in New Jersey and Pennsylvania: Comment,2000
10.1257/aer.90.5.1397,Minimum Wages and Employment: A Case Study of the Fast-Food Industry in New Jersey and Pennsylvania: Reply,2000
10.1257/aer.90.5.1421,Central-Bank Credibility: Why Do We Care? How Do We Build It?,2000
10.1257/aer.90.5.1432,"Nominal Wage Rigidity and Industry Characteristics in the Downturns of 1893, 1929, and 1981",2000
10.1257/aer.90.5.1447,"Money, Sticky Wages, and the Great Depression",2000
10.1257/aer.90.5.1464,Output Fluctuations in the United States: What Has Changed Since the Early 1980's?,2000
10.1257/aer.90.5.1477,Social Interactions and the Institutions of Local Government,2000
10.1257/aer.90.5.1491,Social Limits to Redistribution,2000
10.1257/aer.90.5.1508,Tax Competition When Governments Lack Commitment: Excess Capacity as a Countervailing Threat,2000
10.1257/aer.90.5.1520,Selective Versus Universal Vouchers: Modeling Median Voter Preferences in Education,2000
10.1257/aer.90.5.1535,A Reconsideration of the Twentieth Century,2000
10.1257/aer.90.5.i,The American Economic Association,2000
10.1257/aer.91.1.1,Information Technology and the U.S. Economy,2001
10.1257/aer.91.1.128,The Effects of Investing Social Security Funds in the Stock Market When Fixed Costs Prevent Some Households from Holding Stocks,2001
10.1257/aer.91.1.149,"Habit Persistence, Asset Returns, and the Business Cycle",2001
10.1257/aer.91.1.167,Monetary Policy and Multiple Equilibria,2001
10.1257/aer.91.1.187,What Hides Behind an Unemployment Rate: Comparing Portuguese and U.S. Labor Markets,2001
10.1257/aer.91.1.208,Local Discouragement and Global Collapse: A Theory of Coordination Avalanches,2001
10.1257/aer.91.1.225,The Provision of Public Goods Under Alternative Electoral Incentives,2001
10.1257/aer.91.1.240,Proofs and Prototypes for Sale: The Licensing of University Inventions,2001
10.1257/aer.91.1.260,Gamma Discounting,2001
10.1257/aer.91.1.272,"Race, Roosevelt, and Wartime Production: Fair Employment in World War II Labor Markets",2001
10.1257/aer.91.1.287,Tallest in the World: Native Americans of the Great Plains in the Nineteenth Century,2001
10.1257/aer.91.1.295,"The Market Evaluation of Criminality: Evidence from the Auction of British Convict Labor in America, 1767–1775",2001
10.1257/aer.91.1.305,Household Debt and the Tax Reform Act of 1986,2001
10.1257/aer.91.1.320,"State-Owned and Privately Owned Firms: An Empirical Analysis of Profitability, Leverage, and Labor Intensity",2001
10.1257/aer.91.1.33,The Personal Discount Rate: Evidence from Military Downsizing Programs,2001
10.1257/aer.91.1.335,Preferences over Inflation and Unemployment: Evidence from Surveys of Happiness,2001
10.1257/aer.91.1.342,Firm-Specific Human Capital as a Shared Investment: Comment,2001
10.1257/aer.91.1.348,Firm-Specific Human Capital as a Shared Investment: Reply,2001
10.1257/aer.91.1.54,Dividends and Expropriation,2001
10.1257/aer.91.1.79,Naive Diversification Strategies in Defined Contribution Saving Plans,2001
10.1257/aer.91.1.99,Who Should Buy Long-Term Bonds?,2001
10.1257/aer.91.1.i,The American Economic Association,2001
10.1257/aer.91.2.1,Struggling to Understand the Stock Market,2001
10.1257/aer.91.2.103,Designing Programs for Heterogeneous Populations: The Value of Covariate Information,2001
10.1257/aer.91.2.107,Policy-Relevant Treatment Effects,2001
10.1257/aer.91.2.112,Reconciling Conflicting Evidence on the Performance of Propensity-Score Matching Methods,2001
10.1257/aer.91.2.119,Propensity-Score Matching with Instrumental Variables,2001
10.1257/aer.91.2.12,Human Capital and Growth,2001
10.1257/aer.91.2.125,Interactions Between Unmarried Fathers and Their Children: The Role of Paternity Establishment and Child-Support Policies,2001
10.1257/aer.91.2.130,The Effect of Child-Support Policies on Visitations and Transfers,2001
10.1257/aer.91.2.135,New Estimates of the Impact of Child Disability on Maternal Employment,2001
10.1257/aer.91.2.140,Signals of Child Achievement as Determinants of Child Support,2001
10.1257/aer.91.2.145,The Importance of Noncognitive Skills: Lessons from the GED Testing Program,2001
10.1257/aer.91.2.150,"As Ye Sweep, So Shall Ye Reap",2001
10.1257/aer.91.2.155,"Incentive-Enhancing Preferences: Personality, Behavior, and Earnings",2001
10.1257/aer.91.2.159,"Understanding, Speaking, Reading, Writing, and Earnings in the Immigrant Labor Market",2001
10.1257/aer.91.2.164,Black–White Earnings Differentials: Privatization versus Deregulation,2001
10.1257/aer.91.2.169,Market Structure and Racial Earnings: Evidence from Job-Changers,2001
10.1257/aer.91.2.174,"Racial Differences in Transportation Access to Employment in Chicago and Los Angeles, 1980 and 1990",2001
10.1257/aer.91.2.178,Annual Income and Identity Formation Among Persons of Mexican Descent,2001
10.1257/aer.91.2.18,The Legacy of U.S. Educational Leadership: Notes on Distribution and Economic Growth in the 20th Century,2001
10.1257/aer.91.2.184,Assessing the Property Rights and Transaction-Cost Theories of Firm Scope,2001
10.1257/aer.91.2.189,Empirical Strategies in Contract Economics: Information and the Boundary of the Firm,2001
10.1257/aer.91.2.195,Do Firm Boundaries Matter?,2001
10.1257/aer.91.2.200,Organizational Design: Decision Rights and Incentive Contracts,2001
10.1257/aer.91.2.206,The Influence of the Financial Revolution on the Nature of Firms,2001
10.1257/aer.91.2.212,Bringing the Market Inside the Firm?,2001
10.1257/aer.91.2.219,Interest Rates and Inflation,2001
10.1257/aer.91.2.226,NAIRU Uncertainty and Nonlinear Policy Rules,2001
10.1257/aer.91.2.232,The Taylor Rule and Optimal Monetary Policy,2001
10.1257/aer.91.2.238,"Fewer Monies, Better Monies",2001
10.1257/aer.91.2.24,Black–White Achievement Differences and Governmental Interventions,2001
10.1257/aer.91.2.243,Why Not a Global Currency?,2001
10.1257/aer.91.2.248,Optimal Monetary Policy in Open versus Closed Economies: An Integrated Approach,2001
10.1257/aer.91.2.253,Should Central Banks Respond to Movements in Asset Prices?,2001
10.1257/aer.91.2.258,Should Monetary Policy Respond Strongly to Output Gaps?,2001
10.1257/aer.91.2.263,The Role of the Exchange Rate in Monetary-Policy Rules,2001
10.1257/aer.91.2.268,Price and Quality of Desktop and Mobile Personal Computers: A Quarter-Century Historical Overview,2001
10.1257/aer.91.2.274,The Acceleration in Variety Growth,2001
10.1257/aer.91.2.281,Productivity Change in Health Care,2001
10.1257/aer.91.2.287,Internet Peering,2001
10.1257/aer.91.2.29,Input Trade and the Location of Production,2001
10.1257/aer.91.2.292,Advances in Routing Technologies and Internet Peering Agreements,2001
10.1257/aer.91.2.297,"Access Pricing, Bypass, and Universal Service",2001
10.1257/aer.91.2.302,Cable Modems and DSL: Broadband Internet Access for Residential Customers,2001
10.1257/aer.91.2.308,Do We Have a New E-conomy?,2001
10.1257/aer.91.2.313,Projecting the Economic Impact of the Internet,2001
10.1257/aer.91.2.318,E-Commerce: Measurement and Measurement Issues,2001
10.1257/aer.91.2.323,"Schooling Data, Technological Diffusion, and the Neoclassical Model",2001
10.1257/aer.91.2.328,Cross-Country Technology Diffusion: The Case of Computers,2001
10.1257/aer.91.2.336,Why Wait? A Century of Life Before IPO,2001
10.1257/aer.91.2.34,Why Did Productivity Fall So Much During the Great Depression?,2001
10.1257/aer.91.2.342,Appeasement: Can It Work?,2001
10.1257/aer.91.2.347,The Creation of Effective Property Rights,2001
10.1257/aer.91.2.353,"Guns, Butter, and Openness: On the Relationship Between Security and Trade",2001
10.1257/aer.91.2.358,Commercial Policy in a “Fragmented” World,2001
10.1257/aer.91.2.363,The Role of International Fragmentation in the Development Process,2001
10.1257/aer.91.2.367,Trade and Exposure,2001
10.1257/aer.91.2.371,International Trade and Business Cycles: Is Vertical Specialization the Missing Link?,2001
10.1257/aer.91.2.376,Coping with Terms of Trade Shocks: Pegs versus Floats,2001
10.1257/aer.91.2.381,Dollarization,2001
10.1257/aer.91.2.386,National Money as a Barrier to International Trade: The Real Case for Currency Union,2001
10.1257/aer.91.2.39,Market Trade in Patents and the Rise of a Class of Specialized Inventors in the 19th Century United States,2001
10.1257/aer.91.2.391,Exchange-Rate Hedging: Financial versus Operational Strategies,2001
10.1257/aer.91.2.396,A Reexamination of Exchange-Rate Exposure,2001
10.1257/aer.91.2.400,Gender Differences in the Labor Market Effects of the Dollar,2001
10.1257/aer.91.2.406,The Empirical Importance of Precautionary Saving,2001
10.1257/aer.91.2.413,How Important Are Idiosyncratic Shocks? Evidence from Labor Supply,2001
10.1257/aer.91.2.418,Interest Elasticity in a Life-Cycle Model with Precautionary Savings,2001
10.1257/aer.91.2.422,Banks and Liquidity,2001
10.1257/aer.91.2.426,"Venture Capitalists as Principals: Contracting, Screening, and Monitoring",2001
10.1257/aer.91.2.431,A Reason for Quantity Regulation,2001
10.1257/aer.91.2.436,Financial Intermediation without Exclusivity,2001
10.1257/aer.91.2.440,Research in Economic Education: Five New Initiatives,2001
10.1257/aer.91.2.446,Teaching Economics at the Start of the 21st Century: Still Chalk and Talk,2001
10.1257/aer.91.2.45,Sharing Ambiguity,2001
10.1257/aer.91.2.452,Assessing the Economic Understanding of U.S. High-School Students,2001
10.1257/aer.91.2.461,Minutes of the Annual Meeting,2001
10.1257/aer.91.2.462,Minutes of the Executive Committee Meetings,2001
10.1257/aer.91.2.472,Report of the Secretary for 2000,2001
10.1257/aer.91.2.475,"Report of the Treasurer for the Year Ending December 31, 2000",2001
10.1257/aer.91.2.476,Report of the Finance Committee,2001
10.1257/aer.91.2.477,"Report of the Editor, <i>American Economic Review</i>",2001
10.1257/aer.91.2.486,"Report of the Editor, <i>Journal of Economic Literature</i>",2001
10.1257/aer.91.2.489,"Report of the Editor, <i>Journal of Economic Perspectives</i>",2001
10.1257/aer.91.2.492,"Report of the Director, <i>Job Openings for Economists</i>",2001
10.1257/aer.91.2.495,Report of the Committee on Economic Education,2001
10.1257/aer.91.2.497,Report of the Committee on the Status of Minority Groups in the Economics Profession,2001
10.1257/aer.91.2.502,Report of the Committee on the Status of Women in the Economics Profession,2001
10.1257/aer.91.2.508,Report of the Search Committee for the Editor of the <i>AER</i>,2001
10.1257/aer.91.2.509,American Economic Association Universal Academic Questionnaire Summary Statistics,2001
10.1257/aer.91.2.51,Pitfalls of a Minimax Approach to Model Uncertainty,2001
10.1257/aer.91.2.55,Minimax Estimation and Forecasting in a Stationary Autoregression Model,2001
10.1257/aer.91.2.60,Robust Control and Model Uncertainty,2001
10.1257/aer.91.2.67,Do People Mean What They Say? Implications for Subjective Survey Data,2001
10.1257/aer.91.2.73,In Search of Homo Economicus: Behavioral Experiments in 15 Small-Scale Societies,2001
10.1257/aer.91.2.79,Growing Up in the Projects: The Economic Lives of a Cohort of Men Who Came of Age in Chicago Public Housing,2001
10.1257/aer.91.2.85,Youth Smoking in the 1990's: Why Did It Rise and What Are the Long-Run Implications?,2001
10.1257/aer.91.2.91,Behavioral Policies and Teen Traffic Safety,2001
10.1257/aer.91.2.97,Going to College to Avoid the Draft: The Unintended Legacy of the Vietnam War,2001
10.1257/aer.91.2.i,The American Economic Association,2001
10.1257/aer.91.3.351,Economic Choices,2001
10.1257/aer.91.3.379,"Rules, Communication, and Collusion: Narrative Evidence from the Sugar Institute Case",2001
10.1257/aer.91.3.399,Auctions with Resale Markets: An Application to U.S. Forest Service Timber Sales,2001
10.1257/aer.91.3.428,"Vertical Integration, Market Foreclosure, and Consumer Welfare in the Cable Television Industry",2001
10.1257/aer.91.3.454,Information Gatekeepers on the Internet and the Competitiveness of Homogeneous Product Markets,2001
10.1257/aer.91.3.475,Costly Predation and the Distribution of Competence,2001
10.1257/aer.91.3.485,A Theory of Buyer-Seller Networks,2001
10.1257/aer.91.3.509,The Value of Information in Efficient Risk-Sharing Arrangements,2001
10.1257/aer.91.3.525,Optimal Incentives for Teams,2001
10.1257/aer.91.3.542,The Optimal Allocation of Prizes in Contests,2001
10.1257/aer.91.3.559,Competition and Custom in Economic Contracts: A Case Study of Illinois Agriculture,2001
10.1257/aer.91.3.574,Simulating Fundamental Tax Reform in the United States,2001
10.1257/aer.91.3.596,Is a Uniform Social Policy Better? Fiscal Federalism and Factor Mobility,2001
10.1257/aer.91.3.611,Demand Systems With and Without Errors,2001
10.1257/aer.91.3.619,Using Engel's Law to Estimate CPI Bias,2001
10.1257/aer.91.3.631,Does Buffer-Stock Saving Explain the Smoothness and Excess Sensitivity of Consumption?,2001
10.1257/aer.91.3.648,"Monetary Instability, the Predictability of Prices, and the Allocation of Investment: An Empirical Investigation Using U.K. Panel Data",2001
10.1257/aer.91.3.663,Business Fixed Investment and “Bubbles”: The Japanese Case,2001
10.1257/aer.91.3.681,The Response of Expenditures to Anticipated Income Changes: Panel Data Estimates,2001
10.1257/aer.91.3.693,Estimating The Knowledge-Capital Model of the Multinational Enterprise,2001
10.1257/aer.91.3.709,Optimal Regional Redistribution Under Asymmetric Information,2001
10.1257/aer.91.3.724,How Liable Should a Lender Be? The Case of Judgment-Proof Firms and Environmental Risk: Comment,2001
10.1257/aer.91.3.731,How Liable Should a Lender Be? The Case of Judgment-Proof Firms and Environmental Risk: Comment,2001
10.1257/aer.91.3.739,How Liable Should a Lender Be? The Case of Judgment-Proof Firms and Environmental Risk: Reply,2001
10.1257/aer.91.3.747,Independent Auditors' Report,2001
10.1257/aer.91.3.i,The American Economic Association,2001
10.1257/aer.91.4.1006,Quantifying Quality Growth,2001
10.1257/aer.91.4.1031,World Income Components: Measuring and Exploiting Risk-Sharing Opportunities,2001
10.1257/aer.91.4.1055,The Declining Price Anomaly in Dutch Dutch Rose Auctions,2001
10.1257/aer.91.4.1063,Creating Modern Art: The Changing Careers of Painters in France from Impressionism to Cubism,2001
10.1257/aer.91.4.1072,The Law of One Price in Scandinavian Duty-Free Stores,2001
10.1257/aer.91.4.1084,"VAT Base Broadening, Self Supply, and the Informal Sector",2001
10.1257/aer.91.4.1095,Estimating the Value of Political Connections,2001
10.1257/aer.91.4.1103,The Political Geography of Tax H(e)avens and Tax Hells,2001
10.1257/aer.91.4.1116,Individual Risk in an Investment-Based Social Security System,2001
10.1257/aer.91.4.1126,Longevity Expectations and Death: Can People Predict Their Own Demise?,2001
10.1257/aer.91.4.1135,"Technological Change, Depletion, and the U.S. Petroleum Industry",2001
10.1257/aer.91.4.1149,Intertemporal Depletion of Resource Sites by Spatially Distributed Users,2001
10.1257/aer.91.4.1160,Comparing Apples to Oranges: Productivity Convergence and Measurement Across Industries and Countries: Comment,2001
10.1257/aer.91.4.1168,Comparing Apples to Oranges: Productivity Convergence and Measurement Across Industries and Countries: Reply,2001
10.1257/aer.91.4.1170,An Asset Allocation Puzzle: Comment,2001
10.1257/aer.91.4.1180,Incorporating Fairness into Game Theory and Economics: Comment,2001
10.1257/aer.91.4.755,Rising U.S. Earnings Inequality and Family Labor Supply: The Covariance Structure of Intrafamily Earnings,2001
10.1257/aer.91.4.778,"Estimating the Effect of Unearned Income on Labor Earnings, Savings, and Consumption: Evidence from a Survey of Lottery Players",2001
10.1257/aer.91.4.795,Schooling and Labor Market Consequences of School Construction in Indonesia: Evidence from an Unusual Policy Experiment,2001
10.1257/aer.91.4.814,The Division of Spoils: Rent-Sharing and Discrimination in a Regulated Industry,2001
10.1257/aer.91.4.832,What Accounts for the Variation in Retirement Wealth Among U.S. Households?,2001
10.1257/aer.91.4.858,Increasing Returns Versus National Product Differentiation as an Explanation for the Pattern of U.S.–Canada Trade,2001
10.1257/aer.91.4.877,Is Free Trade Good for the Environment?,2001
10.1257/aer.91.4.909,Telecommunications Infrastructure and Economic Development: A Simultaneous Approach,2001
10.1257/aer.91.4.924,Social Culture and Economic Performance,2001
10.1257/aer.91.4.938,A Theory of Political Transitions,2001
10.1257/aer.91.4.964,Monetary Policy Rules Based on Real-Time Data,2001
10.1257/aer.91.4.986,Testing for the Lucas Critique: A Quantitative Investigation,2001
10.1257/aer.91.4.i,The American Economic Association,2001
10.1257/aer.91.5.1185,The Stock Market and Capital Accumulation,2001
10.1257/aer.91.5.1203,The Information-Technology Revolution and the Stock Market: Evidence,2001
10.1257/aer.91.5.1221,Is the Price Level Determined by the Needs of Fiscal Solvency?,2001
10.1257/aer.91.5.1239,Does Money Illusion Matter?,2001
10.1257/aer.91.5.1263,Financing Investment,2001
10.1257/aer.91.5.1286,Financial Markets and Firm Dynamics,2001
10.1257/aer.91.5.1311,Competition in Loan Contracts,2001
10.1257/aer.91.5.1329,Why Regulate Insider Trading? Evidence from the First Great Merger Wave (1897–1903),2001
10.1257/aer.91.5.1350,Learning from Experience and Learning from Others: An Exploration of Learning and Spillovers in Wartime Shipbuilding,2001
10.1257/aer.91.5.1369,The Colonial Origins of Comparative Development: An Empirical Investigation,2001
10.1257/aer.91.5.1402,Ten Little Treasures of Game Theory and Ten Intuitive Contradictions,2001
10.1257/aer.91.5.1423,An Account of Global Factor Trade,2001
10.1257/aer.91.5.1454,"Nursery Cities: Urban Diversity, Process Innovation, and the Life Cycle of Products",2001
10.1257/aer.91.5.1478,Conflicts and Common Interests in Committees,2001
10.1257/aer.91.5.1498,Do Explicit Warnings Eliminate the Hypothetical Bias in Elicitation Procedures? Evidence from Field Auctions for Sportscards,2001
10.1257/aer.91.5.1508,Information Cascades: Replication and an Extension to Majority Rule and Conformity-Rewarding Institutions,2001
10.1257/aer.91.5.1521,Minimax Play at Wimbledon,2001
10.1257/aer.91.5.1539,GARP for Kids: On the Development of Rational Choice Behavior,2001
10.1257/aer.91.5.1546,A Test of Game-Theoretic and Behavioral Models of Play in Exchange and Insurance Environments,2001
10.1257/aer.91.5.1556,Reversing the Keynesian Asymmetry,2001
10.1257/aer.91.5.1564,Iceland's Natural Experiment in Supply-Side Economics,2001
10.1257/aer.91.5.1580,International Coordination of Trade and Domestic Policies,2001
10.1257/aer.91.5.1594,Monetary Policy and Market Interest Rates,2001
10.1257/aer.91.5.1608,Output and Welfare Effects of Inflation with Costly Price and Quantity Adjustments,2001
10.1257/aer.91.5.1621,Inflation is Always and Everywhere a Monetary Phenomenon: Richmond vs. Houston in 1864,2001
10.1257/aer.91.5.i,The American Economic Association,2001
10.1257/aer.92.2.vii,Editor's Introduction,2002
10.1257/aer.92.2.viii,Foreword,2002
10.1257/aer.93.2.vii,Editor's Introduction,2003
10.1257/aer.93.2.viii,Foreword,2003
10.1257/aer.94.2.vii,Editor's Introduction,2004
10.1257/aer.94.2.viii,Foreword,2004
10.1257/aer.95.2.vii,Editor's Introduction,2005
10.1257/aer.95.2.viii,Foreword,2005
10.1257/aer.96.2.ix,Editor's Introduction,2006
10.1257/aer.96.2.viii,Foreword,2006
10.1257/aer.96.3.461,"Increasing Residual Wage Inequality: Composition Effects, Noisy Data, or Rising Demand for Skill?",2006
10.1257/aer.96.3.499,The World Technology Frontier,2006
10.1257/aer.96.3.523,Medium-Term Business Cycles,2006
10.1257/aer.96.3.552,Can Information Heterogeneity Explain the Exchange Rate Determination Puzzle?,2006
10.1257/aer.96.3.577,Media Frenzies in Markets for Financial Information,2006
10.1257/aer.96.3.602,An Efficient Dynamic Auction for Heterogeneous Commodities,2006
10.1257/aer.96.3.630,Superstition and Rational Learning,2006
10.1257/aer.96.3.652,Matching and Price Competition,2006
10.1257/aer.96.3.669,A Change Would Do You Good .... An Experimental Study on How to Overcome Coordination Failure in Organizations,2006
10.1257/aer.96.3.694,Paying Not to Go to the Gym,2006
10.1257/aer.96.3.720,Handcuffs for the Grabbing Hand? Media Capture and Government Accountability,2006
10.1257/aer.96.3.737,Pareto-Improving Social Security Reform when Financial Markets Are Incomplete!?,2006
10.1257/aer.96.3.756,"On the Simple Economics of Advertising, Marketing, and Product Design",2006
10.1257/aer.96.3.785,"Exclusive Dealing and Entry, when Buyers Compete",2006
10.1257/aer.96.3.796,"Investment Behavior, Observable Expectations, and Internal Funds",2006
10.1257/aer.96.3.811,General versus Specific Skills in Labor Markets with Search Frictions and Firing Costs,2006
10.1257/aer.96.3.832,Training and Lifetime Income,2006
10.1257/aer.96.3.847,Long-Term Educational Consequences of Secondary School Vouchers: Evidence from Administrative Records in Colombia,2006
10.1257/aer.96.3.863,"Incarceration Length, Employment, and Earnings",2006
10.1257/aer.96.3.877,Will International Rules on Subsidies Disrupt the World Trading System?,2006
10.1257/aer.96.3.896,Preferential Trade Agreements as Stumbling Blocks for Multilateral Trade Liberalization: Evidence for the United States,2006
10.1257/aer.96.3.915,Independent Auditors' Report,2006
10.1257/aer.96.4.1013,"Taxes, Cigarette Consumption, and Smoking Intensity",2006
10.1257/aer.96.4.1029,The Speed of Learning in Noisy Games: Partial Reinforcement and the Sustainability of Cooperation,2006
10.1257/aer.96.4.1043,Costly Information Acquisition: Experimental Analysis of a Boundedly Rational Model,2006
10.1257/aer.96.4.1069,"Individual Preferences, Monetary Gambles, and Stock Market Participation: A Case for Narrow Framing",2006
10.1257/aer.96.4.1091,A Model of Forum Shopping,2006
10.1257/aer.96.4.1114,Cardinality versus Ordinality: A Suggested Compromise,2006
10.1257/aer.96.4.1137,Self-Enforcing Voting in International Organizations,2006
10.1257/aer.96.4.1159,Speculative Growth: Hints from the U.S. Economy,2006
10.1257/aer.96.4.1193,Shocks and Government Beliefs: The Rise and Fall of American Inflation,2006
10.1257/aer.96.4.1225,"Traditional Institutions Meet the Modern World: Caste, Gender, and Schooling Choice in a Globalizing Economy",2006
10.1257/aer.96.4.1253,"$1,000 Cash Back: The Pass-Through of Auto Manufacturer Promotions",2006
10.1257/aer.96.4.1271,A Theory of Participation in Elections,2006
10.1257/aer.96.4.1283,"What Is Discrimination? Gender in the American Economic Association, 1935–2004",2006
10.1257/aer.96.4.1293,"Stock Prices, News, and Economic Fluctuations",2006
10.1257/aer.96.4.1308,Life-Cycle Variation in the Association between Current and Lifetime Earnings,2006
10.1257/aer.96.4.1321,Choice Shifts in Groups: A Decision-Theoretic Basis,2006
10.1257/aer.96.4.1333,"Good Principals or Good Peers? Parental Valuation of School Characteristics, Tiebout Equilibrium, and the Incentive Effects of Competition among Jurisdictions",2006
10.1257/aer.96.4.1351,Caps on Political Lobbying: Comment,2006
10.1257/aer.96.4.1355,Caps on Political Lobbying: Reply,2006
10.1257/aer.96.4.1361,Credibility of Optimal Monetary Delegation: Comment,2006
10.1257/aer.96.4.1367,Equilibrium Incentives in Oligopoly: Corrigendum,2006
10.1257/aer.96.4.929,An Astonishing Sixty Years: The Legacy of Hiroshima,2006
10.1257/aer.96.4.938,Multiple Dimensions of Private Information: Evidence from the Long-Term Care Insurance Market,2006
10.1257/aer.96.4.959,Higher-Education Policies and the College Wage Premium: Cross-State Evidence from the 1990s,2006
10.1257/aer.96.4.988,What Mean Impacts Miss: Distributional Effects of Welfare Reform Experiments,2006
10.1257/aer.96.5.1373,Quantitative Aggregate Economics,2006
10.1257/aer.96.5.1384,Assessing the Impact of a School Subsidy Program in Mexico: Using a Social Experiment to Validate a Dynamic Behavioral Model of Child Schooling and Fertility,2006
10.1257/aer.96.5.1418,Are Technology Improvements Contractionary?,2006
10.1257/aer.96.5.1449,A Dual-Self Model of Impulse Control,2006
10.1257/aer.96.5.1477,Estimating the Effects of Global Patent Protection in Pharmaceuticals: A Case Study of Quinolones in India,2006
10.1257/aer.96.5.1515,Accounting for the Growth of MNC-Based Trade Using a Structural Model of U.S. MNCs,2006
10.1257/aer.96.5.1559,Inherited Control and Firm Performance,2006
10.1257/aer.96.5.1589,Household Expenditure and the Income Tax Rebates of 2001,2006
10.1257/aer.96.5.1611,The Hidden Costs of Control,2006
10.1257/aer.96.5.1631,Globalization and Emerging Markets: With or Without Crash?,2006
10.1257/aer.96.5.1652,Incentives and Prosocial Behavior,2006
10.1257/aer.96.5.1679,In the Right Place at the Wrong Time: The Role of Firms and Luck in Young Workers' Careers,2006
10.1257/aer.96.5.1706,Storable Good Monopoly: The Role of Commitment,2006
10.1257/aer.96.5.1720,"Crises and Prices: Information Aggregation, Multiplicity, and Volatility",2006
10.1257/aer.96.5.1737,Cognition and Behavior in Two-Person Guessing Games: An Experimental Study,2006
10.1257/aer.96.5.1769,Self-Fulfilling Currency Crises: The Role of Interest Rates,2006
10.1257/aer.96.5.1788,Child Labor and the Labor Supply of Other Household Members: Evidence from 1920 America,2006
10.1257/aer.96.5.1802,Did Unilateral Divorce Laws Raise Divorce Rates? A Reconciliation and New Results,2006
10.1257/aer.96.5.1821,A New Method of Estimating Risk Aversion,2006
10.1257/aer.96.5.1835,Phased-In Tax Cuts and Economic Activity,2006
10.1257/aer.96.5.1850,The Japanese Saving Rate,2006
10.1257/aer.96.5.1859,How Special Is the Special Relationship? Using the Impact of U.S. R&amp;D Spillovers on U.K. Firms as a Test of Technology Sourcing,2006
10.1257/aer.96.5.1876,Declining Volatility in the U.S. Automobile Industry,2006
10.1257/aer.96.5.1890,Empathy or Antipathy? The Impact of Diversity,2006
10.1257/aer.96.5.1906,"Inequality Aversion, Efficiency, and Maximin Preferences in Simple Distribution Experiments: Comment",2006
10.1257/aer.96.5.1912,"Inequality Aversion, Efficiency, and Maximin Preferences in Simple Distribution Experiments: Comment",2006
10.1257/aer.96.5.1918,"Inequality Aversion, Efficiency, and Maximin Preferences in Simple Distribution Experiments: Reply",2006
10.1257/aer.96.5.1924,Does European Unemployment Prop Up American Wages? National Labor Markets and Global Trade: Comment,2006
10.1257/aer.97.1.118,Inefficiency in Legislative Policymaking: A Dynamic Analysis,2007
10.1257/aer.97.1.150,"Decision Making in Committees: Transparency, Reputation, and Voting Rules",2007
10.1257/aer.97.1.169,Bureaucrats or Politicians? Part I: A Single Policy Task,2007
10.1257/aer.97.1.180,The Motivation and Bias of Bureaucrats,2007
10.1257/aer.97.1.197,"Urban Evolutions: The Fast, the Slow, and the Still",2007
10.1257/aer.97.1.222,Market Share Dynamics and the “Persistence of Leadership” Debate,2007
10.1257/aer.97.1.242,Internet Advertising and the Generalized Second-Price Auction: Selling Billions of Dollars Worth of Keywords,2007
10.1257/aer.97.1.260,Credible Sales Mechanisms and Intermediaries,2007
10.1257/aer.97.1.277,Imprecision as an Account of the Preference Reversal Phenomenon,2007
10.1257/aer.97.1.298,Do Workers Work More if Wages Are High? Evidence from a Randomized Field Experiment,2007
10.1257/aer.97.1.318,The Effect of Court-Ordered Hiring Quotas on the Composition and Quality of Police,2007
10.1257/aer.97.1.354,The Economic Impacts of Climate Change: Evidence from Agricultural Output and Random Fluctuations in Weather,2007
10.1257/aer.97.1.37,Competence Implies Credibility,2007
10.1257/aer.97.1.386,What Are Stock Investors' Actual Historical Returns? Evidence from Dollar-Weighted Returns,2007
10.1257/aer.97.1.402,Consumer Bankruptcy: A Fresh Start,2007
10.1257/aer.97.1.419,Simple Cost-Sharing Contracts,2007
10.1257/aer.97.1.429,Structural Change in a Multisector Model of Growth,2007
10.1257/aer.97.1.444,Individual Perceptions of the Criminal Justice System,2007
10.1257/aer.97.1.461,Vignettes and Self-Reports of Work Disability in the United States and the Netherlands,2007
10.1257/aer.97.1.474,Credible Commitment to Optimal Escape from a Liquidity Trap: The Role of the Balance Sheet of an Independent Central Bank,2007
10.1257/aer.97.1.491,"Conditional Cash Transfers, Public Provision of Private Goods, and Income Redistribution",2007
10.1257/aer.97.1.5,The Missing Motivation in Macroeconomics,2007
10.1257/aer.97.1.503,Credit Traps and Credit Cycles,2007
10.1257/aer.97.1.517,Minimax Play at Wimbledon: Comment,2007
10.1257/aer.97.1.524,Testing for Indeterminacy: An Application to U.S. Monetary Policy: Comment,2007
10.1257/aer.97.1.530,Testing for Indeterminacy: An Application to U.S. Monetary Policy: Reply,2007
10.1257/aer.97.1.534,Secession and the Limits of Taxation: Toward a Theory of Internal Exit: Comment,2007
10.1257/aer.97.1.64,Modeling the Transition to a New Economy: Lessons from Two Technological Revolutions,2007
10.1257/aer.97.1.89,The Cross Section of Foreign Currency Risk Premia and Consumption Growth Risk,2007
10.1257/aer.97.2.1,"Beliefs, Doubts and Learning: Valuing Macroeconomic Risk",2007
10.1257/aer.97.2.104,Evaluating the Worker Profiling and Reemployment Services System Using a Regression Discontinuity Approach,2007
10.1257/aer.97.2.108,"Unemployment Benefits, Unemployment Duration, and Post-Unemployment Jobs: A Regression Discontinuity Approach",2007
10.1257/aer.97.2.113,The Spike at Benefit Exhaustion: Leaving the Unemployment System or Starting a New Job?,2007
10.1257/aer.97.2.119,Distinguishing Income from Substitution Effects in Disability Insurance,2007
10.1257/aer.97.2.125,An Ascending Auctions for Independent Values: Uniqueness and Robustness to Strategic Uncertainty,2007
10.1257/aer.97.2.131,Designing Efficient Mechanisms for Dynamic Bilateral Trading Games,2007
10.1257/aer.97.2.137,On Quitting Rights in Mechanism Design,2007
10.1257/aer.97.2.142,Neuroeconomic Studies of Impulsivity: Now or Just as Soon as Possible?,2007
10.1257/aer.97.2.148,The Neuroeconomic Theory of Learning,2007
10.1257/aer.97.2.153,Revealing Preferences Graphically: An Old Method Gets a New Tool Kit,2007
10.1257/aer.97.2.159,"Optimal Beliefs, Asset Prices, and the Preference for Skewed Returns",2007
10.1257/aer.97.2.166,Experimental Testing of Intrinsic Preferences for NonInstrumental Information,2007
10.1257/aer.97.2.170,Guilt in Games,2007
10.1257/aer.97.2.177,Adding a Stick to the Carrot? The Interaction of Bonuses and Fines,2007
10.1257/aer.97.2.182,Incomplete Contracts and Ownership: Some New Thoughts,2007
10.1257/aer.97.2.187,Can Contract Theory Explain Social Preferences?,2007
10.1257/aer.97.2.193,Liquidity and Risk Management,2007
10.1257/aer.97.2.198,"Search in Asset Markets: Market Structure, Liquidity, and Welfare",2007
10.1257/aer.97.2.203,Information Percolation in Large Markets,2007
10.1257/aer.97.2.210,Market Maker Inventories and Stock Prices,2007
10.1257/aer.97.2.215,Slow Moving Capital,2007
10.1257/aer.97.2.221,Systemic Illiquidity in the Federal Funds Market,2007
10.1257/aer.97.2.226,"Increasing Income Inequality, External Habits, and Self-Reported Happiness",2007
10.1257/aer.97.2.232,Pricing to Habits and the Law of One Price,2007
10.1257/aer.97.2.239,Explaining Asset Prices with External Habits and Wage Rigidities in a DSGE Model,2007
10.1257/aer.97.2.244,Optimal Inattention to the Stock Market,2007
10.1257/aer.97.2.250,Uncertainty and the Dynamics of R&amp;D,2007
10.1257/aer.97.2.256,Investment under Uncertainty with Strategic Debt Service,2007
10.1257/aer.97.2.262,The Bank of Amsterdam and the Leap to Central Bank Money,2007
10.1257/aer.97.2.266,"Backing, the Quantity Theory, and the Transition to the US Dollar, 1723–1850",2007
10.1257/aer.97.2.271,The Political Economy of the US Monetary Union: The Civil War Era as a Watershed,2007
10.1257/aer.97.2.276,John Law's System,2007
10.1257/aer.97.2.280,"The Net Worth of the US Federal Government, 1784–1802",2007
10.1257/aer.97.2.285,The Great Financial Crisis of 1914: What Can We Learn from Aldrich-Vreeland Emergency Currency?,2007
10.1257/aer.97.2.290,The McKenna Rule and UK World War I Finance,2007
10.1257/aer.97.2.295,How Occupied France Financed Its Own Exploitation in World War II,2007
10.1257/aer.97.2.300,The Perils of Transparency in Bureaucracies,2007
10.1257/aer.97.2.306,Decision-Making Procedures for Committees of Careerist Experts,2007
10.1257/aer.97.2.31,The Technology of Skill Formation,2007
10.1257/aer.97.2.311,The Transparency of Politics and the Quality of Politicians,2007
10.1257/aer.97.2.316,Aid Effectiveness—Opening the Black Box,2007
10.1257/aer.97.2.322,Does Aid Affect Governance,2007
10.1257/aer.97.2.328,Was Development Assistance a Mistake?,2007
10.1257/aer.97.2.333,The Returns to Currency Speculation in Emerging Markets,2007
10.1257/aer.97.2.339,"If Exchange Rates Are Random Walks, Then Almost Everything We Say About Monetary Policy Is Wrong",2007
10.1257/aer.97.2.346,Random Walk Expectations and the Forward Discount Puzzle,2007
10.1257/aer.97.2.351,Unbalanced Trade,2007
10.1257/aer.97.2.356,Trade Flow Dynamics with Heterogeneous Firms,2007
10.1257/aer.97.2.362,Pricing-to-Market in a Ricardian Model of International Trade,2007
10.1257/aer.97.2.368,The Effect of Globalization on the Performance of Small- and Medium-Sized Enterprises in the United States: Does Owners' Race/Ethnicity Matter?,2007
10.1257/aer.97.2.373,The Effects of Recent Immigration on Racial/Ethnic Labor Market Differentials,2007
10.1257/aer.97.2.378,Inward Foreign Direct Investment and Racial Employment Patterns in US Manufacturing,2007
10.1257/aer.97.2.383,Differential Impacts of Immigrants on Native Black and White Workers,2007
10.1257/aer.97.2.388,Nonlinearities and Robustness in Growth Regressions,2007
10.1257/aer.97.2.393,"Public Education Expenditures, Taxation, and Growth: Linking Data to Theory",2007
10.1257/aer.97.2.398,Why Do Poor Children Lose Health Insurance in the SCHIP Era? The Role of Family Health,2007
10.1257/aer.97.2.402,"The Effect of Child Gender on Parents' Labor Supply: An Examination of Natives, Immigrants, and their Children",2007
10.1257/aer.97.2.407,Reaching Equilibrium in the Market for Obstetricians and Gynecologists,2007
10.1257/aer.97.2.412,Gender Differences in the Labor Market: Impact of IRCA's Amnesty Provisions,2007
10.1257/aer.97.2.417,The Role of Labor Market Intermittency in Explaining Gender Wage Differentials,2007
10.1257/aer.97.2.422,"Women Helping Women, Men Helping Women? Same-Gender Mentoring, Initial Job Placements, and Early Career Publishing Success for Economics PhDs",2007
10.1257/aer.97.2.427,Integrated Insurance Design in the Presence of Multiple Medical Technologies,2007
10.1257/aer.97.2.433,Social Value and the Speed of Innovation,2007
10.1257/aer.97.2.438,"The Impact of New Drugs on US Longevity and Medical Expenditure, 1990–2003: Evidence from Longitudinal, Disease-Level Data",2007
10.1257/aer.97.2.444,Identification and Estimation of Bidders' Risk Aversion in First-Price Auctions,2007
10.1257/aer.97.2.449,"An Estimable Dynamic Model of Entry, Exit, and Growth in Oligopoly Retail Markets",2007
10.1257/aer.97.2.455,Bounding Revenue Comparisons across Multi-Unit Auction Formats under ε-Best Response,2007
10.1257/aer.97.2.459,Linear Regression Estimation of Discrete Choice Models with Nonparametric Distributions of Random Coefficients,2007
10.1257/aer.97.2.464,Toward Choice-Theoretic Foundations for Behavioral Welfare Economics,2007
10.1257/aer.97.2.471,Welfare without Happiness,2007
10.1257/aer.97.2.477,Mistakes in Choice-Based Welfare Analysis,2007
10.1257/aer.97.2.48,"Ex Ante Policy Evaluation, Structural Estimation, and Model Selection",2007
10.1257/aer.97.2.482,Some Evolutionary Economics of Family Partnerships,2007
10.1257/aer.97.2.487,"Habits, Peers, and Happiness: An Evolutionary Perspective",2007
10.1257/aer.97.2.492,"Why Do We Die? Economics, Biology, and Aging",2007
10.1257/aer.97.2.496,The Evolution of Intertemporal Preferences,2007
10.1257/aer.97.2.501,Is There an Insider Advantage in Getting Tenure?,2007
10.1257/aer.97.2.506,The Search for Economics Talent: Doctoral Completion and Research Productivity,2007
10.1257/aer.97.2.512,What Does Performance in Graduate School Predict? Graduate Economics Education and Student Outcomes,2007
10.1257/aer.97.2.521,John Bates Clark Medalist 2005,2007
10.1257/aer.97.2.523,Minutes of the Annual Meeting,2007
10.1257/aer.97.2.525,Minutes of the Executive Committee Meetings,2007
10.1257/aer.97.2.53,Testing the Mechanisms of Structural Models: The Case of the Mickey Mantle Effect,2007
10.1257/aer.97.2.534,Report of the Secretary for 2006,2007
10.1257/aer.97.2.538,Report of the Treasurer,2007
10.1257/aer.97.2.542,"Report of the Editor, <i>American Economic Review</i>",2007
10.1257/aer.97.2.555,"Report of the Editor, <i>Journal of Economic Literature</i>",2007
10.1257/aer.97.2.558,"Report of the Editor, <i>Journal of Economic Perspectives</i>",2007
10.1257/aer.97.2.560,"Report of the Director, <i>Job Openings for Economists</i>",2007
10.1257/aer.97.2.563,Report of the Committee on Economic Education,2007
10.1257/aer.97.2.566,Report of the Committee on the Status of Women in the Economics Profession,2007
10.1257/aer.97.2.573,Report on the Committee on the Status of Minority Groups in the Economics Profession,2007
10.1257/aer.97.2.581,Report of the First Four Years of the AEA Committee on Economic Statistics,2007
10.1257/aer.97.2.583,Report of the Representative to the International Economic Association,2007
10.1257/aer.97.2.584,Report of the Search Committee for the Founding Editor of <i>American Economic Journal: Macroeconomics</i>,2007
10.1257/aer.97.2.585,Report of the Search Committee for the Founding Editor of <i>American Economic Journal: Microeconomics</i>,2007
10.1257/aer.97.2.586,Report of the Search Committee for the Founding Editor of <i>American Economic Journal: Applied Economics</i>,2007
10.1257/aer.97.2.587,Report of the Search Committee for the Founding Editor of <i>American Economic Journal: Economic Policy</i>,2007
10.1257/aer.97.2.588,American Economic Association Universal Academic Questionnaire Summary Statistics,2007
10.1257/aer.97.2.60,Bayesian Model Comparison and Validation,2007
10.1257/aer.97.2.65,Reciprocity in Groups and the Limits to Social Capital,2007
10.1257/aer.97.2.70,Risk Sharing across Communities,2007
10.1257/aer.97.2.75,Risk Sharing and Network Formation,2007
10.1257/aer.97.2.80,Community Size and Network Closure,2007
10.1257/aer.97.2.86,Communication Networks: Knowledge and Decisions,2007
10.1257/aer.97.2.92,Diffusion of Behavior and Equilibrium Properties in Network Games,2007
10.1257/aer.97.2.99,Financial Networks,2007
10.1257/aer.97.2.ix,Editor's Introduction,2007
10.1257/aer.97.2.viii,Foreword,2007
10.1257/aer.97.3.1013,Tradeoffs from Integrating Diagnosis and Treatment in Markets for Health Care,2007
10.1257/aer.97.3.1021,ABCs (and Ds) of Understanding VARs,2007
10.1257/aer.97.3.1027,Matching and Price Competition: Comment,2007
10.1257/aer.97.3.1032,Effects of Environmental and Land Use Regulation in the Oil and Gas Industry Using the Wyoming Checkerboard as a Natural Experiment: Retraction,2007
10.1257/aer.97.3.1033,Auditors' Report/Audited Financial Statements,2007
10.1257/aer.97.3.543,Macroeconomics for a Modern Economy,2007
10.1257/aer.97.3.562,Relative Prices and Relative Prosperity,2007
10.1257/aer.97.3.586,Shocks and Frictions in US Business Cycles: A Bayesian DSGE Approach,2007
10.1257/aer.97.3.607,Generalizing the Taylor Principle,2007
10.1257/aer.97.3.636,The Timing of Monetary Policy Shocks,2007
10.1257/aer.97.3.664,Job Displacement Risk and the Cost of Business Cycles,2007
10.1257/aer.97.3.687,Learning Your Earning: Are Labor Income Shocks Really Very Persistent?,2007
10.1257/aer.97.3.713,Valuing New Goods in a Model with Complementarity: Online Newspapers,2007
10.1257/aer.97.3.745,Estimating Risk Preferences from Deductible Choice,2007
10.1257/aer.97.3.789,Estimating the Effects of Private School Vouchers in Multidistrict Economies,2007
10.1257/aer.97.3.818,The Pluralism of Fairness Ideals: An Experimental Approach,2007
10.1257/aer.97.3.828,Efficient Kidney Exchange: Coincidence of Wants in Markets with Compatibility-Based Preferences,2007
10.1257/aer.97.3.852,Signaling Character in Electoral Competition,2007
10.1257/aer.97.3.871,Harmonization and Side Payments in Political Cooperation,2007
10.1257/aer.97.3.890,Meeting Strangers and Friends of Friends: How Random Are Social Networks?,2007
10.1257/aer.97.3.916,Contracts and Technology Adoption,2007
10.1257/aer.97.3.944,Leadership and Information,2007
10.1257/aer.97.3.948,Social Interactions in High School: Lessons from an Earthquake,2007
10.1257/aer.97.3.966,Measuring Self-Control Problems,2007
10.1257/aer.97.3.973,"Regulation, Capital, and the Evolution of Organizational Form in US Life Insurance",2007
10.1257/aer.97.3.984,Sticky-Price Models and Durable Goods,2007
10.1257/aer.97.3.999,Trust as a Signal of a Social Norm and the Hidden Costs of Incentive Schemes,2007
10.1257/aer.97.4.1047,Reference-Dependent Risk Attitudes,2007
10.1257/aer.97.4.1074,Mismatch,2007
10.1257/aer.97.4.1102,Subjective Expectations and Asset-Return Puzzles,2007
10.1257/aer.97.4.1131,On the Cyclicality of Research and Development,2007
10.1257/aer.97.4.1165,"Inventories and the Business Cycle: An Equilibrium Analysis of (<i>S, s</i>) Policies",2007
10.1257/aer.97.4.1189,Markets in China and Europe on the Eve of the Industrial Revolution,2007
10.1257/aer.97.4.1217,Projection Bias in Catalog Orders,2007
10.1257/aer.97.4.1250,Do Markets Reduce Costs? Assessing the Impact of Regulatory Restructuring on US Electric Generation Efficiency,2007
10.1257/aer.97.4.1278,"Selection Bias, Demographic Effects, and Ability Effects in Common Value Auction Experiments",2007
10.1257/aer.97.4.1305,"Naked Exclusion, Efficient Breach, and Downstream Competition",2007
10.1257/aer.97.4.1321,Do Vertical Mergers Facilitate Upstream Collusion?,2007
10.1257/aer.97.4.1340,Individual Behavior and Group Membership,2007
10.1257/aer.97.4.1353,Political Bias and War,2007
10.1257/aer.97.4.1374,A Political-Economy Theory of Trade Agreements,2007
10.1257/aer.97.4.1407,Auctions with Anticipated Regret: Theory and Experiment,2007
10.1257/aer.97.4.1419,Labor and the Market Value of the Firm,2007
10.1257/aer.97.4.1432,Contracting with Repeated Moral Hazard and Private Evaluations,2007
10.1257/aer.97.4.1449,Exchange Asymmetries Incorrectly Interpreted as Evidence of Endowment Effect Theory and Prospect Theory?,2007
10.1257/aer.97.4.1467,Surviving Andersonville: The Benefits of Social Networks in POW Camps,2007
10.1257/aer.97.4.1488,Individual Consumption Risk and the Welfare Cost of Business Cycles,2007
10.1257/aer.97.4.1507,Good-Bye Lenin (or Not?): The Effect of Communism on People's Preferences,2007
10.1257/aer.97.5.1533,Life-Cycle Prices and Production,2007
10.1257/aer.97.5.1560,"Theft, Gift-Giving, and Trustworthiness: Honesty Is Its Own Reward in Rural Paraguay",2007
10.1257/aer.97.5.1583,Child Protection and Child Outcomes: Measuring the Effects of Foster Care,2007
10.1257/aer.97.5.1611,"Trade Liberalization, Intermediate Inputs, and Productivity: Evidence from Indonesia",2007
10.1257/aer.97.5.1639,Establishment Size Dynamics in the Aggregate Economy,2007
10.1257/aer.97.5.1667,Demographics and Industry Returns,2007
10.1257/aer.97.5.1703,Antitrust in Innovative Industries,2007
10.1257/aer.97.5.1731,"Fatal Attraction: Salience, Naïveté, and Sophistication in Experimental “Hide-and-Seek” Games",2007
10.1257/aer.97.5.1751,"Group Reputations, Stereotypes, and Cooperation in a Repeated Labor Market",2007
10.1257/aer.97.5.1774,Does Price Matter in Charitable Giving? Evidence from a Large-Scale Natural Field Experiment,2007
10.1257/aer.97.5.1794,Impossibility of Collusion under Imperfect Monitoring with Flexible Production,2007
10.1257/aer.97.5.1824,Sequentially Rationalizable Choice,2007
10.1257/aer.97.5.1840,Vertical Control of Price and Inventory,2007
10.1257/aer.97.5.1858,Individual Preferences for Giving,2007
10.1257/aer.97.5.1877,Consensus Building: How to Persuade a Group,2007
10.1257/aer.97.5.1901,Traders' Expectations in Asset Markets: Experimental Evidence,2007
10.1257/aer.97.5.1921,Consistency and Heterogeneity of Individual Behavior under Uncertainty,2007
10.1257/aer.97.5.1939,Heterogeneity and Aggregation: Implications for Labor-Market Fluctuations,2007
10.1257/aer.97.5.1957,Competitive Wages in a Match with Ordered Contracts,2007
10.1257/aer.97.5.1970,Another Look at Airport Congestion Pricing,2007
10.1257/aer.97.5.1978,"Diamonds Are Forever, Wars Are Not: Is Conflict Bad for Private Firms?",2007
10.1257/aer.97.5.1994,"Overconfidence, Insurance, and Paternalism",2007
10.1257/aer.97.5.2005,Do We Really Know That the WTO Increases Trade? Comment,2007
10.1257/aer.97.5.2019,Do We Really Know That the WTO Increases Trade? Reply,2007
10.1257/aer.97.5.2026,Does Competition Among Public Schools Benefit Students and Taxpayers? Comment,2007
10.1257/aer.97.5.2038,Does Competition Among Public Schools Benefit Students and Taxpayers? Reply,2007
10.1257/aer.98.1.113,"Optimal Gerrymandering: Sometimes Pack, But Never Crack",2008
10.1257/aer.98.1.145,When Does Coordination Require Centralization?,2008
10.1257/aer.98.1.180,On the Empirical Content of Quantal Response Equilibrium,2008
10.1257/aer.98.1.201,"A Dynamic Theory of Public Spending, Taxation, and Debt",2008
10.1257/aer.98.1.237,"Vertical Arrangements, Market Structure, and Competition: An Analysis of Restructured US Electricity Markets",2008
10.1257/aer.98.1.267,"Persistence of Power, Elites, and Institutions",2008
10.1257/aer.98.1.294,"Betrayal Aversion: Evidence from Brazil, China, Oman, Switzerland, Turkey, and the United States",2008
10.1257/aer.98.1.311,Female Socialization: How Daughters Affect Their Legislator Fathers' Voting on Women's Issues,2008
10.1257/aer.98.1.333,The Mystery of Monogamy,2008
10.1257/aer.98.1.358,An Equilibrium Model of “Global Imbalances” and Low Interest Rates,2008
10.1257/aer.98.1.38,Deal or No Deal? Decision Making under Risk in a Large-Payoff Game Show,2008
10.1257/aer.98.1.394,"Reallocation, Firm Turnover, and Efficiency: Selection on Productivity or Profitability?",2008
10.1257/aer.98.1.426,On the Evolution of Firm Size Distributions,2008
10.1257/aer.98.1.439,Growth Dynamics: The Myth of Economic Recovery,2008
10.1257/aer.98.1.458,Gambling at Lucky Stores: Empirical Evidence from State Lottery Sales,2008
10.1257/aer.98.1.474,A Model of Housing in the Presence of Adjustment Costs: A Structural Interpretation of Habit Persistence,2008
10.1257/aer.98.1.496,A Simple Auction Mechanism for the Optimal Allocation of the Commons,2008
10.1257/aer.98.1.5,Evolution and Intelligent Design,2008
10.1257/aer.98.1.519,The Dynamic Behavior of the Real Exchange Rate in Sticky Price Models,2008
10.1257/aer.98.1.534,"Collective Memory, Cultural Transmission, and Investments",2008
10.1257/aer.98.1.561,Bureaucrats or Politicians? Comment,2008
10.1257/aer.98.1.72,Rational Expectations in Games,2008
10.1257/aer.98.1.87,Asymmetric Auctions with Resale,2008
10.1257/aer.98.2.1,The Economics of Climate Change,2008
10.1257/aer.98.2.100,Second-Best Institutions,2008
10.1257/aer.98.2.105,The Administrative Foundations of Self-Enforcing Constitutions,2008
10.1257/aer.98.2.110,The Future of the IMF and the World Bank,2008
10.1257/aer.98.2.116,Rethinking Global Environmental Governance to Deal with Climate Change: The Multiple Logics of Global Collective Action,2008
10.1257/aer.98.2.122,Designing Institutions to Deal with Terrorism in the United States,2008
10.1257/aer.98.2.127,EU Institutional Reform: Evidence on Globalization and International Cooperation,2008
10.1257/aer.98.2.133,Widening and Deepening: Reforming the European Union,2008
10.1257/aer.98.2.138,Should the Euro Area be Run as a Closed Economy?,2008
10.1257/aer.98.2.146,Modeling Competition and Market Equilibrium in Insurance: Empirical Issues,2008
10.1257/aer.98.2.151,Does the Secondary Life Insurance Market Threaten Dynamic Insurance?,2008
10.1257/aer.98.2.157,Preference Heterogeneity and Insurance Markets: Explaining a Puzzle of Insurance,2008
10.1257/aer.98.2.163,The Impact of Computation Time and Experience on Decision Values,2008
10.1257/aer.98.2.169,Economic Insights from “Neuroeconomic” Data,2008
10.1257/aer.98.2.175,Theories of the Mind,2008
10.1257/aer.98.2.181,Information Aggregation in Standing and Ad Hoc Committees,2008
10.1257/aer.98.2.187,Costly Expertise,2008
10.1257/aer.98.2.194,Information Aggregation and Strategic Abstention in Large Laboratory Elections,2008
10.1257/aer.98.2.201,Intrinsic Motivation and Incentives,2008
10.1257/aer.98.2.206,Status Incentives,2008
10.1257/aer.98.2.212,"Identity, Supervision, and Work Groups",2008
10.1257/aer.98.2.218,Insiders versus Outsiders in Monetary Policymaking,2008
10.1257/aer.98.2.224,Do Monetary Policy Committees Need Leaders? A Report on an Experiment,2008
10.1257/aer.98.2.230,The FOMC versus the Staff: Where Can Monetary Policymakers Add Value?,2008
10.1257/aer.98.2.236,Beyond DSGE Models: Toward an Empirically Based Macroeconomics,2008
10.1257/aer.98.2.241,Frequency-Specific Effects of Stabilization Policies,2008
10.1257/aer.98.2.246,Modeling Macroeconomies as Open-Ended Dynamic Systems of Interacting Agents,2008
10.1257/aer.98.2.251,Allowing the Data to Speak Freely: The Macroeconometrics of the Cointegrated Vector Autoregression,2008
10.1257/aer.98.2.256,The Ins and Outs of European Unemployment,2008
10.1257/aer.98.2.263,The Decline of Job Loss and Why It Matters,2008
10.1257/aer.98.2.268,The Probability of Finding a Job,2008
10.1257/aer.98.2.274,How to Define Illegal Price Manipulation,2008
10.1257/aer.98.2.280,Microstructure Bluffing with Nested Information,2008
10.1257/aer.98.2.285,Manipulation and Equity-Based Compensation,2008
10.1257/aer.98.2.291,Contingent Claims Analysis and Life-Cycle Finance,2008
10.1257/aer.98.2.297,Optimal Life-Cycle Investing with Flexible Labor Supply: A Welfare Analysis of Life-Cycle Funds,2008
10.1257/aer.98.2.304,Why Don't People Insure Late-Life Consumption? A Framing Explanation of the Under-Annuitization Puzzle,2008
10.1257/aer.98.2.310,"Mortgages, Risk, and Homeownership among Low- and Moderate-Income Families",2008
10.1257/aer.98.2.315,Rates for Vehicle Loans: Race and Loan Source,2008
10.1257/aer.98.2.321,Saving whilst Gambling: An Empirical Analysis of UK Premium Bonds,2008
10.1257/aer.98.2.327,The Drivers of Financial Globalization,2008
10.1257/aer.98.2.333,Home Bias at the Fund Level,2008
10.1257/aer.98.2.339,Is the 2007 US Sub-Prime Financial Crisis So Different? An International Historical Comparison,2008
10.1257/aer.98.2.345,Using Selection on Observed Variables to Assess Bias from Unobservables when Evaluating Swan-Ganz Catheterization,2008
10.1257/aer.98.2.351,Treatment Effect Bounds under Monotonicity Assumptions: An Application to Swan-Ganz Catheterization,2008
10.1257/aer.98.2.357,Estimating Average Treatment Effects with Continuous and Discrete Covariates: The Case of Swan-Ganz Catheterization,2008
10.1257/aer.98.2.363,Transitions: Career and Family Life Cycles of the Educational Elite,2008
10.1257/aer.98.2.370,Exploring the Impact of Financial Incentives on Stereotype Threat: Evidence from a Pilot Study,2008
10.1257/aer.98.2.376,Do Women Supply More Public Goods than Men? Preliminary Experimental Evidence from Matrilineal and Patriarchal Societies,2008
10.1257/aer.98.2.38,Returning to New Orleans after Hurricane Katrina,2008
10.1257/aer.98.2.382,African American and White Differences in the Impacts of Monetary Policy on the Duration of Unemployment,2008
10.1257/aer.98.2.387,The Changing Incidence and Severity of Poverty Spells among Female-Headed Families,2008
10.1257/aer.98.2.392,Poverty Volatility and Macroeconomic Quiescence,2008
10.1257/aer.98.2.398,Non-White Poverty and Macroeconomy: The Impact of Growth,2008
10.1257/aer.98.2.403,Understanding the Returns to Delayed Childbearing for Working Women,2008
10.1257/aer.98.2.408,The Effect of Children's Gender on Living Arrangements and Child Support,2008
10.1257/aer.98.2.413,Planning and Financial Literacy: How Do Women Fare?,2008
10.1257/aer.98.2.418,"Who Chooses Annuities? An Experimental Investigation of the Role of Gender, Framing, and Defaults",2008
10.1257/aer.98.2.423,A Structural Approach to Explaining Incomplete Exchange-Rate Pass-Through and Pricing-to-Market,2008
10.1257/aer.98.2.43,The Effect of Hurricane Katrina on the Labor Market Outcomes of Evacuees,2008
10.1257/aer.98.2.430,Pass-Through in Retail and Wholesale,2008
10.1257/aer.98.2.438,Welfare Costs of Inflation in a Menu Cost Model,2008
10.1257/aer.98.2.444,Endogenous Variety and the Gains from Trade,2008
10.1257/aer.98.2.451,"R&amp;D Investments, Exporting, and the Evolution of Firm Productivity",2008
10.1257/aer.98.2.457,Firm-Level Heterogeneous Productivity and Demand Shocks: Evidence from Bangladesh,2008
10.1257/aer.98.2.463,"Height, Health, and Cognitive Function at Older Ages",2008
10.1257/aer.98.2.468,"Height, Health, and Inequality: The Distribution of Adult Heights in India",2008
10.1257/aer.98.2.475,"Height and Economic Development in Italy, 1730–1980",2008
10.1257/aer.98.2.482,How High Are Rates of Return to Fertilizer? Evidence from Field Experiments in Kenya,2008
10.1257/aer.98.2.489,Limited Attention and Income Distribution,2008
10.1257/aer.98.2.49,How Hurricanes Affect Wages and Employment in Local Labor Markets,2008
10.1257/aer.98.2.494,Spite and Development,2008
10.1257/aer.98.2.500,Motherhood and Female Labor Force Participation: Evidence from Infertility Shocks,2008
10.1257/aer.98.2.505,"Segregation, Rent Control, and Riots: The Economics of Religious Conflict in an Indian City",2008
10.1257/aer.98.2.511,Stress and Birth Weight: Evidence from Terrorist Attacks,2008
10.1257/aer.98.2.516,Prostitutes <i>and</i> Brides?,2008
10.1257/aer.98.2.523,"Made in America? The New World, the Old, and the Industrial Revolution",2008
10.1257/aer.98.2.529,"Trade Costs, 1870–2000",2008
10.1257/aer.98.2.535,A Century of Global Equity Market Correlations,2008
10.1257/aer.98.2.54,"Measuring the Labor Market Impacts of Hurricane Katrina Migration: Evidence from Houston, Texas",2008
10.1257/aer.98.2.541,The National Assessment of Educational Progress in Economics: Findings for General Economics,2008
10.1257/aer.98.2.547,The Test of Understanding of College Economics,2008
10.1257/aer.98.2.552,Assessment Practices and Trends in Undergraduate Economics Courses,2008
10.1257/aer.98.2.559,John Bates Clark Medalist,2008
10.1257/aer.98.2.561,"Minutes of the Annual Meeting, New Orleans, LA, January 5, 2008",2008
10.1257/aer.98.2.563,Minutes of the Executive Committee Meetings,2008
10.1257/aer.98.2.573,Report of the Secretary for 2007,2008
10.1257/aer.98.2.577,Report of the Treasurer,2008
10.1257/aer.98.2.58,Consumption Disasters in the Twentieth Century,2008
10.1257/aer.98.2.581,"Report of the Editor, <i>American Economic Review</i>",2008
10.1257/aer.98.2.591,"Report of the Editor, <i>Journal of Economic Literature</i>",2008
10.1257/aer.98.2.594,"Report of the Editor, <i>Journal of Economic Perspectives</i>",2008
10.1257/aer.98.2.596,"Report of the Editor, <i>American Economic Journal: Applied Economics</i>",2008
10.1257/aer.98.2.599,"Report of the Editor, <i>American Economic Journal: Economic Policy</i>",2008
10.1257/aer.98.2.601,"Report of the Editor, <i>American Economic Journal: Macroconomics</i>",2008
10.1257/aer.98.2.603,"Report of the Editor, <i>American Economic Journal: Microconomics</i>",2008
10.1257/aer.98.2.605,"Report of the Director, <i>Job Openings for Economists</i>",2008
10.1257/aer.98.2.608,Report of the Committee on Economic Education,2008
10.1257/aer.98.2.611,Report of the Committee on the Status of Women in the Economics Profession,2008
10.1257/aer.98.2.619,Report of the Committee on the Status of Minority Groups in the Economics Profession,2008
10.1257/aer.98.2.628,Report of the Committee on Economic Statistics,2008
10.1257/aer.98.2.629,Report of the Search Committee for the Editor of the <i>Journal of Economic Perspectives</i>,2008
10.1257/aer.98.2.630,American Economic Association Universal Academic Questionnaire Summary Statistics,2008
10.1257/aer.98.2.634,Information on the Association,2008
10.1257/aer.98.2.64,Variable Rare Disasters: A Tractable Theory of Ten Puzzles in Macro-Finance,2008
10.1257/aer.98.2.68,Disasters and Recoveries,2008
10.1257/aer.98.2.74,Disasters and the Welfare Cost of Uncertainty,2008
10.1257/aer.98.2.79,"How Big Are Total Individual Income Tax Expenditures, and Who Benefits from Them?",2008
10.1257/aer.98.2.84,Tax Expenditures for Owner-Occupied Housing: Deductions for Property Taxes and Mortgage Interest and the Exclusion of Imputed Rental Income,2008
10.1257/aer.98.2.90,Using Tax Expenditures to Achieve Energy Policy Goals,2008
10.1257/aer.98.2.95,Institutions: Top Down or Bottom Up?,2008
10.1257/aer.98.2.ix,Foreword,2008
10.1257/aer.98.2.viii,Editors' Introduction,2008
10.1257/aer.98.3.1009,"Historical Property Rights, Sociality, and the Emergence of Impersonal Exchange in Long-Distance Trade",2008
10.1257/aer.98.3.1040,Credit Elasticities in Less-Developed Economies: Implications for Microfinance,2008
10.1257/aer.98.3.1069,Reference-Dependent Preferences and Labor Supply: The Case of New York City Taxi Drivers,2008
10.1257/aer.98.3.1083,The Interaction of Public and Private Insurance: Medicaid and the Long-Term Care Insurance Market,2008
10.1257/aer.98.3.1103,Estimates of the Impact of Crime Risk on Property Values from Megan's Laws,2008
10.1257/aer.98.3.1128,Ordering the Extraction of Polluting Nonrenewable Resources,2008
10.1257/aer.98.3.1145,Strotz Meets Allais: Diminishing Impatience and the Certainty Effect,2008
10.1257/aer.98.3.1163,"Monetary Policy, Judgment, and Near-Rational Exuberance",2008
10.1257/aer.98.3.1178,Evolution of Time Preference by Natural Selection: Comment,2008
10.1257/aer.98.3.1189,Matching with Contracts: Comment,2008
10.1257/aer.98.3.1195,When Does Coordination Require Centralization? Corrigendum,2008
10.1257/aer.98.3.1197,Independent Auditors' Report,2008
10.1257/aer.98.3.567,Mechanism Design: How to Implement Social Goals,2008
10.1257/aer.98.3.577,But Who Will Guard the Guardians?,2008
10.1257/aer.98.3.586,Perspectives on Mechanism Design in Economic Theory,2008
10.1257/aer.98.3.604,The Time-Varying Volatility of Macroeconomic Fluctuations,2008
10.1257/aer.98.3.642,The Difference That CEOs Make: An Assignment Model Approach,2008
10.1257/aer.98.3.669,What's the Matter with Tie-Breaking? Improving Efficiency in School Choice,2008
10.1257/aer.98.3.690,Default Risk and Income Fluctuations in Emerging Economies,2008
10.1257/aer.98.3.713,Do Wealth Fluctuations Generate Time-Varying Risk Aversion? Micro-Evidence on Individuals' Asset Allocation,2008
10.1257/aer.98.3.737,Temporary Investment Tax Incentives: Theory with Evidence from Bonus Depreciation,2008
10.1257/aer.98.3.769,How the Electoral College Influences Campaigns and Policy: The Probability of Being Florida,2008
10.1257/aer.98.3.808,Income and Democracy,2008
10.1257/aer.98.3.843,Do People Vote with Their Feet? An Empirical Test of Tiebout's Mechanism,2008
10.1257/aer.98.3.864,Information Aggregation in Polls,2008
10.1257/aer.98.3.897,Stability in Supply Chain Networks,2008
10.1257/aer.98.3.924,Thar She Blows: Can Bubbles Be Rekindled with Experienced Subjects?,2008
10.1257/aer.98.3.938,Stationary Concepts for Experimental 2x2-Games,2008
10.1257/aer.98.3.967,"Contracts, Hold-Up, and Exports: Textiles and Opium in Colonial India",2008
10.1257/aer.98.3.990,Pride and Prejudice: The Human Side of Incentive Theory,2008
10.1257/aer.98.4.1211,Leverage Cycles and the Anxious Economy,2008
10.1257/aer.98.4.1245,Competition and Price Variation when Consumers Are Loss Averse,2008
10.1257/aer.98.4.1269,Behavioral Equilibrium in Economies with Adverse Selection,2008
10.1257/aer.98.4.1292,"Language, Meaning, and Games: A Model of Communication, Coordination, and Evolution",2008
10.1257/aer.98.4.1312,The Brain as a Hierarchical Organization,2008
10.1257/aer.98.4.1347,How Strong Are Weak Patents?,2008
10.1257/aer.98.4.1370,Does Innovation Cause Stock Market Runups? Evidence from the Great Crash,2008
10.1257/aer.98.4.1397,The Unequal Effects of Liberalization: Evidence from Dismantling the License Raj in India,2008
10.1257/aer.98.4.1413,Tracing the Impact of Bank Liquidity Shocks: Evidence from an Emerging Market,2008
10.1257/aer.98.4.1443,The Power of Focal Points Is Limited: Even Minute Payoff Asymmetry May Yield Large Coordination Failures,2008
10.1257/aer.98.4.1459,Optimal Contracting with Endogenous Social Norms,2008
10.1257/aer.98.4.1476,Great Expectations and the End of the Depression,2008
10.1257/aer.98.4.1517,Explaining Changes in Female Labor Supply in a Life-Cycle Model,2008
10.1257/aer.98.4.1553,Giffen Behavior and Subsistence Consumption,2008
10.1257/aer.98.4.1578,Restructuring Research: Communication Costs and the Democratization of University Innovation,2008
10.1257/aer.98.4.1591,The Cycle of Violence? An Empirical Analysis of Fatalities in the Palestinian-Israeli Conflict,2008
10.1257/aer.98.4.1605,The Relationship between Economic Status and Child Health: Evidence from the United States,2008
10.1257/aer.98.4.1619,All-or-Nothing Monitoring,2008
10.1257/aer.98.4.1629,Commitment and Conflict in Bilateral Bargaining,2008
10.1257/aer.98.4.1636,Leveling the Playing Field: Sincere and Sophisticated Players in the Boston Mechanism,2008
10.1257/aer.98.4.1653,The Limited Influence of Unemployment on the Wage Bargain,2008
10.1257/aer.98.4.1675,Trade Policy and Loss Aversion,2008
10.1257/aer.98.4.1692,The Cyclical Behavior of Equilibrium Unemployment and Vacancies Revisited,2008
10.1257/aer.98.4.1707,Distorted Gravity: The Intensive and Extensive Margins of International Trade,2008
10.1257/aer.98.4.1722,A Note on Different Approaches to Index Number Theory,2008
10.1257/aer.98.4.1731,Testing for a Reference Consumer in International Comparisons of Living Standards,2008
10.1257/aer.98.5.1737,Land and Power: Theory and Evidence from Chile,2008
10.1257/aer.98.5.1766,The Costs of Remoteness: Evidence from German Division and Reunification,2008
10.1257/aer.98.5.1798,The Response of Household Saving to the Large Shock of German Reunification,2008
10.1257/aer.98.5.1829,"The Demand for, and Impact of, Learning HIV Status",2008
10.1257/aer.98.5.1864,Does Job Corps Work? Impact Findings from the National Job Corps Study,2008
10.1257/aer.98.5.1887,Consumption Inequality and Partial Insurance,2008
10.1257/aer.98.5.1922,Liquidity and Insurance for the Unemployed,2008
10.1257/aer.98.5.1943,Zombie Lending and Depressed Restructuring in Japan,2008
10.1257/aer.98.5.1978,Trading Tasks: A Simple Theory of Offshoring,2008
10.1257/aer.98.5.1998,"Pricing-to-Market, Trade Costs, and International Relative Prices",2008
10.1257/aer.98.5.2032,Optimal Tariffs and Market Power: The Evidence,2008
10.1257/aer.98.5.2066,Stocks as Lotteries: The Implications of Probability Weighting for Security Prices,2008
10.1257/aer.98.5.2101,"Trend Inflation, Indexation, and Inflation Persistence in the New Keynesian Phillips Curve",2008
10.1257/aer.98.5.2127,Contextual Inference in Markets: On the Informational Content of Product Lines,2008
10.1257/aer.98.5.2150,Conversations among Competitors,2008
10.1257/aer.98.5.2163,The Effect of Credit Constraints on the College Drop-Out Decision: A Direct Approach Using a New Panel Study,2008
10.1257/aer.98.5.2185,On the Salience of Ethnic Conflict,2008
10.1257/aer.98.5.2203,How Do Budget Deficits and Economic Growth Affect Reelection Prospects? Evidence from a Large Panel of Countries,2008
10.1257/aer.98.5.2221,"Changes in the Consumption, Income, and Well-Being of Single Mother Headed Families",2008
10.1257/aer.98.5.2242,The Impact of Nearly Universal Insurance Coverage on Health Care Utilization: Evidence from Medicare,2008
10.1257/aer.98.5.2259,Can Hepatitis B Mothers Account for the Number of Missing Women? Evidence from Three Million Newborns in Taiwan,2008
10.1257/aer.98.5.i,The American Economic Review,2008
10.1257/aer.99.1.112,Peers at Work,2009
10.1257/aer.99.1.146,"Women, Wealth, and Mobility",2009
10.1257/aer.99.1.179,"Class-Size Caps, Sorting, and the Regression-Discontinuity Design",2009
10.1257/aer.99.1.216,Taxes and Employment Subsidies in Optimal Redistribution Programs,2009
10.1257/aer.99.1.243,"Rare Disasters, Asset Prices, and Welfare Costs",2009
10.1257/aer.99.1.25,Taxing Capital? Not a Bad Idea After All!,2009
10.1257/aer.99.1.265,Cognition and Incomplete Contracts,2009
10.1257/aer.99.1.295,The Value of Groups,2009
10.1257/aer.99.1.324,"The War on Drugs: Methamphetamine, Public Health, and Crime",2009
10.1257/aer.99.1.350,Sticky Prices and Monetary Policy: Evidence from Disaggregated US Data,2009
10.1257/aer.99.1.385,"Risk, Ambiguity, and the Rank-Dependence Axioms",2009
10.1257/aer.99.1.393,Insurer-Provider Networks in the Medical Care Market,2009
10.1257/aer.99.1.431,Group Identity and Social Preferences,2009
10.1257/aer.99.1.458,Excise Taxes with Multiproduct Transactions,2009
10.1257/aer.99.1.472,Diversity in the Workplace,2009
10.1257/aer.99.1.486,Indirect Effects of an Aid Program: How Do Cash Transfers Affect Ineligibles' Consumption?,2009
10.1257/aer.99.1.49,Liquidity Constraints and Imperfect Information in Subprime Lending,2009
10.1257/aer.99.1.5,Governance Institutions and Economic Activity,2009
10.1257/aer.99.1.509,Political Economy at Any Speed: What Determines Traffic Citations?,2009
10.1257/aer.99.1.528,Democracy and Foreign Education,2009
10.1257/aer.99.1.544,Doing Good or Doing Well? Image Motivation and Monetary Incentives in Behaving Prosocially,2009
10.1257/aer.99.1.85,"Estate Taxation, Entrepreneurship, and Wealth",2009
10.1257/aer.99.1.i,The American Economic Review,2009
10.1257/aer.99.2.1,Immigration and Inequality,2009
10.1257/aer.99.2.104,Early Life Health and Cognitive Function in Old Age,2009
10.1257/aer.99.2.110,Life Expectancy and Old Age Savings,2009
10.1257/aer.99.2.116,Approaches to Estimating the Health State Dependence of the Utility Function,2009
10.1257/aer.99.2.122,Why Are Recessions Good for Your Health?,2009
10.1257/aer.99.2.128,"Child Benefits, Maternal Employment, and Children's Health: Evidence from Canadian Child Benefit Expansions",2009
10.1257/aer.99.2.133,Average Earnings and Long-Term Mortality: Evidence from Administrative Data,2009
10.1257/aer.99.2.139,Time-Use Patterns and Women Entrepreneurs,2009
10.1257/aer.99.2.145,How Do Remittances Affect Human Capital Formation of School-Age Boys and Girls?,2009
10.1257/aer.99.2.149,The Impact of Unexpected Maternal Death on Education: First Evidence from Three National Administrative Data Links,2009
10.1257/aer.99.2.154,Motherhood Delay and the Human Capital of the Next Generation,2009
10.1257/aer.99.2.159,Strategies for Promoting Healthier Food Choices,2009
10.1257/aer.99.2.165,Mindless Eating and Healthy Heuristics for the Irrational,2009
10.1257/aer.99.2.170,Time Use and Food Consumption,2009
10.1257/aer.99.2.177,Fetal Exposures to Toxic Releases and Infant Health,2009
10.1257/aer.99.2.184,Winter Heating or Clean Air? Unintended Impacts of China's Huai River Policy,2009
10.1257/aer.99.2.191,"Voluntary Compliance, Pollution Levels, and Infant Mortality in Mexico",2009
10.1257/aer.99.2.198,Temperature and Income: Reconciling New Cross-Sectional and Panel Estimates,2009
10.1257/aer.99.2.205,Impact of Climate Change on Rice Production in Thailand,2009
10.1257/aer.99.2.211,Climate Change and Birth Weight,2009
10.1257/aer.99.2.218,Economic Effects of Childhood Exposure to Tropical Disease,2009
10.1257/aer.99.2.22,The Demography of Mexican Migration to the United States,2009
10.1257/aer.99.2.224,What Matters (and What Does Not) in Households' Decision to Invest in Malaria Prevention?,2009
10.1257/aer.99.2.231,"Commitment Mechanisms and Compliance with Health-Protecting Behavior: Preliminary Evidence from Orissa, India",2009
10.1257/aer.99.2.236,Intrahousehold Allocation of Free and Purchased Mosquito Nets,2009
10.1257/aer.99.2.242,"Urbanization, Mortality, and Fertility in Malthusian England",2009
10.1257/aer.99.2.248,"Malthusian Dynamism and the Rise of Europe: Make War, Not Love",2009
10.1257/aer.99.2.255,How Relevant Is Malthus for Economic Development Today?,2009
10.1257/aer.99.2.261,Institutions versus Policies: A Tale of Two Islands,2009
10.1257/aer.99.2.268,Metals or Management? Explaining Africa's Recent Economic Growth Performance,2009
10.1257/aer.99.2.275,South Africa's Post-Apartheid Two-Step: Social Demands versus Macro Stability,2009
10.1257/aer.99.2.28,Do Immigrants and Their Children Free Ride More Than Natives?,2009
10.1257/aer.99.2.282,Defensive Weapons and Defensive Alliances,2009
10.1257/aer.99.2.287,Can Development Aid Contribute to Social Cohesion after Civil War? Evidence from a Field Experiment in Post-Conflict Liberia,2009
10.1257/aer.99.2.292,Repression or Civil War?,2009
10.1257/aer.99.2.298,Do Juntas Lead to Personal Rule?,2009
10.1257/aer.99.2.304,"Consolidation of New Democracy, Mass Attitudes, and Clientelism",2009
10.1257/aer.99.2.310,The Real Swing Voter's Curse,2009
10.1257/aer.99.2.316,"Lies, Damn Lies, and Pre-Election Polling",2009
10.1257/aer.99.2.323,Racial Bias in the 2008 Presidential Election,2009
10.1257/aer.99.2.330,Bayesian Learning and the Pricing of New Information: Evidence from Prediction Markets,2009
10.1257/aer.99.2.337,A Model of Discovery,2009
10.1257/aer.99.2.343,The Empirical Impact of Intellectual Property Rights on Innovation: Puzzles and Clues,2009
10.1257/aer.99.2.349,"Intellectual Property Rights, the Industrial Revolution, and the Beginnings of Modern Economic Growth",2009
10.1257/aer.99.2.35,The Labor Supply of Immigrants in the United States: The Role of Changing Source Country Characteristics,2009
10.1257/aer.99.2.356,Identifying Preferences under Risk from Discrete Choices,2009
10.1257/aer.99.2.363,Risk Preferences in the PSID: Individual Imputations and Family Covariation,2009
10.1257/aer.99.2.369,"Endogenous Effective Discounting, Credit Constraints, and Wealth Inequality",2009
10.1257/aer.99.2.374,Did the 2008 Tax Rebates Stimulate Spending?,2009
10.1257/aer.99.2.380,"The Effects of Population Aging on the Relationship among Aggregate Consumption, Saving, and Income",2009
10.1257/aer.99.2.387,Disentangling Insurance and Information in Intertemporal Consumption Choices,2009
10.1257/aer.99.2.393,Measuring the Financial Sophistication of Households,2009
10.1257/aer.99.2.399,Who Bears Aggregate Fluctuations and How?,2009
10.1257/aer.99.2.406,Momentum Traders in the Housing Market: Survey Evidence and a Search Model,2009
10.1257/aer.99.2.41,Immigration And Poverty In The United States,2009
10.1257/aer.99.2.412,Payday Loans and Credit Cards: New Liquidity and Credit Scoring Puzzles?,2009
10.1257/aer.99.2.418,What Do High-Interest Borrowers Do with Their Tax Rebate?,2009
10.1257/aer.99.2.424,"What Do Consumers Really Pay on Their Checking and Credit Card Accounts? Explicit, Implicit, and Avoidable Costs",2009
10.1257/aer.99.2.430,Online Ad Auctions,2009
10.1257/aer.99.2.435,The Quest for QWERTY,2009
10.1257/aer.99.2.441,Skewed Bidding in Pay-per-Action Auctions for Online Advertising,2009
10.1257/aer.99.2.448,Authority versus Persuasion,2009
10.1257/aer.99.2.45,This Job is “Getting Old”: Measuring Changes in Job Opportunities using Occupational Age Structure,2009
10.1257/aer.99.2.454,Financial Risk Management: When Does Independence Fail?,2009
10.1257/aer.99.2.459,Over My Dead Body: Bargaining and the Price of Dignity,2009
10.1257/aer.99.2.466,The Aftermath of Financial Crises,2009
10.1257/aer.99.2.473,Expropriation Dynamics,2009
10.1257/aer.99.2.480,"Financial Instability, Reserves, and Central Bank Swap Lines in the Panic of 2008",2009
10.1257/aer.99.2.487,The Margins of US Trade,2009
10.1257/aer.99.2.494,Trade Liberalization and New Imported Inputs,2009
10.1257/aer.99.2.501,Plants and Imported Inputs: New Facts and an Interpretation,2009
10.1257/aer.99.2.508,Another Look at the Impacts of Health Reform in Massachusetts: Evidence Using New Data and a Stronger Model,2009
10.1257/aer.99.2.512,Disability Screening and Labor Supply: Evidence from South Africa,2009
10.1257/aer.99.2.517,A Theory of Brain Drain and Public Funding for Higher Education in the United States,2009
10.1257/aer.99.2.52,New Evidence on the Returns to Job Skills,2009
10.1257/aer.99.2.522,"Public Policy and the Dynamics of Children's Health Insurance, 1986–1999",2009
10.1257/aer.99.2.527,How Should Public Pension Plans Invest?,2009
10.1257/aer.99.2.533,Will Public Sector Retiree Health Benefit Plans Survive? Economic and Policy Implications of Unfunded Liabilities,2009
10.1257/aer.99.2.538,Discounting State and Local Pension Liabilities,2009
10.1257/aer.99.2.543,Implementing the New Fiscal Policy Activism,2009
10.1257/aer.99.2.550,The Lack of an Empirical Rationale for a Revival of Discretionary Fiscal Policy,2009
10.1257/aer.99.2.556,Rethinking the Role of Fiscal Policy,2009
10.1257/aer.99.2.560,Capital Reallocation and Growth,2009
10.1257/aer.99.2.567,"Information, Liquidity, and the (Ongoing) Panic of 2007",2009
10.1257/aer.99.2.573,Is Monetary Policy Effective during Financial Crises?,2009
10.1257/aer.99.2.578,A Note on Liquidity Risk Management,2009
10.1257/aer.99.2.58,Job Polarization in Europe,2009
10.1257/aer.99.2.584,Global Imbalances and Financial Fragility,2009
10.1257/aer.99.2.589,Leverage and the Central Banker's Put,2009
10.1257/aer.99.2.594,Market and Public Liquidity,2009
10.1257/aer.99.2.600,"Money, Liquidity, and Monetary Policy",2009
10.1257/aer.99.2.606,The Credit Crisis: Conjectures about Causes and Remedies,2009
10.1257/aer.99.2.611,The Economics Major as Part of a Liberal Education: The Teagle Report,2009
10.1257/aer.99.2.618,Comment,2009
10.1257/aer.99.2.620,Comment,2009
10.1257/aer.99.2.621,Comment,2009
10.1257/aer.99.2.624,Completing an Economics PhD in Five Years,2009
10.1257/aer.99.2.631,"Minutes of the Annual Meeting San Francisco, CA January 4, 2009",2009
10.1257/aer.99.2.633,Report of the Secretary for 2008,2009
10.1257/aer.99.2.637,Report of the Treasurer,2009
10.1257/aer.99.2.64,Implementation of a New Architecture for the US National Accounts,2009
10.1257/aer.99.2.641,American Economic Association Universal Academic Questionnaire Summary Statistics,2009
10.1257/aer.99.2.646,List of Online Reports,2009
10.1257/aer.99.2.647,Minutes of the Executive Committee Meetings,2009
10.1257/aer.99.2.660,American Economic Review,2009
10.1257/aer.99.2.671,Journal of Economic Literature,2009
10.1257/aer.99.2.674,Journal of Economic Perspectives,2009
10.1257/aer.99.2.676,American Economic Journal: Applied Economics,2009
10.1257/aer.99.2.679,American Economic Journal: Economic Policy,2009
10.1257/aer.99.2.681,American Economic Journal: Macroeconomics,2009
10.1257/aer.99.2.683,American Economic Journal: Microeconomics,2009
10.1257/aer.99.2.685,Job Openings for Economists,2009
10.1257/aer.99.2.688,Report of the Committee on Economic Education,2009
10.1257/aer.99.2.69,Perspectives on the New Architecture for the US National Accounts,2009
10.1257/aer.99.2.692,Report of the Committee on the Status of Women in the Economics Profession 2008,2009
10.1257/aer.99.2.700,Report of the Committee on the Status of Minority Groups in the Economics Profession,2009
10.1257/aer.99.2.710,Report of the Committee on Economic Statistics,2009
10.1257/aer.99.2.711,Search Committee Recommendation <i>AEJ: Macroeconomics</i>,2009
10.1257/aer.99.2.712,General Information on the Association,2009
10.1257/aer.99.2.74,Integrated GDP-Productivity Accounts,2009
10.1257/aer.99.2.80,The Integrated Financial and Real System of National Accounts for the United States: Does It Presage the Financial Crisis?,2009
10.1257/aer.99.2.87,Expectations and Perceptions in Developing Countries: Their Measurement and Their Use,2009
10.1257/aer.99.2.93,Egalitarianism and Competitiveness,2009
10.1257/aer.99.2.99,"Are Two Cheap, Noisy Measures Better Than One Expensive, Accurate One?",2009
10.1257/aer.99.2.i,The American Economic Review,2009
10.1257/aer.99.2.ix,Foreword,2009
10.1257/aer.99.2.viii,Editors' Introduction,2009
10.1257/aer.99.3.1006,"Under the Weather: Health, Schooling, and Economic Consequences of Early-Life Rainfall",2009
10.1257/aer.99.3.1027,Anchoring Effects: Evidence from Art Auctions,2009
10.1257/aer.99.3.1040,On the Welfare Cost of Inflation and the Recent Behavior of Money Demand,2009
10.1257/aer.99.3.1053,Not All Oil Price Shocks Are Alike: Disentangling Demand and Supply Shocks in the Crude Oil Market,2009
10.1257/aer.99.3.1070,"Exclusive Dealing and Entry, when Buyers Compete: Comment",2009
10.1257/aer.99.3.1082,"Corrigendum: Women, Wealth, and Mobility",2009
10.1257/aer.99.3.1083,Independent Auditor's Report,2009
10.1257/aer.99.3.561,The Increasing Returns Revolution in Trade and Geography,2009
10.1257/aer.99.3.572,Bureaucratic Minimal Squawk Behavior: Theory and Evidence from Regulatory Agencies,2009
10.1257/aer.99.3.608,Incentives and Stability in Large Two-Sided Matching Markets,2009
10.1257/aer.99.3.628,Economic Catastrophe Bonds,2009
10.1257/aer.99.3.667,Distributional and Efficiency Impacts of Increased US Gasoline Taxes,2009
10.1257/aer.99.3.700,Should Urban Transit Subsidies Be Reduced?,2009
10.1257/aer.99.3.725,"Trade, Tragedy, and the Commons",2009
10.1257/aer.99.3.750,Strategic Leniency and Cartel Enforcement,2009
10.1257/aer.99.3.769,Optimal Sticky Prices under Rational Inattention,2009
10.1257/aer.99.3.804,"The Young, the Old, and the Restless: Demographics and Business Cycle Volatility",2009
10.1257/aer.99.3.827,Tricks with Hicks: The EASI Demand System,2009
10.1257/aer.99.3.864,Observational Learning: Evidence from a Randomized Natural Field Experiment,2009
10.1257/aer.99.3.883,Misselling through Agents,2009
10.1257/aer.99.3.909,Reference-Dependent Consumption Plans,2009
10.1257/aer.99.3.937,Evolution of Time Preferences and Attitudes toward Risk,2009
10.1257/aer.99.3.956,Cooperation and Competition in Intergenerational Experiments in the Field and the Laboratory,2009
10.1257/aer.99.3.979,Cooperation among Strangers under the Shadow of the Future,2009
10.1257/aer.99.3.i,The American Economic Review,2009
10.1257/aer.99.4.1097,Can News about the Future Drive the Business Cycle?,2009
10.1257/aer.99.4.1119,Portfolio Claustrophobia: Asset Pricing in Markets with Illiquid Assets,2009
10.1257/aer.99.4.1145,Salience and Taxation: Theory and Evidence,2009
10.1257/aer.99.4.1178,Decentralized Organizational Learning: An Experimental Investigation,2009
10.1257/aer.99.4.1206,"Think Locally, Act Locally: Spillovers, Spillbacks, and Efficient Decentralized Policymaking",2009
10.1257/aer.99.4.1218,"The Origins of State Capacity: Property Rights, Taxation, and Politics",2009
10.1257/aer.99.4.1245,Spousal Control and Intra-Household Decision Making: An Experimental Study in the Philippines,2009
10.1257/aer.99.4.1278,Active and Passive Waste in Government Spending: Evidence from a Policy Experiment,2009
10.1257/aer.99.4.1309,One Chance in a Million: Altruism and the Bone Marrow Registry,2009
10.1257/aer.99.4.1335,Institution Formation in Public Goods Games,2009
10.1257/aer.99.4.1356,Tax Changes and Asset Pricing,2009
10.1257/aer.99.4.1384,The Effects of High Stakes High School Achievement Awards: Evidence from a Randomized Trial,2009
10.1257/aer.99.4.1415,Monetary Policy Analysis with Potentially Misspecified Models,2009
10.1257/aer.99.4.1451,Technological Revolutions and Stock Prices,2009
10.1257/aer.99.4.1484,"Hindsight, Foresight, and Insight: An Experimental Study of a Small-Market Investment Game with Common and Private Values",2009
10.1257/aer.99.4.1508,Narrow Bracketing and Dominated Choices,2009
10.1257/aer.99.4.1544,Why Do Sellers (Usually) Prefer Auctions?,2009
10.1257/aer.99.4.1576,Learning about the Future and Dynamic Efficiency,2009
10.1257/aer.99.4.1588,Bank Runs and Institutions: The Perils of Intervention,2009
10.1257/aer.99.4.1608,"Expectation Damages, Divisible Contracts, and Bilateral Investment",2009
10.1257/aer.99.4.1619,Field Centipedes,2009
10.1257/aer.99.4.1636,VAR Analysis and the Great Moderation,2009
10.1257/aer.99.4.1653,Art as an Investment and Conspicuous Consumption Good,2009
10.1257/aer.99.4.1664,Offshoring and Volatility: Evidence from Mexico's Maquiladora Industry,2009
10.1257/aer.99.4.1672,Gibrat's Law for (All) Cities: Comment,2009
10.1257/aer.99.4.1676,Gibrat's Law for (All) Cities: Reply,2009
10.1257/aer.99.4.i,The American Economic Review,2009
10.1257/aer.99.5.1689,Investment in Schooling and the Marriage Market,2009
10.1257/aer.99.5.1714,Efficient Pollution Regulation: Getting the Prices Right,2009
10.1257/aer.99.5.1740,Has Moral Hazard Become a More Important Factor in Managerial Compensation?,2009
10.1257/aer.99.5.1770,Selling to Overconfident Consumers,2009
10.1257/aer.99.5.1808,Risk Taking by Entrepreneurs,2009
10.1257/aer.99.5.1831,Adaptation and Vertical Integration in the Airline Industry,2009
10.1257/aer.99.5.1850,Naked Exclusion: An Experimental Study of Contracts with Externalities,2009
10.1257/aer.99.5.1878,The Relative Performance of Real Estate Marketing Platforms: MLS versus FSBOMadison.com,2009
10.1257/aer.99.5.1899,"Innovation Diffusion in Heterogeneous Populations: Contagion, Social Influence, and Social Learning",2009
10.1257/aer.99.5.1925,The Evolution of Time Preference with Aggregate Uncertainty,2009
10.1257/aer.99.5.1954,Strategy-proofness versus Efficiency in Matching with Indifferences: Redesigning the NYC High School Match,2009
10.1257/aer.99.5.1979,"Performance Pay and Teachers' Effort, Productivity, and Grading Ethics",2009
10.1257/aer.99.5.2012,On the Possibility of Credit Rationing in the Stiglitz-Weiss Model,2009
10.1257/aer.99.5.2022,Peer-Induced Fairness in Games,2009
10.1257/aer.99.5.2050,A Theory of Demand Shocks,2009
10.1257/aer.99.5.2085,Mental Accounting in Portfolio Choice: Evidence from a Flypaper Effect,2009
10.1257/aer.99.5.2096,Intra-Industry Foreign Direct Investment,2009
10.1257/aer.99.5.2120,Media Markets and Localism: Does Local News <i>en Español</i> Boost Hispanic Voter Turnout?,2009
10.1257/aer.99.5.2129,Surprised by the Parimutuel Odds?,2009
10.1257/aer.99.5.2135,Debt Maturity and the International Financial Architecture,2009
10.1257/aer.99.5.2149,Departure Times in Y-Shaped Traffic Networks with Multiple Bottlenecks,2009
10.1257/aer.99.5.2177,"Technology, International Trade, and Pollution from US Manufacturing",2009
10.1257/aer.99.5.2193,Endogenous Verifiability and Relational Contracting,2009
10.1257/aer.99.5.2209,The Retirement Consumption Puzzle: Evidence from a Regression Discontinuity Approach,2009
10.1257/aer.99.5.2227,Direct Democracy and Public Employees,2009
10.1257/aer.99.5.2247,Individual Behavior and Group Membership: Comment,2009
10.1257/aer.99.5.2258,A Comment on the Economics of Labor Adjustment: Mind the Gap: Evidence from a Monte Carlo Experiment,2009
10.1257/aer.99.5.2267,A Comment on the Economics of Labor Adjustment: Mind the Gap: Evidence from a Monte Carlo Experiment: Reply,2009
10.1257/aer.99.5.2277,"Corrigendum: Language, Meaning, and Games: A Model of Communication, Coordination, and Evolution",2009
10.1257/aer.99.5.i,The American Economic Review,2009
10.1257/aer.p20151000,Do Private Equity Owned Firms Have Better Management Practices?,2015
10.1257/aer.p20151001,Organizational Culture and Performance,2015
10.1257/aer.p20151002,The Real Effects of Relational Contracts,2015
10.1257/aer.p20151003,The Impact of Ethnic Diversity in Bureaucracies: Evidence from the Nigerian Civil Service,2015
10.1257/aer.p20151004,Liquidity in Retirement Savings Systems: An International Comparison,2015
10.1257/aer.p20151005,The Composition Effect of Consumption around Retirement: Evidence from Singapore,2015
10.1257/aer.p20151006,Defined Contribution Pension Plans: Mutual Fund Asset Allocation Changes,2015
10.1257/aer.p20151007,The Retirement Consumption Puzzle in China,2015
10.1257/aer.p20151008,Tagging and Targeting of Energy Efficiency Subsidies,2015
10.1257/aer.p20151009,Limited Attention and the Residential Energy Efficiency Gap,2015
10.1257/aer.p20151010,Individual Time Preferences and Energy Efficiency,2015
10.1257/aer.p20151011,Are the Non-Monetary Costs of Energy Efficiency Investments Large? Understanding Low Take-up of a Free Energy Efficiency Program,2015
10.1257/aer.p20151012,Deconstructing the Energy-Efficiency Gap: Conceptual Frameworks and Evidence,2015
10.1257/aer.p20151013,Do Natural Field Experiments Afford Researchers More or Less Control than Laboratory Experiments?,2015
10.1257/aer.p20151015,Heterogeneous Treatment Effects in Impact Evaluation,2015
10.1257/aer.p20151016,Learning from Experiments when Context Matters,2015
10.1257/aer.p20151017,Standing United or Falling Divided? High Stakes Bargaining in a TV Game Show,2015
10.1257/aer.p20151018,Cooperation in a Dynamic Fishing Game: A Framed Field Experiment,2015
10.1257/aer.p20151019,I Take Care of My Own: A Field Study on How Leadership Handles Conflict between Individual and Collective Incentives,2015
10.1257/aer.p20151020,A Measure of Robustness to Misspecification,2015
10.1257/aer.p20151021,Machine Learning Methods for Demand Estimation,2015
10.1257/aer.p20151022,Post-Selection and Post-Regularization Inference in Linear Models with Many Controls and Instruments,2015
10.1257/aer.p20151023,Prediction Policy Problems,2015
10.1257/aer.p20151024,Can Online Learning Bend the Higher Education Cost Curve?,2015
10.1257/aer.p20151025,Evaluating Econometric Evaluations of Post-Secondary Aid,2015
10.1257/aer.p20151026,Connecting Student Loans to Labor Market Outcomes: Policy Lessons from Chile,2015
10.1257/aer.p20151027,What High-Achieving Low-Income Students Know About College,2015
10.1257/aer.p20151028,"Convergence in Adaptation to Climate Change: Evidence from High Temperatures and Mortality, 1900–2004",2015
10.1257/aer.p20151029,"Geography, Depreciation, and Growth",2015
10.1257/aer.p20151030,Tropical Economics,2015
10.1257/aer.p20151031,Federal Crop Insurance and the Disincentive to Adapt to Extreme Heat,2015
10.1257/aer.p20151032,Religion and Innovation,2015
10.1257/aer.p20151033,Measuring Vote-Selling: Field Evidence from the Philippines,2015
10.1257/aer.p20151034,"More Money, More Problems? Can High Pay be Coercive and Repugnant?",2015
10.1257/aer.p20151035,Sacred Values? The Effect of Information on Attitudes toward Payments for Human Organs,2015
10.1257/aer.p20151036,Deciding When to Quit: Reference-Dependence over Slot Machine Outcomes,2015
10.1257/aer.p20151037,Loss Aversion in Post-Sale Purchases of Consumer Products and their Substitutes,2015
10.1257/aer.p20151038,Bankruptcy Rates among NFL Players with Short-Lived Income Spikes,2015
10.1257/aer.p20151039,Testing for the Disposition Effect on Optimal Stopping Decisions,2015
10.1257/aer.p20151040,Immigration Enforcement and Crime,2015
10.1257/aer.p20151041,Effects of Immigrant Legalization on Crime,2015
10.1257/aer.p20151042,The Criminal Justice Response to Policy Interventions: Evidence from Immigration Reform,2015
10.1257/aer.p20151043,The Long-Run Effect of Mexican Immigration on Crime in US Cities: Evidence from Variation in Mexican Fertility Rates,2015
10.1257/aer.p20151044,Factoryless Goods Producing Firms,2015
10.1257/aer.p20151045,How Well is US Intrafirm Trade Measured?,2015
10.1257/aer.p20151046,Multinational Production: Data and Stylized Facts,2015
10.1257/aer.p20151047,Principles of (Behavioral) Economics,2015
10.1257/aer.p20151048,Teaching a Behavioral Economics Elective: Highlighting the Science of Economics,2015
10.1257/aer.p20151049,Behavioral Economics and Public Policy 102: Beyond Nudging,2015
10.1257/aer.p20151050,Markup and Cost Dispersion across Firms: Direct Evidence from Producer Surveys in Pakistan,2015
10.1257/aer.p20151051,Informal Employment in a Growing and Globalizing Low-Income Country,2015
10.1257/aer.p20151052,Trade Liberalization and the Skill Premium: A Local Labor Markets Approach,2015
10.1257/aer.p20151054,The Great Recession and Credit Trends across Income Groups,2015
10.1257/aer.p20151055,Heterogeneity in the Impact of Economic Cycles and the Great Recession: Effects within and across the Income Distribution,2015
10.1257/aer.p20151056,Changes in Safety Net Use During the Great Recession,2015
10.1257/aer.p20151057,Capital and Wealth in the Twenty-First Century,2015
10.1257/aer.p20151058,Capital Taxation in the Twenty-First Century,2015
10.1257/aer.p20151059,"Yes, r &gt; g. So What?",2015
10.1257/aer.p20151060,About <i>Capital in the Twenty-First Century</i>,2015
10.1257/aer.p20151061,"The Effect of Unemployment Benefits on the Duration of Unemployment Insurance Receipt: New Evidence from a Regression Kink Design in Missouri, 2003–2013",2015
10.1257/aer.p20151062,Veterans' Labor Force Participation: What Role Does the VA's Disability Compensation Program Play?,2015
10.1257/aer.p20151063,"Earnings, Disposable Income, and Consumption of Allowed and Rejected Disability Insurance Applicants",2015
10.1257/aer.p20151064,Recall Expectations and Duration Dependence,2015
10.1257/aer.p20151065,Human Capital and Growth,2015
10.1257/aer.p20151066,Mathiness in the Theory of Economic Growth,2015
10.1257/aer.p20151067,Lessons from Schumpeterian Growth Theory,2015
10.1257/aer.p20151068,Globalization and Growth,2015
10.1257/aer.p20151069,History and the Sizes of Cities,2015
10.1257/aer.p20151070,Declining Mortality Inequality within Cities during the Health Transition,2015
10.1257/aer.p20151071,Killer Cities: Past and Present,2015
10.1257/aer.p20151072,Why Do Firms Have “Purpose”? The Firm's Role as a Carrier of Identity and Reputation,2015
10.1257/aer.p20151073,Formal Measures in Informal Management: Can a Balanced Scorecard Change a Culture?,2015
10.1257/aer.p20151074,"Corporate Culture, Societal Culture, and Institutions",2015
10.1257/aer.p20151075,Understanding Ethnic Identity in Africa: Evidence from the Implicit Association Test (IAT),2015
10.1257/aer.p20151076,"Loyalty, Exit, and Enforcement: Evidence from a Kenya Dairy Cooperative",2015
10.1257/aer.p20151077,Ex Post (In) Efficient Negotiation and Breakdown of Trade,2015
10.1257/aer.p20151078,The Catch-22 of External Validity in the Context of Constraints to Firm Growth,2015
10.1257/aer.p20151079,The Market for Training Services: A Demand Experiment with Bangladeshi Garment Factories,2015
10.1257/aer.p20151080,Messaging and the Mandate: The Impact of Consumer Experience on Health Insurance Enrollment Through Exchanges,2015
10.1257/aer.p20151081,Narrow Networks on the Health Insurance Exchanges: What Do They Look Like and How Do They Affect Pricing? A Case Study of Texas,2015
10.1257/aer.p20151082,Measuring Consumer Valuation of Limited Provider Networks,2015
10.1257/aer.p20151083,The Impact of Market Size and Composition on Health Insurance Premiums: Evidence from the First Year of the Affordable Care Act,2015
10.1257/aer.p20151084,Why Don't Present-Biased Agents Make Commitments?,2015
10.1257/aer.p20151085,Present Bias: Lessons Learned and To Be Learned,2015
10.1257/aer.p20151086,Judging Experimental Evidence on Dynamic Inconsistency,2015
10.1257/aer.p20151087,"Living Arrangements, Doubling Up, and the Great Recession: Was This Time Different?",2015
10.1257/aer.p20151088,The Effect of Extended Unemployment Insurance Benefits: Evidence from the 2012–2013 Phase-Out,2015
10.1257/aer.p20151089,Disability Insurance and the Great Recession,2015
10.1257/aer.p20151090,"Lending Booms, Smart Bankers, and Financial Crises",2015
10.1257/aer.p20151091,Neglected Risks: The Psychology of Financial Crises,2015
10.1257/aer.p20151092,"Do Strict Capital Requirements Raise the Cost of Capital? Bank Regulation, Capital Structure, and the Low-Risk Anomaly",2015
10.1257/aer.p20151093,Does a Bank's History Affect Its Risk-Taking?,2015
10.1257/aer.p20151094,"Growth, Pollution, and Life Expectancy: China from 1991–2012",2015
10.1257/aer.p20151095,"Satellites, Self-reports, and Submersion: Exposure to Floods in Bangladesh",2015
10.1257/aer.p20151096,Pay as You Go: Prepaid Metering and Electricity Expenditures in South Africa,2015
10.1257/aer.p20151097,Moving up the Energy Ladder: The Effect of an Increase in Economic Well-Being on the Fuel Consumption Choices of the Poor in India,2015
10.1257/aer.p20151102,Secular Stagnation: A Supply-Side View,2015
10.1257/aer.p20151103,Demand Side Secular Stagnation,2015
10.1257/aer.p20151104,Secular Stagnation: The Long View,2015
10.1257/aer.p20151105,Gary Becker as Teacher,2015
10.1257/aer.p20151106,Gary Becker: Model Economic Scientist,2015
10.1257/aer.p20151107,Gary Becker's Impact on Economics and Policy,2015
10.1257/aer.p20151108,Behavioral Economics and Public Policy: A Pragmatic Perspective,2015
10.1257/aer.p20151109,The Impact of Temporary Protected Status on Immigrants' Labor Market Outcomes,2015
10.1257/aer.p20151110,The Labor Market Impacts of Forced Migration,2015
10.1257/aer.p20151111,The Impact of Economic Freedom on the Black/White Income Gap,2015
10.1257/aer.p20151112,"Income Inequality, Capitalism, and Ethno-Linguistic Fractionalization",2015
10.1257/aer.p20151113,Falling Through the Cracks? Grade Retention and School Dropout among Children of Likely Unauthorized Immigrants,2015
10.1257/aer.p20151114,Academic Undermatching of High-Achieving Minority Students: Evidence from Race-Neutral and Holistic Admissions Policies,2015
10.1257/aer.p20151115,"Household Asset Allocation, Offspring Education, and the Sandwich Generation",2015
10.1257/aer.p20151116,An A for Effort,2015
10.1257/aer.p20151117,Trust and Reciprocity between Spouses in India,2015
10.1257/aer.p20151118,Child Gender and Parental Inputs: No More Son Preference in Korea?,2015
10.1257/aer.p20151119,The Labor Supply Effects of Delayed First Birth,2015
10.1257/aer.p20151120,Can Alcohol Prohibition Reduce Violence Against Women?,2015
10.1257/aer.p20151121,Demand Shocks and Open Economy Puzzles,2015
10.1257/aer.p20151122,(Indirect) Input Linkages,2015
10.1257/aer.p20151123,FOMC Forward Guidance and Investor Beliefs,2015
10.1257/aer.p20151124,Macroeconomic Uncertainty Indices Based on Nowcast and Forecast Error Distributions,2015
10.1257/aer.p20161000,Battling over Jobs: Occupational Licensing in Health Care,2016
10.1257/aer.p20161001,Should the US Eliminate Entry Barriers to the Practice of Law? Perspectives Shaped by Industry Deregulation,2016
10.1257/aer.p20161002,Disruptive Change in the Taxi Business: The Case of Uber,2016
10.1257/aer.p20161003,The Phillips Curve: Back to the '60s?,2016
10.1257/aer.p20161004,Dealing with Long-Term Deficits,2016
10.1257/aer.p20161005,"Monetary Policy, Financial Stability, and the Zero Lower Bound",2016
10.1257/aer.p20161006,How to Restore Equitable and Sustainable Economic Growth in the United States,2016
10.1257/aer.p20161007,Can We Restart the Recovery All Over Again?,2016
10.1257/aer.p20161008,Experimental Age Discrimination Evidence and the Heckman Critique,2016
10.1257/aer.p20161009,The Power of Eye Tracking in Economics Experiments,2016
10.1257/aer.p20161010,Determinants of Callbacks to Job Applications: An Audit Study,2016
10.1257/aer.p20161011,Supply and Demand for Discrimination: Strategic Revelation of Own Characteristics in a Trust Game,2016
10.1257/aer.p20161012,Capital Flows: Expansionary or Contractionary?,2016
10.1257/aer.p20161013,The Macroprudential Role of International Reserves,2016
10.1257/aer.p20161014,"Global Cycles: Capital Flows, Commodities, and Sovereign Defaults, 1815–2015",2016
10.1257/aer.p20161015,When Do Capital Inflow Surges End in Tears?,2016
10.1257/aer.p20161016,The Rapid Adoption of Data-Driven Decision-Making,2016
10.1257/aer.p20161017,Copyright Infringement in the Market for Digital Images,2016
10.1257/aer.p20161018,Agglomeration of Invention in the Bay Area: Not Just ICT,2016
10.1257/aer.p20161020,Estimating Top Income and Wealth Shares: Sensitivity to Data and Methods,2016
10.1257/aer.p20161021,Estimating the Top Tail of the Wealth Distribution,2016
10.1257/aer.p20161022,Heterogeneity in Returns to Wealth and the Measurement of Wealth Inequality,2016
10.1257/aer.p20161023,Firm-Level Dispersion in Productivity: Is the Devil in the Details?,2016
10.1257/aer.p20161024,Productivity Dispersion in Medicine and Manufacturing,2016
10.1257/aer.p20161025,"Market Regulations, Prices, and Productivity",2016
10.1257/aer.p20161026,"Regulation, Institutions, and Productivity: New Macroeconomic Evidence from OECD Countries",2016
10.1257/aer.p20161027,Crowdsourcing City Government: Using Tournaments to Improve Inspection Accuracy,2016
10.1257/aer.p20161028,Personalized Risk Assessments in the Criminal Justice System,2016
10.1257/aer.p20161029,Productivity and Selection of Human Capital with Machine Learning,2016
10.1257/aer.p20161030,Cities Are Physical Too: Using Computer Vision to Measure the Quality and Impact of Urban Appearance,2016
10.1257/aer.p20161031,Does the Market Value CEO Styles?,2016
10.1257/aer.p20161032,Gender Diversity on Corporate Boards: Do Women Contribute Unique Skills?,2016
10.1257/aer.p20161033,Playing the Boys Game: Golf Buddies and Board Diversity,2016
10.1257/aer.p20161034,Women on Boards in Finance and STEM Industries,2016
10.1257/aer.p20161036,The Role of Bequests in Shaping Wealth Inequality: Evidence from Danish Wealth Records,2016
10.1257/aer.p20161037,Revenue and Incentive Effects of Basis Step-Up at Death: Lessons from the 2010 “Voluntary” Estate Tax Regime,2016
10.1257/aer.p20161038,Identity Economics 2016: Where Do Social Distinctions and Norms Come From?,2016
10.1257/aer.p20161039,Identity-Based Organizations,2016
10.1257/aer.p20161040,“We Thinking” and Its Consequences,2016
10.1257/aer.p20161041,Identity-Driven Cooperation versus Competition,2016
10.1257/aer.p20161042,Crises and The Development of Economic Institutions: Some Microeconomic Evidence,2016
10.1257/aer.p20161043,Too Big to Fail Before the Fed,2016
10.1257/aer.p20161044,Interbank Markets and Banking Crises: New Evidence on the Establishment and Impact of the Federal Reserve,2016
10.1257/aer.p20161045,Bank Leverage and Regulatory Regimes: Evidence from the Great Depression and Great Recession,2016
10.1257/aer.p20161046,"Information Design, Bayesian Persuasion, and Bayes Correlated Equilibrium",2016
10.1257/aer.p20161047,Bayesian Persuasion in Coordination Games,2016
10.1257/aer.p20161049,A Rothschild-Stiglitz Approach to Bayesian Persuasion,2016
10.1257/aer.p20161050,Declining Business Dynamism: What We Know and the Way Forward,2016
10.1257/aer.p20161051,Wage Posting and Business Cycles,2016
10.1257/aer.p20161052,Firm Entry and Macroeconomic Dynamics: A State-Level Analysis,2016
10.1257/aer.p20161053,The Role of Startups in Structural Transformation,2016
10.1257/aer.p20161054,Classroom Experiments: Is More More?,2016
10.1257/aer.p20161055,Measuring the Effect of Blended Learning: Evidence from a Selective Liberal Arts College,2016
10.1257/aer.p20161056,The Impact of Challenge Quizzes on Student Knowledge,2016
10.1257/aer.p20161057,A Randomized Assessment of Online Learning,2016
10.1257/aer.p20161058,International Data on Measuring Management Practices,2016
10.1257/aer.p20161059,Making Private Data Accessible in an Opaque Industry: The Experience of the Private Capital Research Institute,2016
10.1257/aer.p20161061,Modernizing Federal Economic Statistics,2016
10.1257/aer.p20161062,"Refugees, Asylum Seekers, and Policy in OECD Countries",2016
10.1257/aer.p20161063,Rethinking Protection of Those Displaced by Humanitarian Crises,2016
10.1257/aer.p20161064,Toward an International Migration Regime,2016
10.1257/aer.p20161065,The Economic Impact of Syrian Refugees on Host Countries: Quasi-Experimental Evidence from Turkey,2016
10.1257/aer.p20161066,Popular Attitudes toward Markets and Democracy: Russia and United States Compared 25 Years Later,2016
10.1257/aer.p20161067,"War, Inflation, and Social Capital",2016
10.1257/aer.p20161068,Russia's Billionaires,2016
10.1257/aer.p20161069,A Century of Growth and Improvement,2016
10.1257/aer.p20161070,<i>The Rise and Fall of American Growth</i>: Exploring the Numbers,2016
10.1257/aer.p20161071,State Capacity and American Technology: Evidence from the Nineteenth Century,2016
10.1257/aer.p20161072,Winter Is Coming: Robert Gordon and the Future of Economic Growth,2016
10.1257/aer.p20161073,Childhood Environment and Gender Gaps in Adulthood,2016
10.1257/aer.p20161074,School Quality and the Gender Gap in Educational Achievement,2016
10.1257/aer.p20161075,What Explains the Gender Gap in College Track Dropout? Experimental and Administrative Evidence,2016
10.1257/aer.p20161076,On the Optimal Inflation Rate,2016
10.1257/aer.p20161077,Sooner or Later: Timing of Monetary Policy with Heterogeneous Risk-Taking,2016
10.1257/aer.p20161078,Money and Asset Liquidity in Frictional Capital Markets,2016
10.1257/aer.p20161079,Sources of Inefficiency in Healthcare and Education,2016
10.1257/aer.p20161080,Interpreting Tests of School VAM Validity,2016
10.1257/aer.p20161081,Using Lagged Outcomes to Evaluate Bias in Value-Added Models,2016
10.1257/aer.p20161082,"Fixed Effects, Invariance, and Spatial Variation in Intergenerational Mobility",2016
10.1257/aer.p20161083,How Mortgage Finance Reform Could Affect Housing,2016
10.1257/aer.p20161084,Borrowing Constraints and Homeownership,2016
10.1257/aer.p20161085,A Lost Generation? Education Decisions and Employment Outcomes during the US Housing Boom-Bust Cycle of the 2000s,2016
10.1257/aer.p20161086,To Buy or Not to Buy: Consumer Constraints in the Housing Market,2016
10.1257/aer.p20161087,A Simple Model of Subprime Borrowers and Credit Growth,2016
10.1257/aer.p20161088,Debt Constraints and the Labor Wedge,2016
10.1257/aer.p20161089,Anticipated Banking Panics,2016
10.1257/aer.p20161090,Bank Leverage and Social Welfare,2016
10.1257/aer.p20161091,Patents and Research Investments: Assessing the Empirical Evidence,2016
10.1257/aer.p20161092,"Patent Licensing, Technology Transfer, and Innovation",2016
10.1257/aer.p20161093,Patent Quality and Examination in Europe,2016
10.1257/aer.p20161094,Patent Remedies,2016
10.1257/aer.p20161095,"Infrastructure, Incentives, and Institutions",2016
10.1257/aer.p20161096,"Guns, Latrines, and Land Reform: Dynamic Pigouvian Taxation",2016
10.1257/aer.p20161097,Appliance Ownership and Aspirations among Electric Grid and Home Solar Households in Rural Kenya,2016
10.1257/aer.p20161098,Option Awareness: The Psychology of What We Consider,2016
10.1257/aer.p20161100,Beyond Beta-Delta: The Emerging Economics of Personal Plans,2016
10.1257/aer.p20161101,The Psychological Lives of the Poor,2016
10.1257/aer.p20161102,Shutting Down the Thermohaline Circulation,2016
10.1257/aer.p20161103,A Potential Disintegration of the West Antarctic Ice Sheet: Implications for Economic Analyses of Climate Policy,2016
10.1257/aer.p20161104,The Ecosystem Impacts of Severe Warming,2016
10.1257/aer.p20161105,Economic Effects of an Ocean Acidification Catastrophe,2016
10.1257/aer.p20161106,Secular Stagnation in the Open Economy,2016
10.1257/aer.p20161107,The Sovereign-Bank Diabolic Loop and ESBies,2016
10.1257/aer.p20161108,Safe Asset Scarcity and Aggregate Demand,2016
10.1257/aer.p20161109,What Makes US Government Bonds Safe Assets?,2016
10.1257/aer.p20161110,Converging to American: Healthy Immigrant Effect in Children of Immigrants,2016
10.1257/aer.p20161111,Ethnic Attrition and the Observed Health of Later-Generation Mexican Americans,2016
10.1257/aer.p20161112,HIV/AIDS and Development: A Reappraisal of the Productivity and Factor Accumulation Effects,2016
10.1257/aer.p20161113,"LEP Language Disability, Immigration Reform, and English-Language Acquisition",2016
10.1257/aer.p20161114,Coordinated Admissions Program,2016
10.1257/aer.p20161115,Can Admissions Percent Plans Lead to Better Collegiate Fit for Minority Students?,2016
10.1257/aer.p20161116,Religious Workers' Density and the Racial Earnings Gap,2016
10.1257/aer.p20161117,"Does the EITC Buffer against Neighborhood Transition? Evidence from Washington, DC",2016
10.1257/aer.p20161118,Paid Parental Leave Laws in the United States: Does Short-Duration Leave Affect Women's Labor-Force Attachment?,2016
10.1257/aer.p20161119,Has the Increased Attachment of Women to the Labor Market Changed a Family's Ability to Smooth Income Shocks?,2016
10.1257/aer.p20161120,Evolution of the Marriage Earnings Gap for Women,2016
10.1257/aer.p20161121,The Math Gender Gap: The Role of Culture,2016
10.1257/aer.p20161122,Student Loan Information Provision and Academic Choices,2016
10.1257/aer.p20161123,Birth Timing and Neonatal Health,2016
10.1257/aer.p20161124,STEM Training and Early Career Outcomes of Female and Male Graduate Students: Evidence from UMETRICS Data Linked to the 2010 Census,2016
10.1257/aer.p20161125,Medicare Part D and Portfolio Choice,2016
10.1257/aer.p20161126,Perspectives on <i>The Rise and Fall of American Growth</i>,2016
10.1257/aer.p20161127,Restoring Rational Choice: The Challenge of Consumer Financial Regulation,2016
10.1257/aer.p20171000,Using Causal Forests to Predict Treatment Heterogeneity: An Application to Summer Jobs,2017
10.1257/aer.p20171001,Does Public Assistance Reduce Recidivism?,2017
10.1257/aer.p20171002,Moving to Job Opportunities? The Effect of “Ban the Box” on the Composition of Cities,2017
10.1257/aer.p20171003,The Effect of Criminal Records on Access to Employment,2017
10.1257/aer.p20171004,Aggregate Demand and the Top 1 Percent,2017
10.1257/aer.p20171005,Earnings Inequality and Other Determinants of Wealth Inequality,2017
10.1257/aer.p20171006,Large Firms and International Business Cycle Comovement,2017
10.1257/aer.p20171007,"Big Banks, Idiosyncratic Volatility, and Systemic Risk",2017
10.1257/aer.p20171008,The Impact of Entrepreneurship Programs on Minorities,2017
10.1257/aer.p20171009,Gender Gap in High-Growth Ventures: Evidence from a University Venture Mentoring Program,2017
10.1257/aer.p20171010,Which Entrepreneurs are Coachable and Why?,2017
10.1257/aer.p20171011,Endogenous Appropriability,2017
10.1257/aer.p20171012,Heterogeneous Scarring Effects of Full-Year Nonemployment,2017
10.1257/aer.p20171013,Returns to Education through Access to Higher-Paying Firms: Evidence from US Matched Employer-Employee Data,2017
10.1257/aer.p20171014,Wage Inequality and Firm Growth,2017
10.1257/aer.p20171015,The Role of Firms in Gender Earnings Inequality: Evidence from the United States,2017
10.1257/aer.p20171016,Trumping Norms: Lab Evidence on Aggressive Communication Before and After the 2016 US Presidential Election,2017
10.1257/aer.p20171017,"Gender, Competitiveness, and Study Choices in High School: Evidence from Switzerland",2017
10.1257/aer.p20171018,Gender Differences in the Allocation of Low-Promotability Tasks: The Role of Backlash,2017
10.1257/aer.p20171019,No Gender Difference in Willingness to Compete When Competing against Self,2017
10.1257/aer.p20171020,"Declining Dynamism, Allocative Efficiency, and the Productivity Slowdown",2017
10.1257/aer.p20171021,Immigration and the Rise of American Ingenuity,2017
10.1257/aer.p20171024,Transferability of Skills across Sectors and Heterogeneous Displacement Costs,2017
10.1257/aer.p20171025,Trade and Manufacturing Jobs in Germany,2017
10.1257/aer.p20171026,A Context-Robust Measure of the Disincentive Cost of Unemployment Insurance,2017
10.1257/aer.p20171027,"The Mechanism Is Truthful, Why Aren't You?",2017
10.1257/aer.p20171028,Mistaken Play in the Deferred Acceptance Algorithm: Implications for Positive Assortative Matching,2017
10.1257/aer.p20171029,Obvious Ex Post Equilibrium,2017
10.1257/aer.p20171030,Bounded Rationality and Robust Mechanism Design: An Axiomatic Approach,2017
10.1257/aer.p20171031,What Is Meant by “Replication” and Why Does It Encounter Resistance in Economics?,2017
10.1257/aer.p20171032,Replication and Economics Journal Policies,2017
10.1257/aer.p20171033,"Replication, Meta-Analysis, and Research Synthesis in Economics",2017
10.1257/aer.p20171034,A Preanalysis Plan to Replicate Sixty Economics Research Papers That Worked Half of the Time,2017
10.1257/aer.p20171035,China's Gradualistic Economic Approach and Financial Markets,2017
10.1257/aer.p20171036,"Rents, Technical Change, and Risk Premia Accounting for Secular Trends in Interest Rates, Returns on Capital, Earning Yields, and Factor Shares",2017
10.1257/aer.p20171037,Euro-Area Quantitative Easing and Portfolio Rebalancing,2017
10.1257/aer.p20171038,Double/Debiased/Neyman Machine Learning of Treatment Effects,2017
10.1257/aer.p20171039,Testing-Based Forward Model Selection,2017
10.1257/aer.p20171040,<i>L</i><sub>2</sub>-Boosting for Economic Applications,2017
10.1257/aer.p20171041,Core Determining Class and Inequality Selection,2017
10.1257/aer.p20171042,Estimating Average Treatment Effects: Supplementary Analyses and Remaining Challenges,2017
10.1257/aer.p20171043,Pandora's Auctions: Dynamic Matching with Unknown Preferences,2017
10.1257/aer.p20171044,Multidimensional Platform Design,2017
10.1257/aer.p20171046,Discrete Pricing and Market Fragmentation: A Tale of Two-Sided Markets,2017
10.1257/aer.p20171047,Recent Developments in Matching with Constraints,2017
10.1257/aer.p20171048,Redesigning the Israeli Psychology Master's Match,2017
10.1257/aer.p20171049,Large-Scale Affirmative Action in School Choice: Admissions to IITs in India,2017
10.1257/aer.p20171050,Stable and Strategy-Proof Matching with Flexible Allotments,2017
10.1257/aer.p20171051,Asylum Applications and Migration Flows,2017
10.1257/aer.p20171052,Validating Migration Responses to Flooding Using Satellite and Vital Registration Data,2017
10.1257/aer.p20171053,Heat Exposure and Youth Migration in Central America and the Caribbean,2017
10.1257/aer.p20171054,Improving Climate-Change Modeling of US Migration,2017
10.1257/aer.p20171055,Assortative Matching under Asymmetric Information: Evidence from Malawi,2017
10.1257/aer.p20171056,The Role of Marriage in Fighting HIV: A Quantitative Illustration for Malawi,2017
10.1257/aer.p20171058,Tying the Double-Knot: The Role of Assets in Marriage Commitment,2017
10.1257/aer.p20171059,Retirement Contribution Rate Nudges and Plan Participation: Evidence from a Field Experiment,2017
10.1257/aer.p20171060,Challenges to Replication and Iteration in Field Experiments: Evidence from Two Direct Mail Shots,2017
10.1257/aer.p20171061,Government-Academic Partnerships in Randomized Evaluations: The Case of Inappropriate Prescribing,2017
10.1257/aer.p20171062,Reminders and Recidivism: Using Administrative Data to Characterize Nonfilers and Conduct EITC Outreach,2017
10.1257/aer.p20171063,Quantifying the Disincentive Effects of Joint Taxation on Married Women's Labor Supply,2017
10.1257/aer.p20171064,Cross-Country Evidence on the Relationship between Overwork and Skilled Women's Job Choices,2017
10.1257/aer.p20171065,The Expanding Gender Earnings Gap: Evidence from the LEHD-2000 Census,2017
10.1257/aer.p20171066,A Gender Agenda: A Progress Report on Competitiveness,2017
10.1257/aer.p20171067,Trends in Economics and Other Undergraduate Majors,2017
10.1257/aer.p20171068,Some Lasting Effects of Undergraduate Economics on Retirement Planning,2017
10.1257/aer.p20171069,Promoting Undergraduate Research in Economics,2017
10.1257/aer.p20171070,Learning Outcomes for Economists,2017
10.1257/aer.p20171075,Composition and Aggregate Real Wage Growth,2017
10.1257/aer.p20171076,Do Job-to-Job Transitions Drive Wage Fluctuations Over the Business Cycle?,2017
10.1257/aer.p20171077,Job-to-Job Flows and Earnings Growth,2017
10.1257/aer.p20171078,The Relative Power of Employment-to-Employment Reallocation and Unemployment Exits in Predicting Wage Growth,2017
10.1257/aer.p20171081,Segregation and Homeownership in the Early Twentieth Century,2017
10.1257/aer.p20171082,Who Will Fight? The All-Volunteer Army after 9/11,2017
10.1257/aer.p20171084,Does Machine Learning Automate Moral Hazard and Error?,2017
10.1257/aer.p20171085,Wearable Technologies and Health Behaviors: New Data and New Methods to Understand Population Health,2017
10.1257/aer.p20171086,Is American Health Care Uniquely Inefficient? Evidence from Prescription Drugs,2017
10.1257/aer.p20171087,Is American Pet Health Care (Also) Uniquely Inefficient?,2017
10.1257/aer.p20171088,Keeping It in the Family: Lineage Organization and the Scope of Trust in Sub-Saharan Africa,2017
10.1257/aer.p20171089,The Evolution of Egalitarian Sociolinguistic Conventions,2017
10.1257/aer.p20171090,How the Second-Order Free Rider Problem Is Solved in a Small-Scale Society,2017
10.1257/aer.p20171091,Why Being Wrong Can Be Right: Magical Warfare Technologies and the Persistence of False Beliefs,2017
10.1257/aer.p20171092,The Role of Unemployment in the Rise in Alternative Work Arrangements,2017
10.1257/aer.p20171093,Firm-Related Risk and Precautionary Saving Response,2017
10.1257/aer.p20171094,Worker Betas: Five Facts about Systematic Earnings Risk,2017
10.1257/aer.p20171095,Global Inequality Dynamics: New Findings from WID.world,2017
10.1257/aer.p20171096,"Groupy versus Non-Groupy Social Preferences: Personality, Region, and Political Party",2017
10.1257/aer.p20171097,Altruistic Capital,2017
10.1257/aer.p20171098,Economic Development and the Regulation of Morally Contentious Activities,2017
10.1257/aer.p20171099,Challenges in Constructing a Survey-Based Well-Being Index,2017
10.1257/aer.p20171100,Is Modern Technology Responsible for Jobless Recoveries?,2017
10.1257/aer.p20171101,Secular Stagnation? The Effect of Aging on Economic Growth in the Age of Automation,2017
10.1257/aer.p20171102,Concentrating on the Fall of the Labor Share,2017
10.1257/aer.p20171103,"Mothers Care More, But Fathers Decide: Educating Parents about Child Health in Uganda",2017
10.1257/aer.p20171104,"Precommitment, Cash Transfers, and Timely Arrival for Birth: Evidence from a Randomized Controlled Trial in Nairobi Kenya",2017
10.1257/aer.p20171105,Personality Traits and Performance Contracts: Evidence from a Field Experiment among Maternity Care Providers in India,2017
10.1257/aer.p20171106,Traditional Beliefs and Learning about Maternal Risk in Zambia,2017
10.1257/aer.p20171108,Repugnance Management and Transactions in the Body,2017
10.1257/aer.p20171109,The Ethics of Incentivizing the Uninformed: A Vignette Study,2017
10.1257/aer.p20171110,Sacred versus Pseudo-Sacred Values: How People Cope with Taboo Trade-Offs,2017
10.1257/aer.p20171111,Regression Discontinuity in Serial Dictatorship: Achievement Effects at Chicago's Exam Schools,2017
10.1257/aer.p20171112,Policy Analysis in Matching Markets,2017
10.1257/aer.p20171113,The Econometrics and Some Properties of Separable Matching Models,2017
10.1257/aer.p20171114,Specifying a Structural Matching Game of Trading Networks with Transferable Utility,2017
10.1257/aer.p20171115,What Can We Learn from Experiments? Understanding the Threats to the Scalability of Experimental Results,2017
10.1257/aer.p20171116,What Have We Learned from Structural Models?,2017
10.1257/aer.p20171117,Economic Research Evolves: Fields and Styles,2017
10.1257/aer.p20171118,Abducting Economics,2017
10.1257/aer.p20171119,Assessing the Rate of Replication in Economics,2017
10.1257/aer.p20171120,Replications in Development Economics,2017
10.1257/aer.p20171121,Replication in Labor Economics: Evidence from Data and What It Suggests,2017
10.1257/aer.p20171122,A Proposal to Organize and Promote Replications,2017
10.1257/aer.p20171126,Recognition for Group Work: Gender Differences in Academia,2017
10.1257/aer.p20171127,Shopping While Female: Who Pays Higher Prices and Why?,2017
10.1257/aer.p20171128,"Women's Inheritance Rights, Household Allocation, and Gender Bias",2017
10.1257/aer.p20171129,"Capitalization of School Quality in Housing Prices: Evidence from Boundary Changes in Shelby County, Tennessee",2017
10.1257/aer.p20171130,Teenage Motherhood and Sibling Outcomes,2017
10.1257/aer.p20171131,The Importance of Information Targeting for School Choice,2017
10.1257/aer.p20171132,Does Forest Loss Increase Human Disease? Evidence from Nigeria,2017
10.1257/aer.p20171133,Shale Gas Development and Drinking Water Quality,2017
10.1257/aer.p20171134,The Impact of Indonesian Forest Fires on Singaporean Pollution and Health,2017
10.1257/aer.p20171141,Taxman's Dilemma: Coercion or Persuasion? Evidence from a Randomized Field Experiment in Ethiopia,2017
10.1257/aer.p20171142,Disease and Gender Gaps in Human Capital Investment: Evidence from Niger's 1986 Meningitis Epidemic,2017
10.1257/aer.p20171144,Inequality in the Labor Market for Native American Women and the Great Recession,2017
10.1257/aer.p20171145,How Children with Mental Disabilities Affect Household Investment Decisions,2017
10.1257/aer.p20171146,Excess Male Infant Mortality: The Gene-Institution Interactions,2017
10.1257/aer.p20171147,Consumption Smoothing and Frequency of Benefit Payments of Cash Transfer Programs,2017
10.1257/aer.p20171153,The Economist as Plumber,2017
