DOI,Title,Published Date
10.1111/1468-0262.00091,The Econometrics of Ultra-high-frequency Data,2000
10.1111/1468-0262.00092,A Three-step Method for Choosing the Number of Bootstrap Repetitions,2000
10.1111/1468-0262.00093,Latent Separability: Grouping Goods without Weak Separability,2000
10.1111/1468-0262.00094,Bargaining and Reputation,2000
10.1111/1468-0262.00095,Optimal Contracts when Enforcement is a Decision Variable,2000
10.1111/1468-0262.00096,Information Acquisition in Auctions,2000
10.1111/1468-0262.00097,A Divisible Search Model of Fiat Money: A Comment,2000
10.1111/1468-0262.00103,Econometrica Referees,2000
10.1111/1468-0262.00105,Submission of Manuscripts to the Econometric Society Monograph Series,2000
10.1111/1468-0262.00109,Inflation and Welfare,2000
10.1111/1468-0262.00110,"Mortgage Terminations, Heterogeneity and the Exercise of Mortgage Options",2000
10.1111/1468-0262.00111,Mechanism Design with Collusion and Correlation,2000
10.1111/1468-0262.00112,Assortative Matching and Search,2000
10.1111/1468-0262.00113,Pathological Outcomes of Observational Learning,2000
10.1111/1468-0262.00114,Inconsistency of the Bootstrap when a Parameter is on the Boundary of the Parameter Space,2000
10.1111/1468-0262.00115,Consistency of Kernel Estimators of Heteroscedastic and Autocorrelated Covariance Matrices,2000
10.1111/1468-0262.00116,Temporal Resolution of Uncertainty and Recursive Non-expected Utility Models,2000
10.1111/1468-0262.00117,Do Sunspots Matter when Spot Market Equilibria are Unique?,2000
10.1111/1468-0262.00122,Submission of Manuscripts to Econometrica,2000
10.1111/1468-0262.00123,Optimal Nonparametric Estimation of First-price Auctions,2000
10.1111/1468-0262.00124,Sample Splitting and Threshold Estimation,2000
10.1111/1468-0262.00125,Reinforcement-based vs. Belief-based Learning Models in Experimental Asymmetric-information Games,2000
10.1111/1468-0262.00126,Priority Rules and Other Asymmetric Rationing Methods,2000
10.1111/1468-0262.00127,Sharing Beliefs: Between Agreeing and Disagreeing,2000
10.1111/1468-0262.00128,Simple Robust Testing of Regression Hypotheses,2000
10.1111/1468-0262.00129,Robust Wald Tests in Sur Systems with Adding-up Restrictions,2000
10.1111/1468-0262.00136,Submission of Manuscripts to Econometrica,2000
10.1111/1468-0262.00137,"Efficiency, Equilibrium, and Asset Pricing with Risk of Default",2000
10.1111/1468-0262.00138,Competing Mechanisms in a Common Value Environment,2000
10.1111/1468-0262.00139,Panel Data Discrete Choice Models with Lagged Dependent Variables,2000
10.1111/1468-0262.00140,A Theory of the Firm with Non-binding Employment Contracts,2000
10.1111/1468-0262.00141,The Monotonicity of Individual and Market Demand,2000
10.1111/1468-0262.00142,Edgeworth Expansions for Semiparametric Averaged Derivatives,2000
10.1111/1468-0262.00143,Self-Selective Social Choice Functions Verify Arrow and Gibbard-Satterthwaite Theorems,2000
10.1111/1468-0262.00144,Monotone Instrumental Variables: With an Application to the Returns to Schooling,2000
10.1111/1468-0262.00149,Submission of Manuscripts to the Econometric Society Monograph Series,2000
10.1111/1468-0262.00150,Capital-skill Complementarity and Inequality: A Macroeconomic Analysis,2000
10.1111/1468-0262.00151,GMM with Weak Identification,2000
10.1111/1468-0262.00152,A Reality Check for Data Snooping,2000
10.1111/1468-0262.00153,A Simple Adaptive Procedure Leading to Correlated Equilibrium,2000
10.1111/1468-0262.00154,Sticky Price Models of the Business Cycle: Can the Contract Multiplier Solve the Persistence Problem?,2000
10.1111/1468-0262.00155,A Noncooperative Model of Network Formation,2000
10.1111/1468-0262.00156,Genericity and Markovian Behavior in Stochastic Games,2000
10.1111/1468-0262.00157,Nonstationary Binary Choice,2000
10.1111/1468-0262.00158,Risk Aversion and Expected-utility Theory: A Calibration Theorem,2000
10.1111/1468-0262.00159,Correction,2000
10.1111/1468-0262.00163,Do Markets Favor Agents able to Make Accurate Predictions?,2000
10.1111/1468-0262.00164,Transform Analysis and Asset Pricing for Affine Jump-diffusions,2000
10.1111/1468-0262.00165,Accuracy of Numerical Solutions Using the Euler Equation Residuals,2000
10.1111/1468-0262.00166,Strategyproof Assignment by Hierarchical Exchange,2000
10.1111/1468-0262.00167,Statistical Inference for Stochastic Dominance and for the Measurement of Poverty and Inequality,2000
10.1111/1468-0262.00168,Nonparametric Test for Causality with Long-range Dependence,2000
10.1111/1468-0262.00169,Multiperson Bargaining and Strategic Complexity,2000
10.1111/1468-0262.00170,Incomplete Learning from Endogenous Data in Dynamic Allocation,2000
10.1111/1468-0262.00171,Covariance Matrix Estimation and the Power of the Overidentifying Restrictions Test,2000
10.1111/1468-0262.00172,"Uniqueness, Stability, and Comparative Statics in Rationalizable Walrasian Markets",2000
10.1111/1468-0262.00173,Indeterminacy Under Constant Returns to Scale in Multisector Economies,2000
10.1111/1468-0262.00174,Announcements,2000
10.1111/1468-0262.00177,Corporate Governance,2001
10.1111/1468-0262.00178,Efficiency of Large Private Value Auctions,2001
10.1111/1468-0262.00179,Long-Term Debt and Optimal Policy in the Fiscal Theory of the Price Level,2001
10.1111/1468-0262.00180,Nonlinear Regressions with Integrated Time Series,2001
10.1111/1468-0262.00181,Fast Equilibrium Selection by Rational Players Living in a Changing World,2001
10.1111/1468-0262.00182,A Folk Theorem for Asynchronously Repeated Games,2001
10.1111/1468-0262.00183,Identification and Estimation of Treatment Effects with a Regression-Discontinuity Design,2001
10.1111/1468-0262.00184,The Asymptotic Distribution of Unit Root Tests of Unstable Autoregressive Processes,2001
10.1111/1468-0262.00185,Constructing Instruments for Regressions with Measurement Error When No Additional Data Are Available: Comment,2001
10.1111/1468-0262.00188,Report of the Secretary,2001
10.1111/1468-0262.00189,Report of the Treasurer,2001
10.1111/1468-0262.00190,Report of the Editors 1999-2000,2001
10.1111/1468-0262.00191,Econometrica Referees July 1999-June 2000,2001
10.1111/1468-0262.00192,Submission of Manuscripts To the Econometric Society Monograph Series,2001
10.1111/1468-0262.00193,Subjective Probabilities on Subjectively Unambiguous Events,2001
10.1111/1468-0262.00194,Measuring Market Power in the Ready-to-Eat Cereal Industry,2001
10.1111/1468-0262.00195,Unobservable Investment and the Hold-Up Problem,2001
10.1111/1468-0262.00196,Costly Bargaining and Renegotiation,2001
10.1111/1468-0262.00197,Behavior in Multi-Unit Demand Auctions: Experiments with Uniform Price and Dynamic Vickrey Auctions,2001
10.1111/1468-0262.00198,On the Generic Finiteness of Equilibrium Outcome Distributions in Game Forms,2001
10.1111/1468-0262.00199,Potential Pitfalls for the Purchasing-Power-Parity Puzzle? Sampling and Specification Biases in Mean-Reversion Tests of the Law of One Price,2001
10.1111/1468-0262.00200,Nonparametric Estimation of a Generalized Additive Model With an Unknown Link Function,2001
10.1111/1468-0262.00201,Decreasing Relative Risk Aversion and Tests of Risk Sharing,2001
10.1111/1468-0262.00204,Submission of Manuscripts To Econometrica,2001
10.1111/1468-0262.00205,A Parametric Approach to Flexible Nonlinear Inference,2001
10.1111/1468-0262.00206,Liquidity Constrained Markets Versus Debt Constrained Markets,2001
10.1111/1468-0262.00207,"An Adaptive, Rate-Optimal Test of a Parametric Mean-Regression Model Against a Nonparametric Alternative",2001
10.1111/1468-0262.00208,Term Structures of Credit Spreads with Incomplete Accounting Information,2001
10.1111/1468-0262.00209,Public Disclosure and Dissimulation of Insider Trades,2001
10.1111/1468-0262.00210,Testing When a Parameter is on the Boundary of the Maintained Hypothesis,2001
10.1111/1468-0262.00211,Learning from Popularity,2001
10.1111/1468-0262.00212,Optimization Incentives and Coordination Failure in Laboratory Stag Hunt Games,2001
10.1111/1468-0262.00213,Direct Proofs of Generic Finiteness of Nash Equilibrium Outcomes,2001
10.1111/1468-0262.00214,Income Taxes and the Provision of Public Goods: Existence of an Optimum,2001
10.1111/1468-0262.00215,Some Limitations of Virtual Bayesian Implementation,2001
10.1111/1468-0262.00219,2000 Election of Fellows to the Econometric Society,2001
10.1111/1468-0262.00220,Fellows of the Econometric Society January 2001,2001
10.1111/1468-0262.00221,Submission of Manuscripts to Econometrica,2001
10.1111/1468-0262.00222,Nonspeculative Bubbles in Experimental Asset Markets: Lack of Common Knowledge of Rationality vs. Actual Irrationality,2001
10.1111/1468-0262.00223,Single Crossing Properties and the Existence of Pure Strategy Equilibria in Games of Incomplete Information,2001
10.1111/1468-0262.00224,Representing Preferences with a Unique Subjective State Space,2001
10.1111/1468-0262.00225,Dynamic Choices of Hyperbolic Consumers,2001
10.1111/1468-0262.00226,Likelihood Inference for Discretely Observed Nonlinear Diffusions,2001
10.1111/1468-0262.00227,Necessity of Transversality Conditions for Infinite Horizon Problems,2001
10.1111/1468-0262.00228,Strategic Candidacy and Voting Procedures,2001
10.1111/1468-0262.00229,Testing and Characterizing Properties of Nonadditive Measures Through Violations of the Sure-Thing Principle,2001
10.1111/1468-0262.00230,Cooperation and Punishment,2001
10.1111/1468-0262.00231,Contracting with Imperfect Commitment and the Revelation Principle: The Single Agent Case,2001
10.1111/1468-0262.00232,"Data Markets, Missing Data, and Incentive Pay",2001
10.1111/1468-0262.00233,Convex Potentials with an Application to Mechanism Design,2001
10.1111/1468-0262.00235,Submission of Manuscripts to the Econometric Society Monograph Series,2001
10.1111/1468-0262.00236,Submission of Manuscripts To Econometrica,2001
10.1111/1468-0262.00237,Estimating the Return to Schooling: Progress on Some Persistent Econometric Problems,2001
10.1111/1468-0262.00238,Choosing the Number of Instruments,2001
10.1111/1468-0262.00239,Cognition and Behavior in Normal-Form Games: An Experimental Study,2001
10.1111/1468-0262.00240,Efficient Design with Interdependent Valuations,2001
10.1111/1468-0262.00241,"Stochastic Algorithms, Symmetric Markov Perfect Equilibrium, and the 'curse' of Dimensionality",2001
10.1111/1468-0262.00242,Subsampling Intervals in Autoregressive Models with Linear Time Trend,2001
10.1111/1468-0262.00243,Common Knowledge with Monotone Statistics,2001
10.1111/1468-0262.00244,Any Inspection is Manipulable,2001
10.1111/1468-0262.00245,Common Agency and the Revelation Principle,2001
10.1111/1468-0262.00246,Robust Equilibria of Potential Games,2001
10.1111/1468-0262.00247,More Results on the Exact Small Sample Properties of the Instrumental Variable Estimator,2001
10.1111/1468-0262.00248,Implementing the First Best in an Agency Relationship with Renegotiation: A Corrigendum,2001
10.1111/1468-0262.00251,Submission of Manuscripts To Econometrica,2001
10.1111/1468-0262.00252,Temptation and Self-Control,2001
10.1111/1468-0262.00253,Interjurisdictional Sorting and Majority Rule: An Empirical Analysis,2001
10.1111/1468-0262.00254,A Dynamic Equilibrium Model of International Portfolio Holdings,2001
10.1111/1468-0262.00255,Sequential Equilibria in a Ramsey Tax Model,2001
10.1111/1468-0262.00256,LAG Length Selection and the Construction of Unit Root Tests with Good Size and Power,2001
10.1111/1468-0262.00257,Threshold Autoregression with a Unit Root,2001
10.1111/1468-0262.00258,An Evaluation of Econometric Models of Adaptive Learning,2001
10.1111/1468-0262.00259,The Optimal Level of Experimentation,2001
10.1111/1468-0262.00260,Combining Panel Data Sets with Attrition and Refreshment Samples,2001
10.1111/1468-0262.00261,Asymptotic Optimality of Empirical Likelihood for Testing Moment Restrictions,2001
10.1111/1468-0262.00262,The Value of Public Information in Monopoly,2001
10.1111/1468-0262.00263,On the Failure of Core Convergence in Economies with Asymmetric Information,2001
10.1111/1468-0262.00264,Household Gasoline Demand in Canada,2001
10.1111/1468-0262.00267,Submission of Manuscripts To Econometrica,2001
10.1111/1468-0262.00268,"Index to Volume 69, 2001",2001
10.1111/1468-0262.00269,Consumption Over the Life Cycle,2002
10.1111/1468-0262.00270,Instrumental Variables Estimates of the Effect of Subsidized Training on the Quantiles of Trainee Earnings,2002
10.1111/1468-0262.00271,Higher-Order Improvements of a Computationally Attractive k-Step Bootstrap for Extremum Estimators,2002
10.1111/1468-0262.00272,A New Specification Test for the Validity of Instrumental Variables,2002
10.1111/1468-0262.00273,Determining the Number of Factors in Approximate Factor Models,2002
10.1111/1468-0262.00274,Maximum Likelihood Estimation of Discretely Sampled Diffusions: A Closed-form Approximation Approach,2002
10.1111/1468-0262.00275,Individual Sense of Justice: A Utility Representation,2002
10.1111/1468-0262.00276,Is There a Curse of Dimensionality for Contraction Fixed Points in the Worst Case?,2002
10.1111/1468-0262.00277,"Independence, Monotonicity, and Latent Index Models: An Equivalence Result",2002
10.1111/1468-0262.00278,On the Value of Competition in Procurement Auctions,2002
10.1111/1468-0262.00279,"Regressions, Short and Long",2002
10.1111/1468-0262.00280,An Impossibility Theorem Concerning Multilateral International Comparison of Volumes,2002
10.1111/1468-0262.00281,Bootstrapping Autoregressive Processes with Possible Unit Roots,2002
10.1111/1468-0262.00282,"Comment on: ""Do Sunspots Matter When Spot Market Equilibria Are Unique?""",2002
10.1111/1468-0262.00285,Report of the Secretary,2002
10.1111/1468-0262.00286,Report of the Treasurer,2002
10.1111/1468-0262.00287,Report of the Editors 2000-2001,2002
10.1111/1468-0262.00288,Econometrica Referees 2000-2001,2002
10.1111/1468-0262.00289,The Econometric Society Research Monograph Series Report of the Editors,2002
10.1111/1468-0262.00290,Submission of Manuscripts to the Econometric Society Monograph Series,2002
10.1111/1468-0262.00292,Anchoring Economic Predictions in Common Knowledge,2002
10.1111/1468-0262.00293,Tax and Education Policy in a Heterogeneous-Agent Economy: What Levels of Redistribution Maximize Growth and Efficiency?,2002
10.1111/1468-0262.00294,Inference on Regressions with Interval Data on a Regressor or Outcome,2002
10.1111/1468-0262.00295,The Time Structure of Self-Enforcing Agreements,2002
10.1111/1468-0262.00296,Envelope Theorems for Arbitrary Choice Sets,2002
10.1111/1468-0262.00297,Measuring the Dynamic Efficiency Costs of Regulators' Preferences: Municipal Water Utilities in the Arid West,2002
10.1111/1468-0262.00298,Quadratic Concavity and Determinacy of Equilibrium,2002
10.1111/1468-0262.00299,Shift Restrictions and Semiparametric Estimation in Ordered Response Models,2002
10.1111/1468-0262.00300,Computing Normal Form Perfect Equilibria for Extensive Two-Person Games,2002
10.1111/1468-0262.00301,A Genuine Rank-Dependent Generalization of the Von Neumann-Morgenstern Expected Utility Theorem,2002
10.1111/1468-0262.00302,Giving According to GARP: An Experimental Test of the Consistency of Preferences for Altruism,2002
10.1111/1468-0262.00303,Probabilistic Sophistication and Multiple Priors,2002
10.1111/1468-0262.00304,Nonparametric Censored and Truncated Regression,2002
10.1111/1468-0262.00305,Semiparametric Bayesian Inference in Autoregressive Panel Data Models,2002
10.1111/1468-0262.00306,Identifying Dynamic Discrete Decision Processes,2002
10.1111/1468-0262.00307,Discrete Choice in Continuous Time: Implications of an Intertemporal Version of the Iia Property,2002
10.1111/1468-0262.00308,Comparative Statics by Adaptive Dynamics and the Correspondence Principle,2002
10.1111/1468-0262.00311,Submission of Manuscripts to Econometrica,2002
10.1111/1468-0262.00334,Architecture of Power Markets,2002
10.1111/1468-0262.00335,"The Economist as Engineer: Game Theory, Experimentation, and Computation as Tools for Design Economics",2002
10.1111/1468-0262.00336,Multiple Referrals and Multidimensional Cheap Talk,2002
10.1111/1468-0262.00337,"Ambiguity, Risk, and Asset Returns in Continuous Time",2002
10.1111/1468-0262.00338,On the Internal Structure of Cities,2002
10.1111/1468-0262.00339,On the Role of Outside Options in Bargaining with Obstinate Parties,2002
10.1111/1468-0262.00340,Swapping the Nested Fixed Point Algorithm: A Class of Estimators for Discrete Markov Decision Models,2002
10.1111/1468-0262.00341,Adapting to Unknown Disturbance Autocorrelation in Regression with Long Memory,2002
10.1111/1468-0262.00342,Inference on the Quantile Regression Process,2002
10.1111/1468-0262.00343,Collateral Avoids Ponzi Schemes in Incomplete Markets,2002
10.1111/1468-0262.00344,Asymptotically Unbiased Inference for a Dynamic Panel Model with Fixed Effects when Both n and T Are Large,2002
10.1111/1468-0262.00346,Information Aggregation in Common Value Auctions,2002
10.1111/1468-0262.00347,Rank Estimation of Transformation Models,2002
10.1111/1468-0262.00350,Submission of Manuscripts to the Econometric Society Monograph Series,2002
10.1111/1468-0262.00351,Communication and Equilibrium in Discontinuous Games of Incomplete Information,2002
10.1111/1468-0262.00352,"Technology, Geography, and Trade",2002
10.1111/1468-0262.00353,Pivotal Statistics for Testing Structural Parameters in Instrumental Variables Regression,2002
10.1111/1468-0262.00354,Does Market Incompleteness Matter?,2002
10.1111/1468-0262.00355,The Optimality of a Simple Market Mechanism,2002
10.1111/1468-0262.00356,The Ex Ante Incentive Compatible Core in the Absence of Wealth Effects,2002
10.1111/1468-0262.00357,Computational Complexity and Communication: Coordination in Two-Player Games,2002
10.1111/1468-0262.00358,A Small Sample Correction for the Test of Cointegrating Rank in the Vector Autoregressive Model,2002
10.1111/1468-0262.00359,A Fractional Dickey-Fuller Test for Unit Roots,2002
10.1111/1468-0262.00360,Existence and Uniqueness of Maximal Reductions Under Iterated Strict Dominance,2002
10.1111/1468-0262.00361,Coarse Matching,2002
10.1111/1468-0262.00362,Weighted Minimum Mean-Square Distance from Independence Estimation,2002
10.1111/1468-0262.00363,Semiparametric Binary Choice Panel Data Models Without Strictly Exogeneous Regressors,2002
10.1111/1468-0262.00364,General Equilibrium Comparative Statics,2002
10.1111/1468-0262.00365,Unobserved Ability and the Return to Schooling,2002
10.1111/1468-0262.00366,Heteroskedasticity-Autocorrelation Robust Standard Errors Using The Bartlett Kernel Without Truncation,2002
10.1111/1468-0262.00367,Simple Robust Testing of Regression Hypotheses: A Comment,2002
10.1111/1468-0262.00370,Submission of Manuscripts to Econometrica,2002
10.1111/1468-0262.00371,Identification of Standard Auction Models,2002
10.1111/1468-0262.00372,Two Competing Models of How People Learn in Games,2002
10.1111/1468-0262.00373,A Game-Theoretic View of the Fiscal Theory of the Price Level,2002
10.1111/1468-0262.00374,Optimal Auction with Resale,2002
10.1111/1468-0262.00375,Discrete-Time Approximations of the Holmstrom-Milgrom Brownian-Motion Model of Intertemporal Incentive Provision,2002
10.1111/1468-0262.00376,On the Global Convergence of Stochastic Fictitious Play,2002
10.1111/1468-0262.00377,Equilibrium Wage Dispersion with Worker and Employer Heterogeneity,2002
10.1111/1468-0262.00378,The Law of Large Demand for Information,2002
10.1111/1468-0262.00379,Mobility and the Return to Education: Testing a Roy Model with Multiple Markets,2002
10.1111/1468-0262.00380,Informational Size and Incentive Compatibility,2002
10.1111/1468-0262.00381,Nonparametric Estimation with Nonlinear Budget Sets,2002
10.1111/1468-0262.00382,Rationalizing Choice Functions By Multiple Rationales,2002
10.1111/1468-0262.00383,Efficient Resource Allocation on the Basis of Priorities,2002
10.1111/1468-0262.00384,Estimation of a Censored Dynamic Panel Data Model,2002
10.1111/1468-0262.00387,Submission of Manuscripts to Econometrica,2002
10.1111/1468-0262.00388,Inductive Inference: An Axiomatic Approach,2003
10.1111/1468-0262.00389,A Structural Model of Government Formation,2003
10.1111/1468-0262.00390,Consistent Tests for Stochastic Dominance,2003
10.1111/1468-0262.00391,Disclosures and Asset Returns,2003
10.1111/1468-0262.00392,Inferential Theory for Factor Models of Large Dimensions,2003
10.1111/1468-0262.00393,Bubbles and Crashes,2003
10.1111/1468-0262.00394,Nonparametric Engel Curves and Revealed Preference,2003
10.1111/1468-0262.00395,Fully Nonparametric Estimation of Scalar Diffusion Models,2003
10.1111/1468-0262.00396,Inference in Arch and Garch Models with Heavy-Tailed Errors,2003
10.1111/1468-0262.00397,Equivalence Scales Reconsidered,2003
10.1111/1468-0262.00398,"Randomization, Communication, and Efficiency in Repeated Games with Imperfect Public Monitoring",2003
10.1111/1468-0262.00399,Micro-Level Estimation of Poverty and Inequality,2003
10.1111/1468-0262.00400,Consumption-Savings Decisions with Quasi-Geometric Discounting,2003
10.1111/1468-0262.00401,The Influence of Var Dimensions on Estimator Biases: Comment,2003
10.1111/1468-0262.00402,"Rejoinder to Comment by Doornik, Nielsen, and Rothenberg",2003
10.1111/1468-0262.00403,Optimal Contracts when Enforcement is a Decision Variable: A Comment,2003
10.1111/1468-0262.00404,Optimal Contracts when Enforcement is a Decision Variable: A Reply,2003
10.1111/1468-0262.00405,Tests for Parameter Instability and Structural Change with Unknown Change Point: A Corrigendum,2003
10.1111/1468-0262.00406,The Determinants of Econometric Society Fellows Elections,2003
10.1111/1468-0262.00409,Report of the Secretary,2003
10.1111/1468-0262.00410,Report of the Treasurer,2003
10.1111/1468-0262.00411,Report of the Editors 2001-2002,2003
10.1111/1468-0262.00412,Econometrica Referees 2001-2002,2003
10.1111/1468-0262.00413,The Econometric Society Research Monograph Series Report of the Editors,2003
10.1111/1468-0262.00414,Submission of Manuscripts to the Econometric Society Monograph Series,2003
10.1111/1468-0262.00415,On Modes of Economic Governance,2003
10.1111/1468-0262.00417,The Effects of a Baby Boom on Stock Prices and Capital Accumulation in the Presence of Social Security,2003
10.1111/1468-0262.00418,Modeling and Forecasting Realized Volatility,2003
10.1111/1468-0262.00419,Empirical Limits for Time Series Econometric Models,2003
10.1111/1468-0262.00420,A Bias-Reduced Log-Periodogram Regression Estimator for the Long-Memory Parameter,2003
10.1111/1468-0262.00421,The Law of Demand and Risk Aversion,2003
10.1111/1468-0262.00422,Announcements,2003
10.1111/1468-0262.00423,News Notes,2003
10.1111/1468-0262.00424,Directed Matching and Monetary Exchange,2003
10.1111/1468-0262.00425,Robust Predictions for Bilateral Contracting with Externalities,2003
10.1111/1468-0262.00426,Bargaining without a Common Prior-An Immediate Agreement Theorem,2003
10.1111/1468-0262.00427,Residual-Based Block Bootstrap for Unit Root Testing,2003
10.1111/1468-0262.00428,Implementation with Near-Complete Information,2003
10.1111/1468-0262.00429,Deterministic Approximation of Stochastic Evolution in Games,2003
10.1111/1468-0262.00430,Inference in Censored Models with Endogenous Regressors,2003
10.1111/1468-0262.00431,"Finite Mixture Distributions, Sequential Likelihood and the EM Algorithm",2003
10.1111/1468-0262.00432,Announcements,2003
10.1111/1468-0262.00433,News Notes,2003
10.1111/1468-0262.00434,"The Econometric Society Annual Reports, 2002 Report of the President",2003
10.1111/1468-0262.00435,2002 Election of Fellows to the Econometric Society,2003
10.1111/1468-0262.00436,Fellows of the Econometric Society,2003
10.1111/1468-0262.00437,Games Played Through Agents,2003
10.1111/1468-0262.00438,A Conditional Likelihood Ratio Test for Structural Models,2003
10.1111/1468-0262.00439,Bootstrap Methods for Markov Processes,2003
10.1111/1468-0262.00440,Signaling and Election Motivations in a Voting Model with Common Values and Responsive Candidates,2003
10.1111/1468-0262.00441,The Time Series and Cross-Section Asymptotics of Dynamic Panel Data Estimators,2003
10.1111/1468-0262.00442,Efficient Estimation of Average Treatment Effects Using the Estimated Propensity Score,2003
10.1111/1468-0262.00443,Isotone Equilibrium in Games of Incomplete Information,2003
10.1111/1468-0262.00444,Bayesian Inference for Hospital Quality in a Selection Model,2003
10.1111/1468-0262.00445,Computing Supergame Equilibria,2003
10.1111/1468-0262.00446,Finite Order Implications of Common Priors,2003
10.1111/1468-0262.00447,Tests for Unit Roots and the Initial Condition,2003
10.1111/1468-0262.00448,Frontiers of Stochastically Nondominated Portfolios,2003
10.1111/1468-0262.00449,Announcements,2003
10.1111/1468-0262.00450,News Notes,2003
10.1111/1468-0262.00451,Asymptotic Efficiency in Parametric Structural Models with Parameter-Dependent Support,2003
10.1111/1468-0262.00452,Nonparametric Estimation of Nonadditive Random Functions,2003
10.1111/1468-0262.00453,Equilibrium Wage-Tenure Contracts,2003
10.1111/1468-0262.00454,Identification in Nonseparable Models,2003
10.1111/1468-0262.00455,Estimation of a Dynamic Auction Game,2003
10.1111/1468-0262.00456,The Nonparametric Identification of Treatment Effects in Duration Models,2003
10.1111/1468-0262.00457,Existence and Uniqueness of Solutions to the Bellman Equation in the Unbounded Case,2003
10.1111/1468-0262.00458,Aggregating Infinite Utility Streams with InterGenerational Equity: The Impossibility of Being Paretian,2003
10.1111/1468-0262.00459,Instrumental Variable Estimation of Nonparametric Models,2003
10.1111/1468-0262.00460,The Singularity of the Information Matrix of the Mixed Proportional Hazard Model,2003
10.1111/1468-0262.00461,Estimation of Semiparametric Models when the Criterion Function Is Not Smooth,2003
10.1111/1468-0262.00462,Announcements,2003
10.1111/1468-0262.00463,News Notes,2003
10.1111/1468-0262.00464,News Notes,2003
10.1111/1468-0262.00465,Long Cheap Talk,2003
10.1111/1468-0262.00466,End-of-Sample Instability Tests,2003
10.1111/1468-0262.00467,The Impact of Trade on Intra-Industry Reallocations and Aggregate Industry Productivity,2003
10.1111/1468-0262.00468,Cointegration in Fractional Systems with Unknown Integration Orders,2003
10.1111/1468-0262.00469,Stationary Equilibria in Asset-Pricing Models with Incomplete Markets and Collateral,2003
10.1111/1468-0262.00470,Efficient Estimation of Models with Conditional Moment Restrictions Containing Unknown Functions,2003
10.1111/1468-0262.00471,Bootstrap Unit Root Tests,2003
10.1111/1468-0262.00472,A Subjective Spin on Roulette Wheels,2003
10.1111/1468-0262.00473,The Existence of Subgame-Perfect Equilibrium in Continuous Games with Almost Perfect Information: A Comment,2003
10.1111/1468-0262.00474,Announcements,2003
10.1111/1468-0262.00475,News Notes,2003
10.1111/1468-0262.t01-1-00098,Announcement: Nomination of Fellows,2000
10.1111/1468-0262.t01-1-00099,News Notes,2000
10.1111/1468-0262.t01-1-00100,Report of the Secretary,2000
10.1111/1468-0262.t01-1-00101,Report of the Treasurer,2000
10.1111/1468-0262.t01-1-00102,Report of the Editors,2000
10.1111/1468-0262.t01-1-00104,Report of the Editors of the Econometric Society Research Monograph Series,2000
10.1111/1468-0262.t01-1-00106,Program of the 1999 North American Summer Meeting of the Econometric Society,2000
10.1111/1468-0262.t01-1-00107,Program of the 1999 Far Eastern Meeting of the Econometric Society,2000
10.1111/1468-0262.t01-1-00108,Program of the 1999 Australasian Meeting of the Econometric Society,2000
10.1111/1468-0262.t01-1-00118,Announcements: Nomination of Fellows,2000
10.1111/1468-0262.t01-1-00119,News Notes,2000
10.1111/1468-0262.t01-1-00120,Program of the XVII Latin American Meeting of the Econometric Society,2000
10.1111/1468-0262.t01-1-00121,Program of the 54th European Meeting of the Econometric Society,2000
10.1111/1468-0262.t01-1-00130,Announcements,2000
10.1111/1468-0262.t01-1-00131,News Notes,2000
10.1111/1468-0262.t01-1-00132,1999 Election of Fellows to the Econometric Society,2000
10.1111/1468-0262.t01-1-00133,Fellows of the Econometric Society,2000
10.1111/1468-0262.t01-1-00134,Program of the 2000 North American Winter Meeting of the Econometric Society,2000
10.1111/1468-0262.t01-1-00135,Program of the 2000 European Winter Meeting of the Econometric Society,2000
10.1111/1468-0262.t01-1-00144,A Simple Test of the Law of Demand for the United States,2000
10.1111/1468-0262.t01-1-00145,Announcements: The 2000 Frisch Medal Award,2000
10.1111/1468-0262.t01-1-00146,News Notes,2000
10.1111/1468-0262.t01-1-00147,Report of the President,2000
10.1111/1468-0262.t01-1-00160,Announcements,2000
10.1111/1468-0262.t01-1-00161,News Notes,2000
10.1111/1468-0262.t01-1-00162,Erratum,2000
10.1111/1468-0262.t01-1-00175,News Notes,2000
10.1111/1468-0262.t01-1-00176,Index,2000
10.1111/1468-0262.t01-1-00186,Announcements,2001
10.1111/1468-0262.t01-1-00187,News Notes,2001
10.1111/1468-0262.t01-1-00202,Announcements,2001
10.1111/1468-0262.t01-1-00203,News Notes,2001
10.1111/1468-0262.t01-1-00216,2001 North American Summer Meeting of the Econometric Society: Announcement and Call for Papers,2001
10.1111/1468-0262.t01-1-00217,News Notes,2001
10.1111/1468-0262.t01-1-00218,"The Econometric Society Annual Reports, 2000: Report of The President",2001
10.1111/1468-0262.t01-1-00234,Announcements: 2001 Australasian Meeting of the Econometric Society Announcement and Call for Papers,2001
10.1111/1468-0262.t01-1-00249,2002 North American Summer Meeting of the Econometric Society: Announcement and Call for Papers,2001
10.1111/1468-0262.t01-1-00250,News Notes,2001
10.1111/1468-0262.t01-1-00265,"Nomination of Fellows, 2002",2001
10.1111/1468-0262.t01-1-00266,News Notes,2001
10.1111/1468-0262.t01-1-00268,The Mirrlees Approach to Mechanism Design with Renegotiation (with Applications to Hold-up and Risk Sharing),2002
10.1111/1468-0262.t01-1-00283,Announcements,2002
10.1111/1468-0262.t01-1-00284,News Notes,2002
10.1111/1468-0262.t01-1-00309,Announcements,2002
10.1111/1468-0262.t01-1-00310,News Notes,2002
10.1111/1468-0262.t01-1-00345,The Revelation and Delegation Principles in Common Agency Games,2002
10.1111/1468-0262.t01-1-00348,Announcements,2002
10.1111/1468-0262.t01-1-00349,News Notes,2002
10.1111/1468-0262.t01-1-00368,Announcements,2002
10.1111/1468-0262.t01-1-00369,News Notes,2002
10.1111/1468-0262.t01-1-00385,Announcements,2002
10.1111/1468-0262.t01-1-00386,News Notes,2002
10.1111/1468-0262.t01-1-00407,Announcements,2003
10.1111/1468-0262.t01-1-00408,News Notes,2003
10.1111/1468-0262.t01-1-00416,The Effects of Random and Discrete Sampling when Estimating Continuous-Time Diffusions,2003
10.1111/1468-0262.t01-1-00445,Computing Supergame Equilibria,2003
10.1111/1468-0262.t01-1-00448,Frontiers of Stochastically Nondominated Portfolios,2003
10.1111/ecta.2000.68.issue-2,,2000
10.1111/ecta.2002.70.issue-2,,2002
10.1111/ecta.2002.70.issue-4,,2002
10.1111/ecta.2002.70.issue-5,,2002
10.1111/ecta.2002.70.issue-6,,2002
10.1111/ecta.2003.71.issue-3,,2003
10.1111/ecta.2003.71.issue-4,,2003
10.1111/ecta.2003.71.issue-5,,2003
10.1111/ecta.2003.71.issue-6,,2003
10.1111/ecta.2006.74.issue-3,,2006
10.1111/ecta.2006.74.issue-4,,2006
10.1111/ecta.2006.74.issue-5,,2006
10.1111/ecta.2006.74.issue-6,,2006
10.1111/ecta.2007.75.issue-1,,2007
10.1111/ecta.2007.75.issue-2,,2007
10.1111/ecta.2007.75.issue-3,,2007
10.1111/ecta.2007.75.issue-4,,2007
10.1111/ecta.2007.75.issue-5,,2007
10.1111/ecta.2007.75.issue-6,,2007
10.1111/ecta.2008.76.issue-1,,2008
10.1111/ecta.2008.76.issue-2,,2008
10.1111/ecta.2008.76.issue-4,,2008
10.1111/j.0012-9682.2008.00815.x,Front Matter,2008
10.1111/j.0012-9682.2008.00816.x,Two Questions about European Unemployment,2008
10.1111/j.0012-9682.2008.00817.x,Revealed Altruism,2008
10.1111/j.0012-9682.2008.00818.x,Experientia Docet: Professionals Play Minimax in Laboratory Experiments,2008
10.1111/j.0012-9682.2008.00819.x,Selecting Cheap-Talk Equilibria,2008
10.1111/j.0012-9682.2008.00820.x,A Model of Utility Smoothing,2008
10.1111/j.0012-9682.2008.00821.x,Heteroskedasticity-Robust Standard Errors for Fixed Effects Panel Data Regression,2008
10.1111/j.0012-9682.2008.00822.x,Optimal Bandwidth Selection in Heteroskedasticity–Autocorrelation Robust Testing,2008
10.1111/j.0012-9682.2008.00823.x,Instrumental Variable Treatment of Nonclassical Measurement Error Models,2008
10.1111/j.0012-9682.2008.00824.x,Announcements,2008
10.1111/j.0012-9682.2008.00825.x,Forthcoming Papers,2008
10.1111/j.0012-9682.2008.00826.x,Report of the Secretary,2008
10.1111/j.0012-9682.2008.00827.x,Report of the Treasurer,2008
10.1111/j.0012-9682.2008.00828.x,Report of the Editors 2006–2007,2008
10.1111/j.0012-9682.2008.00829.x,Econometrica Referees 2006–2007,2008
10.1111/j.0012-9682.2008.00830.x,Report of the Editors of the Monograph Series,2008
10.1111/j.0012-9682.2008.00831.x,Submission of Manuscripts to the Econometric Society Monograph Series,2008
10.1111/j.0012-9682.2008.00832.x,Back Matter,2008
10.1111/j.0012-9682.2008.00833.x,Front Matter,2008
10.1111/j.0012-9682.2008.00834.x,Anticipating Regret: Why Fewer Options May Be Better,2008
10.1111/j.0012-9682.2008.00835.x,Admissibility in Games,2008
10.1111/j.0012-9682.2008.00836.x,Limited Rationality and Strategic Interaction: The Impact of the Strategic Environment on Nominal Inertia,2008
10.1111/j.0012-9682.2008.00837.x,Idiosyncratic Shocks and the Role of Nonconvexities in Plant and Aggregate Investment Dynamics,2008
10.1111/j.0012-9682.2008.00838.x,Investment Reversibility and Agency Cost of Debt,2008
10.1111/j.0012-9682.2008.00839.x,Computing the Distributions of Economic Models via Simulation,2008
10.1111/j.0012-9682.2008.00840.x,Announcements,2008
10.1111/j.0012-9682.2008.00841.x,Forthcoming Papers,2008
10.1111/j.0012-9682.2008.00842.x,Back Matter,2008
10.1111/j.1468-0262.2002.00435.x,Identification of Standard Auction Models,2002
10.1111/j.1468-0262.2002.00436.x,Two Competing Models of How People Learn in Games,2002
10.1111/j.1468-0262.2002.00437.x,A Game-Theoretic View of the Fiscal Theory of the Price Level,2002
10.1111/j.1468-0262.2002.00438.x,Optimal Auction with Resale,2002
10.1111/j.1468-0262.2002.00439.x,Discrete-Time Approximations of the Holmstrom-Milgrom Brownian-Motion Model of Intertemporal Incentive Provision,2002
10.1111/j.1468-0262.2002.00440.x,On the Global Convergence of Stochastic Fictitious Play,2002
10.1111/j.1468-0262.2002.00441.x,Equilibrium Wage Dispersion with Worker and Employer Heterogeneity,2002
10.1111/j.1468-0262.2002.00442.x,The Law of Large Demand for Information,2002
10.1111/j.1468-0262.2002.00443.x,Mobility and the Return to Education: Testing a Roy Model with Multiple Markets,2002
10.1111/j.1468-0262.2002.00444.x,Informational Size and Incentive Compatibility,2002
10.1111/j.1468-0262.2002.00445.x,Nonparametric Estimation with Nonlinear Budget Sets,2002
10.1111/j.1468-0262.2002.00446.x,Rationalizing Choice Functions By Multiple Rationales,2002
10.1111/j.1468-0262.2002.00447.x,Efficient Resource Allocation on the Basis of Priorities,2002
10.1111/j.1468-0262.2002.00448.x,Estimation of a Censored Dynamic Panel Data Model,2002
10.1111/j.1468-0262.2002.00449.x,Announcements,2002
10.1111/j.1468-0262.2002.00450.x,News Notes,2002
10.1111/j.1468-0262.2004.00476.x,Income Variance Dynamics and Heterogeneity,2004
10.1111/j.1468-0262.2004.00477.x,Estimation of Nonlinear Models with Measurement Error,2004
10.1111/j.1468-0262.2004.00478.x,Precautionary Bidding in Auctions,2004
10.1111/j.1468-0262.2004.00479.x,Information-Based Relative Consumption Effects,2004
10.1111/j.1468-0262.2004.00480.x,Self-Control and the Theory of Consumption,2004
10.1111/j.1468-0262.2004.00481.x,Worms: Identifying Impacts on Education and Health in the Presence of Treatment Externalities,2004
10.1111/j.1468-0262.2004.00482.x,Higher Order Properties of Gmm and Generalized Empirical Likelihood Estimators,2004
10.1111/j.1468-0262.2004.00483.x,Random Matching Under Dichotomous Preferences,2004
10.1111/j.1468-0262.2004.00484.x,Notes and Comments the Amsterdam Auction,2004
10.1111/j.1468-0262.2004.00485.x,Random Effects Estimators with many Instrumental Variables,2004
10.1111/j.1468-0262.2004.00486.x,"Announcements Nomination of Fellows, 2004",2004
10.1111/j.1468-0262.2004.00487.x,News Notes,2004
10.1111/j.1468-0262.2004.00488.x,The Econometric Society Annual Reports Report of the Secretary,2004
10.1111/j.1468-0262.2004.00489.x,The Econometric Society Annual Reports Report of the Treasurer,2004
10.1111/j.1468-0262.2004.00490.x,The Econometric Society Annual Reports Report of the Editors 2002-2003,2004
10.1111/j.1468-0262.2004.00491.x,The Econometric Society Annual Reports Econometrica Referees 2002-2003,2004
10.1111/j.1468-0262.2004.00492.x,The Econometric Society Research Monograph Series Report of the Editors,2004
10.1111/j.1468-0262.2004.00493.x,Submission of Manuscripts to the Econometric Society Monograph Series,2004
10.1111/j.1468-0262.2004.00509.x,the Block-Block Bootstrap: Improved Asymptotic Refinements,2004
10.1111/j.1468-0262.2004.00510.x,Moral Hazard Contracting and Private Credit Markets,2004
10.1111/j.1468-0262.2004.00511.x,Relational Contracts and the Nature of Market Interactions,2004
10.1111/j.1468-0262.2004.00512.x,Behavior in a Dynamic Decision Problem: An Analysis of Experimental Evidence Using a Bayesian Type Classification Algorithm,2004
10.1111/j.1468-0262.2004.00513.x,Repeated Games with Private Monitoring: Two Players,2004
10.1111/j.1468-0262.2004.00514.x,"Financial Market Globalization, Symmetry-Breaking, and Endogenous Inequality of Nations",2004
10.1111/j.1468-0262.2004.00515.x,"Econometric Analysis of Realized Covariation: High Frequency Based Covariance, Regression, and Correlation in Financial Economics",2004
10.1111/j.1468-0262.2004.00516.x,Simple Finite Horizon Bubbles Robust to Higher Order Knowledge,2004
10.1111/j.1468-0262.2004.00517.x,The Error in Rejection Probability of Simple Autocorrelation Robust Tests,2004
10.1111/j.1468-0262.2004.00518.x,Twicing Kernels and a Small Bias Property of Semiparametric Estimators,2004
10.1111/j.1468-0262.2004.00519.x,The Measurement of Intellectual Influence,2004
10.1111/j.1468-0262.2004.00520.x,Announcement and Call for Papers,2004
10.1111/j.1468-0262.2004.00521.x,News Notes,2004
10.1111/j.1468-0262.2004.00522.x,Report of the President,2004
10.1111/j.1468-0262.2004.00523.x,2003 Election of Fellows to the Econometric Society,2004
10.1111/j.1468-0262.2004.00524.x,Fellows of the Econometric Society,2004
10.1111/j.1468-0262.2004.00525.x,Financial Intermediaries and Markets,2004
10.1111/j.1468-0262.2004.00526.x,A Dynamic Theory of Holdup,2004
10.1111/j.1468-0262.2004.00527.x,On the Existence of Pure Strategy Monotone Equilibria in Asymmetric First-Price Auctions,2004
10.1111/j.1468-0262.2004.00528.x,A PANIC Attack on Unit Roots and Cointegration,2004
10.1111/j.1468-0262.2004.00529.x,The Organization of Supplier Networks: Effects of Delegation and Intermediation,2004
10.1111/j.1468-0262.2004.00530.x,Statistical Treatment Rules for Heterogeneous Populations,2004
10.1111/j.1468-0262.2004.00531.x,Price Manipulation and Quasi-Arbitrage,2004
10.1111/j.1468-0262.2004.00532.x,Efficient Semiparametric Estimation of Censored and Truncated Regressions via a Smoothed Self-Consistency Equation,2004
10.1111/j.1468-0262.2004.00533.x,Jackknife and Analytical Bias Reduction for Nonlinear Panel Models,2004
10.1111/j.1468-0262.2004.00534.x,Announcements,2004
10.1111/j.1468-0262.2004.00535.x,News Notes,2004
10.1111/j.1468-0262.2004.00537.x,Measuring Expectations,2004
10.1111/j.1468-0262.2004.00538.x,A General Formula for Valuing Defaultable Securities,2004
10.1111/j.1468-0262.2004.00539.x,Women as Policy Makers: Evidence from a Randomized Policy Experiment in India,2004
10.1111/j.1468-0262.2004.00540.x,Likelihood Estimation and Inference in a Class of Nonregular Econometric Models,2004
10.1111/j.1468-0262.2004.00541.x,Likelihood-Based Estimation of Latent Generalized ARCH Structures,2004
10.1111/j.1468-0262.2004.00542.x,Wavelet-Based Testing for Serial Correlation of Unknown Form in Panel Models,2004
10.1111/j.1468-0262.2004.00543.x,Social Indeterminacy,2004
10.1111/j.1468-0262.2004.00544.x,The Theory of Global Games on Test: Experimental Analysis of Coordination Games with Public and Private Information,2004
10.1111/j.1468-0262.2004.00545.x,Consistent Estimation of Models Defined by Conditional Moment Restrictions,2004
10.1111/j.1468-0262.2004.00546.x,Mechanism Design with Interdependent Valuations: Efficiency,2004
10.1111/j.1468-0262.2004.00547.x,Announcements,2004
10.1111/j.1468-0262.2004.00548.x,News Notes,2004
10.1111/j.1468-0262.2004.00549.x,Large Robust Games,2004
10.1111/j.1468-0262.2004.00550.x,Empirical Likelihood-Based Inference in Conditional Moment Restriction Models,2004
10.1111/j.1468-0262.2004.00551.x,On Optimal Rules of Persuasion,2004
10.1111/j.1468-0262.2004.00552.x,"Polarization: Concepts, Measurement, Estimation",2004
10.1111/j.1468-0262.2004.00553.x,Estimation of Continuous-Time Markov Processes Sampled at Random Time Intervals,2004
10.1111/j.1468-0262.2004.00554.x,Consistent Testing of Cointegrating Relationships,2004
10.1111/j.1468-0262.2004.00555.x,Confidence Intervals for Partially Identified Parameters,2004
10.1111/j.1468-0262.2004.00556.x,Panel Binary Variables and Sufficiency: Generalizing Conditional Logit,2004
10.1111/j.1468-0262.2004.00557.x,Efficient Semiparametric Estimation via Moment Restrictions,2004
10.1111/j.1468-0262.2004.00558.x,Asymptotic Distributions of Quasi-Maximum Likelihood Estimators for Spatial Autoregressive Models,2004
10.1111/j.1468-0262.2004.00559.x,"Corrigendum to ""Communication and Equilibrium in Discontinuous Games of Incomplete Information""",2004
10.1111/j.1468-0262.2004.00560.x,Announcements,2004
10.1111/j.1468-0262.2004.00561.x,Accepted Manuscripts,2004
10.1111/j.1468-0262.2004.00562.x,News Notes,2004
10.1111/j.1468-0262.2005.00563.x,Default and Punishment in General Equilibrium1,2005
10.1111/j.1468-0262.2005.00564.x,Strategic Experimentation with Exponential Bandits,2005
10.1111/j.1468-0262.2005.00565.x,Uncertainty about Uncertainty and Delay in Bargaining,2005
10.1111/j.1468-0262.2005.00566.x,Existence of Equilibrium in Single and Double Private Value Auctions1,2005
10.1111/j.1468-0262.2005.00567.x,The Expected Number of Nash Equilibria of a Normal Form Game,2005
10.1111/j.1468-0262.2005.00568.x,"Money in Search Equilibrium, in Competitive Equilibrium, and in Competitive Search Equilibrium",2005
10.1111/j.1468-0262.2005.00569.x,Uncertainty and Risk in Financial Markets,2005
10.1111/j.1468-0262.2005.00570.x,An IV Model of Quantile Treatment Effects,2005
10.1111/j.1468-0262.2005.00571.x,The Affiliation Effect in First-Price Auctions,2005
10.1111/j.1468-0262.2005.00572.x,Correcting the Errors: Volatility Forecast Evaluation Using High-Frequency Data and Realized Volatilities,2005
10.1111/j.1468-0262.2005.00573.x,Announcements,2005
10.1111/j.1468-0262.2005.00574.x,Accepted Manuscripts,2005
10.1111/j.1468-0262.2005.00575.x,News Notes,2005
10.1111/j.1468-0262.2005.00576.x,Report of the Secretary,2005
10.1111/j.1468-0262.2005.00577.x,Report of the Treasurer,2005
10.1111/j.1468-0262.2005.00578.x,Report of the Editors,2005
10.1111/j.1468-0262.2005.00579.x,Econometrica Referees 2003-2004,2005
10.1111/j.1468-0262.2005.00580.x,Reports of the Editors of the Econometric Society Research Monograph Series,2005
10.1111/j.1468-0262.2005.00581.x,Submission of Manuscripts to the Econometric Society Monograph Series,2005
10.1111/j.1468-0262.2005.00582.x,Income Maintenance and Labor Force Participation,2005
10.1111/j.1468-0262.2005.00583.x,Belief-Free Equilibria in Repeated Games,2005
10.1111/j.1468-0262.2005.00584.x,"Teachers, Schools, and Academic Achievement",2005
10.1111/j.1468-0262.2005.00585.x,Beliefs in Repeated Games,2005
10.1111/j.1468-0262.2005.00586.x,Job Matching and the Wage Distribution,2005
10.1111/j.1468-0262.2005.00587.x,On the Trade off Between Deficit and Inefficiency and the Double Auction with a Fixed Transaction Fee,2005
10.1111/j.1468-0262.2005.00588.x,An Equilibrium Model of Health Insurance Provision and Wage Determination,2005
10.1111/j.1468-0262.2005.00589.x,A Partial Folk Theorem for Games with Unknown Payoff Distributions,2005
10.1111/j.1468-0262.2005.00590.x,Existence of Equilibria in Economies with Bads,2005
10.1111/j.1468-0262.2005.00591.x,Announcements,2005
10.1111/j.1468-0262.2005.00592.x,Accepted Manuscripts,2005
10.1111/j.1468-0262.2005.00593.x,News Notes,2005
10.1111/j.1468-0262.2005.00594.x,"Structural Equations, Treatment Effects, and Econometric Policy Evaluation1",2005
10.1111/j.1468-0262.2005.00595.x,Complexity and Competition,2005
10.1111/j.1468-0262.2005.00596.x,Estimating Semiparametric ARCH(oo) Models by Kernel Smoothing Methods1,2005
10.1111/j.1468-0262.2005.00597.x,Asymptotic Distribution Theory for Nonparametric Entropy Measures of Serial Dependence,2005
10.1111/j.1468-0262.2005.00598.x,The Bootstrap and the Edgeworth Correction for Semiparametric Averaged Derivatives*,2005
10.1111/j.1468-0262.2005.00599.x,Modeling Denomination Structures,2005
10.1111/j.1468-0262.2005.00600.x,Solving Asset Pricing Models when the Price-Dividend Function Is Analytic,2005
10.1111/j.1468-0262.2005.00601.x,"GMM, GEL, Serial Correlation, and Asymptotic Bias",2005
10.1111/j.1468-0262.2005.00602.x,"A Comment on Roland Benabou's ""Tax and Education Policy in a Heterogeneous-Agent Economy: What Levels of Redistribution Maximize Growth and Efficiency?""",2005
10.1111/j.1468-0262.2005.00603.x,Announcements,2005
10.1111/j.1468-0262.2005.00604.x,Accepted Manuscripts,2005
10.1111/j.1468-0262.2005.00605.x,News Notes,2005
10.1111/j.1468-0262.2005.00606.x,Report of the President,2005
10.1111/j.1468-0262.2005.00607.x,2004 Election of Fellows to the Econometric Society,2005
10.1111/j.1468-0262.2005.00608.x,Fellows of the Econometric Society,2005
10.1111/j.1468-0262.2005.00609.x,Cross Section and Panel Data Estimators for Nonseparable Models with Endogenous Regressors,2005
10.1111/j.1468-0262.2005.00610.x,Testing Parameters in GMM Without Assuming that They Are Identified,2005
10.1111/j.1468-0262.2005.00611.x,Probabilities as Similarity-Weighted Frequencies,2005
10.1111/j.1468-0262.2005.00612.x,Uncertainty and Learning in Pharmaceutical Demand,2005
10.1111/j.1468-0262.2005.00613.x,On the Bootstrap of the Maximum Score Estimator,2005
10.1111/j.1468-0262.2005.00614.x,Approximate versus Exact Equilibria in Dynamic Economies,2005
10.1111/j.1468-0262.2005.00615.x,Stepwise Multiple Testing as Formalized Data Snooping,2005
10.1111/j.1468-0262.2005.00616.x,Estimating Long Memory in Volatility,2005
10.1111/j.1468-0262.2005.00617.x,Multilateral Contracting with Externalities,2005
10.1111/j.1468-0262.2005.00618.x,Projection-Based Statistical Inference in Linear Structural Models with Possibly Weak Instruments,2005
10.1111/j.1468-0262.2005.00619.x,Uncovering the Distribution of Motorists' Preferences for Travel Time and Reliability,2005
10.1111/j.1468-0262.2005.00620.x,Information-Based Relative Consumption Effects: Correction,2005
10.1111/j.1468-0262.2005.00621.x,Announcements,2005
10.1111/j.1468-0262.2005.00622.x,Accepted Manuscripts,2005
10.1111/j.1468-0262.2005.00623.x,News Notes,2005
10.1111/j.1468-0262.2005.00624.x,Submission of Manuscripts to the Econometric Society Monograph Series,2005
10.1111/j.1468-0262.2005.00625.x,Adaptive Heuristics,2005
10.1111/j.1468-0262.2005.00626.x,The Optimal Degree of Discretion in Monetary Policy,2005
10.1111/j.1468-0262.2005.00627.x,Affirmative Action in Higher Education: How Do Admission and Financial Aid Rules Affect Future Earnings?,2005
10.1111/j.1468-0262.2005.00628.x,Nonparametric Identification under Discrete Variation,2005
10.1111/j.1468-0262.2005.00629.x,Cross-Section Regression with Common Shocks,2005
10.1111/j.1468-0262.2005.00630.x,Zero Expected Wealth Taxes: A Mirrlees Approach to Dynamic Optimal Taxation,2005
10.1111/j.1468-0262.2005.00631.x,Cursed Equilibrium,2005
10.1111/j.1468-0262.2005.00632.x,Consistent Estimation with a Large Number of Weak Instruments,2005
10.1111/j.1468-0262.2005.00633.x,On the Discrete Version of the Aumann-Shapley Cost-Sharing Method,2005
10.1111/j.1468-0262.2005.00634.x,Announcements,2005
10.1111/j.1468-0262.2005.00635.x,Accepted Manuscripts,2005
10.1111/j.1468-0262.2005.00636.x,News Notes,2005
10.1111/j.1468-0262.2005.00637.x,Estimating the Effects of a Time-Limited Earnings Subsidy for Welfare-Leavers,2005
10.1111/j.1468-0262.2005.00638.x,Robust Mechanism Design,2005
10.1111/j.1468-0262.2005.00639.x,Over-the-Counter Markets,2005
10.1111/j.1468-0262.2005.00640.x,A Smooth Model of Decision Making under Ambiguity,2005
10.1111/j.1468-0262.2005.00641.x,Behavioral Identification in Coalitional Bargaining: An Experimental Analysis of Demand Bargaining and Alternating Offers,2005
10.1111/j.1468-0262.2005.00642.x,Accuracy of Simulations for Stochastic Dynamic Models,2005
10.1111/j.1468-0262.2005.00643.x,Using Asset Prices to Measure the Persistence of the Marginal Utility of Wealth,2005
10.1111/j.1468-0262.2005.00644.x,Driving Forces Behind Informal Sanctions,2005
10.1111/j.1468-0262.2005.00645.x,&lt;tocheading&gt;Announcements&lt;/tocheading&gt;,2005
10.1111/j.1468-0262.2005.00646.x,&lt;tocheading&gt;Accepted Manuscripts&lt;/tocheading&gt;,2005
10.1111/j.1468-0262.2005.00647.x,&lt;tocheading&gt;News Notes&lt;/tocheading&gt;,2005
10.1111/j.1468-0262.2006.00648.x,Intersectoral Labor Mobility and the Growth of the Service Sector,2006
10.1111/j.1468-0262.2006.00649.x,Efficiency of Large Double Auctions,2006
10.1111/j.1468-0262.2006.00650.x,Convergence Properties of the Likelihood of Computed Dynamic Models,2006
10.1111/j.1468-0262.2006.00651.x,Random Expected Utility,2006
10.1111/j.1468-0262.2006.00652.x,GMM with Many Moment Conditions,2006
10.1111/j.1468-0262.2006.00653.x,Time Consistency of Fiscal and Monetary Policy: A Solution,2006
10.1111/j.1468-0262.2006.00654.x,On the Generic (Im)Possibility of Full Surplus Extraction in Mechanism Design,2006
10.1111/j.1468-0262.2006.00655.x,Large Sample Properties of Matching Estimators for Average Treatment Effects,2006
10.1111/j.1468-0262.2006.00656.x,A Dynamic Equilibrium Model of International Portfolio Holdings: Comment,2006
10.1111/j.1468-0262.2006.00657.x,Announcements,2006
10.1111/j.1468-0262.2006.00658.x,Accepted Manuscripts,2006
10.1111/j.1468-0262.2006.00659.x,Report of the Secretary,2006
10.1111/j.1468-0262.2006.00660.x,Report of the Treasurer,2006
10.1111/j.1468-0262.2006.00661.x,Report of the Editors,2006
10.1111/j.1468-0262.2006.00662.x,Econometrica Referees 2004-2005,2006
10.1111/j.1468-0262.2006.00663.x,Reports of the Editors of the Econometric Society Research Monograph Series,2006
10.1111/j.1468-0262.2006.00664.x,Submission of Manuscripts to the Econometric Society Monograph Series,2006
10.1111/j.1468-0262.2006.00665.x,Wage Bargaining with On-the-Job Search: Theory and Evidence,2006
10.1111/j.1468-0262.2006.00666.x,Commitment vs. Flexibility,2006
10.1111/j.1468-0262.2006.00667.x,Hard-to-Solve Bimatrix Games,2006
10.1111/j.1468-0262.2006.00668.x,Identification and Inference in Nonlinear Difference-in-Differences Models,2006
10.1111/j.1468-0262.2006.00669.x,Efficiency in Repeated Games Revisited: The Role of Private Strategies,2006
10.1111/j.1468-0262.2006.00670.x,Testing a Parametric Model Against a Nonparametric Alternative with Identification Through Instrumental Variables,2006
10.1111/j.1468-0262.2006.00671.x,"Quantile Regression under Misspecification, with an Application to the U.S. Wage Structure",2006
10.1111/j.1468-0262.2006.00672.x,Aggregation and Optimization with State-Dependent Pricing: A Comment,2006
10.1111/j.1468-0262.2006.00673.x,&lt;tocheading&gt;Announcements&lt;/tocheading&gt;,2006
10.1111/j.1468-0262.2006.00674.x,&lt;tocheading&gt;Forthcoming Papers&lt;/tocheading&gt;,2006
10.1111/j.1468-0262.2006.00675.x,The Limits of ex post Implementation,2006
10.1111/j.1468-0262.2006.00676.x,Bounds on Parameters in Panel Dynamic Discrete Choice Models,2006
10.1111/j.1468-0262.2006.00677.x,Identification and Estimation of Regression Models with Misclassification,2006
10.1111/j.1468-0262.2006.00678.x,Assortative Matching with Explicit Search Costs,2006
10.1111/j.1468-0262.2006.00679.x,Optimal Inference in Regression Models with Nearly Integrated Regressors,2006
10.1111/j.1468-0262.2006.00680.x,Optimal Two-Sided Invariant Similar Tests for Instrumental Variables Regression,2006
10.1111/j.1468-0262.2006.00681.x,Speculation in Standard Auctions with Resale,2006
10.1111/j.1468-0262.2006.00682.x,Event Exchangeability: Probabilistic Sophistication Without Continuity or Monotonicity,2006
10.1111/j.1468-0262.2006.00683.x,Local Partitioned Regression,2006
10.1111/j.1468-0262.2006.00684.x,Announcements,2006
10.1111/j.1468-0262.2006.00685.x,Forthcoming Papers,2006
10.1111/j.1468-0262.2006.00686.x,2005 Election of Fellows to the Econometric Society,2006
10.1111/j.1468-0262.2006.00687.x,Fellows of the Econometric Society,2006
10.1111/j.1468-0262.2006.00688.x,Editorial,2006
10.1111/j.1468-0262.2006.00689.x,Dilemmas of an Economic Theorist,2006
10.1111/j.1468-0262.2006.00690.x,"Admission, Tuition, and Financial Aid Policies in the Market for Higher Education",2006
10.1111/j.1468-0262.2006.00691.x,"If You're so Smart, why Aren't You Rich? Belief Selection in Complete and Incomplete Markets",2006
10.1111/j.1468-0262.2006.00692.x,Estimation and Inference in Large Heterogeneous Panels with a Multifactor Error Structure,2006
10.1111/j.1468-0262.2006.00693.x,"Minimum Wage Effects on Labor Market Outcomes under Search, Matching, and Endogenous Contact Rates",2006
10.1111/j.1468-0262.2006.00694.x,Robustly Collusion-Proof Implementation,2006
10.1111/j.1468-0262.2006.00695.x,Weak Monotonicity Characterizes Deterministic Dominant-Strategy Implementation,2006
10.1111/j.1468-0262.2006.00696.x,Confidence Intervals for Diffusion Index Forecasts and Inference for Factor-Augmented Regressions,2006
10.1111/j.1468-0262.2006.00697.x,Announcements,2006
10.1111/j.1468-0262.2006.00698.x,Forthcoming Papers,2006
10.1111/j.1468-0262.2006.00699.x,Submission of Manuscripts to the Econometric Society Monograph Series,2006
10.1111/j.1468-0262.2006.00700.x,Front Matter,2006
10.1111/j.1468-0262.2006.00701.x,The Power of the Last Word in Legislative Policy Making,2006
10.1111/j.1468-0262.2006.00702.x,The Effect of School Choice on Participants: Evidence from Randomized Lotteries,2006
10.1111/j.1468-0262.2006.00703.x,Toward a Strategic Foundation for Rational Expectations Equilibrium,2006
10.1111/j.1468-0262.2006.00704.x,Theories of Learning in Games and Heterogeneity Bias,2006
10.1111/j.1468-0262.2006.00705.x,Simultaneous Search,2006
10.1111/j.1468-0262.2006.00706.x,Bargaining with Interdependent Values,2006
10.1111/j.1468-0262.2006.00707.x,Putting Behavioral Economics to Work: Testing for Gift Exchange in Labor Markets Using Field Experiments,2006
10.1111/j.1468-0262.2006.00708.x,Equilibria and Indivisibilities: Gross Substitutes and Complements,2006
10.1111/j.1468-0262.2006.00709.x,Who's Who in Networks. Wanted: The Key Player,2006
10.1111/j.1468-0262.2006.00710.x,"Impartiality, Priority, and Solidarity in the Theory of Justice",2006
10.1111/j.1468-0262.2006.00711.x,On the Nonparametric Identification of Nonlinear Simultaneous Equations Models: Comment on Brown (1983) and Roehrig (1988),2006
10.1111/j.1468-0262.2006.00712.x,Announcements,2006
10.1111/j.1468-0262.2006.00713.x,Forthcoming Papers,2006
10.1111/j.1468-0262.2006.00714.x,Back Matter,2006
10.1111/j.1468-0262.2006.00715.x,Front Matter,2006
10.1111/j.1468-0262.2006.00716.x,"Ambiguity Aversion, Robustness, and the Variational Representation of Preferences",2006
10.1111/j.1468-0262.2006.00717.x,The Folk Theorem for Games with Private Almost-Perfect Monitoring,2006
10.1111/j.1468-0262.2006.00718.x,Tests of Conditional Predictive Ability,2006
10.1111/j.1468-0262.2006.00719.x,Promises and Partnership,2006
10.1111/j.1468-0262.2006.00720.x,Optimal Use of Communication Resources,2006
10.1111/j.1468-0262.2006.00721.x,Measuring the Implications of Sales and Consumer Inventory Behavior,2006
10.1111/j.1468-0262.2006.00722.x,Bounds in Competing Risks Models and the War on Cancer,2006
10.1111/j.1468-0262.2006.00723.x,Bootstrap Algorithms for Testing and Determining the Cointegration Rank in VAR Models,2006
10.1111/j.1468-0262.2006.00724.x,Reciprocal Upper Semicontinuity and Better Reply Secure Games: A Comment,2006
10.1111/j.1468-0262.2006.00725.x,"Corrigendum to ""Existence of Equilibrium in Single and Double Private Value Auctions""",2006
10.1111/j.1468-0262.2006.00726.x,Announcements,2006
10.1111/j.1468-0262.2006.00727.x,Forthcoming Papers,2006
10.1111/j.1468-0262.2006.00728.x,Report of the President,2006
10.1111/j.1468-0262.2006.00729.x,Back Matter,2006
10.1111/j.1468-0262.2006.00749.x,Front Matter,2007
10.1111/j.1468-0262.2006.00750.x,Changes in the Distribution of Male and Female Wages Accounting for Employment Composition Using�Bounds,2007
10.1111/j.1468-0262.2006.00751.x,A Structure Theorem for Rationalizability with Application to Robust Predictions of Refinements,2007
10.1111/j.1468-0262.2006.00752.x,The Comparative Statics of Constrained Optimization Problems,2007
10.1111/j.1468-0262.2006.00753.x,Naturally Occurring Preferences and Exogenous Laboratory Experiments: A Case Study of Risk Aversion,2007
10.1111/j.1468-0262.2006.00754.x,Estimating and Testing Structural Changes in Multivariate Regressions,2007
10.1111/j.1468-0262.2006.00755.x,Ellsberg Revisited: An Experimental Study,2007
10.1111/j.1468-0262.2006.00756.x,Estimation of Average Treatment Effects with Misclassification,2007
10.1111/j.1468-0262.2006.00757.x,The Collective Model of Household Consumption: A Nonparametric Characterization,2007
10.1111/j.1468-0262.2006.00758.x,Efficient Wald Tests for Fractional Unit Roots,2007
10.1111/j.1468-0262.2006.00759.x,Representing Preferences with a Unique Subjective State Space: A Corrigendum,2007
10.1111/j.1468-0262.2006.00760.x,Announcements,2007
10.1111/j.1468-0262.2006.00761.x,Forthcoming Papers,2007
10.1111/j.1468-0262.2006.00762.x,Back Matter,2007
10.1111/j.1468-0262.2007.00730.x,Front Matter,2007
10.1111/j.1468-0262.2007.00731.x,Sequential Estimation of Dynamic Discrete Games,2007
10.1111/j.1468-0262.2007.00732.x,"Contract, Mechanism Design, and Technological Detail",2007
10.1111/j.1468-0262.2007.00733.x,Experimental Analysis of Neighborhood Effects,2007
10.1111/j.1468-0262.2007.00734.x,Fairness and Contract Design,2007
10.1111/j.1468-0262.2007.00735.x,"Dynamic Matching, Two-Sided Incomplete Information, and Participation Costs: Existence and Convergence to Perfect Competition",2007
10.1111/j.1468-0262.2007.00736.x,Instrumental Variable Estimation of Nonlinear Errors-in-Variables Models,2007
10.1111/j.1468-0262.2007.00737.x,Overcoming Incentive Constraints by Linking Decisions,2007
10.1111/j.1468-0262.2007.00738.x,Efficient Semiparametric Estimation of Quantile Treatment Effects,2007
10.1111/j.1468-0262.2007.00739.x,Contagion Equilibria in a Monetary Model,2007
10.1111/j.1468-0262.2007.00740.x,Announcements,2007
10.1111/j.1468-0262.2007.00741.x,Forthcoming Papers,2007
10.1111/j.1468-0262.2007.00742.x,Report of the Secretary,2007
10.1111/j.1468-0262.2007.00743.x,Report of the Treasurer,2007
10.1111/j.1468-0262.2007.00744.x,Report of the Editors of Econometrica,2007
10.1111/j.1468-0262.2007.00745.x,Econometrica Referees 2005?2006,2007
10.1111/j.1468-0262.2007.00746.x,Report of the Editors of the Monograph Series,2007
10.1111/j.1468-0262.2007.00747.x,Submission of Manuscripts to the Monograph Series,2007
10.1111/j.1468-0262.2007.00748.x,Back Matter,2007
10.1111/j.1468-0262.2007.00763.x,Front Matter,2007
10.1111/j.1468-0262.2007.00764.x,Decision Theory Applied to an Instrumental Variables Model,2007
10.1111/j.1468-0262.2007.00765.x,"Bargaining, Reputation, and Equilibrium Selection in Repeated Games with Contracts",2007
10.1111/j.1468-0262.2007.00766.x,"Dynamic Global Games of Regime Change: Learning, Multiplicity, and the Timing of Attacks",2007
10.1111/j.1468-0262.2007.00767.x,Dummy Endogenous Variables in Weakly Separable Models,2007
10.1111/j.1468-0262.2007.00768.x,Business Cycle Accounting,2007
10.1111/j.1468-0262.2007.00769.x,"Market Entry Costs, Producer Heterogeneity, and Export Dynamics",2007
10.1111/j.1468-0262.2007.00770.x,A Mechanism-Design Approach to Speculative Trade,2007
10.1111/j.1468-0262.2007.00771.x,On the Limits of Communication in Multidimensional Cheap Talk: A Comment,2007
10.1111/j.1468-0262.2007.00772.x,Announcements,2007
10.1111/j.1468-0262.2007.00773.x,Forthcoming Papers,2007
10.1111/j.1468-0262.2007.00774.x,2006 Election of Fellows to the Econometric Society,2007
10.1111/j.1468-0262.2007.00775.x,Fellows of the Econometric Society,2007
10.1111/j.1468-0262.2007.00776.x,Back Matter,2007
10.1111/j.1468-0262.2007.00777.x,Front Matter,2007
10.1111/j.1468-0262.2007.00778.x,Package Auctions and Exchanges,2007
10.1111/j.1468-0262.2007.00779.x,Approximate Generalizations and Computational Experiments,2007
10.1111/j.1468-0262.2007.00780.x,"Prices and Portfolio Choices in Financial Markets: Theory, Econometrics, Experiments",2007
10.1111/j.1468-0262.2007.00781.x,Efficiency with Endogenous Population Growth,2007
10.1111/j.1468-0262.2007.00782.x,"Beauty Is a Beast, Frog Is a Prince: Assortative Matching with Nontransferabilities",2007
10.1111/j.1468-0262.2007.00783.x,Efficient Use of Information and Social�Value�of�Information,2007
10.1111/j.1468-0262.2007.00784.x,Do Irrelevant Commodities Matter?,2007
10.1111/j.1468-0262.2007.00785.x,Least Squares Model Averaging,2007
10.1111/j.1468-0262.2007.00786.x,Nonparametric Instrumental Variables Estimation of a Quantile Regression Model,2007
10.1111/j.1468-0262.2007.00787.x,Nonparametric Matching and Efficient Estimators of Homothetically Separable Functions,2007
10.1111/j.1468-0262.2007.00788.x,Announcements,2007
10.1111/j.1468-0262.2007.00789.x,Forthcoming Papers,2007
10.1111/j.1468-0262.2007.00790.x,Report of the President,2007
10.1111/j.1468-0262.2007.00791.x,Submission of Manuscripts to the Econometric Society Monograph Series,2007
10.1111/j.1468-0262.2007.00792.x,Back Matter,2007
10.1111/j.1468-0262.2007.00793.x,Front Matter,2007
10.1111/j.1468-0262.2007.00794.x,Estimation and Confidence Regions for Parameter Sets in Econometric Models,2007
10.1111/j.1468-0262.2007.00795.x,Games with Imperfectly Observable Actions in Continuous Time,2007
10.1111/j.1468-0262.2007.00796.x,Estimating Dynamic Models of Imperfect Competition,2007
10.1111/j.1468-0262.2007.00797.x,Equilibrium Bias of Technology,2007
10.1111/j.1468-0262.2007.00798.x,Uniform Inference in Autoregressive Models,2007
10.1111/j.1468-0262.2007.00799.x,"Incentives, Contracts, and Markets: A General Equilibrium Theory of Firms",2007
10.1111/j.1468-0262.2007.00800.x,Gift Exchange in the Field,2007
10.1111/j.1468-0262.2007.00801.x,Identification of Marginal Effects in Nonseparable Models Without Monotonicity,2007
10.1111/j.1468-0262.2007.00802.x,Announcements,2007
10.1111/j.1468-0262.2007.00803.x,Forthcoming Papers,2007
10.1111/j.1468-0262.2007.00804.x,Back Matter,2007
10.1111/j.1468-0262.2007.00805.x,Front Matter,2007
10.1111/j.1468-0262.2007.00806.x,A Quantitative Theory of Unsecured Consumer Credit with Risk of Default,2007
10.1111/j.1468-0262.2007.00807.x,Social Learning in One-Arm Bandit Problems,2007
10.1111/j.1468-0262.2007.00808.x,Semi-Nonparametric IV Estimation of Shape-Invariant Engel Curves,2007
10.1111/j.1468-0262.2007.00809.x,Testing for Regime Switching,2007
10.1111/j.1468-0262.2007.00810.x,Level-k Auctions: Can a Nonequilibrium Model of Strategic Thinking Explain the Winner's Curse and Overbidding in Private-Value Auctions?,2007
10.1111/j.1468-0262.2007.00811.x,Transition Modeling and Econometric Convergence Tests,2007
10.1111/j.1468-0262.2007.00812.x,Announcements,2007
10.1111/j.1468-0262.2007.00813.x,Forthcoming Papers,2007
10.1111/j.1468-0262.2007.00814.x,Back Matter,2007
10.1111/j.1468-0262.2008.00833.x,Front Matter,2008
10.1111/j.1468-0262.2008.00834.x,Anticipating Regret: Why Fewer Options May Be Better,2008
10.1111/j.1468-0262.2008.00835.x,Admissibility in Games,2008
10.1111/j.1468-0262.2008.00836.x,Limited Rationality and Strategic Interaction: The Impact of the Strategic Environment on Nominal Inertia,2008
10.1111/j.1468-0262.2008.00837.x,Idiosyncratic Shocks and the Role of Nonconvexities in Plant and Aggregate Investment Dynamics,2008
10.1111/j.1468-0262.2008.00838.x,Investment Reversibility and Agency Cost of Debt,2008
10.1111/j.1468-0262.2008.00839.x,Computing the Distributions of Economic Models via Simulation,2008
10.1111/j.1468-0262.2008.00840.x,Announcements,2008
10.1111/j.1468-0262.2008.00841.x,Forthcoming Papers,2008
10.1111/j.1468-0262.2008.00842.x,Back Matter,2008
10.1111/j.1468-0262.2008.00843.x,Front Matter,2008
10.1111/j.1468-0262.2008.00844.x,Simple Efficient Contracts in Complex Environments,2008
10.1111/j.1468-0262.2008.00845.x,Collusion With Persistent Cost Shocks,2008
10.1111/j.1468-0262.2008.00846.x,Comparative Testing of Experts,2008
10.1111/j.1468-0262.2008.00847.x,Testing Multiple Forecasters,2008
10.1111/j.1468-0262.2008.00848.x,Eliciting Risk and Time Preferences,2008
10.1111/j.1468-0262.2008.00849.x,Political Economy of Mechanisms,2008
10.1111/j.1468-0262.2008.00850.x,Identifying Social Interactions Through Conditional Variance Restrictions,2008
10.1111/j.1468-0262.2008.00851.x,"Corrigendum to ""Estimating Long Memory in Volatility""",2008
10.1111/j.1468-0262.2008.00852.x,Announcements,2008
10.1111/j.1468-0262.2008.00853.x,Forthcoming Papers,2008
10.1111/j.1468-0262.2008.00854.x,2007 Election of Fellows to the Econometric Society,2008
10.1111/j.1468-0262.2008.00855.x,Back Matter,2008
10.1111/j.1468-0262.2008.00856.x,Front Matter,2008
10.1111/j.1468-0262.2008.00857.x,Formal and Informal Risk Sharing in LDCs: Theory and Empirical Evidence,2008
10.1111/j.1468-0262.2008.00858.x,Fisher's Information for Discretely Sampled Lvy Processes,2008
10.1111/j.1468-0262.2008.00859.x,Asymptotic Properties for a Class of Partially Identified Models,2008
10.1111/j.1468-0262.2008.00860.x,Measuring Inequity Aversion in a Heterogeneous Population Using Experimental Decisions and Subjective Probabilities,2008
10.1111/j.1468-0262.2008.00861.x,Equilibrium in Continuous-Time Financial Markets: Endogenously Dynamically Complete Markets,2008
10.1111/j.1468-0262.2008.00862.x,Common Learning,2008
10.1111/j.1468-0262.2008.00863.x,Announcements,2008
10.1111/j.1468-0262.2008.00864.x,Forthcoming Papers,2008
10.1111/j.1468-0262.2008.00865.x,Submission of Manuscripts to the Econometric Society Monograph Series,2008
10.1111/j.1468-0262.2008.00866.x,Back Matter,2008
10.3982/ecta10008,Sentiments,
10.3982/ecta10011,The Revealed Preference Theory of Stable and Extremal Stable Matchings,
10.3982/ecta10017,Asymptotically Efficient Estimation of Models Defined by Convex Moment Inequalities,
10.3982/ecta10018,Strategic Liquidity Provision in Limit Order Markets,
10.3982/ecta10029,"Residential Location, Work Location, and Labor Market Outcomes of Immigrants in Israel",
10.3982/ecta10038,Identification of Nonseparable Triangular Models With Discrete Instruments,2015
10.3982/ecta10072,Dynamic Preference for Flexibility,
10.3982/ecta10082,Testing for Common Conditionally Heteroskedastic Factors,
10.3982/ecta10104,Hazardous Times for Monetary Policy: What Do Twenty-Three Million Bank Loans Say About the Effects of Monetary Policy on Credit Risk-Taking?,
10.3982/ecta10107,Endogenous Ranking and Equilibrium Lorenz Curve Across (ex ante) Identical Countries,
10.3982/ecta10123,Genericity and Robustness of Full Surplus Extraction,
10.3982/ecta10125,Noisy Stochastic Games,
10.3982/ecta10135,Connected Substitutes and Invertibility of Demand,
10.3982/ecta10168,From Natural Variation to Optimal Policy? The Importance of Endogenous Peer Group Formation,
10.3982/ecta10170,A Dynamic Model of Demand for Houses and Neighborhoods,
10.3982/ecta10175,Revealed Preference Tests of the Cournot Model,
10.3982/ecta10217,Optimal Taxes on Fossil Fuel in General Equilibrium,
10.3982/ecta10233,"Revolt on the Nile: Economic Shocks, Religion, and Political Power",
10.3982/ecta10266,The Elite Illusion: Achievement Effects at Boston and New York Exam Schools,
10.3982/ecta10269,Dynamic Mechanism Design: A Myersonian Approach,
10.3982/ecta10285,Mechanism Design With Ambiguous Communication Devices,
10.3982/ecta10293,Identification in Auctions With Selective Entry,
10.3982/ecta10306,Nearly Efficient Likelihood Ratio Tests of the Unit Root Hypothesis,
10.3982/ecta10361,A Theory of Disagreement in Repeated Games With Bargaining,
10.3982/ecta10400,A Structural Model of Dense Network Formation,
10.3982/ecta10431,Preference for Flexibility and Random Choice,
10.3982/ecta10449,"Corrigendum to ""Competing Mechanisms in a Common Value Environment""",
10.3982/ecta10451,What Explains the 2007-2009 Drop in Employment?,2014
10.3982/ecta10455,"Comment on If You're so Smart, Why Aren't You Rich? Belief Selection in Complete and Incomplete Markets",
10.3982/ecta10457,Trade Liberalization and Labor Market Dynamics,
10.3982/ecta10486,Market Microstructure Invariance: Empirical Hypotheses,
10.3982/ecta10489,Underinvestment in a Profitable Technology: The Case of Seasonal Migration in Bangladesh,
10.3982/ecta10499,An Approach to Asset Pricing Under Incomplete and Diverse Perceptions,
10.3982/ecta10523,Impartial Nominations for a Prize,
10.3982/ecta10528,A Model of the Consumption Response to Fiscal Stimulus Payments,
10.3982/ecta10530,Discounted Stochastic Games With No Stationary Nash Equilibrium: Two Examples,
10.3982/ecta10534,Robust Estimation and Inference for Jumps in Noisy High Frequency Data: A Local-to-Continuity Theory for the Pre-Averaging Method,
10.3982/ecta10535,Nearly Optimal Tests When a Nuisance Parameter Is Present Under the Null Hypothesis,
10.3982/ecta10557,Uncertainty and Unemployment,
10.3982/ecta10570,Matching With (Branch-of-Choice) Contracts at the United States Military Academy,
10.3982/ecta10575,Stochastic Choice and Consideration Sets,
10.3982/ecta10581,Equivalence Between Out-of-Sample Forecast Comparisons and Wald Statistics,
10.3982/ecta10582,Inference on Counterfactual Distributions,
10.3982/ecta10586,Trade Dynamics in the Market for Federal Funds,2015
10.3982/ecta10592,On the Equivalence of Bayesian and Dominant Strategy Implementation,
10.3982/ecta10600,Large Market Asymptotics for Differentiated Product Demand Estimators With Economic Models of Supply,
10.3982/ecta10601,Identifying Treatment Effects Under Data Combination,
10.3982/ecta10616,Preemptive Policy Experimentation,
10.3982/ecta10621,Random Choice as Behavioral Optimization,
10.3982/ecta10637,Homo Moralis--Preference Evolution Under Incomplete Information and Assortative Matching,
10.3982/ecta10656,Agency Models With Frequent Actions,2015
10.3982/ecta10662,Price Setting With Menu Cost for Multiproduct Firms,
10.3982/ecta10675,Dynamic Marriage Matching: An Empirical Framework,
10.3982/ecta10700,"Equilibrium Labor Turnover, Firm Growth, and Unemployment",
10.3982/ecta10712,A Theory of Optimal Inheritance Taxation,
10.3982/ecta10719,Parametric Inference and Dynamic State Recovery From Option Panels,2015
10.3982/ecta10731,A Theory of Input-Output Architecture,
10.3982/ecta10739,"Comment on ""Commitment vs. Flexibility""",
10.3982/ecta10740,Stochastic Learning Dynamics and Speed of Convergence in Population Games,2016
10.3982/ecta10751,Survival versus Profit Maximization in a Dynamic Stochastic Experiment,2014
10.3982/ecta10762,Competing on Speed,
10.3982/ecta10763,How Responsive Is Investment in Schooling to Changes in Redistributive Policies and in Returns?,
10.3982/ecta10771,Sieve Wald and QLR Inferences on Semi/Nonparametric Conditional Moment Models,2015
10.3982/ecta10789,"Insider Trading, Stochastic Liquidity, and Equilibrium Prices",
10.3982/ecta10811,Necessity Is the Mother of Invention: Input Supplies and Directed Technical Change,2015
10.3982/ecta10813,Organizing the Global Value Chain,
10.3982/ecta10839,Sharing Rule Identification for General Collective Consumption Models,
10.3982/ecta10847,An Empirical Equilibrium Model of a Decentralized Asset Market,
10.3982/ecta10851,On the Testability of Identification in Some Nonparametric Models With Endogeneity,
10.3982/ecta10872,Time Consistency: Stationarity and Time Invariance,2015
10.3982/ecta10876,The Economics of Density: Evidence From the Berlin Wall,
10.3982/ecta10886,Time and No Lotteries: An Axiomatization of Maxmin Expected Utility,2015
10.3982/ecta10893,Non-Manipulable House Allocation With Rent Control,
10.3982/ecta10927,Really Uncertain Business Cycles,
10.3982/ecta10931,Private Information and Insurance Rejections,
10.3982/ecta10946,Relational Incentive Contracts With Persistent Private Information,
10.3982/ecta10975,The Economics of Counterfeiting,2015
10.3982/ecta10984,Information Frictions in Trade,2014
10.3982/ecta11000,A Comment on “Can Relaxation of Beliefs Rationalize the Winner's Curse?: An Experimental Study”,2015
10.3982/ecta11008,Competition for a Majority,
10.3982/ecta11011,A Practical Two-Step Method for Testing Moment Inequalities,
10.3982/ecta11020,"Promotion, Turnover, and Compensation in the Executive Labor Market",
10.3982/ecta11039,Endogenous Liquidity and Defaultable Bonds,
10.3982/ecta11041,"Firms, Destinations, and Aggregate Fluctuations",
10.3982/ecta11042,"Prices, Markups, and Trade Reform",
10.3982/ecta11048,Tenable Strategy Blocks and Settled Equilibria,2015
10.3982/ecta11059,Information in Tender Offers With a Large Shareholder,
10.3982/ecta11069,Time-Varying Risk Premium in Large Cross-Sectional Equity Data Sets,
10.3982/ecta11070,Certifiable Pre-Play Communication: Full Disclosure,
10.3982/ecta11085,Sentiments and Aggregate Demand Fluctuations,
10.3982/ecta11094,On Confidence Intervals for Autoregressive Roots and Predictive Regression,
10.3982/ecta11105,Robust Predictions in Games With Incomplete Information,
10.3982/ecta11117,The Political Economy of Moral Conflict: An Empirical Study of Learning and Law Enforcement Under Prohibition,
10.3982/ecta11127,"Comment on ""The Law of Large Demand for Information""",
10.3982/ecta11132,How Portable Is Level-0 Behavior? A Test of Level-k Theory in Games With Non-Neutral Frames,
10.3982/ecta11150,Why Doesn't Technology Flow From Rich to Poor Countries?,
10.3982/ecta11165,From Aggregate Betting Data to Individual Risk Preferences,
10.3982/ecta11169,"Life Expectancy, Schooling, and Lifetime Labor Supply: Theory and Evidence Revisited",
10.3982/ecta11182,Financial Health Economics,
10.3982/ecta11183,Stable Matching With Incomplete Information,
10.3982/ecta11206,Market-Triggered Changes in Capital Structure: Equilibrium Price Dynamics,
10.3982/ecta11207,Fiscal Rules and Discretion Under Persistent Shocks,
10.3982/ecta11221,"Marriage, Labor Supply, and Home Production",
10.3982/ecta11224,Inference on Causal Effects in a Generalized Regression Kink Design,
10.3982/ecta11231,A Test of Exogeneity Without Instrumental Variables in Models With Bunching,
10.3982/ecta11237,How Is Power Shared in Africa?,
10.3982/ecta11254,Consumption Dynamics During Recessions,2015
10.3982/ecta11281,No-Betting-Pareto Dominance,
10.3982/ecta11293,Matching on the Estimated Propensity Score,
10.3982/ecta11301,Identifying Equilibrium Models of Labor Market Sorting,
10.3982/ecta11319,Grouped Patterns of Heterogeneity in Panel Data,2015
10.3982/ecta11351,A Polynomial Optimization Approach to Principal-Agent Problems,
10.3982/ecta11354,Structural Change and the Kaldor Facts in a Growth Model With Relative Price Effects and Non-Gorman Preferences,2014
10.3982/ecta11374,Poverty and Self-Control,
10.3982/ecta11380,Time Horizon and Cooperation in Continuous Time,
10.3982/ecta11396,Consistency of Higher Order Risk Preferences,
10.3982/ecta11405,Generalized Reduced-Form Auctions: A Network-Flow Approach,
10.3982/ecta11412,A Rational Theory of Mutual Funds' Attention Allocation,
10.3982/ecta11419,Every Choice Function Is Backwards-Induction Rationalizable,
10.3982/ecta11423,Forced Coexistence and Economic Development: Evidence From Native American Reservations,2014
10.3982/ecta11427,The Allocation of Talent and U.S. Economic Growth,
10.3982/ecta11455,A Theory of the Stakeholder Corporation,
10.3982/ecta11473,Impatience versus Incentives,
10.3982/ecta11477,Entry and Exit in OTC Derivatives Markets,
10.3982/ecta11484,Democratization Under the Threat of Revolution: Evidence From the Great Reform Act of 1832,
10.3982/ecta11520,"Voting Technology, Political Responsiveness, and Infant Health: Evidence From Brazil",
10.3982/ecta11530,An Equilibrium Model of the African HIV/AIDS Epidemic,
10.3982/ecta11561,Implementation With Contingent Contracts,2014
10.3982/ecta11571,Complex Questionnaires,
10.3982/ecta11573,The Intrinsic Value of Decision Rights,2014
10.3982/ecta11574,The Role of Automatic Stabilizers in the U.S. Business Cycle,
10.3982/ecta11576,"Female Labor Supply, Human Capital, and Welfare Reform",
10.3982/ecta11600,Nonparametric Stochastic Discount Factor Decomposition,
10.3982/ecta11612,Preference Aggregation With Incomplete Information,
10.3982/ecta11618,Leverage and Default in Binomial Economies: A Complete Characterization,
10.3982/ecta11684,Fixed-Smoothing Asymptotics in a Two-Step Generalized Method of Moments Framework,2014
10.3982/ecta11696,Large Contests,
10.3982/ecta11711,A Dynamic Reinterpretation of Nash Bargaining With Endogenous Threats,
10.3982/ecta11733,Cautious Expected Utility and the Certainty Effect,
10.3982/ecta11738,Are Poor Cities Cheap for Everyone? Non‐Homotheticity and the Cost of Living Across U.S. Cities,
10.3982/ecta11757,Robust Nonparametric Confidence Intervals for Regression-Discontinuity Designs,2014
10.3982/ecta11776,Unemployment and Business Cycles,
10.3982/ecta11781,Experimental Games on Networks: Underpinnings of Behavior and Equilibrium Selection,
10.3982/ecta11788,Inefficient Investment Waves,
10.3982/ecta11846,Dynamic Logit With Choice Aversion,
10.3982/ecta11851,"Commitment, Flexibility, and Optimal Screening of Time Inconsistency",
10.3982/ecta11883,A Theory of Macroprudential Policies in the Presence of Nominal Rigidities,
10.3982/ecta11898,On Monotone Recursive Preferences,
10.3982/ecta11899,Individual Heterogeneity and Average Welfare,
10.3982/ecta11905,The Dual Approach to Recursive Optimization: Theory and Examples,
10.3982/ecta11917,The Value of Free Water: Analyzing South Africa's Free Basic Water Policy,
10.3982/ecta11927,Usage-Based Pricing and Demand for Residential Broadband,
10.3982/ecta11930,Long Memory via Networking,
10.3982/ecta11952,Bootstrap Testing of Hypotheses on Co-Integration Relations in Vector Autoregressive Models,
10.3982/ecta11963,Money as a Unit of Account,
10.3982/ecta11965,Reputation and the Flow of Information in Repeated Games,
10.3982/ecta11974,A Test for Instrument Validity,
10.3982/ecta11983,Identifying Higher-Order Rationality,
10.3982/ecta11991,Understanding Mechanisms Underlying Peer Effects: Evidence From a Field Experiment on Financial Decisions,
10.3982/ecta12022,The Farsighted Stable Set,2015
10.3982/ecta12030,A Geometric Approach to Nonlinear Econometric Models,
10.3982/ecta12043,Trading and Information Diffusion in Over-the-Counter Markets,
10.3982/ecta12058,Strategic Learning and the Topology of Social Networks,2015
10.3982/ecta12099,Asset Markets With Heterogeneous Information,
10.3982/ecta12103,Efficient Competition Through Cheap Talk: The Case of Competing Auctions,
10.3982/ecta12121,"IV Quantile Regression for Group-Level Treatments, With an Application to the Distributional Effects of Trade",
10.3982/ecta12131,Knightian Analysis of the Vickrey Mechanism,
10.3982/ecta12132,Political Economy of Redistribution,
10.3982/ecta12144,"Buy, Keep, or Sell: Economic Growth and the Market for Ideas",
10.3982/ecta12148,Trade Credit and the Propagation of Corporate Failure: An Empirical Analysis,
10.3982/ecta12182,Truthful Equilibria in Dynamic Bayesian Games,
10.3982/ecta12183,Corrigendum to “Discounted Stochastic Games With No Stationary Nash Equilibrium: Two Examples”,2015
10.3982/ecta12188,Bounded Memory and Biases in Information Processing,2014
10.3982/ecta12211,"Corrigendum to ""Teachers, Schools, and Academic Achievement""",
10.3982/ecta12216,Using Adaptive Sparse Grids to Solve High-Dimensional Dynamic Models,
10.3982/ecta12223,Generalized Instrumental Variable Models,
10.3982/ecta12273,Savage in the Market,
10.3982/ecta12299,Large Matching Markets as Two-Sided Demand Systems,2015
10.3982/ecta12302,Sales Force and Competition in Financial Product Markets: The Case of Mexico's Social Security Privatization,
10.3982/ecta12306,Generalized Method of Integrated Moments for High-Frequency Data,
10.3982/ecta12307,Market Power and the Laffer Curve,
10.3982/ecta12340,Existence of Optimal Mechanisms in Principal-Agent Problems,
10.3982/ecta12345,A Characterization of Rationalizable Consumer Behavior,2015
10.3982/ecta12349,Investment and Competitive Matching,2015
10.3982/ecta12356,"Sign Restrictions, Structural Vector Autoregressions, and Useful Prior Information",
10.3982/ecta12401,Shadow Insurance,
10.3982/ecta12407,Conditional Linear Combination Tests for Weakly Identified Models,
10.3982/ecta12423,Consumer Heterogeneity and Paid Search Effectiveness: A Large-Scale Field Experiment,2015
10.3982/ecta12480,Equilibria in Health Exchanges: Adverse Selection versus Reclassification Risk,
10.3982/ecta12498,Unemployment and Endogenous Reallocation Over the Business Cycle,
10.3982/ecta12501,Assessment of Uncertainty in High Frequency Data: The Observed Asymptotic Variance,
10.3982/ecta12536,Equilibrium Selection in Auctions and High Stakes Games,
10.3982/ecta12558,A Structural Econometric Analysis of Network Formation Games Through Subnetworks,
10.3982/ecta12560,Identifying Latent Structures in Panel Data,
10.3982/ecta12563,Tight Revenue Bounds With Possibilistic Beliefs and Level-k Rationality,
10.3982/ecta12574,Nonparametric Welfare Analysis for Discrete Choice,
10.3982/ecta12576,Nash Equilibria on (Un)Stable Networks,
10.3982/ecta12605,"Comment on ""Constrained Optimization Approaches to Estimation of Structural Models""",
10.3982/ecta12609,Berk-Nash Equilibrium: A Framework for Modeling Agents With Misspecified Models,
10.3982/ecta12618,Strong Duality for a Multiple-Good Monopolist,
10.3982/ecta12628,Reputational Bargaining and Deadlines,
10.3982/ecta12635,Strategic Trading in Informationally Complex Environments,
10.3982/ecta12660,Stochastic Choice and Revealed Perturbed Utility,
10.3982/ecta12675,Sampling‐Based versus Design‐Based Uncertainty in Regression Analysis,
10.3982/ecta12676,Utilitarian Preferences With Multiple Priors,
10.3982/ecta12679,An Econometric Model of Network Formation With Degree Heterogeneity,
10.3982/ecta12687,Dynamic Mixture-Averse Preferences,
10.3982/ecta12694,Menu-Dependent Stochastic Feasibility,
10.3982/ecta12701,Kernel-Based Semiparametric Estimators: Small Bandwidth Asymptotics and Bootstrap Consistency,
10.3982/ecta12723,Program Evaluation and Causal Inference With High-Dimensional Data,
10.3982/ecta12749,Power Enhancement in High-Dimensional Cross-Sectional Tests,
10.3982/ecta12791,Lower Bounds on Approximation Errors to Numerical Solutions of Dynamic Economic Models,
10.3982/ecta12798,Money and Credit Redux,
10.3982/ecta12807,Micro Data and Macro Technology,
10.3982/ecta12821,Random Choice and Private Information,
10.3982/ecta12868,Conditional Inference With a Functional Nuisance Parameter,
10.3982/ecta12876,The Value of Regulatory Discretion: Estimates From Environmental Inspections in India,
10.3982/ecta12926,Why Is Productivity Correlated With Competition?,
10.3982/ecta12961,From Bottom of the Barrel to Cream of the Crop: Sequential Screening With Positive Selection,
10.3982/ecta12962,Jump Regressions,
10.3982/ecta12974,Bargaining With Asymmetric Information: An Empirical Study of Plea Negotiations,
10.3982/ecta12987,"Farms, Families, and Markets: New Evidence on Completeness of Markets in Agricultural Settings",
10.3982/ecta13047,Recursive Equilibria in Dynamic Economies With Stochastic Production,
10.3982/ecta13079,Quantifying Confidence,
10.3982/ecta13081,Randomization Tests Under an Approximate Symmetry Assumption,
10.3982/ecta13085,Statistical Properties of Microstructure Noise,
10.3982/ecta13089,Rushes in Large Timing Games,
10.3982/ecta13117,Networks in Conflict: Theory and Evidence From the Great War of Africa,
10.3982/ecta13121,When Does Predation Dominate Collusion?,
10.3982/ecta13127,Robust Contracts in Continuous Time,
10.3982/ecta13141,Robust Confidence Intervals for Average Treatment Effects Under Limited Overlap,
10.3982/ecta13191,Backward Induction Foundations of the Shapley Value,
10.3982/ecta13239,Partial Ambiguity,
10.3982/ecta13251,Persuasion of a Privately Informed Receiver,
10.3982/ecta13288,Who Should Be Treated? Empirical Welfare Maximization Methods for Treatment Choice,
10.3982/ecta13304,On Completeness and Consistency in Nonparametric Instrumental Variable Models,
10.3982/ecta13307,The Implementation Duality,
10.3982/ecta13320,Communication With Unknown Perspectives,
10.3982/ecta13333,Understanding the Price Effects of the MillerCoors Joint Venture,
10.3982/ecta13337,Consistent Probabilistic Social Choice,
10.3982/ecta13372,Forecasting With Model Uncertainty: Representations and Risk Reduction,
10.3982/ecta13394,Robust Confidence Regions for Incomplete Models,
10.3982/ecta13408,Identification Properties of Recent Production Function Estimators,
10.3982/ecta13426,"Perfect Conditional 
            <i>ε</i>‐Equilibria of Multi‐Stage Games With Infinite Sets of Signals and Actions",
10.3982/ecta13434,Perfect Competition in Markets With Adverse Selection,
10.3982/ecta13438,Long-Term Risk: A Martingale Approach,
10.3982/ecta13447,No-Bubble Condition: Model-Free Tests in Housing Markets,
10.3982/ecta13448,Elite Recruitment and Political Stability: The Impact of the Abolition of China's Civil Service Exam,
10.3982/ecta13465,Poor (Wo)man's Bootstrap,
10.3982/ecta13533,Altruism in Networks,
10.3982/ecta13547,Stable Matching in Large Economies,
10.3982/ecta13559,Overidentification in Regular Models,
10.3982/ecta13564,Identifying Preferences in Networks With Bounded Degree,
10.3982/ecta13565,The Efficiency of Slacking off: Evidence From the Emergency Department,
10.3982/ecta13569,The Dynamics of Inequality,
10.3982/ecta13570,Insurer Competition in Health Care Markets,
10.3982/ecta13575,Identification of Nonparametric Simultaneous Equations Models With a Residual Index Structure,
10.3982/ecta13595,EXcess Idle Time,
10.3982/ecta13601,"Precautionary Savings, Illiquid Assets, and the Aggregate Consequences of Shocks to Household Income Risk",
10.3982/ecta13615,Demand Analysis Using Strategic Reports: An Application to a School Choice Mechanism,
10.3982/ecta13636,Rational Inattention Dynamics: Inertia and Delay in Decision-Making,
10.3982/ecta13637,Contract Negotiation and the Coase Conjecture: A Strategic Foundation for Renegotiation-Proof Contracts,
10.3982/ecta13639,Nonparametric Instrumental Variable Estimation Under Monotonicity,
10.3982/ecta13660,"Dynamic Spatial Panel Models: Networks, Common Shocks, and Sequential Exogeneity",
10.3982/ecta13673,The Probability to Reach an Agreement as a Foundation for Axiomatic Bargaining,
10.3982/ecta13683,"Social Networks, Reputation, and Commitment: Evidence From a Savings Monitors Experiment",
10.3982/ecta13693,"Understanding Preferences: “Demand Types”, and the Existence of Equilibrium With Indivisibilities",
10.3982/ecta13734,Diversity and Conflict,
10.3982/ecta13750,Spurious Inference in Reduced-Rank Asset-Pricing Models,
10.3982/ecta13758,Trade and Labor Market Dynamics: General Equilibrium Analysis of the China Trade Shock,
10.3982/ecta13761,Optimal Development Policies With Financial Frictions,
10.3982/ecta13765,"Engel's Law in the Global Economy: Demand‐Induced Patterns of Structural Change, Innovation, and Trade",
10.3982/ecta13777,Unordered Monotonicity,
10.3982/ecta13795,Earnings and Consumption Dynamics: A Nonlinear Panel Data Framework,
10.3982/ecta13830,Constrained Conditional Moment Restriction Models,
10.3982/ecta13865,Aspirations and Inequality,
10.3982/ecta13880,The Identification of Beliefs From Asset Demand,
10.3982/ecta13918,Nonlinear Pricing in Village Economies,
10.3982/ecta13925,Research Design Meets Market Design: Using Centralized Assignment for Impact Evaluation,
10.3982/ecta13937,A Theory of Intergenerational Altruism,
10.3982/ecta13948,The Effect of Changes in Risk Attitude on Strategic Behavior,
10.3982/ecta13958,First-Price Auctions With General Information Structures: Implications for Bidding and Revenue,
10.3982/ecta13960,Uncertainty Shocks in a Model of Effective Demand,
10.3982/ecta13971,Dual-Donor Organ Exchange,
10.3982/ecta14008,Searching for Job Security and the Consequences of Job Loss,
10.3982/ecta14023,Credibility of Confidence Sets in Nonstandard Econometric Problems,
10.3982/ecta14030,Quantile Selection Models With an Application to Understanding Changes in Wage Inequality,
10.3982/ecta14031,The Welfare Effects of Vertical Integration in Multichannel Television Markets,
10.3982/ecta14044,The Global Diffusion of Ideas,
10.3982/ecta14057,Search for Yield,
10.3982/ecta14060,Very Simple Markov-Perfect Industry Dynamics: Theory,2018
10.3982/ecta14075,Confidence Intervals for Projections of Partially Identified Parameters,
10.3982/ecta14084,Unrealistic Expectations and Misguided Learning,
10.3982/ecta14115,Estimating Semi-Parametric Panel Multinomial Choice Models Using Cyclic Monotonicity,
10.3982/ecta14125,The Non-Democratic Roots of Elite Capture: Evidence From Soeharto Mayors in Indonesia,
10.3982/ecta14138,Nonparametric Inference on State Dependence in Unemployment,
10.3982/ecta14139,The Evolution of Culture and Institutions: Evidence From the Kuba Kingdom,
10.3982/ecta14151,A Fairness Justification of Utilitarianism,
10.3982/ecta14156,Coalitional Expected Multi‐Utility Theory,
10.3982/ecta14159,Trading Networks With Frictions,
10.3982/ecta14165,Robustness and Separation in Multidimensional Screening,
10.3982/ecta14172,Eliciting Temptation and Self-Control Through Menu Choices: A Lab Experiment,
10.3982/ecta14176,"A One Covariate at a Time, Multiple Testing Approach to Variable Selection in High-Dimensional Linear Regression Models",
10.3982/ecta14230,Single-Crossing Random Utility Models,
10.3982/ecta14234,Paralyzed by Fear: Rigid and Discrete Pricing Under Demand Uncertainty,
10.3982/ecta14243,The Aggregate Implications of Regional Business Cycles,
10.3982/ecta14246,Estimation of an Equilibrium Model With Externalities: Post‐Disaster Neighborhood Rebuilding,
10.3982/ecta14251,Competitive Bundling,
10.3982/ecta14269,Identifying Effects of Multivalued Treatments,
10.3982/ecta14281,Social Media and Protest Participation: Evidence From Russia,
10.3982/ecta14308,Identifying Long-Run Risks: A Bayesian Mixed-Frequency Approach,
10.3982/ecta14330,Value of Persistent Information,
10.3982/ecta14346,"Continuity, Inertia, and Strategic Uncertainty: A Test of the Theory of Continuous Time Games",
10.3982/ecta14357,Algorithms for Stochastic Games With Perfect Monitoring,
10.3982/ecta14370,Measuring Ambiguity Attitudes for All (Natural) Events,
10.3982/ecta14392,Liberation Technology: Mobile Phones and Political Mobilization in Africa,
10.3982/ecta14396,Time Preferences and Bargaining,
10.3982/ecta14407,Testing Models of Social Learning on Networks: Evidence From Two Experiments,
10.3982/ecta14411,Volatility and the Gains From Trade,
10.3982/ecta14415,The Sorted Effects Method: Discovering Heterogeneous Effects Beyond Their Averages,
10.3982/ecta14417,A News-Utility Theory for Inattention and Delegation in Portfolio Choice,
10.3982/ecta14429,A Note on Comparative Ambiguity Aversion and Justifiability,
10.3982/ecta14434,Optimal Inference in a Class of Regression Models,
10.3982/ecta14436,Insurgency and Small Wars: Estimation of Unobserved Coalition Structures,
10.3982/ecta14441,Estimation of a Roy/Search/Compensating Differential Model of the Labor Market,
10.3982/ecta14450,Assortative Matching With Large Firms,
10.3982/ecta14468,Inference Based on Structural Vector Autoregressions Identified With Sign and Zero Restrictions: Theory and Applications,
10.3982/ecta14474,Career and Family Decisions: Cohorts Born 1935-1975,
10.3982/ecta14478,Nonparametric Analysis of Random Utility Models,
10.3982/ecta14481,Identification of Treatment Effects Under Conditional Partial Independence,
10.3982/ecta14518,"Growth, Trade, and Inequality",
10.3982/ecta14525,Monte Carlo Confidence Sets for Identified Sets,
10.3982/ecta14528,"Optimal Taxation, Marriage, Home Production, and Family Labor Supply",
10.3982/ecta14534,Bargaining Under Strategic Uncertainty: The Role of Second‐Order Optimism,
10.3982/ecta14564,Competitive Division of a Mixed Manna,
10.3982/ecta14603,What Do Data on Millions of U.S. Workers Reveal About Lifecycle Earnings Dynamics?,
10.3982/ecta14605,Fixed‐Effect Regressions on Network Data,
10.3982/ecta14607,Risk Preferences and the Macroeconomic Announcement Premium,
10.3982/ecta14613,A Theory of Non-Bayesian Social Learning,2018
10.3982/ecta14634,Parenting With Style: Altruism and Paternalism in Intergenerational Preference Transmission,
10.3982/ecta14649,Alternative Asymptotics for Cointegration Tests in Large VARs,
10.3982/ecta14667,Errors in the Dependent Variable of Quantile Regression Models,
10.3982/ecta14673,Preferences for Truth‐Telling,
10.3982/ecta14681,Nonlinear Tax Incidence and Optimal Taxation in General Equilibrium,
10.3982/ecta14690,Inference in Group Factor Models With an Application to Mixed‐Frequency Data,
10.3982/ecta14698,Equivalence of Stochastic and Deterministic Mechanisms,
10.3982/ecta14713,Pricing and Liquidity in Decentralized Asset Markets,
10.3982/ecta14718,Progressive Learning,
10.3982/ecta14720,Multiproduct-Firm Oligopoly: An Aggregative Games Approach,
10.3982/ecta14727,Consistent Pseudo-Maximum Likelihood Estimators and Groups of Transformations,
10.3982/ecta14763,Micro to Macro: Optimal Trade Policy With Firm Heterogeneity,
10.3982/ecta14777,General Equilibrium With Uncertainty Loving Preferences,
10.3982/ecta14806,Take the Short Route: Equilibrium Default and Debt Maturity,
10.3982/ecta14835,Heterogeneity and Persistence in Returns to Wealth,
10.3982/ecta14837,Consumer Search and Price Competition,
10.3982/ecta14866,On Multiple Discount Rates,
10.3982/ecta14917,"Activism, Strategic Trading, and Liquidity",
10.3982/ecta14929,Optimal Asset Management Contracts With Hidden Savings,
10.3982/ecta14930,How Destructive Is Innovation?,
10.3982/ecta14934,Equilibria Under Knightian Price Uncertainty,
10.3982/ecta14935,Market Selection and the Information Content of Prices,
10.3982/ecta14943,Surprised by the Hot Hand Fallacy? A Truth in the Law of Small Numbers,
10.3982/ecta14952,Forecasting With Dynamic Panel Data Models,
10.3982/ecta14953,Cheap Talk With Endogenous Conflict of Interest,
10.3982/ecta14954,The Myopic Stable Set for Social Environments,
10.3982/ecta14991,Mechanisms With Evidence: Commitment and Robustness,
10.3982/ecta14993,Robust Mechanisms Under Common Valuation,
10.3982/ecta15011,Social Discounting and Intergenerational Pareto,
10.3982/ecta15020,Reconciling Models of Diffusion and Innovation: A Theory of the Productivity Distribution and Technology Frontier,
10.3982/ecta15022,Provider Incentives and Healthcare Costs: Evidence From Long-Term Care Hospitals,
10.3982/ecta15047,Long-Run Covariability,
10.3982/ecta15067,Aggregating Elasticities: Intensive and Extensive Margins of Women's Labor Supply,
10.3982/ecta15085,Learning and Type Compatibility in Signaling Games,
10.3982/ecta15088,Retirement Financing: An Optimal Reform Approach,
10.3982/ecta15112,Saving and Dissaving With Hyperbolic Discounting,
10.3982/ecta15122,"The Historical State, Local Collective Action, and Economic Development in Vietnam",
10.3982/ecta15129,Estimating Both Supply and Demand Elasticities Using Variation in a Single Tax Rate,
10.3982/ecta15142,Asset Pricing With Endogenously Uninsurable Tail Risk,
10.3982/ecta15146,Dynamic Quantile Models of Rational Behavior,
10.3982/ecta15182,Randomization and Ambiguity Aversion,
10.3982/ecta15202,The Macroeconomic Impact of Microeconomic Shocks: Beyond Hulten's Theorem,
10.3982/ecta15213,Optimal Transport Networks in Spatial Equilibrium,
10.3982/ecta15238,Discretizing Unobserved Heterogeneity,
10.3982/ecta15265,Nexus Tax Laws and Economies of Density in E‐Commerce: A Study of Amazon's Fulfillment Center Network,
10.3982/ecta15272,Revision Games,
10.3982/ecta15280,Cascading Failures in Production Networks,
10.3982/ecta15293,Dynamic Belief Elicitation,
10.3982/ecta15295,"Old, Frail, and Uninsured: Accounting for Features of the U.S. Long‐Term Care Insurance Market",
10.3982/ecta15318,Learning With Heterogeneous Misspecified Models: Characterization and Robustness,
10.3982/ecta15328,Market Selection With Differential Financial Constraints,
10.3982/ecta15362,On the Geography of Global Value Chains,
10.3982/ecta15373,Expressive Voting and Its Cost: Evidence From Runoffs With Two or Three Candidates,
10.3982/ecta15383,Bootstrap With Cluster‐Dependence in Two or More Dimensions,
10.3982/ecta15404,The Size‐Power Tradeoff in HAR Inference,
10.3982/ecta15405,Uncertainty Shocks in a Model of Effective Demand: Comment,
10.3982/ecta15420,The Macro Impact of Short‐Termism,
10.3982/ecta15444,"On Heckits, LATE, and Numerical Equivalence",
10.3982/ecta15445,Optimal Taxation and R&amp;D Policies,
10.3982/ecta15455,"Geography, Transportation, and Endogenous Trade Costs",
10.3982/ecta15456,Dynamic Random Utility,
10.3982/ecta15463,Using Instrumental Variables for Inference About Policy Relevant Treatment Parameters,
10.3982/ecta15479,Measurable Selection for Purely Atomic Games,
10.3982/ecta15505,"Age of Marriage, Weather Shocks, and the Direction of Marriage Payments",
10.3982/ecta15510,Selecting Applicants,
10.3982/ecta15530,Non‐Clairvoyant Dynamic Mechanism Design,
10.3982/ecta15565,"Heterogeneous Markups, Growth, and Endogenous Misallocation",
10.3982/ecta15579,Instability of Centralized Markets,
10.3982/ecta15593,When Moving‐Average Models Meet High‐Frequency Data: Uniform Inference on Volatility,
10.3982/ecta15597,Peer‐Confirming Equilibrium,
10.3982/ecta15604,Informational Channels of Financial Contagion,
10.3982/ecta15641,Media Capture Through Favor Exchange,
10.3982/ecta15668,The Interval Structure of Optimal Disclosure,
10.3982/ecta15674,Cheap Talk With Transparent Motives,
10.3982/ecta15676,"Endowments, Exclusion, and Exchange",
10.3982/ecta15712,Strategic Communication With Minimal Verification,
10.3982/ecta15722,A Distributional Framework for Matched Employer Employee Data,
10.3982/ecta15732,Policy Learning With Observational Data,
10.3982/ecta15735,Strong Duality in Monopoly Pricing,
10.3982/ecta15746,Quantile Factor Models,
10.3982/ecta15749,Arrovian Aggregation of Convex Preferences,
10.3982/ecta15768,Mechanism Design With Aftermarkets: Cutoff Mechanisms,
10.3982/ecta15828,Eliminating Uncertainty in Market Access: The Impact of New Bridges in Rural Nicaragua,
10.3982/ecta15844,Power in High‐Dimensional Testing Problems,
10.3982/ecta15845,On the Efficiency of Social Learning,
10.3982/ecta15847,Learning From Reviews: The Selection Effect and the Speed of Learning,
10.3982/ecta15867,Identification With Additively Separable Heterogeneity,
10.3982/ecta15873,Policy Persistence and Drift in Organizations,
10.3982/ecta15897,Strategically Simple Mechanisms,
10.3982/ecta15899,Endogenous Production Networks,
10.3982/ecta15916,A Non‐Bayesian Theory of State‐Dependent Utility,
10.3982/ecta15925,Credible Auctions: A Trilemma,
10.3982/ecta15940,Trading Votes for Votes. A Dynamic Theory,
10.3982/ecta15949,Financial Heterogeneity and the Investment Channel of Monetary Policy,
10.3982/ecta15959,Tackling Youth Unemployment: Evidence From a Labor Market Experiment in Uganda,
10.3982/ecta15962,The Welfare Effects of Encouraging Rural–Urban Migration,
10.3982/ecta15966,Inferring Inequality With Home Production,
10.3982/ecta16004,Linear Voting Rules,
10.3982/ecta16032,Estimating the Effect of Treatments Allocated by Randomized Waiting Lists,
10.3982/ecta16039,On the Effect of Parallel Trade on Manufacturers' and Retailers' Profits in the Pharmaceutical Sector,
10.3982/ecta16047,Maximality in the Farsighted Stable Set,
10.3982/ecta16050,Optimal Discounting,
10.3982/ecta16051,Exclusion Restrictions in Dynamic Binary Choice Panel Data Models: Comment on “Semiparametric Binary Choice Panel Data Models Without Strictly Exogenous Regressors”,
10.3982/ecta16083,Whither Formal Contracts?,
10.3982/ecta16084,Quantitative Analysis of Multiparty Tariff Negotiations,
10.3982/ecta16173,Targeting Interventions in Networks,
10.3982/ecta16180,The Welfare Effects of Dynamic Pricing: Evidence From Airline Markets,
10.3982/ecta16190,Random Evolving Lotteries and Intrinsic Preference for Information,
10.3982/ecta16196,Tradability and the Labor‐Market Impact of Immigration: Theory and Evidence From the United States,
10.3982/ecta16228,Pairwise Stable Matching in Large Economies,
10.3982/ecta16262,Uncertainty Shocks in a Model of Effective Demand: Reply,
10.3982/ecta16273,Analysis of Testing‐Based Forward Model Selection,
10.3982/ecta16274,Inference for Iterated GMM Under Misspecification,
10.3982/ecta16280,Robust Incentives for Teams,
10.3982/ecta16294,Locally Robust Semiparametric Estimation,
10.3982/ecta16295,Investment Demand and Structural Change,
10.3982/ecta16297,Optimal Auction Design With Common Values: An Informationally Robust Approach,
10.3982/ecta16310,A Theory of Simplicity in Games and Mechanism Design,
10.3982/ecta16317,Structural Change With Long‐Run Income and Price Effects,
10.3982/ecta16327,Segmentary Lineage Organization and Conflict in Sub‐Saharan Africa,
10.3982/ecta16346,Test Design Under Falsification,
10.3982/ecta16376,Full Information Equivalence in Large Elections,
10.3982/ecta16382,Inferring Cognitive Heterogeneity From Aggregate Choices,
10.3982/ecta16385,Valuing Peace: The Effects of Financial Market Exposure on Votes and Political Attitudes,
10.3982/ecta16400,Efficient and Incentive‐Compatible Liver Exchange,
10.3982/ecta16409,Understanding HANK: Insights From a PRANK,
10.3982/ecta16410,Leave‐Out Estimation of Variance Components,
10.3982/ecta16413,Theory of Weak Identification in Semiparametric Models,
10.3982/ecta16414,"Inequality, Business Cycles, and Monetary‐Fiscal Policy",
10.3982/ecta16417,Media Competition and Social Disagreement,
10.3982/ecta16425,The Anatomy of Sorting—Evidence From Danish Data,
10.3982/ecta16427,Time Lotteries and Stochastic Impatience,
10.3982/ecta16437,Model Selection for Treatment Choice: Penalized Welfare Maximization,
10.3982/ecta16438,A Macroeconomic Model With Financially Constrained Producers and Intermediaries,
10.3982/ecta16447,Rational Bubbles in UK Housing Markets: Comment on “No‐Bubble Condition: Model‐Free Tests in Housing Markets”,
10.3982/ecta16455,Household Leverage and the Recession,
10.3982/ecta16465,Social Learning Equilibria,
10.3982/ecta16467,Present Bias,
10.3982/ecta16475,Optimal Monitoring Design,
10.3982/ecta16481,Selection Without Exclusion,
10.3982/ecta16484,Frontier Culture: The Roots and Persistence of “Rugged Individualism” in the United States,
10.3982/ecta16535,Viability and Arbitrage Under Knightian Uncertainty,
10.3982/ecta16537,Exchange Design and Efficiency,
10.3982/ecta16557,Inference Under Random Limit Bootstrap Measures,
10.3982/ecta16566,Measuring Group Differences in High‐Dimensional Choices: Method and Application to Congressional Speech,
10.3982/ecta16581,An Empirical Model of R&amp;D Procurement Contests: An Analysis of the DOD SBIR Program,
10.3982/ecta16584,Reputation Effects Under Interdependent Values,
10.3982/ecta16591,Understanding Doctor Decision Making: The Case of Depression Treatment,
10.3982/ecta16598,"Misallocation, Selection, and Productivity: A Quantitative Analysis With Panel Data From China",
10.3982/ecta16599,"Banks, Liquidity Management, and Monetary Policy",
10.3982/ecta16646,On the Empirical Validity of Cumulative Prospect Theory: Experimental Evidence of Rank‐Independent Probability Weighting,
10.3982/ecta16666,Structural Rationality in Dynamic Games,
10.3982/ecta16671,Redistribution Through Markets,
10.3982/ecta16680,The Folk Theorem in Repeated Games With Anonymous Random Matching,
10.3982/ecta16685,Reputation and Sovereign Default,
10.3982/ecta16686,Matching With Complementary Contracts,
10.3982/ecta16699,Location as an Asset,
10.3982/ecta16703,Spurious Factor Analysis,
10.3982/ecta16729,An Axiomatic Model of Persuasion,
10.3982/ecta16748,Production and Learning in Teams,
10.3982/ecta16755,Decomposing the Growth of Top Wealth Shares,
10.3982/ecta16756,Unbundling Polarization,
10.3982/ecta16768,On the Informativeness of Descriptive Statistics for Structural Estimates,
10.3982/ecta16773,Robust Bayesian Inference for Set‐Identified Models,
10.3982/ecta16801,The Empirical Content of Binary Choice Models,
10.3982/ecta16846,Mechanism Design With Limited Commitment,
10.3982/ecta16863,"State Capacity, Reciprocity, and the Social Contract",
10.3982/ecta16901,Deep Neural Networks for Estimation and Inference,
10.3982/ecta16907,Finite‐Sample Optimal Estimation and Inference on Average Treatment Effects Under Unconfoundedness,
10.3982/ecta16910,A New Parametrization of Correlation Matrices,
10.3982/ecta16915,Learning From Coworkers,
10.3982/ecta16930,Capital Buffers in a Quantitative Model of Banking Industry Dynamics,
10.3982/ecta16944,Probabilities as Similarity-Weighted Frequencies: A Comment,
10.3982/ecta16962,Fiscal Rules and Discretion Under Limited Enforcement,
10.3982/ecta16981,Misinterpreting Others and the Fragility of Social Learning,
10.3982/ecta17007,The Speed of Innovation Diffusion in Social Networks,
10.3982/ecta17014,A Note on Arrow-Enthoven's Sufficiency Theorem on Quasi-Concave Programming: Corrigendum to: Quasi-Concave Programming,
10.3982/ecta17016,Screening in Vertical Oligopolies,
10.3982/ecta17017,Equilibrium Allocations Under Alternative Waitlist Designs: Evidence From Deceased Donor Kidneys,
10.3982/ecta17018,Intergenerational Mobility in Africa,
10.3982/ecta17021,Experimentation and Approval Mechanisms,
10.3982/ecta17032,Equitable Voting Rules,
10.3982/ecta17038,Dynamic Noisy Rational Expectations Equilibrium With Insider Information,
10.3982/ecta17041,Contract Enforcement and Productive Efficiency: Evidence From the Bidding and Renegotiation of Power Contracts in India,
10.3982/ecta17051,Persuasion Meets Delegation,
10.3982/ecta17056,Realized Semicovariances,
10.3982/ecta17068,A Sieve‐SMM Estimator for Dynamic Models,
10.3982/ecta17082,"Making a 
            <i>NARCO</i>: Childhood Exposure to Illegal Labor Markets and Criminal Life Paths",
10.3982/ecta17105,Statistical Inference in Games,
10.3982/ecta17125,Breaking Ties: Regression Discontinuity Design Meets Market Design,
10.3982/ecta17126,Long‐Term Contracting With Time‐Inconsistent Agents,
10.3982/ecta17155,Robust Screens for Noncompetitive Bidding in Procurement Auctions,
10.3982/ecta17173,Attention Please!,
10.3982/ecta17181,"Another Corrigendum to ""Utility Theory Without the Completeness Axiom""",
10.3982/ecta17215,Nonparametric Estimates of Demand in the California Health Insurance Exchange,
10.3982/ecta17232,Counterfactual Sensitivity and Robustness,
10.3982/ecta17237,Generalized Belief Operator and Robustness in Binary‐Action Supermodular Games,
10.3982/ecta17249,Maximum Likelihood Estimation in Markov Regime‐Switching Models With Covariate‐Dependent Transition Probabilities,
10.3982/ecta17260,Sequential Information Design,
10.3982/ecta17265,Taxing Identity: Theory and Evidence From Early Islam,
10.3982/ecta17288,Strategic Sample Selection,
10.3982/ecta17318,Corrigendum to “Trading and Information Diffusion in Over‐the‐Counter Markets”,
10.3982/ecta17319,"The Limits of 
            <i>ONETARY ECONOMICS</i>: On Money as a Constraint on Market Power",
10.3982/ecta17344,Aggregate Dynamics in Lumpy Economies,
10.3982/ecta17345,Dynamic Information Provision: Rewarding the Past and Guiding the Future,
10.3982/ecta17348,The Analytic Theory of a Monetary Shock,
10.3982/ecta17378,A Practical Guide to Updating Beliefs From Contradictory Evidence,
10.3982/ecta17386,A General Framework for Robust Contracting Models,
10.3982/ecta17388,Identification at the Zero Lower Bound,
10.3982/ecta17408,"Low Interest Rates, Market Power, and Productivity Growth",
10.3982/ecta17416,Sales and Markup Dispersion: Theory and Empirics,
10.3982/ecta17428,Savage's P3 Is Redundant,
10.3982/ecta17433,Global Banks and Systemic Debt Crises,
10.3982/ecta17434,Using the Sequence‐Space Jacobian to Solve and Estimate Heterogeneous‐Agent Models,
10.3982/ecta17440,A Preferred‐Habitat Model of the Term Structure of Interest Rates,
10.3982/ecta17448,Heterogeneous Choice Sets and Preferences,
10.3982/ecta17458,Goals and Gaps: Educational Careers of Immigrant Children,
10.3982/ecta17477,Labor Share Decline and Intellectual Property Products Capital,
10.3982/ecta17482,Mixed Strategies in the Indefinitely Repeated Prisoner's Dilemma,
10.3982/ecta17489,Reasonable Doubt: Experimental Detection of Job‐Level Employment Discrimination,
10.3982/ecta17497,Information Technology and Government Decentralization: Experimental Evidence From Paraguay,
10.3982/ecta17502,Dual‐Self Representations of Ambiguity Preferences,
10.3982/ecta17505,A ReMeDI for Microstructure Noise,
10.3982/ecta17510,The Margins of Trade,
10.3982/ecta17513,"Networks, Barriers, and Trade",
10.3982/ecta17522,Long‐Run Effects of Dynamically Assigned Treatments: A New Methodology and an Evaluation of Training Effects on Earnings,
10.3982/ecta17523,Diverging Tests of Equal Predictive Ability,
10.3982/ecta17527,Adaptive Treatment Assignment in Experiments for Policy Choice,
10.3982/ecta17536,The “New” Economics of Trade Agreements: From Trade Liberalization to Regulatory Convergence?,
10.3982/ecta17548,From Blackwell Dominance in Large Samples to Rényi Divergences and Back Again,
10.3982/ecta17564,Graphon Games: A Statistical Framework for Network Games and Interventions,
10.3982/ecta17605,Nonparametric Analysis of Random Utility Models: Computational Tools for Statistical Testing,
10.3982/ecta17617,Corrigendum to Crawford and Sobel (1982) “Strategic Information Transmission”,
10.3982/ecta17635,Are Medical Care Prices Still Declining? A Re‐Examination Based on Cost‐Effectiveness Studies,
10.3982/ecta17664,A Comment on “Using Randomization to Break the Curse of Dimensionality”,
10.3982/ecta17673,Scaling Auctions as Insurance: A Case Study in Infrastructure Procurement,
10.3982/ecta17674,TV Advertising Effectiveness and Profitability: Generalizable Results From 288 Brands,
10.3982/ecta17702,Corporate Tax Cuts and the Decline in the Manufacturing Labor Share,
10.3982/ecta17756,Intertemporal Hedging and Trade in Repeated Games With Recursive Utility,
10.3982/ecta17764,A Projection Framework for Testing Shape Restrictions That Form Convex Cones,
10.3982/ecta17787,Optimal Dynamic Information Acquisition,
10.3982/ecta17788,"Affirmative Action in India via Vertical, Horizontal, and Overlapping Reservations",
10.3982/ecta17793,Bidding in Common‐Value Auctions With an Unknown Number of Competitors,
10.3982/ecta17813,Local Projections and VARs Estimate the Same Impulse Responses,
10.3982/ecta17841,Causal Inference Under Approximate Neighborhood Interference,
10.3982/ecta17842,Economic Predictions With Big Data: The Illusion of Sparsity,
10.3982/ecta17845,Recovering Preferences From Finite Data,
10.3982/ecta17876,Equilibrium Grading Policies With Implications for Female Interest in STEM Courses,
10.3982/ecta17884,Adaptive Bayesian Estimation of Discrete‐Continuous Distributions Under Smoothness and Sparsity,
10.3982/ecta17891,The Reputation Trap,
10.3982/ecta17906,General Equilibrium Oligopoly and Ownership Structure,
10.3982/ecta17912,Bootstrap Standard Error Estimates and Inference,
10.3982/ecta17918,Robust Inference on Infinite and Growing Dimensional Time‐Series Regression,
10.3982/ecta17936,Urban Growth and Its Aggregate Implications,
10.3982/ecta17943,On the Factor Structure of Bond Returns,
10.3982/ecta17944,Generalized Local‐to‐Unity Models,
10.3982/ecta17945,General Equilibrium Effects of Cash Transfers: Experimental Evidence From Kenya,
10.3982/ecta17950,Bootstrap‐Based Inference for Cube Root Asymptotics,
10.3982/ecta17955,Firm and Worker Dynamics in a Frictional Labor Market,
10.3982/ecta17969,Salvaging Falsified Instrumental Variable Models,
10.3982/ecta17984,Determination of Pareto Exponents in Economic Models Driven by Markov Multiplicative Processes,
10.3982/ecta17985,Econometrics for Decision Making: Building Foundations Sketched by Haavelmo and Wald,
10.3982/ecta18002,Market Size and Spatial Growth—Evidence From Germany's Post‐War Population Expulsions,
10.3982/ecta18009,Model and Predictive Uncertainty: A Foundation for Smooth Ambiguity Preferences,
10.3982/ecta18010,"A Comment on: “
            <i>State Capacity, Reciprocity, and the Social Contract</i>” 
            <i>by Timothy Besley</i>",
10.3982/ecta18011,"Reply to: Comments on “
            <i>State Capacity, Reciprocity, and the Social Contract</i>”",
10.3982/ecta18012,"From Population Growth to Firm Demographics: Implications for Concentration, Entrepreneurship and the Labor Share",
10.3982/ecta18014,"Monetary Policy, Redistribution, and Risk Premia",
10.3982/ecta18027,Gender Differences in Peer Recognition by Economists,
10.3982/ecta18028,"A Comment on: “<i>State Capacity, Reciprocity, and the Social Contract</i>”<i>by Timothy Besley</i>",
10.3982/ecta18037,"A Comment on: “<i>State Capacity, Reciprocity, and the Social Contract</i>”<i>by Timothy Besley</i>",
10.3982/ecta18054,Corrigendum to Capital Investment in “Assortative Matching With Large Firms”,
10.3982/ecta18086,Multivariate Rational Inattention,
10.3982/ecta18093,Testing for Differences in Stochastic Network Structure,
10.3982/ecta18119,The Converse Envelope Theorem,
10.3982/ecta18128,Optimal Regulation of Noncompete Contracts,
10.3982/ecta18137,Randomize at Your Own Risk: On the Observability of Ambiguity Aversion,
10.3982/ecta18155,A Model of Scientific Communication,
10.3982/ecta18174,Reply to “Rational Bubbles in UK Housing Markets”,
10.3982/ecta18180,Financial Frictions and the Wealth Distribution,
10.3982/ecta18181,General Equilibrium Effects of (Improving) Public Employment Programs: Experimental Evidence From India,
10.3982/ecta18260,Distributional Synthetic Controls,
10.3982/ecta18310,A Negishi Approach to Recursive Contracts,
10.3982/ecta18312,Extreme Points and Majorization: Economic Applications,
10.3982/ecta18324,Dynamically Aggregating Diverse Information,
10.3982/ecta18338,"Connecting to Power: Political Connections, Innovation, and Firm Dynamics",
10.3982/ecta18355,Attributes: Selective Learning and Influence,
10.3982/ecta18412,Range‐Dependent Attribute Weighting in Consumer Choice: An Experimental Test,
10.3982/ecta18420,Corrigendum to “Maximality in the Farsighted Stable Set”,
10.3982/ecta18422,Peak‐Hour Road Congestion Pricing: Experimental Evidence and Equilibrium Implications,
10.3982/ecta18436,Drilling Deadlines and Oil and Gas Development,
10.3982/ecta18461,Team Players: How Social Skills Improve Team Performance,
10.3982/ecta18506,Macro‐Finance Decoupling: Robust Evaluations of Macro Asset Pricing Models,
10.3982/ecta18508,Limit Points of Endogenous Misspecified Learning,
10.3982/ecta18515,Automatic Debiased Machine Learning of Causal and Structural Effects,
10.3982/ecta18530,"Terrorism Financing, Recruitment, and Attacks",
10.3982/ecta18542,Optimal Taxation of Income‐Generating Choice,
10.3982/ecta18554,Searching for Approval,
10.3982/ecta18555,Endogenous Information and Simplifying Insurance Choice,
10.3982/ecta18580,The Race Between Preferences and Technology,
10.3982/ecta18582,Job Search Behavior Among the Employed and Non‐Employed,
10.3982/ecta18583,"Detecting 
            <i>p</i>‐Hacking",
10.3982/ecta18585,Rules and Commitment in Communication: An Experimental Analysis,
10.3982/ecta18586,From Imitation to Innovation: Where Is All That Chinese R&amp;D Going?,
10.3982/ecta18589,Information Hierarchies,
10.3982/ecta18597,Robust Empirical Bayes Confidence Intervals,
10.3982/ecta18600,Pareto‐Improving Tax Reforms and the Earned Income Tax Credit,
10.3982/ecta18602,"Adaptive, Rate‐Optimal Hypothesis Testing in Nonparametric IV Models",
10.3982/ecta18612,"Productivity Dispersion, Between‐Firm Competition, and the Labor Share",
10.3982/ecta18627,Optimal Monetary Policy in Production Networks,
10.3982/ecta18654,"Networks, Phillips Curves, and Monetary Policy",
10.3982/ecta18659,Learning Dynamics in Social Networks,
10.3982/ecta18678,Optimal Decision Rules for Weak GMM,
10.3982/ecta18707,An Adversarial Approach to Structural Estimation,
10.3982/ecta18709,RCTs to Scale: Comprehensive Evidence From Two Nudge Units,
10.3982/ecta18742,Relational Contracts: Public versus Private Savings,
10.3982/ecta18756,Local Projection Inference Is Simpler and More Robust Than You Think,
10.3982/ecta18771,A Quantitative Theory of the Credit Score,
10.3982/ecta18773,Achieving Scale Collectively,
10.3982/ecta18786,"Reply to: Comments on “
            <i>On the Informativeness of Descriptive Statistics for Structural Estimates</i>”",
10.3982/ecta18787,"A Comment on:<i>“On the Informativeness of Descriptive Statistics for Structural Estimates” by Isaiah Andrews, Matthew Gentzkow, and Jesse M. Shapiro</i>",
10.3982/ecta18788,"A Comment on: 
            <i>“On the Informativeness of Descriptive Statistics for Structural Estimates” by Isaiah Andrews, Matthew Gentzkow, and Jesse M. Shapiro</i>",
10.3982/ecta18789,"A Comment on: 
            <i>“On the Informativeness of Descriptive Statistics for Structural Estimates” by Isaiah Andrews, Matthew Gentzkow, and Jesse M. Shapiro</i>",
10.3982/ecta18810,"A Comment on: “
            <i>General Equilibrium Oligopoly and Ownership Structure</i>” 
            <i>by José Azar and Xavier Vives</i>",
10.3982/ecta18821,Lumpy Durable Consumption Demand and the Limited Ammunition of Monetary Policy,
10.3982/ecta18862,"A Comment on: “
            <i>General Equilibrium Oligopoly and Ownership Structure</i>” 
            <i>by José Azar and Xavier Vives</i>",
10.3982/ecta18868,"Reply to: Comments on “
            <i>General Equilibrium Oligopoly and Ownership Structure</i>”",
10.3982/ecta18911,Unwilling to Train?—Firm Responses to the Colombian Apprenticeship Regulation,
10.3982/ecta18916,Selection Into Credit Markets: Evidence From Agriculture in Mali,
10.3982/ecta18930,“Near” Weighted Utilitarian Characterizations of Pareto Optima,
10.3982/ecta18937,Patterns of Competitive Interaction,
10.3982/ecta18979,Inference for Large‐Scale Linear Systems With Known Coefficients,
10.3982/ecta18984,The Effect of Job Loss and Unemployment Insurance on Crime in Brazil,
10.3982/ecta19021,Designing Disability Insurance Reforms: Tightening Eligibility Rules or Reducing Benefits?,
10.3982/ecta19037,(S)Cars and the Great Recession,
10.3982/ecta19039,Misallocation and Capital Market Integration: Evidence From India,
10.3982/ecta19051,Sparse Network Asymptotics for Logistic Regression Under Possible Misspecification,
10.3982/ecta19092,Wealth Inequality in a Low Rate Environment,
10.3982/ecta19107,Preparing for the Worst but Hoping for the Best: Robust (Bayesian) Persuasion,
10.3982/ecta19127,Adapting to Climate Risk With Guaranteed Credit: Evidence From Bangladesh,
10.3982/ecta19149,Implementation via Information Design in Binary‐Action Supermodular Games,
10.3982/ecta19210,Signaling Under Double‐Crossing Preferences,
10.3982/ecta19221,Testing Hurwicz Expected Utility,
10.3982/ecta19244,Managers and Productivity in the Public Sector,
10.3982/ecta19255,A Modern Gauss–Markov Theorem,
10.3982/ecta19274,Factions in Nondemocracies: Theory and Evidence From the Chinese Communist Party,
10.3982/ecta19304,Invidious Comparisons: Ranking and Selection as Compound Decisions,
10.3982/ecta19347,Strategic Analysis of Auctions,
10.3982/ecta19367,Nonrandom Exposure to Exogenous Shocks,
10.3982/ecta19383,"A Comment on: “
            <i>Goals and Gaps: Educational Careers of Immigrant Children</i>” 
            <i>by Michela Carlana, Eliana La Ferrara, Paolo Pinotti</i>",
10.3982/ecta19402,When Is Parallel Trends Sensitive to Functional Form?,
10.3982/ecta19408,Multinational Enforcement of Labor Law: Experimental Evidence on Strengthening Occupational Safety and Health Committees,
10.3982/ecta19417,Uneven Growth: Automation's Impact on Income and Wealth Inequality,
10.3982/ecta19465,Spatial Correlation Robust Inference,
10.3982/ecta19466,Bias‐Aware Inference in Fuzzy Regression Discontinuity Designs,
10.3982/ecta19514,"Multinationals, Monopsony, and Local Development: Evidence From the United Fruit Company",
10.3982/ecta19520,"A Comment on: “
            <i>Goals and Gaps: Educational Careers of Immigrant Children</i>” 
            <i>by Michela Carlana, Eliana La Ferrara, Paolo Pinotti</i>",
10.3982/ecta19559,Algorithmic Mechanism Design With Investment,
10.3982/ecta19597,"A Comment on: “
            <i>Goals and Gaps: Educational Careers of Immigrant Children</i>” 
            <i>by Michela Carlana, Eliana La Ferrara, Paolo Pinotti</i>",
10.3982/ecta19603,Equilibrium Effects of Food Labeling Policies,
10.3982/ecta19636,Identification and Estimation in Many‐to‐One Two‐Sided Matching Without Transfers,
10.3982/ecta19653,Optimal Product Design: Implications for Competition and Growth Under Declining Search Frictions,
10.3982/ecta19668,Beyond Health: Nonhealth Risk and the Value of Disability Insurance,
10.3982/ecta19675,Bargaining and Exclusion With Multiple Buyers,
10.3982/ecta19697,Matching and Agglomeration: Theory and Evidence From Japanese Firm‐to‐Firm Trade,
10.3982/ecta19738,"Comparative Statics With Linear Objectives: Normality, Complementarity, and Ranking Multi‐Prior Beliefs",
10.3982/ecta19775,Market Competition and Political Influence: An Integrated Approach,
10.3982/ecta19788,Equilibrium Effects of Pay Transparency,
10.3982/ecta19794,Identification and Estimation of a Partially Linear Regression Model Using Network Data,
10.3982/ecta19797,Contractual Chains,
10.3982/ecta19815,"Tasks, Automation, and the Rise in U.S. Wage Inequality",
10.3982/ecta19816,Network Cluster‐Robust Inference,
10.3982/ecta19872,The Impacts of Managerial Autonomy on Firm Outcomes,
10.3982/ecta19897,"Reply to: Comments on “
            <i>Goals and Gaps: Educational Careers of Immigrant Children</i>”",
10.3982/ecta19921,Rethinking the Welfare State,
10.3982/ecta19959,The State Capacity Ceiling on Tax Rates: Evidence From Randomized Tax Abatements in the DRC,
10.3982/ecta19967,Monotone Additive Statistics,
10.3982/ecta19978,Platform Design When Sellers Use Pricing Algorithms,
10.3982/ecta20029,Propagation and Amplification of Local Productivity Spillovers,
10.3982/ecta20125,How Well Does Bargaining Work in Consumer Markets? A Robust Bounds Approach,
10.3982/ecta20134,Randomization Tests for Peer Effects in Group Formation Experiments,
10.3982/ecta20146,Social Media and Collective Action in China,
10.3982/ecta20157,Regret‐Minimizing Project Choice,
10.3982/ecta20162,Comment on Andrews (1991) “Heteroskedasticity and Autocorrelation Consistent Covariance Matrix Estimation”,
10.3982/ecta20206,Monitoring versus Discounting in Repeated Games,
10.3982/ecta20240,On the Structure of Informationally Robust Optimal Mechanisms,
10.3982/ecta20273,Dynamic Spatial General Equilibrium,
10.3982/ecta20289,Exact Bias Correction for Linear Adjustment of Randomized Controlled Trials,
10.3982/ecta20322,"A Comment on: 
            <i>“Invidious Comparisons: Ranking and Selection as Compound Decisions” by Jiaying Gu and Roger Koenker</i>",
10.3982/ecta20355,Ideology and Performance in Public Organizations,
10.3982/ecta20364,"A Comment on: 
            <i>“Invidious Comparisons: Ranking and Selection as Compound Decisions” by Jiaying Gu and Roger Koenker</i>",
10.3982/ecta20386,Do not Blame Bellman: It Is Koopmans' Fault,
10.3982/ecta20396,Aggregate Implications of Barriers to Female Entrepreneurship,
10.3982/ecta20400,Is Attention Produced Optimally? Theory and Evidence From Experiments With Bandwidth Enhancements,
10.3982/ecta20417,A Demand Curve for Disaster Recovery Loans,
10.3982/ecta20442,Mitigating Disaster Risks in the Age of Climate Change,
10.3982/ecta20460,"A Comment on: 
            <i>“Invidious Comparisons: Ranking and Selection as Compound Decisions” by Jiaying Gu and Roger Koenker</i>",
10.3982/ecta20475,Stationary Social Learning in a Changing Environment,
10.3982/ecta20484,The Unequal Effects of Pollution on Labor Supply,
10.3982/ecta20497,The U.S. Public Debt Valuation Puzzle,
10.3982/ecta20516,Comment on Jackson and Sonnenschein (2007) “Overcoming Incentive Constraints by Linking Decisions”,
10.3982/ecta20537,Reply to: Comments on<i>“Invidious Comparisons: Ranking and Selection as Compound Decisions”</i>,
10.3982/ecta20579,Historical Self‐Governance and Norms of Cooperation,
10.3982/ecta20598,Estimation Based on Nearest Neighbor Matching: From Density Ratio to Average Treatment Effect,
10.3982/ecta20603,Lifestyle Behaviors and Wealth‐Health Gaps in Germany,
10.3982/ecta20612,The Rise of Fiscal Capacity: Administration and State Consolidation in the Holy Roman Empire,
10.3982/ecta20621,"A Comment on: 
            <i>“Low Interest Rates, Market Power, and Productivity Growth”</i>",
10.3982/ecta20629,Endogenous Production Networks Under Supply Chain Uncertainty,
10.3982/ecta20640,Empirical Strategies in Economics: Illuminating the Path From Cause to Effect,
10.3982/ecta20658,Sequential Veto Bargaining With Incomplete Information,
10.3982/ecta20712,Bootstrap Inference for Fixed‐Effect Models,
10.3982/ecta20720,Synthetic Control as Online Linear Regression,
10.3982/ecta20731,Nonparametric Identification of Differentiated Products Demand Using Micro Data,
10.3982/ecta20769,The Investment Effects of Market Integration: Evidence From Renewable Energy Expansion in Chile,
10.3982/ecta20787,"Presidential Address: Demand‐Side Constraints in Development. The Role of Market Size, Trade, and (In)Equality",
10.3982/ecta20797,Price Setting With Strategic Complementarities as a Mean Field Game,
10.3982/ecta20806,Learning in Repeated Interactions on Networks,
10.3982/ecta20819,"A Comment on: 
            <i>“A Modern Gauss–Markov Theorem”</i>",
10.3982/ecta20824,Online Corrigendum to “Social Media and Protest Participation: Evidence From Russia”,
10.3982/ecta20830,History's Masters The Effect of European Monarchs on State Performance,
10.3982/ecta20844,The Cross‐Sectional Implications of the Social Discount Rate,
10.3982/ecta20849,Mussa Puzzle Redux,
10.3982/ecta20900,Corrigendum to “On the Existence of Pure and Mixed Strategy Nash Equilibrium in Discontinuous Games”,
10.3982/ecta20942,Random Votes to Parties and Policies in Coalition Governments,
10.3982/ecta20964,Growing Like India—the Unequal Effects of Service‐Led Growth,
10.3982/ecta20996,Can Restorative Justice Conferencing Reduce Recidivism? Evidence From the Make‐it‐Right Program,
10.3982/ecta21004,The Effect of Macroeconomic Uncertainty on Firm Decisions,
10.3982/ecta21045,What Can Time‐Series Regressions Tell Us About Policy Counterfactuals?,
10.3982/ecta21048,Toward a General Theory of Peer Effects,
10.3982/ecta21064,Tail Risk in Production Networks,
10.3982/ecta21069,Robust Real Rate Rules,
10.3982/ecta21090,Infinite Debt Rollover in Stochastic Economies,
10.3982/ecta21157,Walras–Bowley Lecture: Market Power and Wage Inequality,
10.3982/ecta21204,Causality in Econometrics: Choice vs Chance,
10.3982/ecta21248,Same Root Different Leaves: Time Series and Cross‐Sectional Methods in Panel Data,
10.3982/ecta21301,Corrigendum: Long‐Term Contracting With Time‐Inconsistent Agents,
10.3982/ecta21383,Flexible Moral Hazard Problems,
10.3982/ecta21402,Sequentially Stable Outcomes,
10.3982/ecta21466,"Minimum Wages, Efficiency, and Welfare",
10.3982/ecta21470,Beyond Unbounded Beliefs: How Preferences and Information Interplay in Social Learning,
10.3982/ecta21528,Presidential Address: Economics and Measurement: New Measures to Model Decision Making,
10.3982/ecta21548,"Setbacks, Shutdowns, and Overruns",
10.3982/ecta21596,Corrigendum: A Preferred‐Habitat Model of the Term Structure of Interest Rates,
10.3982/ecta21641,Erratum to “Savage's P3 is Redundant”,
10.3982/ecta21653,Certification Design With Common Values,
10.3982/ecta21654,Spatial Unit Roots and Spurious Regression,
10.3982/ecta21748,Caution and Reference Effects,
10.3982/ecta21791,Can Deficits Finance Themselves?,
10.3982/ecta21843,"A Comment on: 
            <i>“Expected Uncertain Utility”</i>",
10.3982/ecta22017,Privacy‐Preserving Signals,
10.3982/ecta22088,"A Comment on: 
            <i>“Presidential Address: Demand‐Side Constraints in Development: The Role of Market Size, Trade, and (In)Equality,” by Pinelopi Koujianou Goldberg and Tristan Reed</i>",
10.3982/ecta22163,"A Comment on: 
            <i>“Walras–Bowley Lecture: Market Power and Wage Inequality” by Shubhdeep Deb, Jan Eeckhout, Aseem Patel, and Lawrence Warren</i>",
10.3982/ecta22218,"A Comment on: 
            <i>“Presidential Address: Demand‐Side Constraints in Development. The Role of Market Size, Trade, and (In)Equality” by Pinelopi Koujianou Goldberg and Tristan Reed</i>",
10.3982/ecta22248,"A Comment on:<i>“Walras–Bowley Lecture: Market Power and Wage Inequality” by Shubhdeep Deb, Jan Eeckhout, Aseem Patel, and Lawrence Warren</i>",
10.3982/ecta22251,"Reply to: Comments on 
            <i>“Presidential Address: Demand‐Side Constraints in Development. The Role of Market Size, Trade, and (In)Equality”</i>",
10.3982/ecta22318,"A Comment on: 
            <i>“Presidential Address: Demand‐Side Constraints in Development: The Role of Market Size, Trade, and (In)Equality” by Pinelopi Koujianou Goldberg and Tristan Reed</i>",
10.3982/ecta22362,"Reply to: Comment on 
            <i>“A Modern Gauss–Markov Theorem”</i>",
10.3982/ecta22384,"Reply to: Comments on 
            <i>“Walras–Bowley Lecture: Market Power and Wage Inequality”</i>",
10.3982/ecta22442,A Comment on “Testing Models of Social Learning on Networks: Evidence From Two Experiments”,
10.3982/ecta22448,Seeding a Simple Contagion,
10.3982/ecta22474,The Political Economy of Zero‐Sum Thinking,
10.3982/ecta22687,Ambiguous Contracts,
10.3982/ecta22764,Tell Me Something I Don't Already Know: Learning in Low‐ and High‐Inflation Settings,
10.3982/ecta22780,"A Comment on: 
            <i>“Presidential Address: Economics and Measurement: New Measures to Model Decision Making” by Ingvild Almås, Orazio Attanasio, and Pamela Jervis</i>",
10.3982/ecta22781,"A Comment on: 
            <i>“Presidential Address: Economics and Measurement: New Measures to Model Decision Making” by Ingvild Almås, Orazio Attanasio, and Pamela Jervis</i>",
10.3982/ecta22811,"Reply to: Comment on 
            <i>“Presidential Address: Economics and Measurement: New Measures to Model Decision Making”</i>",
10.3982/ecta4158,Limited Information and Advertising in the U.S. Personal Computer Industry,
10.3982/ecta4158suppa,Supplement to Limited Information and Advertising in the U.S. Personal Computer Industry: A. Data Description,
10.3982/ecta4158suppb,Supplement to Limited Information and Advertising in the U.S. Personal Computer Industry: B. Miscellaneous,
10.3982/ecta4657,The Effect of Expected Income on Individual Migration Decisions,
10.3982/ecta5317,"Identification of Treatment Effects Using Control Functions in Models With Continuous, Endogenous Treatment and Heterogeneous Effects",
10.3982/ecta5368,Market Structure and Multiple Equilibria in Airline Markets,
10.3982/ecta5434,Identification and Estimation of a Discrete Game of Complete Information,
10.3982/ecta5658,Bayesian Estimation of Dynamic Discrete Choice Models,
10.3982/ecta5675,Virtual Determinacy in Overlapping Generations Models,
10.3982/ecta5708,"Search, Obfuscation, and Price Elasticities on the Internet",
10.3982/ecta5771,The Model Confidence Set,
10.3982/ecta5781,Observing Unobservables: Identifying Information Asymmetries With a Consumer Credit Field Experiment,
10.3982/ecta5800,Temptation and Revealed Preference,
10.3982/ecta5929,The Microeconomics of Efficient Group Behavior: Identification,
10.3982/ecta5940,Identification in Nonparametric Simultaneous Equations Models,
10.3982/ecta5952,Problems With Coordination in Two-Player Games: Comment on Computational Complexity and Communication,
10.3982/ecta5971,Bootstrapping Realized Volatility,
10.3982/ecta5989,Constrained Efficiency in the Neoclassical Growth Model With Uninsurable Idiosyncratic Shocks,
10.3982/ecta5997,An Empirical Model of Growth Through Product Innovation,
10.3982/ecta6069,Best Nonparametric Bounds on Demand Responses,
10.3982/ecta6096supp,Supplement to Best Nonparametric Bounds on Demand Responses-Guide to Data Files and Program,
10.3982/ecta6113,Semiparametric Power Envelopes for Tests of the Unit Root Hypothesis,
10.3982/ecta6113supp,Supplement to Semiparametric Power Envelopes for Tests of the Unit Root Hypothesis,
10.3982/ecta6131,Mediated Partnerships,
10.3982/ecta6135,Panel Data Models With Interactive Fixed Effects,
10.3982/ecta6158,Markov Perfect Industry Dynamics With Many Firms,
10.3982/ecta6158supp,Supplement to Markov Perfect Industry Dynamics With Many Firms-Technical Appendix,
10.3982/ecta6175,Calibration Results for Non-Expected Utility Theories,
10.3982/ecta6178,Information and Efficiency in Tender Offers,
10.3982/ecta6223,Testing Models With Multiple Equilibria by Quantile Methods,
10.3982/ecta6224,Generalized Method of Moments With Many Weak Moment Conditions,
10.3982/ecta6248,The Impact of Uncertainty Shocks,
10.3982/ecta6297,"Solving, Estimating, and Selecting Nonlinear Dynamic Models Without the Curse of Dimensionality",
10.3982/ecta6388,Nonparametric Identification and Estimation of Nonadditive Hedonic Models,
10.3982/ecta6420,The Role of Information in Repeated Games With Frequent Actions,
10.3982/ecta6474,On the Failure of the Bootstrap for Matching Estimators,
10.3982/ecta6495,Designing Realized Kernels to Measure the ex post Variation of Equity Prices in the Presence of Noise,
10.3982/ecta6496,Social Connections and Incentives in the Workplace: Evidence From Personnel Data,
10.3982/ecta6514,A Double-Track Adjustment Process for Discrete Markets With Substitutes and Complements,
10.3982/ecta6539,Nonparametric Instrumental Regression,
10.3982/ecta6551,Estimating the Technology of Cognitive and Noncognitive Skill Formation,
10.3982/ecta6619,Solving the Feldstein-Horioka Puzzle With Financial Frictions,
10.3982/ecta6630,Asymptotics for Statistical Treatment Rules,
10.3982/ecta6640,Signal Orderings Based on Dispersion and the Supply of Private Information in Auctions,
10.3982/ecta6649,What Happens When Wal-Mart Comes to Town: An Empirical Analysis of the Discount Retailing Industry,
10.3982/ecta6658,A Parsimonious Macroeconomic Model for Asset Pricing,
10.3982/ecta6688,Two New Conditions Supporting the First-Order Approach to Multisignal Principal-Agent Problems,
10.3982/ecta6690,Gender Differences in Competition: Evidence\\ From a Matrilineal and a Patriarchal Society,
10.3982/ecta6706,Inference for the Identified Set in Partially Identified Econometric Models,
10.3982/ecta6712,Generalized Utilitarianism and Harsanyi's Impartial Observer Theorem,
10.3982/ecta6727,Ambiguity and Second-Order Belief,
10.3982/ecta6735,"Menu Costs, Multiproduct Firms, and Aggregate Fluctuations",
10.3982/ecta6750,The Costs of Environmental Regulation in a Concentrated Industry,
10.3982/ecta6754,Bubbles and Self-Enforcing Debt,
10.3982/ecta6761,Long-Term Risk: An Operator Approach,
10.3982/ecta6763,Nonparametric Identification of Finite Mixture Models of Dynamic Discrete Choices,
10.3982/ecta6814,Testing Models of Low-Frequency Variability,
10.3982/ecta6822,Unconditional Quantile Regressions,
10.3982/ecta6863,Last-In First-Out Oligopoly Dynamics,
10.3982/ecta6865,Moment Inequalities and Their Application,2015
10.3982/ecta6869,Decision Theory Applied to a Linear Panel Data Model,
10.3982/ecta6877,Demand Fluctuations in the Ready-Mix Concrete Industry,
10.3982/ecta6895,Robust Priors in Nonlinear Panel Data Models,
10.3982/ecta6917,Public vs. Private Offers in the Market for Lemons,
10.3982/ecta6954,Nonparametric Identification of a Contract Model With Adverse Selection and Moral Hazard,
10.3982/ecta6956,On Forward Induction,
10.3982/ecta6964,Testing Hypotheses About the Number of Factors in Large Factor Models,
10.3982/ecta6979,Comment on: Threshold Autoregressions With a Unit Root,
10.3982/ecta6994,"Learning-by-Doing, Organizational Forgetting, and Industry Dynamics",
10.3982/ecta6995,An Efficient Dynamic Mechanism,
10.3982/ecta7005,Mechanism Games With Multiple Principals and Three or More Agents,
10.3982/ecta7015,Hybrid and Size-Corrected Subsampling Methods,
10.3982/ecta7019,Framing Contingencies,
10.3982/ecta7028,Nonparametric Identification of Risk Aversion in First-Price Auctions Under Exclusion Restrictions,
10.3982/ecta7063,Risk Sharing in Private Information Models With Asset Accumulation: Explaining the Excess Smoothness of Consumption,
10.3982/ecta7079,A Structural Evaluation of a Large-Scale Quasi-Experimental Microfinance Initiative,
10.3982/ecta7089,Evaluating Marginal Policy Changes and the Average Effect of Treatment for Individuals at the Margin,
10.3982/ecta7108,Identification and Estimation of Triangular Simultaneous Equations Models Without Additivity,
10.3982/ecta7133,Testing for Causal Effects in a Generalized Regression Model With Endogenous Regressors,
10.3982/ecta7134,Belief-Free Equilibria in Games With Incomplete Information,
10.3982/ecta7139,Risk and Rationality: Uncovering Heterogeneity in Probability Distortion,
10.3982/ecta7143,Stability and Preference Alignment in Matching and Coalition Formation,
10.3982/ecta7145,Testing for Stochastic Monotonicity,
10.3982/ecta7163,The Complexity of Forecast Testing,
10.3982/ecta7168,Characterization of Revenue Equivalence,
10.3982/ecta7192,Efficient Derivative Pricing by the Extended Method of Moments,
10.3982/ecta7195,What Drives Media Slant? Evidence From U.S. Daily Newspapers,
10.3982/ecta7219,Recursive Equilibrium in Stochastic Overlapping-Generations Economies,
10.3982/ecta7224,Marginal Contributions and Externalities in the Value,
10.3982/ecta7231,Liquidity and Trading Dynamics,
10.3982/ecta7245,Optimal Mandates and the Welfare Cost of Asymmetric Information: Evidence From the U.K. Annuity Market,
10.3982/ecta7250,Liquidity in Asset Markets With Search Frictions,
10.3982/ecta7260,The Dynamic Pivot Mechanism,
10.3982/ecta7261,"Large Risks, Limited Liability, and Dynamic Moral Hazard",
10.3982/ecta7292,Inference in Dynamic Discrete Choice Models With Serially Correlated Unobserved State Variables,
10.3982/ecta7302,Foundations of Intrinsic Habit Formation,
10.3982/ecta7312,Mixed Hitting-Time Models,
10.3982/ecta7315,Instrumental Variable Models for Discrete Outcomes,
10.3982/ecta7324,Fear of Miscoordination and the Robustness of Cooperation in Dynamic Global Games With Exit,
10.3982/ecta7343,The Optimal Income Taxation of Couples,
10.3982/ecta7347,More on Confidence Intervals for Partially Identified Parameters,
10.3982/ecta7372,"Irregular Identification, Support Conditions, and Inverse Weight Estimation",
10.3982/ecta7377,Reputation in Continuous-Time Games,
10.3982/ecta7379,Efficiency Bounds for Missing Data Models With Semiparametric Restrictions,
10.3982/ecta7384,Social Image and the 50-50 Norm: A Theoretical and Experimental Analysis of Audience Effects,
10.3982/ecta7405,What Happens in the Field Stays in the Field: Exploring Whether Professionals Play Minimax in Laboratory Experiments,
10.3982/ecta7416,Incentives to Exercise,
10.3982/ecta7417,Inference for Continuous Semimartingales Observed at High Frequency,
10.3982/ecta7428,Manipulability of Future-Independent Tests,
10.3982/ecta7432,Efficient Semiparametric Estimation of the Fama-French Model and Extensions,
10.3982/ecta7441,"Corrigendum to ""Games With Imperfectly Observable Actions in Continuous Time""",
10.3982/ecta7443,Axioms for Deferred Acceptance,
10.3982/ecta7444,Constructing Optimal Instruments by First-Stage Prediction Averaging,
10.3982/ecta7451,Financial Innovation and the Transactions Demand for Cash,
10.3982/ecta7469,Information Independence and Common Knowledge,
10.3982/ecta7473,Dynamic Product Positioning in Differentiated Product Markets: The Effect of Fees for Musical Performance Rights on the Commercial Radio Industry,
10.3982/ecta7493,Inference in Nonparametric Instrumental Variables With Partial Identification,
10.3982/ecta7496,Strongly Consistent Self-Confirming Equilibrium,
10.3982/ecta7501,"Decision Makers as Statisticians: Diversity, Ambiguity, and Learning",
10.3982/ecta7502,Inference for Parameters Defined by Moment Inequalities Using Generalized Moment Selection,
10.3982/ecta7504,Collusion via Resale,
10.3982/ecta7528,"An Economic Model of Friendship: Homophily, Minorities, and Segregation",
10.3982/ecta7531,A Dynamic Model for Binary Panel Data With Unobserved Heterogeneity Admitting a √<i>n</i>-Consistent Conditional Estimator,
10.3982/ecta7537,All-Pay Contests,
10.3982/ecta7560,The Effects of Health Insurance and Self-Insurance on Retirement Behavior,
10.3982/ecta7562,The Unemployment Volatility Puzzle: Is Wage Stickiness the Answer?,
10.3982/ecta7564,Vector Expected Utility and Attitudes Toward Variation,
10.3982/ecta7583,"Comparative Statics, Informativeness, and the Interval Dominance Order",
10.3982/ecta7594,Optimal Stopping With Multiple Priors,
10.3982/ecta7617,"Product Differentiation, Multiproduct Firms, and Estimating the Impact of Trade Liberalization on Productivity",
10.3982/ecta7618,"Ambiguity, Learning, and Asset Returns",
10.3982/ecta7624,Optimal Inattention to the Stock Market With Information Costs and Transactions Costs,
10.3982/ecta7633,Sequential Estimation of Dynamic Discrete Games: A Comment,
10.3982/ecta7636,An Elementary Theory of Comparative Advantage,
10.3982/ecta7637,Set Identified Linear Models,
10.3982/ecta7642,Classification Error in Dynamic Discrete Choice Models: Implications for Female Labor Supply Behavior,
10.3982/ecta765ann,ANNOUNCEMENTS,
10.3982/ecta765bm,Backmatter of Econometrica Vol. 76 Iss. 5,
10.3982/ecta765fm,Frontmatter of Econometrica Vol. 76 Iss. 5,
10.3982/ecta765forth,FORTHCOMING PAPERS,
10.3982/ecta765pres,"The Econometric Society Annual Reports, 2007 Report of the President",
10.3982/ecta7660,Subjective Beliefs and ex ante Trade,
10.3982/ecta7669,Comments on ''Convergence Properties of the Likelihood of Computed Dynamic Models'',
10.3982/ecta766ann,Announcements,
10.3982/ecta766bm,Backmatter of Econometrica Vol. 76 Iss. 6,
10.3982/ecta766fm,Frontmatter of Econometrica Vol. 76 Iss. 6,
10.3982/ecta766forth,Forthcoming Papers,
10.3982/ecta7673,Why Do People Keep Their Promises? An Experimental Test of Two Explanations,
10.3982/ecta7673suppa,Supplement to Why Do People Keep Their Promises? An Experimental Test of Two Explanations,
10.3982/ecta7673suppb,Supplement to Why Do People Keep Their Promises? An Experimental Test of Two Explanations,
10.3982/ecta7677,Contract Pricing in Consumer Credit Markets,
10.3982/ecta7686,Search and Rest Unemployment,
10.3982/ecta7699,The Diffusion of Wal-Mart and Economies of Density,
10.3982/ecta7706,Persistent Private Information,
10.3982/ecta771ann,Announcements,
10.3982/ecta771bm,Backmatter of Econometrica Vol. 77 Iss. 1,
10.3982/ecta771eds,Report of the Editors 2007-2008,
10.3982/ecta771fm,Frontmatter of Econometrica Vol. 77 Iss. 1,
10.3982/ecta771forth,Forthcoming Papers,
10.3982/ecta771mono,Report of the Editors of the Monograph Series,
10.3982/ecta771ref,Econometrica Referees 2007-2008,
10.3982/ecta771sec,Report of the Secretary,
10.3982/ecta771sum,Submission of Manuscripts to the Econometric Society Monograph Series,
10.3982/ecta771treas,Report of the Treasurer,
10.3982/ecta7726,Incentive Problems With Unidimensional Hidden Characteristics: A Unified Approach,
10.3982/ecta772ann,Announcements,
10.3982/ecta772bm,Backmatter of Econometrica Vol. 77 Iss. 2,
10.3982/ecta772fes,2008 Election of Fellows to the Econometric Society,
10.3982/ecta772fm,Frontmatter of Econometrica Vol. 77 Iss. 2,
10.3982/ecta772forth,Forthcoming Papers,
10.3982/ecta7732,Structural Nonparametric Cointegrating Regression,
10.3982/ecta773ann,ANNOUNCEMENTS,
10.3982/ecta773bm,Backmatter of Econometrica Vol. 77 Iss. 3,
10.3982/ecta773fm,Frontmatter of Econometrica Vol. 77 Iss. 3,
10.3982/ecta773forth,FORTHCOMING PAPERS,
10.3982/ecta7743,Conditional Choice Probability Estimation of Dynamic Discrete Choice Models With Unobserved Heterogeneity,
10.3982/ecta7749,Selection and Comparative Advantage in Technology Adoption,
10.3982/ecta774ann,Announcements,
10.3982/ecta774bm,Backmatter of Econometrica Vol. 77 Iss. 4,
10.3982/ecta774fm,Frontmatter of Econometrica Vol. 77 Iss. 4,
10.3982/ecta774forth,Forthcoming Papers,
10.3982/ecta774sum,Submission of Manuscripts to the Econometric Society Monograph Series,
10.3982/ecta775ann,Announcements,
10.3982/ecta775bm,Backmatter of Econometrica Vol. 77 Iss. 5,
10.3982/ecta775fm,Frontmatter of Econometrica Vol. 77 Iss. 5,
10.3982/ecta775forth,Forthcoming Papers,
10.3982/ecta7767,Nature or Nurture? Learning and the Geography of Female Labor Force Participation,
10.3982/ecta776ann,Announcements,
10.3982/ecta776bm,Backmatter of Econometrica Vol. 77 Iss. 6,
10.3982/ecta776fm,Frontmatter of Econometrica Vol. 77 Iss. 6,
10.3982/ecta776forth,Forthcoming Papers,
10.3982/ecta776pres,"The Econometric Society Annual Reports, 2008 Report of the President",
10.3982/ecta7770,"Corrigendum to ``Existence and Uniqueness of Solutions to the Bellman Equation in the Unbounded Case'' Econometrica, Vol. 71, No. 5 (September, 2003), 1519-1555",
10.3982/ecta7793,Efficient Tests Under a Weak Convergence Assumption,
10.3982/ecta7801,A Unique Costly Contemplation Representation,
10.3982/ecta7812,Ancillary Statistics in Principal-Agent Models,
10.3982/ecta781ann,Announcements,
10.3982/ecta781bm,Backmatter of Econometrica Vol. 78 Iss. 1,
10.3982/ecta781eds,Report of the Editors 2008-2009,
10.3982/ecta781fm,Frontmatter of Econometrica Vol. 78 Iss. 1,
10.3982/ecta781forth,Forthcoming Papers,
10.3982/ecta781mono,Report of the Editors of the Monograph Series,
10.3982/ecta781ref,Econometrica referees 2008-2009,
10.3982/ecta781sec,Report of the Secretary,
10.3982/ecta781sum,Submission of Manuscripts to the Econometric Society Monograph Series,
10.3982/ecta781treas,Report of the Treasurer,
10.3982/ecta782ann,Announcements,
10.3982/ecta782bm,Backmatter of Econometrica Vol. 78 Iss. 2,
10.3982/ecta782fm,Frontmatter of Econometrica Vol. 78 Iss. 2,
10.3982/ecta782forth,Forthcoming Papers,
10.3982/ecta7833,A Mechanism for Eliciting Probabilities,
10.3982/ecta783ann,Announcements,
10.3982/ecta783bm,Backmatter of Econometrica Vol. 78 Iss. 3,
10.3982/ecta783ef,2009 Election of Fellows to the Econometric Society,
10.3982/ecta783fm,Frontmatter of Econometrica Vol. 78 Iss. 3,
10.3982/ecta783forth,Forthcoming Papers,
10.3982/ecta784ann,Announcements,
10.3982/ecta784bm,Backmatter of Econometrica Vol. 78 Iss. 4,
10.3982/ecta784fes,Fellows of the Econometric Society,
10.3982/ecta784fm,Frontmatter of Econometrica Vol. 78 Iss. 4,
10.3982/ecta784forth,Forthcoming Papers,
10.3982/ecta784sum,Submission of Manuscripts to the Econometric Society Monograph Series,
10.3982/ecta785ann,Announcements,
10.3982/ecta785bm,Backmatter of Econometrica Vol. 78 Iss. 5,
10.3982/ecta785fm,Frontmatter of Econometrica Vol. 78 Iss. 5,
10.3982/ecta785forth,Forthcoming Papers,
10.3982/ecta785pres,The Econometric Society 2009 Annual Report of the President,
10.3982/ecta786ann,Announcements,
10.3982/ecta786bm,Backmatter of Econometrica Vol. 78 Iss. 6,
10.3982/ecta786fm,Frontmatter of Econometrica Vol. 78 Iss. 6,
10.3982/ecta786forth,Forthcoming Papers,2010
10.3982/ecta7870,Directed Search for Equilibrium Wage-Tenure Contracts,
10.3982/ecta7880,Quantile and Probability Curves Without Crossing,
10.3982/ecta7883,The Coalitional Nash Bargaining Solution,
10.3982/ecta7884,Insider Trading With a Random Deadline,
10.3982/ecta7887,A Robust Model of Bubbles With Multidimensional Uncertainty,
10.3982/ecta7888,Estimation of Nonparametric Conditional Moment Models With Possibly Nonsmooth Generalized Residuals,
10.3982/ecta7894,Comment on Decision Theory Applied to an Instrumental Variables Model,
10.3982/ecta791ann,Announcements,
10.3982/ecta791bm,Backmatter of Econometrica Vol. 79 Iss. 1,
10.3982/ecta791eds,Report of the Editors 2009-2010,
10.3982/ecta791fm,Frontmatter of Econometrica Vol. 79 Iss. 1,
10.3982/ecta791forth,Forthcoming Papers,
10.3982/ecta791mono,Report of the Editors of the Monograph Series,
10.3982/ecta791ref,Econometrica referees 2009-2010,
10.3982/ecta791sec,Report of the Secretary,
10.3982/ecta791sum,Submission of Manuscripts to the Econometric Society Monograph Series,
10.3982/ecta791treas,Report of the Treasurer,
10.3982/ecta7920,Existence and Uniqueness of a Fixed Point for Local Contractions,
10.3982/ecta7925,Constrained Optimization Approaches to Estimation of Structural Models,
10.3982/ecta792ann,Announcements,
10.3982/ecta792bm,Backmatter of Econometrica Vol. 79 Iss. 2,
10.3982/ecta792fm,Frontmatter of Econometrica Vol. 79 Iss. 2,
10.3982/ecta792forth,Forthcoming Papers,
10.3982/ecta7937,Nonparametric Instrumental Variable Estimation of Structural Quantile Effects,
10.3982/ecta793ann,Announcements,
10.3982/ecta793bm,Backmatter of Econometrica Vol. 79 Iss. 3,
10.3982/ecta793ef,2010 Election of Fellows to the Econometric Society,
10.3982/ecta793fm,Frontmatter of Econometrica Vol. 79 Iss. 3,
10.3982/ecta793forth,Forthcoming Papers,
10.3982/ecta7944,Alternative Models for Moment Inequalities,
10.3982/ecta794ann,Announcements,
10.3982/ecta794bm,Backmatter of Econometrica Vol. 79 Iss. 4,
10.3982/ecta794ed,Editorial,
10.3982/ecta794fm,Frontmatter of Econometrica Vol. 79 Iss. 4,
10.3982/ecta794forth,Forthcoming Papers,
10.3982/ecta794sum,Submission of Manuscripts to the Econometric Society Monograph Series,
10.3982/ecta7953,Sorting and Decentralized Price Competition,
10.3982/ecta795ann,Announcements,
10.3982/ecta795bm,Backmatter of Econometrica Vol. 79 Iss. 5,
10.3982/ecta795fm,Frontmatter of Econometrica Vol. 79 Iss. 5,
10.3982/ecta795forth,Forthcoming Papers,
10.3982/ecta795pres,The Econometric Society 2010 Annual Report of the President,
10.3982/ecta7965,A Model of Delegated Project Choice,
10.3982/ecta796ann,Announcements,
10.3982/ecta796bm,Backmatter of Econometrica Vol. 79 Iss. 6,
10.3982/ecta796fm,Frontmatter of Econometrica Vol. 79 Iss. 6,
10.3982/ecta796forth,Forthcoming Papers,
10.3982/ecta7970,Does Experience Teach? Professionals and Minimax Play in the Lab,
10.3982/ecta7990,Testing for Smooth Structural Changes in Time Series Models via Nonparametric Regression,
10.3982/ecta8004,Estimating Derivatives in Nonseparable Models With Limited Dependent Variables,
10.3982/ecta8011,Learning While Voting: Determinants of Collective Experimentation,
10.3982/ecta801ann,Announcements,
10.3982/ecta801bm,Backmatter of Econometrica Vol. 80 Iss. 1,
10.3982/ecta801eds,Report of the Editors 2010-2011,
10.3982/ecta801fm,Frontmatter of Econometrica Vol. 80 Iss. 1,
10.3982/ecta801forth,Forthcoming Papers,
10.3982/ecta801mono,Report of the Editors of the Monograph Series,
10.3982/ecta801ref,Econometrica Referees 2010-2011,
10.3982/ecta801sec,Report of the Secretary,
10.3982/ecta801sum,Submission of Manuscripts to the Econometric Society Monograph Series,
10.3982/ecta801treas,Report of the Treasurer,
10.3982/ecta8025,Bayesian and Dominant-Strategy Implementation in the Independent Private-Values Model,
10.3982/ecta802ann,Announcements,
10.3982/ecta802bm,Backmatter of Econometrica Vol. 80 Iss. 2,
10.3982/ecta802fm,Frontmatter of Econometrica Vol. 80 Iss. 2,
10.3982/ecta802forth,Forthcoming Papers,
10.3982/ecta803ann,Announcements,
10.3982/ecta803bm,Backmatter of Econometrica Vol. 80 Iss. 3,
10.3982/ecta803ef,2011 Election of Fellows to the Econometric Society,
10.3982/ecta803fm,Frontmatter of Econometrica Vol. 80 Iss. 3,
10.3982/ecta803forth,Forthcoming Papers,
10.3982/ecta8040,Incomplete Preferences Under Uncertainty: Indecisiveness in Beliefs versus Tastes,
10.3982/ecta804ann,Announcements,
10.3982/ecta804bm,Backmatter of Econometrica Vol. 80 Iss. 4,
10.3982/ecta804fm,Frontmatter of Econometrica Vol. 80 Iss. 4,
10.3982/ecta804forth,Forthcoming Papers,
10.3982/ecta804sum,Submission of Manuscripts to the Econometric Society Monograph Series,
10.3982/ecta8050,What's News in Business Cycles,
10.3982/ecta8056,Bootstrap Inference in Partially Identified Models Defined by Moment Inequalities: Coverage of the Identified Set,
10.3982/ecta805ann,Announcements,
10.3982/ecta805bm,Backmatter of Econometrica Vol. 80 Iss. 5,
10.3982/ecta805fm,Frontmatter of Econometrica Vol. 80 Iss. 5,
10.3982/ecta805forth,Forthcoming Papers,
10.3982/ecta8061,"An Equilibrium Theory of Learning, Search, and Wages",
10.3982/ecta806ann,Announcements,
10.3982/ecta806bm,Backmatter of Econometrica Vol. 80 Iss. 6,
10.3982/ecta806fm,Frontmatter of Econometrica Vol. 80 Iss. 6,
10.3982/ecta806forth,Forthcoming Papers,
10.3982/ecta806pres,The Econometric Society 2011 Annual Report of the President,
10.3982/ecta8070,Dynamic Valuation Decomposition Within Stochastic Economies,
10.3982/ecta8073,"State Capacity, Conflict, and Development",
10.3982/ecta8090,Multiple Temptations,
10.3982/ecta8107,Longevity and Lifetime Labor Supply: Evidence and Implications,
10.3982/ecta8112,Can Relaxation of Beliefs Rationalize the Winner's Curse?: An Experimental Study,
10.3982/ecta811ann,Announcements,
10.3982/ecta811bm,Backmatter of Econometrica Vol. 81 Iss. 1,
10.3982/ecta811eds,The Econometric Society Annual Reports [6pt] Report of the Editors 2011-2012,
10.3982/ecta811fm,Frontmatter of Econometrica Vol. 81 Iss. 1,
10.3982/ecta811forth,Forthcoming Papers,
10.3982/ecta811mono,The Econometric Society Annual Reports [6pt] Report of the Editors of the Monograph Series,
10.3982/ecta811ref,The Econometric Society Annual Reports [6pt] Econometrica Referees 2011-2012,
10.3982/ecta811sec,The Econometric Society Annual Reports [6pt] Report of the Secretary,
10.3982/ecta811sum,Submission of Manuscripts to the Econometric Society Monograph Series,
10.3982/ecta811treas,The Econometric Society Annual Reports [6pt] Report of the Treasurer,
10.3982/ecta8121,The Persistent Effects of Peru's Mining<i>Mita</i>,
10.3982/ecta8126,Strategic Supply Function Competition With Private Information,
10.3982/ecta812bm,Backmatter of Econometrica Vol. 81 Iss. 2,
10.3982/ecta812fm,Frontmatter of Econometrica Vol. 81 Iss. 2,
10.3982/ecta812forth,Forthcoming Papers,
10.3982/ecta813bm,Backmatter of Econometrica Vol. 81 Iss. 3,
10.3982/ecta813fm,Frontmatter of Econometrica Vol. 81 Iss. 3,
10.3982/ecta813forth,Forthcoming Papers,
10.3982/ecta814bm,Backmatter of Econometrica Vol. 81 Iss. 4,
10.3982/ecta814ef,2012 Election of Fellows to the Econometric Society,
10.3982/ecta814fm,Frontmatter of Econometrica Vol. 81 Iss. 4,
10.3982/ecta814forth,Forthcoming Papers,
10.3982/ecta814pres,The Econometric Society 2012 Annual Report of the President,
10.3982/ecta814sum,Submission of Manuscripts to the Econometric Society Monograph Series,
10.3982/ecta8152,Copulas and Temporal Dependence,
10.3982/ecta8155,Axiomatic Foundations of Multiplier Preferences,
10.3982/ecta815bm,Backmatter of Econometrica Vol. 81 Iss. 5,
10.3982/ecta815fm,Frontmatter of Econometrica Vol. 81 Iss. 5,
10.3982/ecta815forth,Forthcoming Papers,
10.3982/ecta8160,Information Percolation With Equilibrium Search Dynamics,
10.3982/ecta8166,Inference for Parameters Defined by Moment Inequalities: A Recommended Moment Selection Procedure,
10.3982/ecta816bm,Backmatter of Econometrica Vol. 81 Iss. 6,
10.3982/ecta816fm,Frontmatter of Econometrica Vol. 81 Iss. 6,
10.3982/ecta816forth,Forthcoming Papers,
10.3982/ecta8183,Rain and the Democratic Window of Opportunity,
10.3982/ecta8201,Corrigendum to ''Bootstrap Algorithms for Testing and Determining the Cointegration Rank in VAR Models'',
10.3982/ecta8219,Preferences for One-Shot Resolution of Uncertainty and Allais-Type Behavior,
10.3982/ecta821bm,Backmatter of Econometrica Vol. 82 Iss. 1,
10.3982/ecta821eds,The Econometric Society Annual Reports [6pt] Report of the Editors 2012-2013,
10.3982/ecta821fm,Frontmatter of Econometrica Vol. 82 Iss. 1,
10.3982/ecta821forth,Forthcoming Papers,
10.3982/ecta821mono,The Econometric Society Annual Reports [6pt] Report of the Editors of the Monograph Series,
10.3982/ecta821ref,The Econometric Society Annual Reports [6pt] Econometrica Referees 2012-2013,
10.3982/ecta821sec,The Econometric Society Annual Reports [6pt] Report of the Secretary,
10.3982/ecta821sum,Submission of Manuscripts to the Econometric Society Monograph Series,
10.3982/ecta821treas,The Econometric Society Annual Reports [6pt] Report of the Treasurer,
10.3982/ecta8220,"Identification and Estimation of Average Partial Effects in ""Irregular"" Correlated Random Coefficient Panel Data Models",
10.3982/ecta8223,Objective and Subjective Rationality in a Multiple Prior Model,
10.3982/ecta822bm,Backmatter of Econometrica Vol. 82 Iss. 2,
10.3982/ecta822fm,Frontmatter of Econometrica Vol. 82 Iss. 2,
10.3982/ecta822forth,Forthcoming Papers,
10.3982/ecta823bm,Backmatter of Econometrica Vol. 82 Iss. 3,
10.3982/ecta823fm,Frontmatter of Econometrica Vol. 82 Iss. 3,
10.3982/ecta823forth,Forthcoming Papers,
10.3982/ecta824bm,Backmatter of Econometrica Vol. 82 Iss. 4,
10.3982/ecta824ef,2013 Election of Fellows to the Econometric Society,
10.3982/ecta824fm,Frontmatter of Econometrica Vol. 82 Iss. 4,
10.3982/ecta824forth,Forthcoming Papers,
10.3982/ecta824sum,Submission of Manuscripts to the Econometric Society Monograph Series,
10.3982/ecta825bm,Backmatter of Econometrica Vol. 82 Iss. 5,
10.3982/ecta825fm,Frontmatter of Econometrica Vol. 82 Iss. 5,
10.3982/ecta825forth,Forthcoming Papers,
10.3982/ecta826bm,Backmatter of Econometrica Vol. 82 Iss. 6,2014
10.3982/ecta826fm,Frontmatter of Econometrica Vol. 82 Iss. 6,2014
10.3982/ecta826forth,Forthcoming Papers,2014
10.3982/ecta826pres,The Econometric Society 2013 Annual Report of the President,2014
10.3982/ecta8291,Sequential Estimation of Structural Models With a Fixed Point Constraint,
10.3982/ecta8299,Learning the Wealth of Nations,
10.3982/ecta8311,Preference Monotonicity and Information Aggregation in Elections,
10.3982/ecta8318,An Anatomy of International Trade: Evidence From French Firms,
10.3982/ecta831bm,Backmatter of Econometrica Vol. 83 Iss. 1,2015
10.3982/ecta831eds,The Econometric Society Annual Reports. Report of the Editors 2013-2014,2015
10.3982/ecta831fm,Frontmatter of Econometrica Vol. 83 Iss. 1,2015
10.3982/ecta831forth,Forthcoming Papers,2015
10.3982/ecta831mono,The Econometric Society Annual Reports. Report of the Editors of the Monograph Series,2015
10.3982/ecta831ref,The Econometric Society Annual Reports. Econometrica Referees 2013-2014,2015
10.3982/ecta831sec,The Econometric Society Annual Reports. Report of the Secretary,2015
10.3982/ecta831sum,Submission of Manuscripts to the Econometric Society Monograph Series,2015
10.3982/ecta831treas,The Econometric Society Annual Reports. Report of the Treasurer,2015
10.3982/ecta832bm,Backmatter of Econometrica Vol. 83 Iss. 2,
10.3982/ecta832fm,Frontmatter of Econometrica Vol. 83 Iss. 2,
10.3982/ecta832forth,Forthcoming Papers,
10.3982/ecta8337,Fiscal Foresight and Information Flows,
10.3982/ecta833bm,Backmatter of Econometrica Vol. 83 Iss. 3,2015
10.3982/ecta833ef,2014 Election of Fellows to the Econometric Society,2015
10.3982/ecta833fm,Frontmatter of Econometrica Vol. 83 Iss. 3,2015
10.3982/ecta833forth,Forthcoming Papers,2015
10.3982/ecta8346,Nonhomotheticity and Bilateral Trade: Evidence and a Quantitative Explanation,
10.3982/ecta834bm,Backmatter of Econometrica Vol. 83 Iss. 4,2015
10.3982/ecta834fes,Fellows of the Econometric Society,
10.3982/ecta834fm,Frontmatter of Econometrica Vol. 83 Iss. 4,
10.3982/ecta834forth,Forthcoming Papers,
10.3982/ecta834sum,Submission of Manuscripts to the Econometric Society Monograph Series,
10.3982/ecta8354,Asymptotic Equivalence of Probabilistic Serial and Random Priority Mechanisms,
10.3982/ecta8356,The Balance Condition in Search‐and‐Matching Models,
10.3982/ecta835bm,Backmatter of Econometrica Vol. 83 Iss. 5,
10.3982/ecta835fm,Frontmatter of Econometrica Vol. 83 Iss. 5,
10.3982/ecta835forth,Forthcoming Papers,
10.3982/ecta8360,Bayesian and Frequentist Inference in Partially Identified Models,
10.3982/ecta8365,Valuing Dealers' Informational Advantage: A Study of Canadian Treasury Auctions,
10.3982/ecta836bm,Backmatter of Econometrica Vol. 83 Iss. 6,
10.3982/ecta836fm,Frontmatter of Econometrica Vol. 83 Iss. 6,
10.3982/ecta836forth,Forthcoming Papers,
10.3982/ecta836pres,The Econometric Society 2015 Annual Report of the President,
10.3982/ecta8375,Definable and Contractible Contracts,
10.3982/ecta8379,Noncontractible Heterogeneity in Directed Search,
10.3982/ecta8405,Average and Quantile Effects in Nonseparable Panel Models,
10.3982/ecta8415,Modeling Earnings Dynamics,
10.3982/ecta8416,The Distribution of Wealth and Fiscal Policy in Economies With Finitely Lived Agents,
10.3982/ecta8419,Binary Response Models for Panel Data: Identification and Information,
10.3982/ecta841bm,Backmatter of Econometrica Vol. 84 Iss. 1,
10.3982/ecta841eds,The Econometric Society Annual Reports [6pt] Report of the Editors 2014-2015,
10.3982/ecta841fm,Frontmatter of Econometrica Vol. 84 Iss. 1,
10.3982/ecta841forth,Forthcoming Papers,
10.3982/ecta841mono,The Econometric Society Annual Reports [6pt] Report of the Editors of the Monograph Series,
10.3982/ecta841ref,The Econometric Society Annual Reports [6pt] Econometrica Referees 2014-2015,
10.3982/ecta841sec,The Econometric Society Annual Reports [6pt] Report of the Secretary,
10.3982/ecta841sum,Submission of Manuscripts to the Econometric Society Monograph Series,
10.3982/ecta841treas,The Econometric Society Annual Reports [6pt] Report of the Treasurer,
10.3982/ecta8424,Reconsidering the Effect of Market Experience on the ''Endowment Effect'',
10.3982/ecta842bm,Backmatter of Econometrica Vol. 84 Iss. 2,
10.3982/ecta842fm,Frontmatter of Econometrica Vol. 84 Iss. 2,
10.3982/ecta842forth,Forthcoming Papers,
10.3982/ecta843bm,Backmatter of Econometrica Vol. 84 Iss. 3,
10.3982/ecta843fm,Frontmatter of Econometrica Vol. 84 Iss. 3,
10.3982/ecta843forth,Forthcoming Papers,
10.3982/ecta8442,The Productivity Advantages of Large Cities: Distinguishing Agglomeration From Firm Selection,
10.3982/ecta8446,The Lucas Orchard,
10.3982/ecta844bm,Backmatter of Econometrica Vol. 84 Iss. 4,
10.3982/ecta844ef,2015 Election of Fellows to the Econometric Society,
10.3982/ecta844fm,Frontmatter of Econometrica Vol. 84 Iss. 4,
10.3982/ecta844forth,Forthcoming Papers,
10.3982/ecta844sum,Submission of Manuscripts to the Econometric Society Monograph Series,
10.3982/ecta845bm,Backmatter of Econometrica Vol. 84 Iss. 5,
10.3982/ecta845fm,Frontmatter of Econometrica Vol. 84 Iss. 5,
10.3982/ecta845forth,Forthcoming Papers,
10.3982/ecta846bm,Backmatter of Econometrica Vol. 84 Iss. 6,
10.3982/ecta846fm,Frontmatter of Econometrica Vol. 84 Iss. 6,
10.3982/ecta846forth,Forthcoming Papers,
10.3982/ecta846pres,The Econometric Society 2016 Annual Report of the President,
10.3982/ecta8479,Information Aggregation in Dynamic Markets With Strategic Traders,
10.3982/ecta8480,Weakly Belief-Free Equilibria in Repeated Games With Private Monitoring,
10.3982/ecta851bm,Backmatter of Econometrica Vol. 85 Iss. 1,
10.3982/ecta851eds,The Econometric Society Annual Reports [6pt] Report of the Editors 2015-2016,
10.3982/ecta851fm,Frontmatter of Econometrica Vol. 85 Iss. 1,
10.3982/ecta851forth,Forthcoming Papers,
10.3982/ecta851mono,The Econometric Society Annual Reports [6pt] Report of the Editors of the Monograph Series,
10.3982/ecta851ref,The Econometric Society Annual Reports [6pt] Econometrica Referees 2015-2016,
10.3982/ecta851sec,The Econometric Society Annual Reports [6pt] Report of the Secretary,
10.3982/ecta851sum,Submission of Manuscripts to the Econometric Society Monograph Series,
10.3982/ecta851treas,The Econometric Society Annual Reports [6pt] Report of the Treasurer,
10.3982/ecta852bm,Backmatter of Econometrica Vol. 85 Iss. 2,
10.3982/ecta852fm,Frontmatter of Econometrica Vol. 85 Iss. 2,
10.3982/ecta852forth,Forthcoming Papers,
10.3982/ecta8535,Adverse Selection in Competitive Search Equilibrium,
10.3982/ecta853bm,Backmatter of Econometrica Vol. 85 Iss. 3,
10.3982/ecta853fm,Frontmatter of Econometrica Vol. 85 Iss. 3,
10.3982/ecta853forth,Forthcoming Papers,
10.3982/ecta854bm,Backmatter of Econometrica Vol. 85 Iss. 4,
10.3982/ecta854ef,2016 Election of Fellows to the Econometric Society,
10.3982/ecta854fm,Frontmatter of Econometrica Vol. 85 Iss. 4,
10.3982/ecta854forth,Forthcoming Papers,
10.3982/ecta854sum,Submission of Manuscripts to the Econometric Society Monograph Series,
10.3982/ecta855bm,Backmatter of Econometrica Vol. 85 Iss. 5,
10.3982/ecta855fm,Frontmatter of Econometrica Vol. 85 Iss. 5,
10.3982/ecta855forth,Forthcoming Papers,
10.3982/ecta8565,Repeated Games Where the Payoffs and Monitoring Structure Are Unknown,
10.3982/ecta856bm,Backmatter of Econometrica Vol. 85 Iss. 6,
10.3982/ecta856fm,Frontmatter of Econometrica Vol. 85 Iss. 6,
10.3982/ecta856forth,Forthcoming Papers,
10.3982/ecta856pres,The Econometric Society 2016 Annual Report of the President,
10.3982/ecta8577,Continuous Implementation,
10.3982/ecta8583,Apparent Overconfidence,
10.3982/ecta8585,Improving the Numerical Performance of Static and Dynamic Aggregate Discrete Choice Random Coefficients Demand Estimation,
10.3982/ecta8602,Herding and Contrarian Behavior in Financial Markets,
10.3982/ecta8609,Optimal Test for Markov Switching Parameters,
10.3982/ecta8611,Temptation and Taxation,
10.3982/ecta8617,"Robustness, Infinitesimal Neighborhoods, and Moment Restrictions",
10.3982/ecta861bm,Backmatter of Econometrica Vol. 86 Iss. 1,
10.3982/ecta861eds,The Econometric Society Annual Reports [6pt] Report of the Editors 2016-2017,
10.3982/ecta861fm,Frontmatter of Econometrica Vol. 86 Iss. 1,
10.3982/ecta861forth,Forthcoming Papers,
10.3982/ecta861mono,The Econometric Society Annual Reports [6pt] Report of the Editors of the Monograph Series,
10.3982/ecta861ref,The Econometric Society Annual Reports [6pt] Econometrica Referees 2016-2017,
10.3982/ecta861sec,The Econometric Society Annual Reports [6pt] Report of the Secretary,
10.3982/ecta861sum,Submission of Manuscripts to the Econometric Society Monograph Series,
10.3982/ecta861treas,The Econometric Society Annual Reports [6pt] Report of the Treasurer,
10.3982/ecta862bm,Backmatter of Econometrica Vol. 86 Iss. 2,
10.3982/ecta862fm,Frontmatter of Econometrica Vol. 86 Iss. 2,
10.3982/ecta862forth,Forthcoming Papers,
10.3982/ecta863bm,Backmatter of Econometrica Vol. 86 Iss. 3,
10.3982/ecta863fm,Frontmatter of Econometrica Vol. 86 Iss. 3,
10.3982/ecta863forth,Forthcoming Papers,
10.3982/ecta8640,Inequality and Unemployment in a Global Economy,
10.3982/ecta864bm,Backmatter of Econometrica Vol. 86 Iss. 4,
10.3982/ecta864fm,Frontmatter of Econometrica Vol. 86 Iss. 4,
10.3982/ecta864forth,Forthcoming Papers,
10.3982/ecta864sum,Submission of Manuscripts to the Econometric Society Monograph Series,
10.3982/ecta8659,Does Industrial Composition Matter for Wages? A Test of Search and Bargaining Theory,
10.3982/ecta865bm,Backmatter of Econometrica Vol. 86 Iss. 5,
10.3982/ecta865ef,2017 Election of Fellows to the Econometric Society,
10.3982/ecta865fm,Frontmatter of Econometrica Vol. 86 Iss. 5,
10.3982/ecta865forth,Forthcoming Papers,
10.3982/ecta8662,Applied Nonparametric Instrumental Variables Estimation,
10.3982/ecta8665,Nonexclusive Competition in the Market for Lemons,
10.3982/ecta866bm,Backmatter of Econometrica Vol. 86 Iss. 6,
10.3982/ecta866fm,Frontmatter of Econometrica Vol. 86 Iss. 6,
10.3982/ecta866forth,Forthcoming Papers,
10.3982/ecta866pres,The Econometric Society 2017 Annual Report of the President,
10.3982/ecta8675,Nonparametric Estimation in Random Coefficients Binary Choice Models,
10.3982/ecta8680,Sharp Identification Regions in Models With Convex Moment Predictions,
10.3982/ecta8681,Impossibility Results for Nondifferentiable Functionals,
10.3982/ecta8688,Returns to Tenure or Seniority?,
10.3982/ecta8689,A Paradox for the ''Smooth Ambiguity'' Model of Preference,
10.3982/ecta8700,Task Trade Between Similar Countries,
10.3982/ecta8718,Intersection Bounds: Estimation and Inference,
10.3982/ecta871bm,Backmatter of Econometrica Vol. 87 Iss. 1,
10.3982/ecta871eds,The Econometric Society Annual Reports [6pt] Report of the Editors 2017-2018,
10.3982/ecta871fm,Frontmatter of Econometrica Vol. 87 Iss. 1,
10.3982/ecta871forth,Forthcoming Papers,
10.3982/ecta871mono,The Econometric Society Annual Reports [6pt] Report of the Editors of the Monograph Series,
10.3982/ecta871ref,The Econometric Society Annual Reports [6pt] Econometrica Referees 2017-2018,
10.3982/ecta871sec,The Econometric Society Annual Reports [6pt] Report of the Secretary,
10.3982/ecta871sum,Submission of Manuscripts to the Econometric Society Monograph Series,
10.3982/ecta871treas,The Econometric Society Annual Reports [6pt] Report of the Treasurer,
10.3982/ecta872bm,Backmatter of Econometrica Vol. 87 Iss. 2,
10.3982/ecta872fm,Frontmatter of Econometrica Vol. 87 Iss. 2,
10.3982/ecta872forth,Forthcoming Papers,
10.3982/ecta873bm,Backmatter of Econometrica Vol. 87 Iss. 3,
10.3982/ecta873ef,2018 Election of Fellows to the Econometric Society,
10.3982/ecta873fm,Frontmatter of Econometrica Vol. 87 Iss. 3,
10.3982/ecta873forth,Forthcoming Papers,
10.3982/ecta8740,Comment on “Efficient Resource Allocation on the Basis of Priorities”,
10.3982/ecta874bm,Backmatter of Econometrica Vol. 87 Iss. 4,
10.3982/ecta874fm,Frontmatter of Econometrica Vol. 87 Iss. 4,
10.3982/ecta874forth,Forthcoming Papers,
10.3982/ecta874sum,Submission of Manuscripts to the Econometric Society Monograph Series,
10.3982/ecta875bm,Backmatter of Econometrica Vol. 87 Iss. 5,
10.3982/ecta875ed,Editorial,
10.3982/ecta875fm,Frontmatter of Econometrica Vol. 87 Iss. 5,
10.3982/ecta875forth,Forthcoming Papers,
10.3982/ecta8769,The Granular Origins of Aggregate Fluctuations,
10.3982/ecta876bm,Backmatter of Econometrica Vol. 87 Iss. 6,
10.3982/ecta876fm,Frontmatter of Econometrica Vol. 87 Iss. 6,
10.3982/ecta876forth,Forthcoming Papers,
10.3982/ecta876pres,The Econometric Society 2018 Annual Report of the President,
10.3982/ecta8772,Mechanism Design With Renegotiation and Costly Messages,
10.3982/ecta8773,On the Asymptotic Optimality of Empirical Likelihood for Testing Moment Restrictions,
10.3982/ecta8781,Speculative Overpricing in Asset Markets With Information Flows,
10.3982/ecta8783,Endogenous Completeness of Diffusion Driven Equilibrium Markets,
10.3982/ecta8803,Dynamic Female Labor Supply,
10.3982/ecta8806,Dynamic Competition With Random Demand and Costless Search: A Theory of Price Posting,
10.3982/ecta881bm,Backmatter of Econometrica Vol. 88 Iss. 1,
10.3982/ecta881eds,The Econometric Society Annual Reports Report of the Editors 2018–2019,
10.3982/ecta881fm,Frontmatter of Econometrica Vol. 88 Iss. 1,
10.3982/ecta881forth,Forthcoming Papers,
10.3982/ecta881mono,The Econometric Society Annual Reports Report of the Editors of the Monograph Series,
10.3982/ecta881ref,The Econometric Society Annual Reports Econometrica Referees 2018–2019,
10.3982/ecta881sec,The Econometric Society Annual Reports Report of the Secretary,
10.3982/ecta881sum,Submission of Manuscripts to the Econometric Society Monograph Series,
10.3982/ecta881treas,The Econometric Society Annual Reports Report of the Treasurer,
10.3982/ecta8822,Capital Mobility and Asset Pricing,
10.3982/ecta8827,On the Size Distribution of Macroeconomic Disasters,
10.3982/ecta882bm,Backmatter of Econometrica Vol. 88 Iss. 2,
10.3982/ecta882fm,Frontmatter of Econometrica Vol. 88 Iss. 2,
10.3982/ecta882forth,Forthcoming Papers,
10.3982/ecta883bm,Backmatter of Econometrica Vol. 88 Iss. 3,
10.3982/ecta883ef,2019 Election of Fellows to the Econometric Society,
10.3982/ecta883fm,Frontmatter of Econometrica Vol. 88 Iss. 3,
10.3982/ecta883forth,Forthcoming Papers,
10.3982/ecta884bm,Backmatter of Econometrica Vol. 88 Iss. 4,
10.3982/ecta884ed,Invited Papers and Discussions,
10.3982/ecta884fes,"Fellows of the Econometric Society July, 2020",
10.3982/ecta884fm,Frontmatter of Econometrica Vol. 88 Iss. 4,
10.3982/ecta884forth,Forthcoming Papers,
10.3982/ecta884sum,Submission of Manuscripts to the Econometric Society Monograph Series,
10.3982/ecta8852,An Experimental Study of Collective Deliberation,
10.3982/ecta8859,Efficient Repeated Implementation,
10.3982/ecta885bm,Backmatter of Econometrica Vol. 88 Iss. 5,
10.3982/ecta885fm,Frontmatter of Econometrica Vol. 88 Iss. 5,
10.3982/ecta885forth,Forthcoming Papers,
10.3982/ecta886bm,Backmatter of Econometrica Vol. 88 Iss. 6,
10.3982/ecta886fm,Frontmatter of Econometrica Vol. 88 Iss. 6,
10.3982/ecta886forth,Forthcoming Papers,
10.3982/ecta886pres,The Econometric Society 2019 Annual Report of the President,
10.3982/ecta8882,Monotonicity and Implementability,
10.3982/ecta8910,Rotten Parents and Disciplined Children: A Politico-Economic Theory of Public Expenditure and Debt,
10.3982/ecta8911,Decentralized Trading With Private Information,
10.3982/ecta8916,Dynamic Identification of Dynamic Stochastic General Equilibrium Models,
10.3982/ecta891bm,Backmatter of Econometrica Vol. 89 Iss. 1,
10.3982/ecta891eds,The Econometric Society Annual Reports Report of the Editors 2019–2020,
10.3982/ecta891fm,Frontmatter of Econometrica Vol. 89 Iss. 1,
10.3982/ecta891forth,Forthcoming Papers,
10.3982/ecta891mono,The Econometric Society Annual Reports Report of the Editors of the Monograph Series,
10.3982/ecta891ref,The Econometric Society Annual Reports Econometrica Referees 2019–2020,
10.3982/ecta891sec,The Econometric Society Annual Reports Report of the Secretary,
10.3982/ecta891sum,Submission of Manuscripts to the Econometric Society Monograph Series,
10.3982/ecta891treas,The Econometric Society Annual Reports Report of the Treasurer,
10.3982/ecta892bm,Backmatter of Econometrica Vol. 89 Iss. 2,
10.3982/ecta892ef,2020 Election of Fellows to the Econometric Society,
10.3982/ecta892fm,Frontmatter of Econometrica Vol. 89 Iss. 2,
10.3982/ecta892forth,Forthcoming Papers,
10.3982/ecta8934,On the Existence of Monotone Pure-Strategy Equilibria in Bayesian Games,
10.3982/ecta893bm,Backmatter of Econometrica Vol. 89 Iss. 3,
10.3982/ecta893fm,Frontmatter of Econometrica Vol. 89 Iss. 3,
10.3982/ecta893forth,Forthcoming Papers,
10.3982/ecta893pres,The Econometric Society 2020 Annual Report of the President,
10.3982/ecta8941,Perfectionism and Choice,
10.3982/ecta8949,Games With Discontinuous Payoffs: A Strengthening of Reny's Existence Theorem,
10.3982/ecta894bm,Backmatter of Econometrica Vol. 89 Iss. 4,
10.3982/ecta894fm,Frontmatter of Econometrica Vol. 89 Iss. 4,
10.3982/ecta894forth,Forthcoming Papers,
10.3982/ecta894sum,Submission of Manuscripts to the Econometric Society Monograph Series,
10.3982/ecta8953,On the Asymptotic Sizes of Subset Anderson-Rubin and Lagrange Multiplier Tests in Linear Instrumental Variables Regression,
10.3982/ecta895bm,Backmatter of Econometrica Vol. 89 Iss. 5,
10.3982/ecta895fm,Frontmatter of Econometrica Vol. 89 Iss. 5,
10.3982/ecta895forth,Forthcoming Papers,
10.3982/ecta8963,The Economics of Labor Coercion,
10.3982/ecta8968,Eigenvalue Ratio Test for the Number of Factors,
10.3982/ecta896bm,Backmatter of Econometrica Vol. 89 Iss. 6,
10.3982/ecta896fm,Frontmatter of Econometrica Vol. 89 Iss. 6,
10.3982/ecta896forth,Forthcoming Papers,
10.3982/ecta8994,Land-Price Dynamics and Macroeconomic Fluctuations,
10.3982/ecta9004,Recursive Methods in Discounted Stochastic Games: An Algorithm for<i>δ</i>→ 1 and a Folk Theorem,
10.3982/ecta9019,An Axiomatization of the Serial Cost-Sharing Method,
10.3982/ecta901bm,Backmatter of Econometrica Vol. 90 Iss. 1,
10.3982/ecta901eds,The Econometric Society Annual Reports. Report of the Editors 2020–2021,
10.3982/ecta901fm,Frontmatter of Econometrica Vol. 90 Iss. 1,
10.3982/ecta901forth,Forthcoming Papers,
10.3982/ecta901mono,The Econometric Society Annual Reports. Report of the Editors of the Monograph Series,
10.3982/ecta901ref,The Econometric Society Annual Reports. Econometrica Referees 2020–2021,
10.3982/ecta901sec,The Econometric Society Annual Reports. Report of the Secretary,
10.3982/ecta901sum,Submission of Manuscripts to the Econometric Society Monograph Series,
10.3982/ecta901treas,The Econometric Society Annual Reports. Report of the Treasurer,
10.3982/ecta9027,Identification in Differentiated Products Markets Using Market Level Data,
10.3982/ecta9029,Macroeconomic Implications of Agglomeration,
10.3982/ecta902bm,Backmatter of Econometrica Vol. 90 Iss. 2,
10.3982/ecta902ef,2021 Election of Fellows to the Econometric Society,
10.3982/ecta902fm,Frontmatter of Econometrica Vol. 90 Iss. 2,
10.3982/ecta902forth,Forthcoming Papers,
10.3982/ecta9035,Vote-Buying and Reciprocity,
10.3982/ecta9038,The Distributive Impact of Reforms in Credit Enforcement: Evidence From Indian Debt Recovery Tribunals,
10.3982/ecta9039,Reputation for Quality,
10.3982/ecta903bm,Backmatter of Econometrica Vol. 90 Iss. 3,
10.3982/ecta903fm,Frontmatter of Econometrica Vol. 90 Iss. 3,
10.3982/ecta903forth,Forthcoming Papers,
10.3982/ecta903pres,The Econometric Society 2021 Annual Report of the President,
10.3982/ecta9042,"Status, Intertemporal Choice, and Risk-Taking",
10.3982/ecta9043,Bounds on Elasticities With Optimization Frictions: A Synthesis of Micro and Macro Evidence on Labor Supply,
10.3982/ecta904bm,Backmatter of Econometrica Vol. 90 Iss. 4,
10.3982/ecta904fm,Frontmatter of Econometrica Vol. 90 Iss. 4,
10.3982/ecta904forth,Forthcoming Papers,
10.3982/ecta904sum,Submission of Manuscripts to the Econometric Society Monograph Series,
10.3982/ecta905bm,Backmatter of Econometrica Vol. 90 Iss. 5,
10.3982/ecta905ed,Editorial,
10.3982/ecta905fm,Frontmatter of Econometrica Vol. 90 Iss. 4,
10.3982/ecta905forth,Forthcoming Papers,
10.3982/ecta906bm,Backmatter of Econometrica Vol. 90 Iss. 6,
10.3982/ecta906fm,Frontmatter of Econometrica Vol. 90 Iss. 6,
10.3982/ecta906forth,Forthcoming Papers,
10.3982/ecta9070,On the Dynamics of Unemployment and Wage Distributions,
10.3982/ecta9075,A Dynamic Model of Welfare Reform,
10.3982/ecta9082,Partial Identification in Triangular Systems of Equations With Binary Dependent Variables,
10.3982/ecta9097,"Risk of Bayesian Inference in Misspecified Models, and the Sandwich Covariance Matrix",
10.3982/ecta9099,Bootstrap Determination of the Co-Integration Rank in Vector Autoregressive Models,
10.3982/ecta9100,"Contract Structure, Risk-Sharing, and Investment Choice",
10.3982/ecta9111,"One Person, Many Votes: Divided Majority and Information Aggregation",
10.3982/ecta9113,Unwilling or Unable to Cheat? Evidence From a Tax Audit Experiment in Denmark,
10.3982/ecta911bm,Backmatter of Econometrica Vol. 91 Iss. 1,
10.3982/ecta911eds,The Econometric Society Annual Reports Report of the Editors 2021–2022,
10.3982/ecta911fm,Frontmatter of Econometrica Vol. 91 Iss. 1,
10.3982/ecta911forth,Forthcoming Papers,
10.3982/ecta911mono,The Econometric Society Annual Reports Report of the Editors of the Monograph Series,
10.3982/ecta911ref,The Econometric Society Annual Reports Econometrica Referees 2021–2022,
10.3982/ecta911sec,The Econometric Society Annual Reports Report of the Secretary,
10.3982/ecta911sum,Submission of Manuscripts to the Econometric Society Monograph Series,
10.3982/ecta911treas,The Econometric Society Annual Reports Report of the Treasurer,
10.3982/ecta9125,A Note on the Equilibrium Existence Problem in Discontinuous Games,
10.3982/ecta9126,Dynamic Financial Constraints: Distinguishing Mechanism Design From Exogenously Incomplete Regimes,
10.3982/ecta912bm,Backmatter of Econometrica Vol. 91 Iss. 2,
10.3982/ecta912ef,2022 Election of Fellows to the Econometric Society,
10.3982/ecta912fm,Frontmatter of Econometrica Vol. 91 Iss. 2,
10.3982/ecta912forth,Forthcoming Papers,
10.3982/ecta9133,The Realized Laplace Transform of Volatility,
10.3982/ecta913bm,Backmatter of Econometrica Vol. 91 Iss. 3,
10.3982/ecta913fm,Frontmatter of Econometrica Vol. 91 Iss. 3,
10.3982/ecta913forth,Forthcoming Papers,
10.3982/ecta913pres,The Econometric Society 2022 Annual Report of the President,
10.3982/ecta914bm,Backmatter of Econometrica Vol. 91 Iss. 4,
10.3982/ecta914fm,Frontmatter of Econometrica Vol. 91 Iss. 4,
10.3982/ecta914forth,Forthcoming Papers,
10.3982/ecta914sum,Submission of Manuscripts to the Econometric Society Monograph Series,
10.3982/ecta9159,Higher Order Uncertainty and Information: Static and Dynamic Games,
10.3982/ecta915bm,Backmatter of Econometrica Vol. 91 Iss. 5,
10.3982/ecta915fm,Frontmatter of Econometrica Vol. 91 Iss. 5,
10.3982/ecta915forth,Forthcoming Papers,
10.3982/ecta9167,Identification and Estimation of Stochastic Bargaining Models,
10.3982/ecta916bm,Backmatter of Econometrica Vol. 91 Iss. 6,
10.3982/ecta916fm,Frontmatter of Econometrica Vol. 91 Iss. 6,
10.3982/ecta916forth,Forthcoming Papers,
10.3982/ecta9183,Language Barriers,
10.3982/ecta9188,Expected Uncertain Utility Theory,
10.3982/ecta9200,Gambling Reputation: Repeated Bargaining With Outside Options,
10.3982/ecta9216,Inference of Signs of Interaction Effects in Simultaneous Games With Incomplete Information,
10.3982/ecta921bm,Backmatter of Econometrica Vol. 92 Iss. 1,
10.3982/ecta921eds,The Econometric Society Annual Reports Report of the Editors 2022–2023,
10.3982/ecta921fm,Frontmatter of Econometrica Vol. 92 Iss. 1,
10.3982/ecta921forth,Forthcoming Papers,
10.3982/ecta921mono,The Econometric Society Annual Reports Report of the Editors of the Monograph Series,
10.3982/ecta921ref,The Econometric Society Annual Reports Econometrica Referees 2022–2023,
10.3982/ecta921sec,The Econometric Society Annual Reports. Report of the Secretary,
10.3982/ecta921sum,Submission of Manuscripts to the Econometric Society Monograph Series,
10.3982/ecta921treas,The Econometric Society Annual Reports. Report of the Treasurer,
10.3982/ecta922bm,Backmatter of Econometrica Vol. 92 Iss. 2,
10.3982/ecta922ef,2023 Election of Fellows to the Econometric Society,
10.3982/ecta922fm,Frontmatter of Econometrica Vol. 92 Iss. 2,
10.3982/ecta922forth,Forthcoming Papers,
10.3982/ecta923bm,Backmatter of Econometrica Vol. 92 Iss. 3,
10.3982/ecta923fm,Frontmatter of Econometrica Vol. 92 Iss. 3,
10.3982/ecta923forth,Forthcoming Papers,
10.3982/ecta923pres,The Econometric Society 2023 Annual Report of the President,
10.3982/ecta9240,Estimation of Jump Tails,
10.3982/ecta924bm,Backmatter of Econometrica Vol. 92 Iss. 4,
10.3982/ecta924fm,Frontmatter of Econometrica Vol. 92 Iss. 4,
10.3982/ecta924forth,Forthcoming Papers,
10.3982/ecta925bm,Backmatter of Econometrica Vol. 92 Iss. 5,
10.3982/ecta925fm,Frontmatter of Econometrica Vol. 92 Iss. 5,
10.3982/ecta925sum,Submission of Manuscripts to the Econometric Society Monograph Series,
10.3982/ecta926bm,Backmatter of Econometrica Vol. 92 Iss. 6,
10.3982/ecta926fm,Frontmatter of Econometrica Vol. 92 Iss. 6,
10.3982/ecta9278,Waiting for News in the Market for Lemons,
10.3982/ecta9280,Costly Self-Control and Random Self-Indulgence,
10.3982/ecta9288,The Theory of Optimal Delegation With an Application to Tariff Caps,
10.3982/ecta9294,Combinatorial Voting,
10.3982/ecta9299,Likelihood Inference for a Fractionally Cointegrated Vector Autoregressive Model,
10.3982/ecta9311,Functional Differencing,
10.3982/ecta931bm,Backmatter of Econometrica Vol. 93 Iss. 1,
10.3982/ecta931eds,The Econometric Society Annual Reports Report of the Editors 2023–2024,
10.3982/ecta931fm,Frontmatter of Econometrica Vol. 93 Iss. 1,
10.3982/ecta931mono,The Econometric Society Annual Reports Report of the Editors of the Monograph Series,
10.3982/ecta931ref,The Econometric Society Annual Reports Econometrica Referees 2023–2024,
10.3982/ecta931sec,The Econometric Society Annual Reports Report of the Secretary,
10.3982/ecta931sum,Submission of Manuscripts to the Econometric Society Monograph Series,
10.3982/ecta931treas,The Econometric Society Annual Reports Report of the Treasurer,
10.3982/ecta9332,"Bayesian Learning, Smooth Approximate Optimal Behavior, and Convergence to<i>ε</i>-Nash Equilibrium",2015
10.3982/ecta9348,Estimation of Nonparametric Models With Simultaneity,2015
10.3982/ecta9350,"Folklore Theorems, Implicit Maps, and Indirect Inference",
10.3982/ecta9351,"Corrigendum to ""Uniform Inference in Autoregressive Models""",
10.3982/ecta9367,Ambiguity in the Small and in the Large,
10.3982/ecta9370,Inference Based on Conditional Moment Inequalities,
10.3982/ecta9371,One-Dimensional Inference in Autoregressive Models With the Potential Presence of a Unit Root,
10.3982/ecta9382,Linear Regression for Panel With Unknown Number of Factors as Interactive Fixed Effects,
10.3982/ecta9385,Simple Bounds on the Value of a Reputation,
10.3982/ecta9390,Consumption Commitments and Habit Formation,
10.3982/ecta9405,Strict Stationarity Testing and Estimation of Explosive and Stationary Generalized Autoregressive Conditional Heteroscedasticity Models,
10.3982/ecta9409,"Fixed-Effects Dynamic Panel Models, a Factor Analytical Method",
10.3982/ecta9431,Identification and Inference in Ascending Auctions With Correlated Private Values,
10.3982/ecta9433,The Bubble Game: An Experimental Study of Speculation,
10.3982/ecta9446,Inferring Labor Income Risk and Partial Insurance From Economic Choices,2014
10.3982/ecta9454,When Are Local Incentive Constraints Sufficient?,
10.3982/ecta9456,"Estimation and Inference With Weak, Semi-Strong, and Strong Identification",
10.3982/ecta9466,Identifying Technology Spillovers and Product Market Rivalry,
10.3982/ecta9508,Short-Run Subsidies and Long-Run Adoption of New Health Products: Evidence From a Field Experiment,
10.3982/ecta9557,Efficiency in Games With Markovian Private Information,
10.3982/ecta9573,Price Inference in Small Markets,
10.3982/ecta9579,Axiomatic Equilibrium Selection for Generic Two-Player Games,
10.3982/ecta9589,Clocks and Trees: Isomorphic Dutch Auctions and Centipede Games,
10.3982/ecta9604,Distortions of Asymptotic Confidence Size in Locally Misspecified Moment Inequality Models,
10.3982/ecta9607,"Democracy, Redistribution, and Political Participation: Evidence From Sweden 1919-1938",
10.3982/ecta9609,Asymptotic Variance of Semiparametric Estimators With Generated Regressors,
10.3982/ecta9612,Identification Using Stability Restrictions,
10.3982/ecta9613,Pre-Colonial Ethnic Institutions and Contemporary African Development,
10.3982/ecta9619,Temporal Resolution of Uncertainty and Recursive Models of Ambiguity Aversion,
10.3982/ecta9621,Subjective Expected Utility With Incomplete Preferences,
10.3982/ecta9622,Testing for Regime Switching: A Comment,
10.3982/ecta9623,The Network Origins of Aggregate Fluctuations,
10.3982/ecta9626,Sparse Models and Methods for Optimal Instruments With an Application to Eminent Domain,
10.3982/ecta9655,Timing and Self-Control,
10.3982/ecta9671,Partial Distributional Policy Effects,
10.3982/ecta9678,Alpha as Ambiguity: Robust Mean-Variance Portfolio Analysis,
10.3982/ecta9709,Choosing Choices: Agenda Selection With Uncertain Issues,
10.3982/ecta9737,Moral Hazard in High Office and the Dynamics of Aristocracy,
10.3982/ecta9748,Entropic Latent Variable Integration via Simulation,
10.3982/ecta9775,On the Smooth Ambiguity Model: A Reply,
10.3982/ecta9823,Land Use Regulation and Welfare,
10.3982/ecta9837,Competition in Financial Innovation,
10.3982/ecta9859,A Mechanism Design Approach to Ranking Asymmetric Auctions,
10.3982/ecta9865,Reputational Bargaining With Minimal Knowledge of Rationality,
10.3982/ecta9869,Aggregating the Single Crossing Property,
10.3982/ecta9872,Perceived Ambiguity and Relevant Measures,
10.3982/ecta9878,Islamic Rule and the Empowerment of the Poor and Pious,
10.3982/ecta9902,Recursive Contracts,
10.3982/ecta9956,Belief Disagreements and Collateral Constraints,
10.3982/ecta9969,Search With Adverse Selection,
10.3982/ecta9973,The 2007 Subprime Market Crisis Through the Lens of European Central Bank Auctions for Short-Term Funds,
10.3982/ecta9984,Identification of Nonseparable Models Using Instruments With Small Support,2015
10.3982/ecta9986,Monopolistic Competition: Beyond the Constant Elasticity of Substitution,
10.3982/ecta9987,Calibrated Incentive Contracts,
10.3982/ecta9988,Local Identification of Nonparametric and Semiparametric Models,
