DOI,Title,Published Date
10.1046/j.1540-6261.2003.00606.x,The Dynamics of Institutional and Individual Trading,2003
10.1046/j.1540-6261.2003.00607.x,Equity Volatility and Corporate Bond Yields,2003
10.1046/j.1540-6261.2003.00608.x,Institutional Investors and Executive Compensation,2003
10.1046/j.1540-6261.2003.00609.x,Intraday Price Formation in U.S. Equity Index Markets,2003
10.1046/j.1540-6261.2003.00610.x,"Financial Development, Property Rights, and Growth",2003
10.1046/j.1540-6261.2003.00611.x,The Behavior of Bid‐Ask Spreads and Volume in Options Markets during the Competition for Listings in 1999,2003
10.1046/j.1540-6261.2003.00612.x,Model Misspecification and Underdiversification,2003
10.1046/j.1540-6261.2003.00613.x,"Regulation Fair Disclosure and Earnings Information: Market, Analyst, and Corporate Responses",2003
10.1046/j.1540-6261.2003.00614.x,Momentum Investing and Business Cycle Risk: Evidence from Pole to Pole,2003
10.1046/j.1540-6261.2003.00615.x,Equilibrium “Anomalies”,2003
10.1046/j.1540-6261.2003.00616.x,What Type of Process Underlies Options? A Simple Robust Test,2003
10.1046/j.1540-6261.2003.00617.x,Do Price Discreteness and Transactions Costs Affect Stock Returns? Comparing Ex‐Dividend Pricing before and after Decimalization,2003
10.1046/j.1540-6261.2003.00618.x,Competition among Trading Venues: Information and Trading on Electronic Communications Networks,2003
10.1046/j.1540-6261.2003.00619.x,Capital Structure and Financial Risk: Evidence from Foreign Debt Use in East Asia,2003
10.1046/j.1540-6261.2003.00620.x,Divestitures and Divisional Investment Policies,2003
10.1046/j.1540-6261.2003.00621.x,Is the International Convergence of Capital Adequacy Regulation Desirable?,2003
10.1046/j.1540-6261.2003.00622.x,Shareholder Taxes in Acquisition Premiums: The Effect of Capital Gains Taxation,2003
10.1046/j.1540-6261.2003.00623.x,MISCELLANEA,2003
10.1046/j.1540-6261.2003.00624.x,Index to Volume LVIII,2003
10.1111/0022-1082.00059-i1,Report of the Representative to the National Bureau of Economic Research,2000
10.1111/0022-1082.00061-i1,Minutes of the Annual Membership Meeting,2002
10.1111/0022-1082.00198,SMITH BREEDEN AND BRATTLE GROUP PRIZES FOR 1999,2000
10.1111/0022-1082.00199,Agency Problems and Dividend Policies around the World,2000
10.1111/0022-1082.00200,The Cost of Diversity: The Diversification Discount and Inefficient Investment,2000
10.1111/0022-1082.00201,Agency Costs and Ownership Structure,2000
10.1111/0022-1082.00202,"Financing Policy, Basis Risk, and Corporate Hedging: Evidence from Oil and Gas Producers",2000
10.1111/0022-1082.00203,The Exploitation of Relationships in Financial Distress: The Case of Trade Credit,2000
10.1111/0022-1082.00204,Portfolio Selection and Asset Pricing Models,2000
10.1111/0022-1082.00205,Investing for the Long Run when Returns Are Predictable,2000
10.1111/0022-1082.00206,"Bad News Travels Slowly: Size, Analyst Coverage, and the Profitability of Momentum Strategies",2000
10.1111/0022-1082.00207,Trading and Returns under Periodic Market Closures,2000
10.1111/0022-1082.00208,Is the Short Rate Drift Actually Nonlinear?,2000
10.1111/0022-1082.00209,"Characteristics, Covariances, and Average Returns: 1929 to 1997",2000
10.1111/0022-1082.00210,Sorting Out Sorts,2000
10.1111/0022-1082.00211,"Stock Splits, Tick Size, and Sponsorship",2000
10.1111/0022-1082.00212,"Effectiveness of Capital Regulation at U.S. Commercial Banks, 1985 to 1994",2000
10.1111/0022-1082.00213,Liquidity and Liquidation: Evidence from Real Estate Investment Trusts,2000
10.1111/0022-1082.00214,The Effect of Options on Stock Prices: 1973 to 1995,2000
10.1111/0022-1082.00219,"Stock Market Liberalization, Economic Reform, and Emerging Market Equity Prices",2000
10.1111/0022-1082.00220,Foreign Speculators and Emerging Equity Markets,2000
10.1111/0022-1082.00221,Going Public without Governance: Managerial Reputation Effects,2000
10.1111/0022-1082.00222,Agency Conflicts in Public and Negotiated Transfers of Corporate Control,2000
10.1111/0022-1082.00223,Can Relationship Banking Survive Competition?,2000
10.1111/0022-1082.00224,Some Evidence on the Uniqueness of Initial Public Debt Offerings,2000
10.1111/0022-1082.00225,Mean Reversion across National Stock Markets and Parametric Contrarian Investment Strategies,2000
10.1111/0022-1082.00226,Trading Is Hazardous to Your Wealth: The Common Stock Investment Performance of Individual Investors,2000
10.1111/0022-1082.00227,How Does Information Quality Affect Stock Returns?,2000
10.1111/0022-1082.00228,"Option Prices, Implied Price Processes, and Stochastic Volatility",2000
10.1111/0022-1082.00229,Is Group Affiliation Profitable in Emerging Markets? An Analysis of Diversified Indian Business Groups,2000
10.1111/0022-1082.00230,Demand Curves for Stocks <i>Do</i> Slope Down: New Evidence from an Index Weights Adjustment,2000
10.1111/0022-1082.00231,Trading Volume and Cross‐Autocorrelations in Stock Returns,2000
10.1111/0022-1082.00232,Truth in Mutual Fund Advertising: Evidence on Future Performance and Fund Flows,2000
10.1111/0022-1082.00233,A Model of Returns and Trading in Futures Markets,2000
10.1111/0022-1082.00234,Arbitrage and the Expectations Hypothesis,2000
10.1111/0022-1082.00236,Miscellanea,2000
10.1111/0022-1082.00238,Association Meetings,2000
10.1111/0022-1082.00239,Outside Equity,2000
10.1111/0022-1082.00240,When the Underwriter Is the Market Maker: An Examination of Trading in the IPO Aftermarket,2000
10.1111/0022-1082.00241,Stabilization Activities by Underwriters after Initial Public Offerings,2000
10.1111/0022-1082.00242,The Seven Percent Solution,2000
10.1111/0022-1082.00243,Multiple versus Single Banking Relationships: Theory and Evidence,2000
10.1111/0022-1082.00244,Portfolio Choice and Asset Prices: The Importance of Entrepreneurial Risk,2000
10.1111/0022-1082.00245,A Test of the Relative Pricing Effects of Dividends and Earnings: Evidence from Simultaneous Announcements in Japan,2000
10.1111/0022-1082.00246,Firm Size and Cyclical Variations in Stock Returns,2000
10.1111/0022-1082.00247,Conditional Skewness in Asset Pricing Tests,2000
10.1111/0022-1082.00248,Equilibrium Forward Curves for Commodities,2000
10.1111/0022-1082.00249,Price Discovery without Trading: Evidence from the Nasdaq Preopening,2000
10.1111/0022-1082.00250,Taking Stock: Equity‐Based Compensation and the Evolution of Managerial Ownership,2000
10.1111/0022-1082.00251,Fund Advisor Compensation in Closed‐End Funds,2000
10.1111/0022-1082.00252,Financial Innovation and the Role of Derivative Securities: An Empirical Analysis of the Treasury STRIPS Program,2000
10.1111/0022-1082.00253,Hedging Pressure Effects in Futures Markets,2000
10.1111/0022-1082.00254,An Analysis of Finance Journal Impact Factors,2000
10.1111/0022-1082.00257,ASSOCIATION MEETINGS,2000
10.1111/0022-1082.00258,Selection Editor's Introduction,2000
10.1111/0022-1082.00259,Presidential Address: Friction,2000
10.1111/0022-1082.00260,Asset Pricing at the Millennium,2000
10.1111/0022-1082.00261,Continuous‐Time Methods in Finance: A Review and an Assessment,2000
10.1111/0022-1082.00262,In Search of New Foundations,2000
10.1111/0022-1082.00263,"Mutual Fund Performance: An Empirical Decomposition into Stock‐Picking Talent, Style, Transactions Costs, and Expenses",2000
10.1111/0022-1082.00264,Discussion,2000
10.1111/0022-1082.00265,"Foundations of Technical Analysis: Computational Algorithms, Statistical Inference, and Empirical Implementation",2000
10.1111/0022-1082.00266,Discussion,2000
10.1111/0022-1082.00267,Order Flow and Liquidity around NYSE Trading Halts,2000
10.1111/0022-1082.00268,Discussion,2000
10.1111/0022-1082.00269,Corporate Reorganizations and Non‐Cash Auctions,2000
10.1111/0022-1082.00270,Discussion,2000
10.1111/0022-1082.00271,Minutes of the Annual Membership Meeting,2000
10.1111/0022-1082.00272,"Report of the Executive Secretary and Treasurer for the Year Ending September 30, 1999",2000
10.1111/0022-1082.00273,Report of the Editor for His Tenure and 1999*,2000
10.1111/0022-1082.00276,Association Meetings,2000
10.1111/0022-1082.00277,How Big Are the Tax Benefits of Debt?,2000
10.1111/0022-1082.00278,Specification Analysis of Affine Term Structure Models,2000
10.1111/0022-1082.00279,Inference in Long‐Horizon Event Studies: A Bayesian Approach with Application to Initial Public Offerings,2000
10.1111/0022-1082.00280,Price Momentum and Trading Volume,2000
10.1111/0022-1082.00281,Crossing Networks and Dealer Markets: Competition and Performance,2000
10.1111/0022-1082.00282,Imperfect Competition among Informed Traders,2000
10.1111/0022-1082.00283,Monitoring and Structure of Debt Contracts,2000
10.1111/0022-1082.00284,The Effect of Bank Relations on Investment Decisions: An Investigation of Japanese Takeover Bids,2000
10.1111/0022-1082.00285,The Equity Share in New Issues and Aggregate Stock Returns,2000
10.1111/0022-1082.00286,"Order Flow, Transaction Clock, and Normality of Asset Returns",2000
10.1111/0022-1082.00287,Predictability and Transaction Costs: The Impact on Rebalancing Rules and Behavior,2000
10.1111/0022-1082.00288,Does Option Compensation Increase Managerial Risk Appetite?,2000
10.1111/0022-1082.00289,The American Put Option and Its Critical Stock Price,2000
10.1111/0022-1082.00290,Time Variation of Ex‐Dividend Day Stock Returns and Corporate Dividend Capture: A Reexamination,2000
10.1111/0022-1082.00291,Stock Repurchases in Canada: Performance and Strategic Trading,2000
10.1111/0022-1082.00292,Equity Undervaluation and Decisions Related to Repurchase Tender Offers: An Empirical Investigation,2000
10.1111/0022-1082.00293,Miscellanea,2000
10.1111/0022-1082.00294,Announcements,2000
10.1111/0022-1082.00295,Association Meetings,2000
10.1111/0022-1082.00296,A Theory of Bank Capital,2000
10.1111/0022-1082.00297,Time and the Price Impact of a Trade,2000
10.1111/0022-1082.00298,A Theory of Dividends Based on Tax Clienteles,2000
10.1111/0022-1082.00299,The Dark Side of Internal Capital Markets: Divisional Rent‐Seeking and Inefficient Investment,2000
10.1111/0022-1082.00300,Competition on the Nasdaq and the Impact of Recent Market Reforms,2000
10.1111/0022-1082.00301,Hostility in Takeovers: In the Eyes of the Beholder?,2000
10.1111/0022-1082.00302,Conflicts of Interest and Market Illiquidity in Bankruptcy Auctions: Theory and Tests,2000
10.1111/0022-1082.00303,"Depositary Receipts, Country Funds, and the Peso Crash: The Intraday Evidence",2000
10.1111/0022-1082.00304,Investment Plans and Stock Returns,2000
10.1111/0022-1082.00305,"Information Asymmetry, R&amp;D, and Insider Gains",2000
10.1111/0022-1082.00306,The Impact of Global Equity Offerings,2000
10.1111/0022-1082.00307,"Corporate Equity Ownership, Strategic Alliances, and Product Market Relationships",2000
10.1111/0022-1082.00308,The Relation between Stock Market Movements and NYSE Seat Prices,2000
10.1111/0022-1082.00309,Reduction of Constraints on Arbitrage Trading and Market Efficiency: An Examination of Ex‐Day Returns in Hong Kong after Introduction of Electronic Settlement,2000
10.1111/0022-1082.00310,Explaining the Poor Performance of Consumption‐based Asset Pricing Models,2000
10.1111/0022-1082.00311,The Information Value of Bond Ratings,2000
10.1111/0022-1082.00312,Price Discovery in Initial Public Offerings and the Role of the Lead Underwriter,2000
10.1111/0022-1082.00313,Miscellanea,2000
10.1111/0022-1082.00314,Index to Volume LV,2000
10.1111/0022-1082.00318,Have Individual Stocks Become More Volatile? An Empirical Exploration of Idiosyncratic Risk,2001
10.1111/0022-1082.00319,Should Investors Avoid All Actively Managed Mutual Funds? A Study in Bayesian Performance Evaluation,2001
10.1111/0022-1082.00320,Capital Structures in Developing Countries,2001
10.1111/0022-1082.00321,Strategic Trading in a Dynamic Noisy Market,2001
10.1111/0022-1082.00322,The Long‐Run Stock Returns Following Bond Ratings Changes,2001
10.1111/0022-1082.00323,Learning about Predictability: The Effects of Parameter Uncertainty on Dynamic Asset Allocation,2001
10.1111/0022-1082.00324,Explaining the Rate Spread on Corporate Bonds,2001
10.1111/0022-1082.00325,Affine Term Structure Models and the Forward Premium Anomaly,2001
10.1111/0022-1082.00326,Variance‐ratio Statistics and High‐frequency Data: Testing for Changes in Intraday Volatility Patterns,2001
10.1111/0022-1082.00327,The Economic Value of Volatility Timing,2001
10.1111/0022-1082.00328,"Capital Gains Tax Rules, Tax‐loss Trading, and Turn‐of‐the‐year Returns",2001
10.1111/0022-1082.00329,Rationality and Analysts' Forecast Bias,2001
10.1111/0022-1082.00330,Contagious Speculation and a Cure for Cancer: A Nonevent that Made Stock Prices Soar,2001
10.1111/0022-1082.00331,Institutional Trading and Soft Dollars,2001
10.1111/0022-1082.00333,Optimal Portfolio Choice for Long‐Horizon Investors with Nontradable Labor Income,2001
10.1111/0022-1082.00334,The Expiration of IPO Share Lockups,2001
10.1111/0022-1082.00335,Market Liquidity and Trading Activity,2001
10.1111/0022-1082.00336,Can Investors Profit from the Prophets? Security Analyst Recommendations and Stock Returns,2001
10.1111/0022-1082.00337,Valuation and Control in Venture Finance,2001
10.1111/0022-1082.00338,What Makes Investors Trade?,2001
10.1111/0022-1082.00339,"Banking Market Structure, Financial Dependence and Growth: International Evidence from Industry Data",2001
10.1111/0022-1082.00340,Extreme Correlation of International Equity Markets,2001
10.1111/0022-1082.00341,Corporate Bond Trading Costs: A Peek Behind the Curtain,2001
10.1111/0022-1082.00342,Profitability of Momentum Strategies: An Evaluation of Alternative Explanations,2001
10.1111/0022-1082.00343,Testing for Mean‐Variance Spanning with Short Sales Constraints and Transaction Costs: The Case of Emerging Markets,2001
10.1111/0022-1082.00344,Explaining the Cross‐Section of Stock Returns in Japan: Factors or Characteristics?,2001
10.1111/0022-1082.00345,"Limit Orders, Depth, and Volatility: Evidence from the Stock Exchange of Hong Kong",2001
10.1111/0022-1082.00346,The Price of Options Illiquidity,2001
10.1111/0022-1082.00347,"Consumption, Aggregate Wealth, and Expected Stock Returns",2001
10.1111/0022-1082.00348,"Underreaction, Overreaction, and Increasing Misreaction to Information in the Options Market",2001
10.1111/0022-1082.00349,The High‐Volume Return Premium,2001
10.1111/0022-1082.00350,"Overconfidence, Arbitrage, and Equilibrium Asset Pricing",2001
10.1111/0022-1082.00351,The Efficient Use of Conditioning Information in Portfolios,2001
10.1111/0022-1082.00352,Expected Option Returns,2001
10.1111/0022-1082.00353,An Exploration of Neo‐Austrian Theory Applied to Financial Markets,2001
10.1111/0022-1082.00354,"Do Depositors Punish Banks for Bad Behavior? Market Discipline, Deposit Insurance, and Banking Crises",2001
10.1111/0022-1082.00355,"How Distance, Language, and Culture Influence Stockholdings and Trades",2001
10.1111/0022-1082.00356,On the Timing Ability of Mutual Fund Managers,2001
10.1111/0022-1082.00357,On the Term Structure of Default Premia in the Swap and LIBOR Markets,2001
10.1111/0022-1082.00358,Why Do Money Fund Managers Voluntarily Waive Their Fees?,2001
10.1111/0022-1082.00359,"Insider Trading, Investment, and Liquidity: A Welfare Analysis",2001
10.1111/0022-1082.00361,Do Financial Institutions Matter?,2001
10.1111/0022-1082.00362,Merton H. Miller,2001
10.1111/0022-1082.00363,Merton H. Miller: Memories of a Great Mentor and Leader,2001
10.1111/0022-1082.00364,Merton H. Miller: His Contribution to Financial Economics,2001
10.1111/0022-1082.00365,The Equity Premium and Structural Breaks,2001
10.1111/0022-1082.00366,Discussion,2001
10.1111/0022-1082.00367,"Mental Accounting, Loss Aversion, and Individual Stock Returns",2001
10.1111/0022-1082.00368,Discussion,2001
10.1111/0022-1082.00369,Variable Selection for Portfolio Choice,2001
10.1111/0022-1082.00370,Discussion,2001
10.1111/0022-1082.00371,Expectations Hypotheses Tests,2001
10.1111/0022-1082.00372,Discussion,2001
10.1111/0022-1082.00373,Contagion as a Wealth Effect,2001
10.1111/0022-1082.00374,Discussion,2001
10.1111/0022-1082.00375,Automated Versus Floor Trading: An Analysis of Execution Costs on the Paris and New York Exchanges,2001
10.1111/0022-1082.00376,Discussion,2001
10.1111/0022-1082.00377,The Bright Side of Internal Capital Markets,2001
10.1111/0022-1082.00378,Discussion,2001
10.1111/0022-1082.00379,Investor Psychology and Asset Pricing,2001
10.1111/0022-1082.00380,Minutes of the Annual Membership Meeting,2002
10.1111/0022-1082.00380-i1,Report of the Executive Secretary and Treasurer,2002
10.1111/0022-1082.00381,Report of the Executive Secretary and Treasurer,2002
10.1111/0022-1082.00382,Report of the Editor of <i>The Journal of Finance</i> for the year 2000,2001
10.1111/0022-1082.00383,Report of the Representative to the National Bureal of Economic Research,2001
10.1111/0022-1082.00384,Equity Premia as Low as Three Percent? Evidence from Analysts' Earnings Forecasts for Domestic and International Stock Markets,2001
10.1111/0022-1082.00385,Is It Inefficient Investment that Causes the Diversification Discount?,2001
10.1111/0022-1082.00386,The Diversification Discount: Cash Flows Versus Returns,2001
10.1111/0022-1082.00387,Upstairs Market for Principal and Agency Trades: Analysis of Adverse Information and Price Effects,2001
10.1111/0022-1082.00388,Excessive Extrapolation and the Allocation of 401(k) Accounts to Company Stock,2001
10.1111/0022-1082.00389,Counterparty Risk and the Pricing of Defaultable Securities,2001
10.1111/0022-1082.00390,True Spreads and Equilibrium Prices,2001
10.1111/0022-1082.00391,LAPM: A Liquidity‐Based Asset Pricing Model,2001
10.1111/0022-1082.00392,Careers and Survival: Competition and Risk in the Hedge Fund and CTA Industry,2001
10.1111/0022-1082.00393,Is Sound Just Noise?,2001
10.1111/0022-1082.00394,Massively Confused Investors Making Conspicuously Ignorant Choices (MCI–MCIC),2001
10.1111/0022-1082.00395,Do Credit Spreads Reflect Stationary Leverage Ratios?,2001
10.1111/0022-1082.00396,Location Matters: An Examination of Trading Profits,2001
10.1111/0022-1082.00397,Evaluating Mutual Fund Performance,2001
10.1111/0022-1082.00398,The Market for Corporate Assets: Who Engages in Mergers and Asset Sales and Are There Efficiency Gains?,2001
10.1111/0022-1082.00399,The Relative Valuation of Caps and Swaptions: Theory and Empirical Evidence,2001
10.1111/0022-1082.00400,Dividend Changes and Future Profitability,2001
10.1111/0022-1082.00401,Characteristics of Risk and Return in Risk Arbitrage,2001
10.1111/0022-1082.00402,The Determinants of Credit Spread Changes,2001
10.1111/0022-1082.00403,On the Perils of Financial Intermediaries Setting Security Prices: The Mutual Fund Wild Card Option,2001
10.1111/0022-1082.00404,A Theory of the Syndicate: Form Follows Function,2001
10.1111/0022-1082.00405,Internal Monitoring Mechanisms and CEO Turnover: A Long‐Term Perspective,2001
10.1111/0022-1082.00406,Executive Compensation and Corporate Acquisition Decisions,2001
10.1111/0022-1082.00407,Bookbuilding and Strategic Allocation,2001
10.1111/0022-1082.00408,A Rose.com by Any Other Name,2001
10.1111/0022-1082.00409,Feedback from Stock Prices to Cash Flows,2001
10.1111/0022-1082.00410,A First Look at the Accuracy of the CRSP Mutual Fund Database and a Comparison of the CRSP and Morningstar Mutual Fund Databases,2001
10.1111/0022-1082.00411,The Stock Market Valuation of Research and Development Expenditures,2001
10.1111/0022-1082.00412,Miscellanea,2001
10.1111/0022-1082.00413,INDEX TO VOLUME LVI,2001
10.1111/0022-1082.00482,Takeover Defenses of IPO Firms,2002
10.1111/0022-1082.00483,Information Production and Capital Allocation: Decentralized versus Hierarchical Firms,2002
10.1111/0022-1082.00484,"Who Blinks in Volatile Markets, Individuals or Institutions?",2002
10.1111/0022-1082.00485,"Global Diversification, Industrial Diversification, and Firm Value",2002
10.1111/0022-1082.00486,Survival Bias and the Equity Premium Puzzle,2002
10.1111/0022-1082.00487,Term Structure of Interest Rates with Regime Shifts,2002
10.1111/0022-1082.00488,Valuation of the Debt Tax Shield,2002
10.1111/0022-1082.00490,Differences of Opinion and the Cross Section of Stock Returns,2002
10.1111/0022-1082.00492,Corporate Diversification: What Gets Discounted?,2002
10.1111/0022-1082.00494,"No Contagion, Only Interdependence: Measuring Stock Market Comovements",2002
10.1111/0022-1082.00495,An Investigation of the Informational Role of Short Interest in the Nasdaq Market,2002
10.1111/0022-1082.00499,Miscellanea,2002
10.1111/1540-6261.00198,Smith Breeden and Brattle Group Prizes for 1999,2000
10.1111/1540-6261.00215,Book Reviews,2000
10.1111/1540-6261.00216,MISCELLANEA,2000
10.1111/1540-6261.00217,ANNOUNCEMENTS,2000
10.1111/1540-6261.00218,Association Meetings,2000
10.1111/1540-6261.00235,Book Review,2000
10.1111/1540-6261.00237,Announcements,2000
10.1111/1540-6261.00255,MISCELLANEA,2000
10.1111/1540-6261.00256,ANNOUNCEMENTS,2000
10.1111/1540-6261.00275,Announcements,2000
10.1111/1540-6261.00294,Announcements,2000
10.1111/1540-6261.00295,Association Meetings,2000
10.1111/1540-6261.00315,Announcements,2000
10.1111/1540-6261.00316,Association Meetings,2000
10.1111/1540-6261.00317,Smith Breeden and Brattle Group Prizes for 2000,2001
10.1111/1540-6261.00332,Book Reviews,2001
10.1111/1540-6261.00414,Market Timing and Capital Structure,2002
10.1111/1540-6261.00415,Banks as Liquidity Providers: An Explanation for the Coexistence of Lending and Deposit‐taking,2002
10.1111/1540-6261.00416,The World Price of Insider Trading,2002
10.1111/1540-6261.00417,Mutual Fund Advisory Contracts: An Empirical Investigation,2002
10.1111/1540-6261.00418,"Economic Distress, Financial Distress, and Dynamic Liquidation",2002
10.1111/1540-6261.00419,Venture Capital and the Professionalization of Start‐Up Firms: Empirical Evidence,2002
10.1111/1540-6261.00420,Pass‐through and Exposure,2002
10.1111/1540-6261.00421,What Drives Firm‐Level Stock Returns?,2002
10.1111/1540-6261.00422,Government Ownership of Banks,2002
10.1111/1540-6261.00423,Portfolio Choice in the Presence of Personal Illiquid Projects,2002
10.1111/1540-6261.00424,The Effects of Banking Mergers on Loan Contracts,2002
10.1111/1540-6261.00425,"Nonlinear Pricing Kernels, Kurtosis Preference, and Evidence from the Cross Section of Equity Returns",2002
10.1111/1540-6261.00426,Term Premia and Interest Rate Forecasts in Affine Models,2002
10.1111/1540-6261.00427,Ex Ante Costs of Violating Absolute Priority in Bankruptcy,2002
10.1111/1540-6261.00428,"The Cadbury Committee, Corporate Performance, and Top Management Turnover",2002
10.1111/1540-6261.00429,Research Dissemination and Impact: Evidence from Web Site Downloads,2002
10.1111/1540-6261.00430,Bank Performance around the Introduction of a Section 20 Subsidiary,2002
10.1111/1540-6261.00431,Continuous Trading or Call Auctions: Revealed Preferences of Investors at the Tel Aviv Stock Exchange,2002
10.1111/1540-6261.00432,Miscellanea,2002
10.1111/1540-6261.00433,SMITH BREEDEN AND BRATTLE GROUP PRIZES 2001,2002
10.1111/1540-6261.00434,Limited Arbitrage in Equity Markets,2002
10.1111/1540-6261.00435,Rational Momentum Effects,2002
10.1111/1540-6261.00436,Managerial Opportunism? Evidence from Directors' and Officers' Insurance Purchases,2002
10.1111/1540-6261.00437,The Equity Premium,2002
10.1111/1540-6261.00438,Leaning for the Tape: Evidence of Gaming Behavior in Equity Mutual Funds,2002
10.1111/1540-6261.00439,Does Corporate Diversification Destroy Value?,2002
10.1111/1540-6261.00440,Do Conglomerate Firms Allocate Resources Inefficiently Across Industries? Theory and Evidence,2002
10.1111/1540-6261.00441,A Rational Expectations Model of Financial Contagion,2002
10.1111/1540-6261.00442,The Volatility and Price Sensitivities of Managerial Stock Option Portfolios and Corporate Hedging,2002
10.1111/1540-6261.00443,Do Firms Hedge in Response to Tax Incentives?,2002
10.1111/1540-6261.00444,Liquidity Provision and the Organizational Form of NYSE Specialist Firms,2002
10.1111/1540-6261.00445,The Long‐run Performance Following Dividend Initiations and Resumptions: Underreaction or Product of Chance?,2002
10.1111/1540-6261.00446,"Where Does <i>State Street</i> Lead? A First Look at Finance Patents, 1971 to 2000",2002
10.1111/1540-6261.00447,"Competition, Market Structure, and Bid‐Ask Spreads in Stock Option Markets",2002
10.1111/1540-6261.00448,"Risk Aversion, Transparency, and Market Performance",2002
10.1111/1540-6261.00449,"<i>Momentum, Business Cycle, and Time‐varying</i> Expected Returns",2002
10.1111/1540-6261.00450,Book Reviews,2002
10.1111/1540-6261.00451,Joint Editorial,2002
10.1111/1540-6261.00452,MISCELLANEA,2002
10.1111/1540-6261.00453,Markowitz's “Portfolio Selection”: A Fifty‐Year Retrospective,2002
10.1111/1540-6261.00454,Range‐Based Estimation of Stochastic Volatility Models,2002
10.1111/1540-6261.00455,How Accurate Are Value‐at‐Risk Models at Commercial Banks?,2002
10.1111/1540-6261.00456,"Learning, Asset‐Pricing Tests, and Market Efficiency",2002
10.1111/1540-6261.00457,Investor Protection and Corporate Valuation,2002
10.1111/1540-6261.00458,IPO Market Cycles: Bubbles or Sequential Learning?,2002
10.1111/1540-6261.00459,Dynamic Asset Allocation under Inflation,2002
10.1111/1540-6261.00460,An Empirical Investigation of Continuous‐Time Equity Return Models,2002
10.1111/1540-6261.00461,The Quality of ECN and Nasdaq Market Maker Quotes,2002
10.1111/1540-6261.00462,New Evidence of the Impact of Dividend Taxation and on the Identity of the Marginal Investor,2002
10.1111/1540-6261.00463,Equilibrium Pricing and Optimal Hedging in Electricity Forward Markets,2002
10.1111/1540-6261.00464,Do Banks Provide Financial Slack?,2002
10.1111/1540-6261.00465,Institutional Allocation in Initial Public Offerings: Empirical Evidence,2002
10.1111/1540-6261.00466,"Nasdaq Trading Halts: The Impact of Market Mechanisms on Prices, Trading Activity, and Execution Costs",2002
10.1111/1540-6261.00467,"Empirical Analysis of the Yield Curve: The Information in the Data Viewed through the Window of Cox, Ingersoll, and Ross",2002
10.1111/1540-6261.00468,An Analysis of the Determinants and Shareholder Wealth Effects of Mutual Fund Mergers,2002
10.1111/1540-6261.00469,Book Review,2002
10.1111/1540-6261.00470,Miscellanea,2002
10.1111/1540-6261.00471,Rational Asset Prices,2002
10.1111/1540-6261.00472,How Much Is Investor Autonomy Worth?,2002
10.1111/1540-6261.00473,Is Disinflation Good for the Stock Market?,2002
10.1111/1540-6261.00474,"Dividends, Share Repurchases, and the Substitution Hypothesis",2002
10.1111/1540-6261.00475,Do Bonds Span the Fixed Income Markets? Theory and Evidence for Unspanned Stochastic Volatility,2002
10.1111/1540-6261.00476,Explaining the Diversification Discount,2002
10.1111/1540-6261.00477,What Do Returns to Acquiring Firms Tell Us? Evidence from Firms That Make Many Acquisitions,2002
10.1111/1540-6261.00478,"A Review of IPO Activity, Pricing, and Allocations",2002
10.1111/1540-6261.00481,Report of the Editor of <i>The Journal of Finance</i> for the Year 2001,2002
10.1111/1540-6261.00489,Telling from Discrete Data Whether the Underlying Continuous‐Time Model Is a Diffusion,2002
10.1111/1540-6261.00491,A Test of the Errors‐in‐Expectations Explanation of the Value/Glamour Stock Returns Performance: Evidence from Analysts' Forecasts,2002
10.1111/1540-6261.00493,Is Information Risk a Determinant of Asset Returns?,2002
10.1111/1540-6261.00496,The Making of a Dealer Market: From Entry to Equilibrium in the Trading of Nasdaq Stocks,2002
10.1111/1540-6261.00497,"Book‐to‐Market Equity, Distress Risk, and Stock Returns",2002
10.1111/1540-6261.00498,Empirical Evaluation of Asset‐Pricing Models: A Comparison of the SDF and Beta Methods,2002
10.1111/1540-6261.00500,Effects of Corporate Diversification on Productivity,2002
10.1111/1540-6261.00501,FX Trading and Exchange Rate Dynamics,2002
10.1111/1540-6261.00502,Momentum Trading by Institutions,2002
10.1111/1540-6261.00503,Learning about Internal Capital Markets from Corporate Spin‐offs,2002
10.1111/1540-6261.00504,When Is Bad News Really Bad News?,2002
10.1111/1540-6261.00505,Does Distance Still Matter? The Information Revolution in Small Business Lending,2002
10.1111/1540-6261.00506,"Noise Trading, Costly Arbitrage, and Asset Prices: Evidence from Closed‐end Funds",2002
10.1111/1540-6261.00507,Long‐Run Performance following Private Placements of Equity,2002
10.1111/1540-6261.00508,Managerial Turnover and Leverage under a Takeover Threat,2002
10.1111/1540-6261.00509,The Geography of Equity Listing: Why Do Companies List Abroad?,2002
10.1111/1540-6261.00510,Tunneling or Value Added? Evidence from Mergers by Korean Business Groups,2002
10.1111/1540-6261.00511,Disentangling the Incentive and Entrenchment Effects of Large Shareholdings,2002
10.1111/1540-6261.00512,Internal Capital Markets in Financial Conglomerates: Evidence from Small Bank Responses to Monetary Policy,2002
10.1111/1540-6261.00513,Entrepreneurship and Bank Credit Availability,2002
10.1111/1540-6261.00514,Book Review,2002
10.1111/1540-6261.00515,MISCELLANEA,2002
10.1111/1540-6261.00516,Index to Volume LVII,2002
10.1111/1540-6261.00517,The Quiet Period Goes out with a Bang,2003
10.1111/1540-6261.00518,Clearly Irrational Financial Market Behavior: Evidence from the Early Exercise of Exchange Traded Stock Options,2003
10.1111/1540-6261.00519,Why Do Managers Diversify Their Firms? Agency Reconsidered,2003
10.1111/1540-6261.00520,Modeling Sovereign Yield Spreads: A Case Study of Russian Debt,2003
10.1111/1540-6261.00521,Asset Pricing with Conditioning Information: A New Test,2003
10.1111/1540-6261.00522,New Evidence on the Market for Directors: Board Membership and Pennsylvania Senate Bill 1310,2003
10.1111/1540-6261.00523,Dynamic Asset Allocation with Event Risk,2003
10.1111/1540-6261.00524,Dividend Taxes and Share Prices: Evidence from Real Estate Investment Trusts,2003
10.1111/1540-6261.00525,Delegated Portfolio Management and Rational Prolonged Mispricing,2003
10.1111/1540-6261.00526,Analyzing the Analysts: Career Concerns and Biased Earnings Forecasts,2003
10.1111/1540-6261.00527,"Trade Credit, Financial Intermediary Development, and Industry Growth",2003
10.1111/1540-6261.00528,Financial Distress and Bank Lending Relationships,2003
10.1111/1540-6261.00529,A Monte Carlo Method for Optimal Portfolios,2003
10.1111/1540-6261.00530,"Capital Gains, Dividend Yields, and Expected Inflation",2003
10.1111/1540-6261.00531,Book Reviews,2003
10.1111/1540-6261.00532,Miscellanea,2003
10.1111/1540-6261.00533,Fischer Black Prize for 2003,2003
10.1111/1540-6261.00534,SMITH BREEDEN AND BRATTLE GROUP PRIZES FOR 2002,2003
10.1111/1540-6261.00535,Pseudo Market Timing and the Long‐Run Underperformance of IPOs,2003
10.1111/1540-6261.00536,Entrenchment and Severance Pay in Optimal Governance Structures,2003
10.1111/1540-6261.00537,Cross‐Border Listings and Price Discovery: Evidence from U.S.‐Listed Canadian Stocks,2003
10.1111/1540-6261.00538,Evidence of Information Spillovers in the Production of Investment Banking Services,2003
10.1111/1540-6261.00539,The Value Spread,2003
10.1111/1540-6261.00540,The Level and Persistence of Growth Rates,2003
10.1111/1540-6261.00541,Role of Speculative Short Sales in Price Formation: The Case of the Weekend Effect,2003
10.1111/1540-6261.00542,How Sensitive Is Investment to Cash Flow When Financing Is Frictionless?,2003
10.1111/1540-6261.00543,IPO Pricing in the Dot‐com Bubble,2003
10.1111/1540-6261.00544,The Finite Moment Log Stable Process and Option Pricing,2003
10.1111/1540-6261.00545,Incentive Fees and Mutual Funds,2003
10.1111/1540-6261.00546,A Generalization of the Brennan‐Rubinstein Approach for the Pricing of Derivatives,2003
10.1111/1540-6261.00547,Evaluation Periods and Asset Prices in a Market Experiment,2003
10.1111/1540-6261.00548,The Term Structure with Semi‐credible Targeting,2003
10.1111/1540-6261.00549,Excessive Dollar Debt: Financial Development and Underinsurance,2003
10.1111/1540-6261.00550,The Wealth Effects of Repurchases on Bondholders,2003
10.1111/1540-6261.00551,Investor Protection and Firm Liquidity,2003
10.1111/1540-6261.00552,MISCELLANEA,2003
10.1111/1540-6261.00553,Fellow of the American Finance Association for 2003: Kenneth J. Arrow,2003
10.1111/1540-6261.00554,Corporate Financing: An Artificial Agent‐based Analysis,2003
10.1111/1540-6261.00555,Idiosyncratic Risk Matters!,2003
10.1111/1540-6261.00556,Good Day Sunshine: Stock Returns and the Weather,2003
10.1111/1540-6261.00557,Internal versus External Financing: An Optimal Contracting Approach*,2003
10.1111/1540-6261.00558,Long‐run Performance after Stock Splits: 1927 to 1996,2003
10.1111/1540-6261.00559,Too Busy to Mind the Business? Monitoring by Directors with Multiple Board Appointments,2003
10.1111/1540-6261.00560,DotCom Mania: The Rise and Fall of Internet Stock Prices,2003
10.1111/1540-6261.00561,Convertible Securities and Venture Capital Finance,2003
10.1111/1540-6261.00562,Integration of Lending and Underwriting: Implications of Scope Economies,2003
10.1111/1540-6261.00563,Managerial Incentives and Internal Capital Markets,2003
10.1111/1540-6261.00564,What if Trading Location Is Different from Business Location? Evidence from the Jardine Group,2003
10.1111/1540-6261.00565,Market Maker Quotation Behavior and Pretrade Transparency,2003
10.1111/1540-6261.00566,The Impact of Jumps in Volatility and Returns,2003
10.1111/1540-6261.00567,Founding‐Family Ownership and Firm Performance: Evidence from the S&amp;P 500,2003
10.1111/1540-6261.00568,Miscellanea,2003
10.1111/1540-6261.00569,Presidential Address: Liquidity and Price Discovery,2003
10.1111/1540-6261.00570,The Really Long‐Run Performance of Initial Public Offerings: The Pre‐Nasdaq Evidence,2003
10.1111/1540-6261.00571,Spurious Regressions in Financial Economics?,2003
10.1111/1540-6261.00572,Bookbuilding: How Informative Is the Order Book?,2003
10.1111/1540-6261.00573,"Ownership Structure, Corporate Governance, and Firm Value: Evidence from the East Asian Financial Crisis",2003
10.1111/1540-6261.00574,Does Shareholder Composition Matter? Evidence from the Market Reaction to Corporate Earnings Announcements,2003
10.1111/1540-6261.00575,Rumors,2003
10.1111/1540-6261.00576,Momentum and Reversals in Equity‐Index Returns During Periods of Abnormal Turnover and Return Dispersion,2003
10.1111/1540-6261.00577,Incentive Compensation When Executives Can Hedge the Market: Evidence of Relative Performance Evaluation in the Cross Section,2003
10.1111/1540-6261.00578,Tax‐Induced Trading of Equity Securities: Evidence from the ADR Market,2003
10.1111/1540-6261.00579,Performance Incentives within Firms: The Effect of Managerial Responsibility,2003
10.1111/1540-6261.00580,Risk Reduction in Large Portfolios: Why Imposing the Wrong Constraints Helps,2003
10.1111/1540-6261.00581,High‐Water Marks and Hedge Fund Management Contracts,2003
10.1111/1540-6261.00582,Book Review,2003
10.1111/1540-6261.00583,Minutes of the Annual Membership Meeting,2003
10.1111/1540-6261.00584,Report of the Executive Secretary and Treasurer,2003
10.1111/1540-6261.00585,Report of the Editor of <i>The Journal of Finance</i> for the Year 2002,2003
10.1111/1540-6261.00586,MISCELLANEA,2003
10.1111/1540-6261.00587,Stock Valuation and Learning about Profitability,2003
10.1111/1540-6261.00588,Currency Orders and Exchange Rate Dynamics: An Explanation for the Predictive Success of Technical Analysis,2003
10.1111/1540-6261.00589,S&amp;P 500 Index Additions and Earnings Expectations,2003
10.1111/1540-6261.00590,The Presidential Puzzle: Political Cycles and the Stock Market,2003
10.1111/1540-6261.00591,Risk Management with Derivatives by Dealers and Market Quality in Government Bond Markets,2003
10.1111/1540-6261.00592,Empirical Tests for Stochastic Dominance Efficiency,2003
10.1111/1540-6261.00593,An Empirical Analysis of Analysts' Target Prices: Short‐term Informativeness and Long‐term Dynamics,2003
10.1111/1540-6261.00594,Value versus Glamour,2003
10.1111/1540-6261.00595,"Corporate Board Composition, Protocols, and Voting Behavior: Experimental Evidence",2003
10.1111/1540-6261.00596,How Investors Interpret Past Fund Returns,2003
10.1111/1540-6261.00597,Financing and Advising: Optimal Financial Contracts with Venture Capitalists,2003
10.1111/1540-6261.00598,Do Spin‐offs Expropriate Wealth from Bondholders?,2003
10.1111/1540-6261.00599,Anticompetitive Financial Contracting: The Design of Financial Claims,2003
10.1111/1540-6261.00600,"Investment, Uncertainty, and Liquidity",2003
10.1111/1540-6261.00601,Family Firms,2003
10.1111/1540-6261.00602,Asset Trading Volume with Dynamically Complete Markets and Heterogeneous Agents,2003
10.1111/1540-6261.00603,Hedging in the Possible Presence of Unspanned Stochastic Volatility: Evidence from Swaption Markets,2003
10.1111/1540-6261.00604,The Determinants of Underpricing for Seasoned Equity Offers,2003
10.1111/1540-6261.00605,MISCELLANEA,2003
10.1111/1540-6261.t01-1-00215,Book Reviews,2000
10.1111/1540-6261.t01-1-00235,Book Review,2000
10.1111/1540-6261.t01-1-00275,Announcements,2000
10.1111/1540-6261.t01-1-00332,Book Reviews,2001
10.1111/1540-6261.t01-1-00450,Book Reviews,2002
10.1111/1540-6261.t01-1-00469,Book Review,2002
10.1111/j.1540-6261.2000.tb00700.x,Front Matter,2000
10.1111/j.1540-6261.2000.tb00701.x,Back Matter,2000
10.1111/j.1540-6261.2000.tb00718.x,Front Matter,2000
10.1111/j.1540-6261.2000.tb00719.x,Back Matter,2000
10.1111/j.1540-6261.2000.tb00762.x,Front Matter,2000
10.1111/j.1540-6261.2000.tb00763.x,Back Matter,2000
10.1111/j.1540-6261.2000.tb00813.x,Front Matter,2000
10.1111/j.1540-6261.2000.tb00814.x,Back Matter,2000
10.1111/j.1540-6261.2000.tb00829.x,Front Matter,2000
10.1111/j.1540-6261.2000.tb00830.x,Back Matter,2000
10.1111/j.1540-6261.2000.tb00865.x,Front Matter,2000
10.1111/j.1540-6261.2000.tb00866.x,SIXTY FIRST ANNUAL MEETING,2000
10.1111/j.1540-6261.2000.tb00867.x,Back Matter,2000
10.1111/j.1540-6261.2001.tb00689.x,Front Matter,2001
10.1111/j.1540-6261.2001.tb00690.x,ANNOUNCEMENTS,2001
10.1111/j.1540-6261.2001.tb00691.x,ASSOCIATION MEETINGS,2001
10.1111/j.1540-6261.2001.tb00692.x,Back Matter,2001
10.1111/j.1540-6261.2001.tb00693.x,Addendum to the 2001 Minutes,2001
10.1111/j.1540-6261.2001.tb00731.x,Front Matter,2001
10.1111/j.1540-6261.2001.tb00732.x,MISCELLANEA,2001
10.1111/j.1540-6261.2001.tb00733.x,ANNOUNCEMENTS,2001
10.1111/j.1540-6261.2001.tb00734.x,ASSOCIATION MEETINGS,2001
10.1111/j.1540-6261.2001.tb00735.x,Back Matter,2001
10.1111/j.1540-6261.2001.tb00784.x,Front Matter,2001
10.1111/j.1540-6261.2001.tb00785.x,MISCELLANEA,2001
10.1111/j.1540-6261.2001.tb00786.x,ANNOUNCEMENTS,2001
10.1111/j.1540-6261.2001.tb00787.x,ASSOCIATION MEETINGS,2001
10.1111/j.1540-6261.2001.tb00788.x,Back Matter,2001
10.1111/j.1540-6261.2001.tb00789.x,Front Matter,2001
10.1111/j.1540-6261.2001.tb00790.x,"Eugene F. Fama: Fellow of the American Finance Association, 2001",2001
10.1111/j.1540-6261.2001.tb00791.x,MISCELLANEA,2001
10.1111/j.1540-6261.2001.tb00792.x,AFA Announcements,2001
10.1111/j.1540-6261.2001.tb00793.x,ASSOCIATION MEETINGS,2001
10.1111/j.1540-6261.2001.tb00794.x,Back Matter,2001
10.1111/j.1540-6261.2001.tb00843.x,Front Matter,2001
10.1111/j.1540-6261.2001.tb00844.x,MISCELLANEA,2001
10.1111/j.1540-6261.2001.tb00845.x,ANNOUNCEMENTS,2001
10.1111/j.1540-6261.2001.tb00846.x,ASSOCIATION MEETINGS,2001
10.1111/j.1540-6261.2001.tb00847.x,SIXTY SECOND ANNUAL MEETING,2001
10.1111/j.1540-6261.2001.tb00848.x,Back Matter,2001
10.1111/j.1540-6261.2001.tb00909.x,Front Matter,2001
10.1111/j.1540-6261.2001.tb00910.x,Back Matter,2001
10.1111/j.1540-6261.2002.tb00635.x,Front Matter,2002
10.1111/j.1540-6261.2002.tb00636.x,Paul A. Samuelson: Fellow of the American Finance Association 2002,2002
10.1111/j.1540-6261.2002.tb00637.x,ANNOUNCEMENTS,2002
10.1111/j.1540-6261.2002.tb00638.x,ASSOCIATION MEETINGS,2002
10.1111/j.1540-6261.2002.tb00639.x,Back Matter,2002
10.1111/j.1540-6261.2002.tb00680.x,Front Matter,2002
10.1111/j.1540-6261.2002.tb00681.x,PAPERS AND PROCEEDINGS SIXTY‐SECOND ANNUAL MEETING AMERICAN FINANCE ASSOCIATION,2002
10.1111/j.1540-6261.2002.tb00682.x,ANNOUNCEMENT,2002
10.1111/j.1540-6261.2002.tb00683.x,ASSOCIATION MEETINGS,2002
10.1111/j.1540-6261.2002.tb00684.x,Back Matter,2002
10.1111/j.1540-6261.2002.tb00685.x,Front Matter,2002
10.1111/j.1540-6261.2002.tb00686.x,ANNOUNCEMENTS,2002
10.1111/j.1540-6261.2002.tb00687.x,ASSOCIATION MEETINGS,2002
10.1111/j.1540-6261.2002.tb00688.x,Back Matter,2002
10.1111/j.1540-6261.2002.tb00706.x,Front Matter,2002
10.1111/j.1540-6261.2002.tb00707.x,ANNOUNCEMENTS,2002
10.1111/j.1540-6261.2002.tb00708.x,ASSOCIATION MEETINGS,2002
10.1111/j.1540-6261.2002.tb00709.x,Back Matter,2002
10.1111/j.1540-6261.2002.tb00758.x,Front Matter,2002
10.1111/j.1540-6261.2002.tb00759.x,ASSOCIATION MEETINGS,2002
10.1111/j.1540-6261.2002.tb00760.x,ANNOUNCEMENTS,2002
10.1111/j.1540-6261.2002.tb00761.x,Back Matter,2002
10.1111/j.1540-6261.2002.tb00860.x,Front Matter,2002
10.1111/j.1540-6261.2002.tb00861.x,Association Meetings,2002
10.1111/j.1540-6261.2002.tb00862.x,ANNOUNCEMENTS,2002
10.1111/j.1540-6261.2002.tb00863.x,Back Matter,2002
10.1111/j.1540-6261.2002.tb00864.x,AMERICAN FINANCE ASSOCIATION,2002
10.1111/j.1540-6261.2003.tb00487.x,Front Matter,2003
10.1111/j.1540-6261.2003.tb00488.x,Back Matter,2003
10.1111/j.1540-6261.2003.tb00508.x,Front Matter,2003
10.1111/j.1540-6261.2003.tb00509.x,ANNOUNCEMENTS,2003
10.1111/j.1540-6261.2003.tb00510.x,ASSOCIATION MEETINGS,2003
10.1111/j.1540-6261.2003.tb00511.x,Back Matter,2003
10.1111/j.1540-6261.2003.tb00549.x,ANNOUNCEMENTS,2003
10.1111/j.1540-6261.2003.tb00550.x,ASSOCIATION MEETINGS,2003
10.1111/j.1540-6261.2003.tb00551.x,Front Matter,2003
10.1111/j.1540-6261.2003.tb00552.x,Back Matter,2003
10.1111/j.1540-6261.2003.tb00672.x,ANNOUNCEMENTS,2003
10.1111/j.1540-6261.2003.tb00673.x,ASSOCIATION MEETINGS,2003
10.1111/j.1540-6261.2003.tb00674.x,Front Matter,2003
10.1111/j.1540-6261.2003.tb00675.x,Back Matter,2003
10.1111/j.1540-6261.2003.tb00676.x,Front Matter,2003
10.1111/j.1540-6261.2003.tb00677.x,ANNOUNCEMENTS,2003
10.1111/j.1540-6261.2003.tb00678.x,Back Matter,2003
10.1111/j.1540-6261.2003.tb00679.x,AMERICAN FINANCE ASSOCIATION,2003
10.1111/j.1540-6261.2003.tb00902.x,Front Matter,2003
10.1111/j.1540-6261.2003.tb00903.x,ANNOUNCEMENTS,2003
10.1111/j.1540-6261.2003.tb00904.x,ASSOCIATION MEETINGS,2003
10.1111/j.1540-6261.2003.tb00905.x,Back Matter,2003
10.1111/j.1540-6261.2004.00625.x,Endogenous Liquidity in Asset Markets,2004
10.1111/j.1540-6261.2004.00626.x,Price Pressure around Mergers,2004
10.1111/j.1540-6261.2004.00627.x,Value‐Enhancing Capital Budgeting and Firm‐specific Stock Return Variation,2004
10.1111/j.1540-6261.2004.00628.x,Bondholder Wealth Effects in Mergers and Acquisitions: New Evidence from the 1980s and 1990s,2004
10.1111/j.1540-6261.2004.00629.x,Social Interaction and Stock‐Market Participation,2004
10.1111/j.1540-6261.2004.00630.x,"Market Imperfections, Investment Flexibility, and Default Spreads",2004
10.1111/j.1540-6261.2004.00631.x,"Compensation, Incentives, and the Duality of Risk Aversion and Riskiness",2004
10.1111/j.1540-6261.2004.00633.x,Are Investors Rational? Choices among Index Funds,2004
10.1111/j.1540-6261.2004.00634.x,Optimal Consumption and Investment with Transaction Costs and Multiple Risky Assets,2004
10.1111/j.1540-6261.2004.00635.x,Informed Trading When Information Becomes Stale,2004
10.1111/j.1540-6261.2004.00636.x,Convertible Bond Design and Capital Investment: The Role of Call Provisions,2004
10.1111/j.1540-6261.2004.00637.x,Option‐Implied Risk Aversion Estimates,2004
10.1111/j.1540-6261.2004.00638.x,How Do Exchanges Select Stocks for Option Listing?,2004
10.1111/j.1540-6261.2004.00639.x,MISCELLANEA,2004
10.1111/j.1540-6261.2004.00640.x,Diversification Discount or Premium? New Evidence from the Business Information Tracking Series,2004
10.1111/j.1540-6261.2004.00641.x,Optimal Diversification: Reconciling Theory and Evidence,2004
10.1111/j.1540-6261.2004.00642.x,Private Benefits of Control: An International Comparison,2004
10.1111/j.1540-6261.2004.00643.x,"Banks versus Venture Capital: Project Evaluation, Screening, and Expropriation",2004
10.1111/j.1540-6261.2004.00644.x,An Examination of Long‐Term Abnormal Stock Returns and Operating Performance Following R&amp;D Increases,2004
10.1111/j.1540-6261.2004.00645.x,The Information Content of Share Repurchase Programs,2004
10.1111/j.1540-6261.2004.00646.x,Liquidity Externalities and Adverse Selection: Evidence from Trading after Hours,2004
10.1111/j.1540-6261.2004.00647.x,Does Net Buying Pressure Affect the Shape of Implied Volatility Functions?,2004
10.1111/j.1540-6261.2004.00648.x,"News Arrival, Jump Dynamics, and Volatility Components for Individual Stock Returns",2004
10.1111/j.1540-6261.2004.00649.x,Option Pricing on Stocks in Mergers and Acquisitions,2004
10.1111/j.1540-6261.2004.00650.x,Default Risk in Equity Returns,2004
10.1111/j.1540-6261.2004.00651.x,International Evidence on Institutional Trading Behavior and Price Impact,2004
10.1111/j.1540-6261.2004.00652.x,Trading Activity and Price Volatility in the Municipal Bond Market,2004
10.1111/j.1540-6261.2004.00653.x,Toward a National Market System for U.S. Exchange–listed Equity Options,2004
10.1111/j.1540-6261.2004.00654.x,Are Judgment Errors Reflected in Market Prices and Allocations? Experimental Evidence Based on the Monty Hall Problem,2004
10.1111/j.1540-6261.2004.00655.x,Optimal Asset Location and Allocation with Taxable and Tax‐Deferred Investing,2004
10.1111/j.1540-6261.2004.00656.x,Are Momentum Profits Robust to Trading Costs?,2004
10.1111/j.1540-6261.2004.00657.x,Analyzing the Analysts: When Do Recommendations Add Value?,2004
10.1111/j.1540-6261.2004.00658.x,A Catering Theory of Dividends,2004
10.1111/j.1540-6261.2004.00659.x,"Executive Option Repricing, Incentives, and Retention",2004
10.1111/j.1540-6261.2004.00660.x,Economic News and the Impact of Trading on Bond Prices,2004
10.1111/j.1540-6261.2004.00661.x,Informed Trading in Stock and Option Markets,2004
10.1111/j.1540-6261.2004.00662.x,Is All That Talk Just Noise? The Information Content of Internet Stock Message Boards,2004
10.1111/j.1540-6261.2004.00663.x,Risk Sharing and Asset Prices: Evidence from a Natural Experiment,2004
10.1111/j.1540-6261.2004.00664.x,The Foundations of Freezeout Laws in Takeovers,2004
10.1111/j.1540-6261.2004.00665.x,Market States and Momentum,2004
10.1111/j.1540-6261.2004.00666.x,Do Stock Prices and Volatility Jump? Reconciling Evidence from Spot and Option Prices,2004
10.1111/j.1540-6261.2004.00667.x,Specification Analysis of Option Pricing Models Based on Time‐Changed Lévy Processes,2004
10.1111/j.1540-6261.2004.00668.x,Miscellanea,2004
10.1111/j.1540-6261.2004.00669.x,"Presidential Address, Committing to Commit: Short‐term Debt When Enforcement Is Costly",2004
10.1111/j.1540-6261.2004.00670.x,Risks for the Long Run: A Potential Resolution of Asset Pricing Puzzles,2004
10.1111/j.1540-6261.2004.00671.x,The Nature of Discipline by Corporate Takeovers,2004
10.1111/j.1540-6261.2004.00672.x,Information and the Cost of Capital,2004
10.1111/j.1540-6261.2004.00673.x,"Employee Stock Options, Corporate Taxes, and Debt Policy",2004
10.1111/j.1540-6261.2004.00674.x,Why Do Firms Use Incentives That Have No Incentive Effects?,2004
10.1111/j.1540-6261.2004.00675.x,The Timing of Option Repricing,2004
10.1111/j.1540-6261.2004.00676.x,Diversification as a Public Good: Community Effects in Portfolio Choice,2004
10.1111/j.1540-6261.2004.00677.x,"Tobin's <i>Q</i>, Debt Overhang, and Investment",2004
10.1111/j.1540-6261.2004.00678.x,Estimation and Test of a Simple Model of Intertemporal Capital Asset Pricing,2004
10.1111/j.1540-6261.2004.00679.x,The Cash Flow Sensitivity of Cash,2004
10.1111/j.1540-6261.2004.00680.x,What Do Entrepreneurs Pay for Venture Capital Affiliation?,2004
10.1111/j.1540-6261.2004.00681.x,Short‐Selling Prior to Earnings Announcements,2004
10.1111/j.1540-6261.2004.00682.x,Electricity Forward Prices: A High‐Frequency Empirical Analysis,2004
10.1111/j.1540-6261.2004.00683.x,The Price Response to S&amp;P 500 Index Additions and Deletions: Evidence of Asymmetry and a New Explanation,2004
10.1111/j.1540-6261.2004.00684.x,Report of the Editor of <i>The Journal of Finance</i> for the Year 2003,2004
10.1111/j.1540-6261.2004.00685.x,"Minutes of the Annual Membership Meeting,",2004
10.1111/j.1540-6261.2004.00686.x,Report of the Executive Secretary and Treasurer,2004
10.1111/j.1540-6261.2004.00687.x,MISCELLANEA,2004
10.1111/j.1540-6261.2004.00688.x,Forecast Dispersion and the Cross Section of Expected Returns,2004
10.1111/j.1540-6261.2004.00689.x,Predictable Investment Horizons and Wealth Transfers among Mutual Fund Shareholders,2004
10.1111/j.1540-6261.2004.00690.x,Hedge Funds and the Technology Bubble,2004
10.1111/j.1540-6261.2004.00691.x,Cash and Corporate Control,2004
10.1111/j.1540-6261.2004.00692.x,Investment–Cash Flow Sensitivities: Constrained versus Unconstrained Firms,2004
10.1111/j.1540-6261.2004.00693.x,Dividend Changes and the Persistence of Past Earnings Changes,2004
10.1111/j.1540-6261.2004.00694.x,Correlated Trading and Location,2004
10.1111/j.1540-6261.2004.00695.x,The 52‐Week High and Momentum Investing,2004
10.1111/j.1540-6261.2004.00696.x,"Characteristics, Contracts, and Actions: Evidence from Venture Capitalist Analyses",2004
10.1111/j.1540-6261.2004.00697.x,Idiosyncratic Consumption Risk and the Cross Section of Asset Returns,2004
10.1111/j.1540-6261.2004.00698.x,Bond Insurance: What Is Special About Munis?,2004
10.1111/j.1540-6261.2004.00699.x,"Remuneration, Retention, and Reputation Incentives for Outside Directors",2004
10.1111/j.1540-6261.2004.00700.x,Bids and Allocations in European IPO Bookbuilding,2004
10.1111/j.1540-6261.2004.00701.x,The Development of Secondary Market Liquidity for NYSE‐Listed IPOs,2004
10.1111/j.1540-6261.2004.00702.x,Risk‐Neutral Parameter Shifts and Derivatives Pricing in Discrete Time,2004
10.1111/j.1540-6261.2004.00703.x,Monitoring as a Motivation for IPO Underpricing,2004
10.1111/j.1540-6261.2004.00704.x,Competition and Coalition among Underwriters: The Decision to Join a Syndicate,2004
10.1111/j.1540-6261.2005.00756.x,Judging Fund Managers by the Company They Keep,2005
10.1111/j.1540-6261.2005.00757.x,"Finance and the Business Cycle: International, Inter‐Industry Evidence",2005
10.1111/j.1540-6261.2005.00758.x,Debt Dynamics,2005
10.1111/j.1540-6261.2005.00759.x,"Housing Collateral, Consumption Insurance, and Risk Premia: An Empirical Perspective",2005
10.1111/j.1540-6261.2005.00760.x,What Explains the Stock Market's Reaction to Federal Reserve Policy?,2005
10.1111/j.1540-6261.2005.00761.x,Do Bank Relationships Affect the Firm's Underwriter Choice in the Corporate‐Bond Underwriting Market?,2005
10.1111/j.1540-6261.2005.00762.x,Demand–Deposit Contracts and the Probability of Bank Runs,2005
10.1111/j.1540-6261.2005.00763.x,The Theory of Bank Risk Taking and Competition Revisited,2005
10.1111/j.1540-6261.2005.00764.x,The Choice of Payment Method in European Mergers and Acquisitions,2005
10.1111/j.1540-6261.2005.00765.x,Institutional Holdings and Payout Policy,2005
10.1111/j.1540-6261.2005.00766.x,Are Firms Underleveraged? An Examination of the Effect of Leverage on Default Probabilities,2005
10.1111/j.1540-6261.2005.00767.x,"To Steal or Not to Steal: Firm Attributes, Legal Environment, and Valuation",2005
10.1111/j.1540-6261.2005.00769.x,"Currency Returns, Intrinsic Value, and Institutional‐Investor Flows",2005
10.1111/j.1540-6261.2005.00770.x,A Comparison of Centralized and Fragmented Markets with Costly Search,2005
10.1111/j.1540-6261.2005.00772.x,Front Matter,2005
10.1111/j.1540-6261.2005.00773.x,Back Matter,2005
10.1111/j.1540-6261.2005.00774.x,Front Matter,2005
10.1111/j.1540-6261.2005.00775.x,The Limits of Financial Globalization,2005
10.1111/j.1540-6261.2005.00776.x,"Consumption, Dividends, and the Cross Section of Equity Returns",2005
10.1111/j.1540-6261.2005.00777.x,Time Variation in the Covariance between Stock Returns and Consumption Growth,2005
10.1111/j.1540-6261.2005.00778.x,Rational IPO Waves,2005
10.1111/j.1540-6261.2005.00779.x,Does Prospect Theory Explain IPO Market Behavior?,2005
10.1111/j.1540-6261.2005.00780.x,"Private Equity Performance: Returns, Persistence, and Capital Flows",2005
10.1111/j.1540-6261.2005.00781.x,Predatory Trading,2005
10.1111/j.1540-6261.2005.00782.x,Strategic Behavior and Underpricing in Uniform Price Auctions: Evidence from Finnish Treasury Auctions,2005
10.1111/j.1540-6261.2005.00783.x,Market Timing and Managerial Portfolio Decisions,2005
10.1111/j.1540-6261.2005.00784.x,Do Insiders Learn from Outsiders? Evidence from Mergers and Acquisitions,2005
10.1111/j.1540-6261.2005.00785.x,On the Industry Concentration of Actively Managed Equity Mutual Funds,2005
10.1111/j.1540-6261.2005.00786.x,Managerial Opportunism during Corporate Litigation,2005
10.1111/j.1540-6261.2005.00787.x,The Impact of Bank Consolidation on Commercial Borrower Welfare,2005
10.1111/j.1540-6261.2005.00788.x,Board Seat Accumulation by Executives: A Shareholder's Perspective,2005
10.1111/j.1540-6261.2005.00789.x,Report of the Editor of <i>The Journal of Finance</i> for the Year 2004,2005
10.1111/j.1540-6261.2005.00790.x,"Minutes of the Annual Membership Meeting January 8, 2005",2005
10.1111/j.1540-6261.2005.00791.x,"Report of the Executive Secretary and Treasurer for the Year Ending September 30, 2004",2005
10.1111/j.1540-6261.2005.00792.x,MISCELLANEA,2005
10.1111/j.1540-6261.2005.00793.x,Back Matter,2005
10.1111/j.1540-6261.2005.00794.x,Front Matter,2005
10.1111/j.1540-6261.2005.00795.x,Equilibrium in a Dynamic Limit Order Market,2005
10.1111/j.1540-6261.2005.00796.x,The Optimal Concentration of Creditors,2005
10.1111/j.1540-6261.2005.00797.x,Corporate Yield Spreads: Default Risk or Liquidity? New Evidence from the Credit Default Swap Market,2005
10.1111/j.1540-6261.2005.00798.x,An Empirical Analysis of the Dynamic Relation between Investment‐Grade Bonds and Credit Default Swaps,2005
10.1111/j.1540-6261.2005.00799.x,Stochastic Convenience Yield Implied from Commodity Futures and Interest Rates,2005
10.1111/j.1540-6261.2005.00800.x,Managerial Stock Ownership and the Maturity Structure of Corporate Debt,2005
10.1111/j.1540-6261.2005.00801.x,Trends in Corporate Governance,2005
10.1111/j.1540-6261.2005.00802.x,Methods of Payment in Asset Sales: Contracting with Equity versus Cash,2005
10.1111/j.1540-6261.2005.00803.x,Vested Interest and Biased Price Estimates: Evidence from an Auction Market,2005
10.1111/j.1540-6261.2005.00804.x,Wanna Dance? How Firms and Underwriters Choose Each Other,2005
10.1111/j.1540-6261.2005.00805.x,Arbitraging Arbitrageurs,2005
10.1111/j.1540-6261.2005.00806.x,Information and Control in Ventures and Alliances,2005
10.1111/j.1540-6261.2005.00807.x,The Market Impact of Trends and Sequences in Performance: New Evidence,2005
10.1111/j.1540-6261.2005.00808.x,MISCELLANEA,2005
10.1111/j.1540-6261.2005.00809.x,Back Matter,2005
10.1111/j.1540-6261.2005.00810.x,Front Matter,2005
10.1111/j.1540-6261.2005.00811.x,Do Firms Rebalance Their Capital Structures?,2005
10.1111/j.1540-6261.2005.00812.x,Optimal Capital Structure and Industry Dynamics,2005
10.1111/j.1540-6261.2005.00813.x,CEO Overconfidence and Corporate Investment,2005
10.1111/j.1540-6261.2005.00814.x,"CEO Compensation, Change, and Corporate Strategy",2005
10.1111/j.1540-6261.2005.00815.x,Investment Bank Reputation and the Price and Quality of Underwriting Services,2005
10.1111/j.1540-6261.2005.00816.x,On the Benefits of Concurrent Lending and Underwriting,2005
10.1111/j.1540-6261.2005.00817.x,Thy Neighbor's Portfolio: Word‐of‐Mouth Effects in the Holdings and Trades of Money Managers,2005
10.1111/j.1540-6261.2005.00818.x,Changing Names with Style: Mutual Fund Name Changes and Their Effects on Fund Flows,2005
10.1111/j.1540-6261.2005.00819.x,Governance Mechanisms and Equity Prices,2005
10.1111/j.1540-6261.2005.00820.x,"Debt Maturity, Risk, and Asymmetric Information",2005
10.1111/j.1540-6261.2005.00821.x,"Financial Networks: Contagion, Commitment, and Private Sector Bailouts",2005
10.1111/j.1540-6261.2005.00822.x,Financial Market Design and the Equity Premium: Electronic versus Floor Trading,2005
10.1111/j.1540-6261.2005.00823.x,Transparency and International Portfolio Holdings,2005
10.1111/j.1540-6261.2005.00824.x,MISCELLANEA,2005
10.1111/j.1540-6261.2005.00826.x,Back Matter,2005
10.1111/j.1540-6261.2005.0825a.x,INDEX TO VOLUME LX ARTICLES,2005
10.1111/j.1540-6261.2005.0825b.x,INDEX TO VOLUME LX AUTHORS,2005
10.1111/j.1540-6261.2005.768_1.x,What Determines the Domestic Bias and Foreign Bias? Evidence from Mutual Fund Equity Allocations Worldwide,2005
10.1111/j.1540-6261.2005.770_1.x,MISCELLANEA,2005
10.1111/j.1540-6261.2006.00827.x,Front Matter,2006
10.1111/j.1540-6261.2006.00828.x,What Works in Securities Laws?,2006
10.1111/j.1540-6261.2006.00829.x,Investment and Financing Constraints: Evidence from the Funding of Corporate Pension Plans,2006
10.1111/j.1540-6261.2006.00830.x,Favoritism in Mutual Fund Families? Evidence on Strategic Cross‐Fund Subsidization,2006
10.1111/j.1540-6261.2006.00831.x,Information Uncertainty and Stock Returns,2006
10.1111/j.1540-6261.2006.00832.x,Asset Pricing Implications of Nonconvex Adjustment Costs and Irreversibility of Investment,2006
10.1111/j.1540-6261.2006.00833.x,"Empirical Evidence on Capital Investment, Growth Options, and Security Returns",2006
10.1111/j.1540-6261.2006.00834.x,The Price Impact and Survival of Irrational Traders,2006
10.1111/j.1540-6261.2006.00835.x,The Limits of Investor Behavior,2006
10.1111/j.1540-6261.2006.00836.x,The Cross‐Section of Volatility and Expected Returns,2006
10.1111/j.1540-6261.2006.00837.x,Competing for Securities Underwriting Mandates: Banking Relationships and Analyst Recommendations,2006
10.1111/j.1540-6261.2006.00838.x,Unspanned Stochastic Volatility: Evidence from Hedging Interest Rate Derivatives,2006
10.1111/j.1540-6261.2006.00839.x,Wealth and Executive Compensation,2006
10.1111/j.1540-6261.2006.00840.x,Initial Public Offerings: An Analysis of Theory and Practice,2006
10.1111/j.1540-6261.2006.00841.x,Finance as a Barrier to Entry: Bank Competition and Industry Structure in Local U.S. Markets,2006
10.1111/j.1540-6261.2006.00842.x,Investor Tax Heterogeneity and Ex‐Dividend Day Trading Volume,2006
10.1111/j.1540-6261.2006.00843.x,MISCELLANEA,2006
10.1111/j.1540-6261.2006.00845.x,Back Matter,2006
10.1111/j.1540-6261.2006.00846.x,Front Matter,2006
10.1111/j.1540-6261.2006.00847.x,Bank Mergers and Crime: The Real and Social Effects of Credit Market Competition,2006
10.1111/j.1540-6261.2006.00848.x,A Consumption‐Based Explanation of Expected Stock Returns,2006
10.1111/j.1540-6261.2006.00849.x,Do the Fama–French Factors Proxy for Innovations in Predictive Variables?,2006
10.1111/j.1540-6261.2006.00850.x,"Risk, Reputation, and IPO Price Support",2006
10.1111/j.1540-6261.2006.00851.x,Does Weak Governance Cause Weak Stock Returns? An Examination of Firm Operating Performance and Investors' Expectations,2006
10.1111/j.1540-6261.2006.00852.x,Are Busy Boards Effective Monitors?,2006
10.1111/j.1540-6261.2006.00853.x,Does Investor Misvaluation Drive the Takeover Market?,2006
10.1111/j.1540-6261.2006.00854.x,Offering versus Choice in 401(k) Plans: Equity Exposure and Number of Funds,2006
10.1111/j.1540-6261.2006.00855.x,The Entrepreneur's Choice between Private and Public Ownership,2006
10.1111/j.1540-6261.2006.00856.x,Market Valuation of Tax‐Timing Options: Evidence from Capital Gains Distributions,2006
10.1111/j.1540-6261.2006.00857.x,Banks' Advantage in Hedging Liquidity Risk: Theory and Evidence from the Commercial Paper Market,2006
10.1111/j.1540-6261.2006.00858.x,Firm Value and Hedging: Evidence from U.S. Oil and Gas Producers,2006
10.1111/j.1540-6261.2006.00859.x,Pension Plan Funding and Stock Market Efficiency,2006
10.1111/j.1540-6261.2006.00860.x,How Do Crises Spread? Evidence from Accessible and Inaccessible Stock Indices,2006
10.1111/j.1540-6261.2006.00861.x,MISCELLANEA,2006
10.1111/j.1540-6261.2006.00863.x,Back Matter,2006
10.1111/j.1540-6261.2006.00864.x,Front Matter,2006
10.1111/j.1540-6261.2006.00865.x,Corporate Investment and Asset Price Dynamics: Implications for SEO Event Studies and Long‐Run Performance,2006
10.1111/j.1540-6261.2006.00866.x,Credit Ratings and Capital Structure,2006
10.1111/j.1540-6261.2006.00867.x,Asset Float and Speculative Bubbles,2006
10.1111/j.1540-6261.2006.00868.x,The Effect of Short Selling on Bubbles and Crashes in Experimental Spot Asset Markets,2006
10.1111/j.1540-6261.2006.00869.x,Analysts' Selective Coverage and Subsequent Performance of Newly Public Firms,2006
10.1111/j.1540-6261.2006.00870.x,Investor Sentiment and Pre‐IPO Markets,2006
10.1111/j.1540-6261.2006.00871.x,Corporate Equity Ownership and the Governance of Product Market Relationships,2006
10.1111/j.1540-6261.2006.00872.x,The Costs of Bankruptcy: Chapter 7 Liquidation versus Chapter 11 Reorganization,2006
10.1111/j.1540-6261.2006.00873.x,Do Dividend Clienteles Exist? Evidence on Dividend Preferences of Retail Investors,2006
10.1111/j.1540-6261.2006.00874.x,Does a Parent–Subsidiary Structure Enhance Financing Flexibility?,2006
10.1111/j.1540-6261.2006.00875.x,Secondary Trading Costs in the Municipal Bond Market,2006
10.1111/j.1540-6261.2006.00876.x,Capital Gains Tax Overhang and Price Pressure,2006
10.1111/j.1540-6261.2006.00877.x,Uncovering the Risk–Return Relation in the Stock Market,2006
10.1111/j.1540-6261.2006.00878.x,Distance Constraints: The Limits of Foreign Lending in Poor Economies,2006
10.1111/j.1540-6261.2006.00879.x,Which Investors Fear Expropriation? Evidence from Investors' Portfolio Choices,2006
10.1111/j.1540-6261.2006.00880.x,MISCELLANEA,2006
10.1111/j.1540-6261.2006.00881.x,Back Matter,2006
10.1111/j.1540-6261.2006.00882.x,Front Matter,2006
10.1111/j.1540-6261.2006.00883.x,Household Finance,2006
10.1111/j.1540-6261.2006.00884.x,Market Reactions to Tangible and Intangible Information,2006
10.1111/j.1540-6261.2006.00885.x,Investor Sentiment and the Cross‐Section of Stock Returns,2006
10.1111/j.1540-6261.2006.00886.x,How Persistent Is the Impact of Market Timing on Capital Structure?,2006
10.1111/j.1540-6261.2006.00887.x,Predicting Returns with Managerial Decision Variables: Is There a Small‐Sample Bias?,2006
10.1111/j.1540-6261.2006.00888.x,Can Managers Successfully Time the Maturity Structure of Their Debt Issues?,2006
10.1111/j.1540-6261.2006.00889.x,CEO Turnover after Acquisitions: Are Bad Bidders Fired?,2006
10.1111/j.1540-6261.2006.00890.x,CEOs' Outside Employment Opportunities and the Lack of Relative Performance Evaluation in Compensation Contracts,2006
10.1111/j.1540-6261.2006.00891.x,"Information Control, Career Concerns, and Corporate Governance",2006
10.1111/j.1540-6261.2006.00892.x,Do Banks Affect the Level and Composition of Industrial Volatility?,2006
10.1111/j.1540-6261.2006.00893.x,Industry Concentration and Average Stock Returns,2006
10.1111/j.1540-6261.2006.00894.x,Corporate Financial Policy and the Value of Cash,2006
10.1111/j.1540-6261.2006.00895.x,Does Corporate Headquarters Location Matter for Stock Returns?,2006
10.1111/j.1540-6261.2006.00896.x,The Disposition Effect and Underreaction to News,2006
10.1111/j.1540-6261.2006.00897.x,Report of the Editor of <i>The Journal of Finance</i> for the Year 2005,2006
10.1111/j.1540-6261.2006.00898.x,Minutes of the Annual Membership Meeting,2006
10.1111/j.1540-6261.2006.00899.x,Report of the Executive Secretary and Treasurer,2006
10.1111/j.1540-6261.2006.00900.x,MISCELLANEA,2006
10.1111/j.1540-6261.2006.00901.x,Back Matter,2006
10.1111/j.1540-6261.2006.01000.x,Political Connections and Corporate Bailouts,2006
10.1111/j.1540-6261.2006.01001.x,A Theory of Pyramidal Ownership and Family Business Groups,2006
10.1111/j.1540-6261.2006.01002.x,Optimal Security Design and Dynamic Capital Structure in a Continuous‐Time Agency Model,2006
10.1111/j.1540-6261.2006.01003.x,Does the Contribution of Corporate Cash Holdings and Dividends to Firm Value Depend on Governance? A Cross‐country Analysis,2006
10.1111/j.1540-6261.2006.01004.x,Estimating the Gains from Trade in Limit‐Order Markets,2006
10.1111/j.1540-6261.2006.01005.x,Trading Volume: Implications of an Intertemporal Capital Asset Pricing Model,2006
10.1111/j.1540-6261.2006.01006.x,Model Uncertainty and Option Markets with Heterogeneous Beliefs,2006
10.1111/j.1540-6261.2006.01007.x,"Information, Trading, and Volatility: Evidence from Weather‐Sensitive Markets",2006
10.1111/j.1540-6261.2006.01008.x,"Insider Trading, News Releases, and Ownership Concentration",2006
10.1111/j.1540-6261.2006.01009.x,When Financial Institutions Are Large Shareholders: The Role of Macro Corporate Governance Environments,2006
10.1111/j.1540-6261.2006.01010.x,Analyst Coverage and Financing Decisions,2006
10.1111/j.1540-6261.2006.01011.x,Tax‐Loss Selling and the January Effect: Evidence from Municipal Bond Closed‐End Funds,2006
10.1111/j.1540-6261.2006.01012.x,Derivative Pricing 60 Years before Black–Scholes: Evidence from the Johannesburg Stock Exchange,2006
10.1111/j.1540-6261.2006.01013.x,Front Matter,2006
10.1111/j.1540-6261.2006.01014.x,Back Matter,2006
10.1111/j.1540-6261.2006.01015.x,Can Mutual Fund “Stars” Really Pick Stocks? New Evidence from a Bootstrap Analysis,2006
10.1111/j.1540-6261.2006.01016.x,MISCELLANEA,2006
10.1111/j.1540-6261.2006.01017.x,INDEX TO VOLUME LXI,2006
10.1111/j.1540-6261.2006.01050.x,Front Matter,2006
10.1111/j.1540-6261.2006.01051.x,Options and the Bubble,2006
10.1111/j.1540-6261.2006.01052.x,The Evolution of Security Designs,2006
10.1111/j.1540-6261.2006.01053.x,Informed Lending and Security Design,2006
10.1111/j.1540-6261.2006.01054.x,The Value Premium and the CAPM,2006
10.1111/j.1540-6261.2006.01055.x,Dynamic Portfolio Selection by Augmenting the Asset Space,2006
10.1111/j.1540-6261.2006.01056.x,Liquidity and Credit Risk,2006
10.1111/j.1540-6261.2006.01057.x,Bayesian Alphas and Mutual Fund Persistence,2006
10.1111/j.1540-6261.2006.01058.x,Are IPO Allocations for Sale? Evidence from Mutual Funds,2006
10.1111/j.1540-6261.2006.01059.x,A Nonlinear Factor Analysis of S&amp;P 500 Index Option Returns,2006
10.1111/j.1540-6261.2006.01060.x,Liquidity and Autocorrelations in Individual Stock Returns,2006
10.1111/j.1540-6261.2006.01061.x,Automation versus Intermediation: Evidence from Treasuries Going Off the Run,2006
10.1111/j.1540-6261.2006.01062.x,Business Groups and Tunneling: Evidence from Private Securities Offerings by Korean Chaebols,2006
10.1111/j.1540-6261.2006.01063.x,Retail Investor Sentiment and Return Comovements,2006
10.1111/j.1540-6261.2006.01064.x,Executive Stock Options: Early Exercise Provisions and Risk‐taking Incentives,2006
10.1111/j.1540-6261.2006.01065.x,Lending Booms and Lending Standards,2006
10.1111/j.1540-6261.2006.01066.x,MISCELLANEA,2006
10.1111/j.1540-6261.2006.01067.x,Back Matter,2006
10.1111/j.1540-6261.2007.01199.x,Front Matter,2007
10.1111/j.1540-6261.2007.01200.x,Why Do Firms Issue Equity?,2007
10.1111/j.1540-6261.2007.01201.x,Why Is Long‐Horizon Equity Less Risky? A Duration‐Based Explanation of the Value Premium,2007
10.1111/j.1540-6261.2007.01202.x,Common Failings: How Corporate Defaults Are Correlated,2007
10.1111/j.1540-6261.2007.01203.x,Corporate Yield Spreads and Bond Liquidity,2007
10.1111/j.1540-6261.2007.01204.x,Information Cascades: Evidence from a Field Experiment with Financial Market Professionals,2007
10.1111/j.1540-6261.2007.01205.x,Learning by Observing: Information Spillovers in the Execution and Valuation of Commercial Bank M&amp;As,2007
10.1111/j.1540-6261.2007.01206.x,A Theory of Friendly Boards,2007
10.1111/j.1540-6261.2007.01207.x,Whom You Know Matters: Venture Capital Networks and Investment Performance,2007
10.1111/j.1540-6261.2007.01208.x,Lower Salaries and No Options? On the Optimal Structure of Executive Pay,2007
10.1111/j.1540-6261.2007.01209.x,Interest Rate Caps “Smile” Too! But Can the LIBOR Market Models Capture the Smile?,2007
10.1111/j.1540-6261.2007.01210.x,The Impact of Collateralization on Swap Rates,2007
10.1111/j.1540-6261.2007.01211.x,The Value of Embedded Real Options: Evidence from Consumer Automobile Lease Contracts,2007
10.1111/j.1540-6261.2007.01212.x,The Initial Public Offerings of Listed Firms,2007
10.1111/j.1540-6261.2007.01213.x,Back Matter,2007
10.1111/j.1540-6261.2007.01214.x,MISCELLANEA,2007
10.1111/j.1540-6261.2007.01215.x,Fund Manager Use of Public Information: New Evidence on Managerial Skills,2007
10.1111/j.1540-6261.2007.01216.x,"Managerial Ability, Compensation, and the Closed‐End Fund Discount",2007
10.1111/j.1540-6261.2007.01217.x,Limits of Arbitrage: Theory and Evidence from the Mortgage‐Backed Securities Market,2007
10.1111/j.1540-6261.2007.01218.x,Banking Deregulation and Industry Structure: Evidence from the French Banking Reforms of 1985,2007
10.1111/j.1540-6261.2007.01219.x,Information Asymmetry and Financing Arrangements: Evidence from Syndicated Loans,2007
10.1111/j.1540-6261.2007.01220.x,Winners or Losers? The Effects of Banking Consolidation on Corporate Borrowers,2007
10.1111/j.1540-6261.2007.01221.x,"Growth Opportunities and the Choice of Leverage, Debt Maturity, and Covenants",2007
10.1111/j.1540-6261.2007.01222.x,"Smart Institutions, Foolish Choices: The Limited Partner Performance Puzzle",2007
10.1111/j.1540-6261.2007.01223.x,"Financial Synergies and the Optimal Scope of the Firm: Implications for Mergers, Spinoffs, and Structured Finance",2007
10.1111/j.1540-6261.2007.01224.x,A Theory of Takeovers and Disinvestment,2007
10.1111/j.1540-6261.2007.01225.x,How Are Firms Sold?,2007
10.1111/j.1540-6261.2007.01226.x,On the Importance of Measuring Payout Yield: Implications for Empirical Asset Pricing,2007
10.1111/j.1540-6261.2007.01227.x,Decoupling CEO Wealth and Firm Performance: The Case of Acquiring CEOs,2007
10.1111/j.1540-6261.2007.01228.x,"Corporate Governance, Idiosyncratic Risk, and Information Flow",2007
10.1111/j.1540-6261.2007.01229.x,Why Do Firms Become Widely Held? An Analysis of the Dynamics of Corporate Ownership,2007
10.1111/j.1540-6261.2007.01230.x,Efficiency and the Bear: Short Sales and Markets Around the World,2007
10.1111/j.1540-6261.2007.01231.x,Global Growth Opportunities and Market Integration,2007
10.1111/j.1540-6261.2007.01232.x,Giving Content to Investor Sentiment: The Role of Media in the Stock Market,2007
10.1111/j.1540-6261.2007.01233.x,The Underwriter Persistence Phenomenon,2007
10.1111/j.1540-6261.2007.01234.x,Simple Forecasts and Paradigm Shifts,2007
10.1111/j.1540-6261.2007.01235.x,Reputation Effects in Trading on the New York Stock Exchange,2007
10.1111/j.1540-6261.2007.01236.x,Participation Costs and the Sensitivity of Fund Flows to Past Performance,2007
10.1111/j.1540-6261.2007.01237.x,"Financial Speculators' Underperformance: Learning, Self‐Selection, and Endogenous Liquidity",2007
10.1111/j.1540-6261.2007.01238.x,Optimal Debt and Equity Values in the Presence of Chapter 7 and Chapter 11,2007
10.1111/j.1540-6261.2007.01239.x,The Value of Corporate Risk Management,2007
10.1111/j.1540-6261.2007.01240.x,Corporate Bond Market Transaction Costs and Transparency,2007
10.1111/j.1540-6261.2007.01241.x,Model Specification and Risk Premia: Evidence from Futures Options,2007
10.1111/j.1540-6261.2007.01242.x,Stochastic Volatilities and Correlations of Bond Yields,2007
10.1111/j.1540-6261.2007.01243.x,MISCELLANEA,2007
10.1111/j.1540-6261.2007.01244.x,Front Matter,2007
10.1111/j.1540-6261.2007.01245.x,Back Matter,2007
10.1111/j.1540-6261.2007.01246.x,MISCELLANEA,2007
10.1111/j.1540-6261.2007.01248.x,Front Matter,2007
10.1111/j.1540-6261.2007.01249.x,Back Matter,2007
10.1111/j.1540-6261.2007.01250.x,"Presidential Address: Issuers, Underwriter Syndicates, and Aftermarket Transparency",2007
10.1111/j.1540-6261.2007.01251.x,Pay Me Later: Inside Debt and Its Role in Managerial Compensation,2007
10.1111/j.1540-6261.2007.01252.x,Working Orders in Limit Order Markets and Floor Exchanges,2007
10.1111/j.1540-6261.2007.01253.x,"Lazy Investors, Discretionary Consumption, and the Cross‐Section of Stock Returns",2007
10.1111/j.1540-6261.2007.01254.x,Equilibrium Exhaustible Resource Price Dynamics,2007
10.1111/j.1540-6261.2007.01255.x,How Costly Is External Financing? Evidence from a Structural Estimation,2007
10.1111/j.1540-6261.2007.01256.x,Do Tests of Capital Structure Theory Mean What They Say?,2007
10.1111/j.1540-6261.2007.01257.x,Corporate Governance and Firm Value: The Impact of the 2002 Governance Rules,2007
10.1111/j.1540-6261.2007.01258.x,The Takeover Deterrent Effect of Open Market Share Repurchases,2007
10.1111/j.1540-6261.2007.01259.x,Corporate Governance and Acquirer Returns,2007
10.1111/j.1540-6261.2007.01260.x,Incentive Effects of Stock and Option Holdings of Target and Acquirer CEOs,2007
10.1111/j.1540-6261.2007.01261.x,Executive Financial Incentives and Payout Policy: Firm Responses to the 2003 Dividend Tax Cut,2007
10.1111/j.1540-6261.2007.01262.x,Sports Sentiment and Stock Returns,2007
10.1111/j.1540-6261.2007.01263.x,Rational Inattention and Portfolio Selection,2007
10.1111/j.1540-6261.2007.01264.x,Report of the Editor of <i>The Journal of Finance</i> for the Year 2006,2007
10.1111/j.1540-6261.2007.01265.x,"Minutes of the Annual Membership Meeting January 6, 2007",2007
10.1111/j.1540-6261.2007.01266.x,"Report of the Executive Secretary and Treasurer for the Year Ending September 30, 2006",2007
10.1111/j.1540-6261.2007.01267.x,MISCELLANEA,2007
10.1111/j.1540-6261.2007.01269.x,Supply and Demand Shifts in the Shorting Market,2007
10.1111/j.1540-6261.2007.01270.x,Short‐Sales Constraints and Price Discovery: Evidence from the Hong Kong Market,2007
10.1111/j.1540-6261.2007.01271.x,Portfolio Choice over the Life‐Cycle when the Stock and Labor Markets Are Cointegrated,2007
10.1111/j.1540-6261.2007.01272.x,Multimarket Trading and Liquidity: Theory and Evidence,2007
10.1111/j.1540-6261.2007.01273.x,Liquidity and the Law of One Price: The Case of the Futures‐Cash Basis,2007
10.1111/j.1540-6261.2007.01274.x,Episodic Liquidity Crises: Cooperative and Predatory Trading,2007
10.1111/j.1540-6261.2007.01275.x,"Liquidity Coinsurance, Moral Hazard, and Financial Contagion",2007
10.1111/j.1540-6261.2007.01276.x,Liquidity or Credit Risk? The Determinants of Very Short‐Term Corporate Yield Spreads,2007
10.1111/j.1540-6261.2007.01277.x,Liquidity Premia and Transaction Costs,2007
10.1111/j.1540-6261.2007.01278.x,"Analyst Disagreement, Mispricing, and Liquidity*",2007
10.1111/j.1540-6261.2007.01279.x,"Taking a View: Corporate Speculation, Governance, and Compensation",2007
10.1111/j.1540-6261.2007.01280.x,"Financial Constraints, Competition, and Hedging in Industry Equilibrium",2007
10.1111/j.1540-6261.2007.01281.x,Exchange Rates and Cash Flows in Differentiated Product Industries: A Simulation Approach,2007
10.1111/j.1540-6261.2007.01282.x,Momentum and Credit Rating,2007
10.1111/j.1540-6261.2007.01283.x,Price Convexity and Skewness,2007
10.1111/j.1540-6261.2007.01284.x,MISCELLANEA,2007
10.1111/j.1540-6261.2007.01286.x,The Risk‐Adjusted Cost of Financial Distress,2007
10.1111/j.1540-6261.2007.01287.x,Security Design with Investor Private Information,2007
10.1111/j.1540-6261.2007.01288.x,Strategic Actions and Credit Spreads: An Empirical Investigation,2007
10.1111/j.1540-6261.2007.01289.x,The U.S. Treasury Buyback Auctions: The Cost of Retiring Illiquid Bonds,2007
10.1111/j.1540-6261.2007.01290.x,Bidding into the Red: A Model of Post‐Auction Bankruptcy,2007
10.1111/j.1540-6261.2007.01291.x,How Smart Is Smart Money? A Two‐Sided Matching Model of Venture Capital,2007
10.1111/j.1540-6261.2007.01292.x,"U.S. Banking Deregulation, Small Businesses, and Interstate Insurance of Personal Income",2007
10.1111/j.1540-6261.2007.01293.x,How Laws and Institutions Shape Financial Contracts: The Case of Bank Loans,2007
10.1111/j.1540-6261.2007.01294.x,Adaptive Traders and the Design of Financial Markets,2007
10.1111/j.1540-6261.2007.01295.x,Long‐Term Return Reversals: Overreaction or Taxes?,2007
10.1111/j.1540-6261.2007.01296.x,Vote Trading and Information Aggregation,2007
10.1111/j.1540-6261.2007.01297.x,Measuring Distress Risk: The Effect of R&amp;D Intensity,2007
10.1111/j.1540-6261.2007.01298.x,Is the Corporate Loan Market Globally Integrated? A Pricing Puzzle,2007
10.1111/j.1540-6261.2007.01299.x,Habit Formation and Macroeconomic Models of the Term Structure of Interest Rates,2007
10.1111/j.1540-6261.2007.01300.x,MISCELLANEA,2007
10.1111/j.1540-6261.2007.01302.x,INDEX TO VOLUME LXII,2007
10.1111/j.1540-6261.2007.01303.x,FRONT MATTER,2007
10.1111/j.1540-6261.2007.01304.x,Back Matter,2007
10.1111/j.1540-6261.2007.01305.x,FRONT MATTER,2007
10.1111/j.1540-6261.2007.01306.x,Back Matter,2007
10.1111/j.1540-6261.2007.01307.x,Front Matter,2007
10.1111/j.1540-6261.2007.01308.x,Back Matter,2007
10.1111/j.1540-6261.2008.01309.x,"Agency Conflicts, Investment, and Asset Pricing",2008
10.1111/j.1540-6261.2008.01310.x,"Heterogeneous Beliefs, Speculation, and the Equity Premium",2008
10.1111/j.1540-6261.2008.01311.x,Which Money Is Smart? Mutual Fund Buys and Sells of Individual and Institutional Investors,2008
10.1111/j.1540-6261.2008.01312.x,Competition for Order Flow and Smart Order Routing Systems,2008
10.1111/j.1540-6261.2008.01313.x,Information Asymmetry and Asset Prices: Evidence from the China Foreign Share Discount,2008
10.1111/j.1540-6261.2008.01314.x,"Ambiguity, Information Quality, and Asset Pricing",2008
10.1111/j.1540-6261.2008.01315.x,Price Volatility and Investor Behavior in an Overlapping Generations Model with Information Asymmetry,2008
10.1111/j.1540-6261.2008.01316.x,Individual Investor Trading and Stock Returns,2008
10.1111/j.1540-6261.2008.01317.x,The Demise of Investment Banking Partnerships: Theory and Evidence,2008
10.1111/j.1540-6261.2008.01318.x,"Downward‐Sloping Demand Curves, the Supply of Shares, and the Collapse of Internet Stock Prices",2008
10.1111/j.1540-6261.2008.01319.x,"Information, Trading, and Product Market Interactions: Cross‐sectional Implications of Informed Trading",2008
10.1111/j.1540-6261.2008.01320.x,The Long‐Lasting Momentum in Weekly Returns,2008
10.1111/j.1540-6261.2008.01321.x,IPO Pricing and Share Allocation: The Importance of Being Ignorant,2008
10.1111/j.1540-6261.2008.01322.x,MISCELLANEA,2008
10.1111/j.1540-6261.2008.01323.x,ANNOUNCEMENT OF 2007 SMITH BREEDEN PRIZES AND BRATTLE AWARDS,2008
10.1111/j.1540-6261.2008.01324.x,Which Shorts Are Informed?,2008
10.1111/j.1540-6261.2008.01325.x,"Do Bankruptcy Codes Matter? A Study of Defaults in France, Germany, and the U.K.",2008
10.1111/j.1540-6261.2008.01326.x,Empirical Evidence of Risk Shifting in Financially Distressed Firms,2008
10.1111/j.1540-6261.2008.01327.x,Information Sales and Insider Trading with Long‐Lived Information,2008
10.1111/j.1540-6261.2008.01328.x,"The Industry Life Cycle, Acquisitions and Investment: Does Firm Organization Matter?",2008
10.1111/j.1540-6261.2008.01329.x,Capital Gains Taxes and Asset Prices: Capitalization or Lock‐in?,2008
10.1111/j.1540-6261.2008.01330.x,An Empirical Analysis of the Pricing of Collateralized Debt Obligations,2008
10.1111/j.1540-6261.2008.01331.x,Identification of Maximal Affine Term Structure Models,2008
10.1111/j.1540-6261.2008.01332.x,The Term Structure of Real Rates and Expected Inflation,2008
10.1111/j.1540-6261.2008.01333.x,Competition from Specialized Firms and the Diversification–Performance Linkage,2008
10.1111/j.1540-6261.2008.01334.x,Correlated Trading and Returns,2008
10.1111/j.1540-6261.2008.01335.x,Share Issuance and Cross‐sectional Returns,2008
10.1111/j.1540-6261.2008.01336.x,Earnings Management and Firm Performance Following Open‐Market Repurchases,2008
10.1111/j.1540-6261.2008.01337.x,Underreaction to Dividend Reductions and Omissions?,2008
10.1111/j.1540-6261.2008.01339.x,MISCELLANEA,2008
10.1111/j.1540-6261.2008.01340.x,Back Matter,2008
10.1111/j.1540-6261.2008.01341.x,Front Matter,2008
10.1111/j.1540-6261.2008.01343.x,INDEX TO VOLUME LXII,2008
10.1111/j.1540-6261.2008.01345.x,Front Matter,2008
10.1111/j.1540-6261.2008.01346.x,MISCELLANEA,2008
10.1111/j.1540-6261.2008.01348.x,Morgan Stanley—American Finance Association Award for Excellence in Finance 2008,2008
10.1111/j.1540-6261.2008.01349.x,Front Matter,2008
10.1111/j.1540-6261.2008.01350.x,Back Matter,2008
10.1111/j.1540-6261.2008.01351.x,Growth versus Margins: Destabilizing Consequences of Giving the Stock Market What It Wants,2008
10.1111/j.1540-6261.2008.01352.x,Volatility Information Trading in the Option Market,2008
10.1111/j.1540-6261.2008.01353.x,The Corporate Governance Role of the Media: Evidence from Russia,2008
10.1111/j.1540-6261.2008.01354.x,Blurring Firm Boundaries: The Role of Venture Capital in Strategic Alliances,2008
10.1111/j.1540-6261.2008.01355.x,The Market for Mergers and the Boundaries of the Firm,2008
10.1111/j.1540-6261.2008.01356.x,Stock Returns in Mergers and Acquisitions,2008
10.1111/j.1540-6261.2008.01357.x,The Price of Immediacy,2008
10.1111/j.1540-6261.2008.01358.x,Loan Sales and Relationship Banking,2008
10.1111/j.1540-6261.2008.01359.x,"Bank Loans, Bonds, and Information Monopolies across the Business Cycle",2008
10.1111/j.1540-6261.2008.01360.x,A Search‐Based Theory of the On‐the‐Run Phenomenon,2008
10.1111/j.1540-6261.2008.01361.x,Attracting Attention: Cheap Managerial Talk and Costly Market Monitoring,2008
10.1111/j.1540-6261.2008.01362.x,More Than Words: Quantifying Language to Measure Firms' Fundamentals,2008
10.1111/j.1540-6261.2008.01363.x,The Politics of Financial Development: Evidence from Trade Liberalization,2008
10.1111/j.1540-6261.2008.01364.x,Neighbors Matter: Causal Community Effects and Stock Market Participation,2008
10.1111/j.1540-6261.2008.01365.x,Back Matter,2008
10.1111/j.1540-6261.2008.01366.x,Front Matter,2008
10.1111/j.1540-6261.2008.01368.x,Presidential Address: The Cost of Active Investing,2008
10.1111/j.1540-6261.2008.01369.x,Back to the Beginning: Persistence and the Cross‐Section of Corporate Capital Structure,2008
10.1111/j.1540-6261.2008.01370.x,Asset Growth and the Cross‐Section of Stock Returns,2008
10.1111/j.1540-6261.2008.01371.x,Dissecting Anomalies,2008
10.1111/j.1540-6261.2008.01372.x,Corporate Governance and Risk‐Taking,2008
10.1111/j.1540-6261.2008.01373.x,"Hedge Fund Activism, Corporate Governance, and Firm Performance",2008
10.1111/j.1540-6261.2008.01374.x,"Hedge Funds: Performance, Risk, and Capital Formation",2008
10.1111/j.1540-6261.2008.01375.x,The Selection and Termination of Investment Management Firms by Plan Sponsors,2008
10.1111/j.1540-6261.2008.01376.x,Optimal Decentralized Investment Management,2008
10.1111/j.1540-6261.2008.01377.x,"International Cross‐Listing, Firm Performance, and Top Management Turnover: A Test of the Bonding Hypothesis",2008
10.1111/j.1540-6261.2008.01378.x,Feedback Effects and Asset Prices,2008
10.1111/j.1540-6261.2008.01379.x,Economic Links and Predictable Returns,2008
10.1111/j.1540-6261.2008.01380.x,"Market Liquidity, Investor Participation, and Managerial Autonomy: Why Do Firms Go Private?",2008
10.1111/j.1540-6261.2008.01381.x,Report of the Editor of <i>The Journal of Finance</i> for the Year 2007,2008
10.1111/j.1540-6261.2008.01382.x,"Report of the Executive Secretary and Treasurer for the Year Ending September 30, 2007",2008
10.1111/j.1540-6261.2008.01383.x,"Minutes of the Annual Membership Meeting January 5, 2008",2008
10.1111/j.1540-6261.2008.01384.x,MISCELLANEA,2008
10.1111/j.1540-6261.2008.01385.x,Back Matter,2008
10.1111/j.1540-6261.2008.01386.x,Front Matter,2008
10.1111/j.1540-6261.2008.01388.x,Fellow of the American Finance Association for 2008,2008
10.1111/j.1540-6261.2008.01391.x,How Does Financing Impact Investment? The Role of Debt Covenants,2008
10.1111/j.1540-6261.2008.01392.x,Foreign Banks in Poor Countries: Theory and Evidence,2008
10.1111/j.1540-6261.2008.01393.x,Local Bank Financial Constraints and Firm Access to External Finance,2008
10.1111/j.1540-6261.2008.01394.x,Collective Risk Management in a Flight to Quality Episode,2008
10.1111/j.1540-6261.2008.01395.x,"Market Structure, Internal Capital Markets, and the Boundaries of the Firm",2008
10.1111/j.1540-6261.2008.01396.x,The Real Determinants of Asset Sales,2008
10.1111/j.1540-6261.2008.01397.x,The Value of Financial Flexibility,2008
10.1111/j.1540-6261.2008.01398.x,Marketwide Private Information in Stocks: Forecasting Currency Returns,2008
10.1111/j.1540-6261.2008.01399.x,Default and Recovery Implicit in the Term Structure of Sovereign <i>CDS</i> Spreads,2008
10.1111/j.1540-6261.2008.01400.x,Cross‐Asset Speculation in Stock Markets,2008
10.1111/j.1540-6261.2008.01401.x,The Dog That Did Not Bark: Insider Trading and Crashes,2008
10.1111/j.1540-6261.2008.01402.x,“You Can Enter but You Cannot Leave…”: U.S. Securities Markets and Foreign Firms,2008
10.1111/j.1540-6261.2008.01403.x,Buyer–Supplier Relationships and the Stakeholder Theory of Capital Structure,2008
10.1111/j.1540-6261.2008.01404.x,MISCELLANEA,2008
10.1111/j.1540-6261.2008.01405.x,Back Matter,2008
10.1111/j.1540-6261.2008.01406.x,Front Matter,2008
10.1111/j.1540-6261.2008.01408.x,Trusting the Stock Market,2008
10.1111/j.1540-6261.2008.01409.x,"The Making of an Investment Banker: Stock Market Shocks, Career Choice, and Lifetime Income",2008
10.1111/j.1540-6261.2008.01410.x,Directors' Ownership in the U.S. Mutual Fund Industry,2008
10.1111/j.1540-6261.2008.01411.x,Do Investors Overweight Personal Experience? Evidence from IPO Subscriptions,2008
10.1111/j.1540-6261.2008.01412.x,"Overconfidence, CEO Selection, and Corporate Governance",2008
10.1111/j.1540-6261.2008.01413.x,Mandatory Disclosure and Operational Risk: Evidence from Hedge Fund Registration,2008
10.1111/j.1540-6261.2008.01414.x,The Geography of Block Acquisitions,2008
10.1111/j.1540-6261.2008.01415.x,Estimating the Intertemporal Risk–Return Tradeoff Using the Implied Cost of Capital,2008
10.1111/j.1540-6261.2008.01416.x,In Search of Distress Risk,2008
10.1111/j.1540-6261.2008.01417.x,How Does Size Affect Mutual Fund Behavior?,2008
10.1111/j.1540-6261.2008.01418.x,"Average Returns, B/M, and Share Issues",2008
10.1111/j.1540-6261.2008.01419.x,Stock Returns and Volatility: Pricing the Short‐Run and Long‐Run Components of Market Risk,2008
10.1111/j.1540-6261.2008.01420.x,Limited Attention and the Allocation of Effort in Securities Trading,2008
10.1111/j.1540-6261.2008.01421.x,How and When Do Firms Adjust Their Capital Structures toward Targets?,2008
10.1111/j.1540-6261.2008.01422.x,MISCELLANEA,2008
10.1111/j.1540-6261.2008.01423.x,Back Matter,2008
10.1111/j.1540-6261.2008.01425.x,Front Matter,2009
10.1111/j.1540-6261.2008.01426.x,Back Matter,2009
10.1111/j.1540-6261.2008.01427.x,"High‐Water Marks: High Risk Appetites? Convex Compensation, Long Horizons, and Portfolio Choice",2009
10.1111/j.1540-6261.2008.01428.x,It's SHO Time! Short‐Sale Price Tests and Market Quality,2009
10.1111/j.1540-6261.2008.01429.x,Should Investors Bet on the Jockey or the Horse? Evidence from the Evolution of Firms from Early Business Plans to Public Companies,2009
10.1111/j.1540-6261.2008.01430.x,Share Repurchases and Pay‐Performance Sensitivity of Employee Compensation Contracts,2009
10.1111/j.1540-6261.2008.01431.x,"Financing Innovation and Growth: Cash Flow, External Equity, and the 1990s R&amp;D Boom",2009
10.1111/j.1540-6261.2008.01432.x,Entrepreneurial Shareholder Activism: Hedge Funds and Other Private Investors,2009
10.1111/j.1540-6261.2008.01433.x,CEO Compensation and Board Structure,2009
10.1111/j.1540-6261.2008.01434.x,"Access to Capital, Capital Structure, and the Funding of the Firm",2009
10.1111/j.1540-6261.2008.01435.x,Do Entrenched Managers Pay Their Workers More?,2009
10.1111/j.1540-6261.2008.01436.x,Labor and Corporate Governance: International Evidence from Restructuring Decisions,2009
10.1111/j.1540-6261.2008.01437.x,Market Sidedness: Insights into Motives for Trade Initiation,2009
10.1111/j.1540-6261.2008.01438.x,"Private Benefits of Control, Ownership, and the Cross‐listing Decision",2009
10.1111/j.1540-6261.2008.01439.x,Are Liquidity and Information Risks Priced in the Treasury Bond Market?,2009
10.1111/j.1540-6261.2008.01440.x,"Public Information, IPO Price Formation, and Long‐Run Returns: Japanese Evidence",2009
10.1111/j.1540-6261.2008.01441.x,MISCELLANEA,2009
10.1111/j.1540-6261.2009.01442.x,Front Matter,2009
10.1111/j.1540-6261.2009.01443.x,"Sensation Seeking, Overconfidence, and Trading Activity",2009
10.1111/j.1540-6261.2009.01444.x,Equilibrium Portfolio Strategies in the Presence of Sentiment Risk and Excess Volatility,2009
10.1111/j.1540-6261.2009.01445.x,Risk in Dynamic Arbitrage: The Price Effects of Convergence Trading,2009
10.1111/j.1540-6261.2009.01446.x,Catastrophic Risk and Credit Markets,2009
10.1111/j.1540-6261.2009.01447.x,Investor Inattention and Friday Earnings Announcements,2009
10.1111/j.1540-6261.2009.01448.x,What Drives the Disposition Effect? An Analysis of a Long‐Standing Preference‐Based Explanation,2009
10.1111/j.1540-6261.2009.01449.x,"Work Ethic, Employment Contracts, and Firm Value",2009
10.1111/j.1540-6261.2009.01450.x,"Creditor Rights, Enforcement, and Bank Loans",2009
10.1111/j.1540-6261.2009.01451.x,Securitization and the Declining Impact of Bank Finance on Loan Supply: Evidence from Mortgage Originations,2009
10.1111/j.1540-6261.2009.01452.x,"Financial Constraints, Debt Capacity, and the Cross‐section of Stock Returns",2009
10.1111/j.1540-6261.2009.01453.x,"Cash Flow, Consumption Risk, and the Cross‐section of Stock Returns",2009
10.1111/j.1540-6261.2009.01454.x,"Real Options, Product Market Competition, and Asset Returns",2009
10.1111/j.1540-6261.2009.01455.x,Hedge Fund Risk Dynamics: Implications for Performance Appraisal,2009
10.1111/j.1540-6261.2009.01456.x,Income Risk and Portfolio Choice: An Empirical Study,2009
10.1111/j.1540-6261.2009.01457.x,ANNOUNCEMENT OF 2008 SMITH BREEDEN AND BRATTLE GROUP PRIZES,2009
10.1111/j.1540-6261.2009.01458.x,Back Matter,2009
10.1111/j.1540-6261.2009.01459.x,Do Stock Mergers Create Value for Acquirers?,2009
10.1111/j.1540-6261.2009.01460.x,Level Playing Fields in International Financial Regulation,2009
10.1111/j.1540-6261.2009.01461.x,"Bank Loan Supply, Lender Choice, and Corporate Capital Structure",2009
10.1111/j.1540-6261.2009.01462.x,Information Immobility and the Home Bias Puzzle,2009
10.1111/j.1540-6261.2009.01463.x,International Taxation and the Direction and Volume of Cross‐Border M&amp;As,2009
10.1111/j.1540-6261.2009.01464.x,Determinants of Vertical Integration: Financial Development and Contracting Costs,2009
10.1111/j.1540-6261.2009.01465.x,Eat or Be Eaten: A Theory of Mergers and Firm Size,2009
10.1111/j.1540-6261.2009.01466.x,Oil Futures Prices in a Production Economy with Investment Constraints,2009
10.1111/j.1540-6261.2009.01467.x,The Price of Correlation Risk: Evidence from Equity Options,2009
10.1111/j.1540-6261.2009.01468.x,IPO Underpricing over the Very Long Run,2009
10.1111/j.1540-6261.2009.01469.x,Trading Costs and Returns for U.S. Equities: Estimating Effective Costs from Daily Data,2009
10.1111/j.1540-6261.2009.01470.x,Rank‐Order Tournaments and Incentive Alignment: The Effect on Firm Performance,2009
10.1111/j.1540-6261.2009.01471.x,MISCELLANEA,2009
10.1111/j.1540-6261.2009.01472.x,Presidential Address: Sophisticated Investors and Market Efficiency,2009
10.1111/j.1540-6261.2009.01472_2.x,Front Matter,2009
10.1111/j.1540-6261.2009.01473.x,Why Are Buyouts Levered? The Financial Structure of Private Equity Funds,2009
10.1111/j.1540-6261.2009.01474.x,Predictive Systems: Living with Imperfect Predictors,2009
10.1111/j.1540-6261.2009.01475.x,Explicit versus Implicit Contracts: Evidence from CEO Employment Agreements,2009
10.1111/j.1540-6261.2009.01476.x,Control Rights and Capital Structure: An Empirical Investigation,2009
10.1111/j.1540-6261.2009.01477.x,Agency Problems at Dual‐Class Companies,2009
10.1111/j.1540-6261.2009.01478.x,The Corporate Propensity to Save,2009
10.1111/j.1540-6261.2009.01479.x,Target Behavior and Financing: How Conclusive Is the Evidence?,2009
10.1111/j.1540-6261.2009.01480.x,Analyzing the Tax Benefits from Employee Stock Options,2009
10.1111/j.1540-6261.2009.01481.x,Financially Constrained Stock Returns,2009
10.1111/j.1540-6261.2009.01482.x,"First‐Order Risk Aversion, Heterogeneity, and Asset Market Outcomes",2009
10.1111/j.1540-6261.2009.01483.x,Who Gambles in the Stock Market?,2009
10.1111/j.1540-6261.2009.01484.x,Rewriting History,2009
10.1111/j.1540-6261.2009.01485.x,Report of the Editor of <i>The Journal of Finance</i> for the Year 2008,2009
10.1111/j.1540-6261.2009.01486.x,"Minutes of the Annual Membership Meeting January 4, 2009",2009
10.1111/j.1540-6261.2009.01487.x,"Report of the Executive Secretary and Treasurer for the Year Ending September 30, 2008",2009
10.1111/j.1540-6261.2009.01488.x,MISCELLANEA,2009
10.1111/j.1540-6261.2009.01489.x,Back Matter,2009
10.1111/j.1540-6261.2009.01490.x,Back Matter,2009
10.1111/j.1540-6261.2009.01491.x,Front Matter,2009
10.1111/j.1540-6261.2009.01492.x,Why Do U.S. Firms Hold So Much More Cash than They Used To?,2009
10.1111/j.1540-6261.2009.01493.x,Media Coverage and the Cross‐section of Stock Returns,2009
10.1111/j.1540-6261.2009.01494.x,Credit Contagion from Counterparty Risk,2009
10.1111/j.1540-6261.2009.01495.x,Frailty Correlated Default,2009
10.1111/j.1540-6261.2009.01496.x,Attracting Flows by Attracting Big Clients,2009
10.1111/j.1540-6261.2009.01497.x,The Relation between Price and Performance in the Mutual Fund Industry,2009
10.1111/j.1540-6261.2009.01498.x,"Business Networks, Corporate Governance, and Contracting in the Mutual Fund Industry",2009
10.1111/j.1540-6261.2009.01499.x,Role of Managerial Incentives and Discretion in Hedge Fund Performance,2009
10.1111/j.1540-6261.2009.01500.x,Do Hedge Fund Managers Misreport Returns? Evidence from the Pooled Distribution,2009
10.1111/j.1540-6261.2009.01501.x,Driven to Distraction: Extraneous Events and Underreaction to Earnings News,2009
10.1111/j.1540-6261.2009.01502.x,Getting Out Early: An Analysis of Market Making Activity at the Recommending Analyst's Firm,2009
10.1111/j.1540-6261.2009.01503.x,Making Sense of Cents: An Examination of Firms That Marginally Miss or Beat Analyst Forecasts,2009
10.1111/j.1540-6261.2009.01504.x,Electing Directors,2009
10.1111/j.1540-6261.2009.01505.x,MISCELLANEA,2009
10.1111/j.1540-6261.2009.01506.x,Back Matter,2009
10.1111/j.1540-6261.2009.01507.x,Long‐Run Stockholder Consumption Risk and Asset Returns,2009
10.1111/j.1540-6261.2009.01508.x,"Blockholder Trading, Market Efficiency, and Managerial Myopia",2009
10.1111/j.1540-6261.2009.01509.x,Reinforcement Learning and Savings Behavior,2009
10.1111/j.1540-6261.2009.01510.x,"Momentum, Reversal, and Uninformed Traders in Laboratory Markets",2009
10.1111/j.1540-6261.2009.01511.x,Catering through Nominal Share Prices,2009
10.1111/j.1540-6261.2009.01512.x,International Stock Return Comovements,2009
10.1111/j.1540-6261.2009.01513.x,The Manipulation of Executive Stock Option Exercise Strategies: Information Timing and Backdating,2009
10.1111/j.1540-6261.2009.01514.x,A Bayesian's Bubble,2009
10.1111/j.1540-6261.2009.01515.x,Implications of Keeping‐Up‐with‐the‐Joneses Behavior for the Equilibrium Cross Section of Stock Returns: International Evidence,2009
10.1111/j.1540-6261.2009.01516.x,The Price Is (Almost) Right,2009
10.1111/j.1540-6261.2009.01517.x,A Rational Expectations Equilibrium with Informative Trading Volume,2009
10.1111/j.1540-6261.2009.01518.x,Exponential Growth Bias and Household Finance,2009
10.1111/j.1540-6261.2009.01520.x,MISCELLANEA,2009
10.1111/j.1540-6261.2009.01521_1.x,Front Matter,2009
10.1111/j.1540-6261.2009.01521_2.x,FELLOW OF THE AMERICAN FINANCE ASSOCIATION FOR 2009,2009
10.1111/j.1540-6261.2009.01522.x,"Product Market Competition, Insider Trading, and Stock Market Efficiency",2010
10.1111/j.1540-6261.2009.01523.x,Real and Financial Industry Booms and Busts,2010
10.1111/j.1540-6261.2009.01524.x,Global Currency Hedging,2010
10.1111/j.1540-6261.2009.01525.x,A Habit‐Based Explanation of the Exchange Rate Risk Premium,2010
10.1111/j.1540-6261.2009.01526.x,Collateral Spread and Financial Development,2010
10.1111/j.1540-6261.2009.01527.x,False Discoveries in Mutual Fund Performance: Measuring Luck in Estimated Alphas,2010
10.1111/j.1540-6261.2009.01528.x,Do Hot Hands Exist among Hedge Fund Managers? An Empirical Evaluation,2010
10.1111/j.1540-6261.2009.01529.x,Stock Market Declines and Liquidity,2010
10.1111/j.1540-6261.2009.01530.x,Time Variation in Liquidity: The Role of Market‐Maker Inventories and Revenues,2010
10.1111/j.1540-6261.2009.01531.x,The Impact of Deregulation and Financial Innovation on Consumers: The Case of the Mortgage Market,2010
10.1111/j.1540-6261.2009.01532.x,Individualism and Momentum around the World,2010
10.1111/j.1540-6261.2009.01533.x,Correlation Risk and Optimal Portfolio Choice,2010
10.1111/j.1540-6261.2009.01534.x,Front Matter,2010
10.1111/j.1540-6261.2009.01535.x,MISCELLANEA,2010
10.1111/j.1540-6261.2009.01536.x,Back Matter,2010
10.1111/j.1540-6261.2009.01537.x,INDEX TO VOLUME LXIV,2009
10.1111/j.1540-6261.2009.01537_1.x,INDEX TO VOLUME LXIV,2009
10.1111/j.1540-6261.2009.01537_2.x,SEVENTIETH ANNUAL MEETING AMERICAN FINANCE ASSOCIATION,2009
10.1111/j.1540-6261.2009.01538.x,Front Matter,2009
10.1111/j.1540-6261.2009.01539.x,Back Matter,2009
10.1111/j.1540-6261.2009.01540.x,The Variability of IPO Initial Returns,2010
10.1111/j.1540-6261.2009.01541.x,Levered Returns,2010
10.1111/j.1540-6261.2009.01542.x,The New Game in Town: Competitive Effects of IPOs,2010
10.1111/j.1540-6261.2009.01543.x,"Financial Structure, Acquisition Opportunities, and Firm Locations",2010
10.1111/j.1540-6261.2009.01545.x,Taxes on Tax‐Exempt Bonds,2010
10.1111/j.1540-6261.2009.01546.x,Do Bonds Span Volatility Risk in the U.S. Treasury Market? A Specification Test for Affine Term Structure Models,2010
10.1111/j.1540-6261.2009.01547.x,Personal Bankruptcy and Credit Market Competition,2010
10.1111/j.1540-6261.2009.01548.x,Corporate Political Contributions and Stock Returns,2010
10.1111/j.1540-6261.2009.01549.x,The Interdependent and Intertemporal Nature of Financial Decisions: An Application to Cash Flow Sensitivities,2010
10.1111/j.1540-6261.2009.01550.x,Performance and Persistence in Institutional Investment Management,2010
10.1111/j.1540-6261.2009.01551.x,MISCELLANEA,2010
10.1111/j.1540-6261.2009.01552_1.x,ANNOUNCEMENT OF 2009 SMITH BREEDEN AND BRATTLE GROUP PRIZES,2010
10.1111/j.1540-6261.2009.01552_2.x,MORGAN STANLEY—AMERICAN FINANCE ASSOCIATION AWARD FOR EXCELLENCE IN FINANCE 2010,2010
10.1111/j.1540-6261.2009.01567.x,Front Matter,2010
10.1111/j.1540-6261.2009.01568.x,Back Matter,2010
10.1111/j.1540-6261.2010.01553.x,Information and Incentives Inside the Firm: Evidence from Loan Officer Rotation,2010
10.1111/j.1540-6261.2010.01554.x,Networking as a Barrier to Entry and the Competitive Supply of Venture Capital,2010
10.1111/j.1540-6261.2010.01555.x,Does Credit Competition Affect Small‐Firm Finance?,2010
10.1111/j.1540-6261.2010.01556.x,"Human Capital, Bankruptcy, and Capital Structure",2010
10.1111/j.1540-6261.2010.01557.x,Stapled Finance,2010
10.1111/j.1540-6261.2010.01558.x,Cash Holdings and Corporate Diversification,2010
10.1111/j.1540-6261.2010.01559.x,A Gap‐Filling Theory of Corporate Debt Maturity Choice,2010
10.1111/j.1540-6261.2010.01560.x,The Political Economy of Financial Regulation: Evidence from U.S. State Usury Laws in the 19th Century,2010
10.1111/j.1540-6261.2010.01561.x,Risk and the Corporate Structure of Banks,2010
10.1111/j.1540-6261.2010.01562.x,Financial Strength and Product Market Behavior: The Real Effects of Corporate Cash Holdings,2010
10.1111/j.1540-6261.2010.01563.x,Executive Compensation and the Maturity Structure of Corporate Debt,2010
10.1111/j.1540-6261.2010.01564.x,"The Effect of SOX Section 404: Costs, Earnings Quality, and Stock Prices",2010
10.1111/j.1540-6261.2010.01565.x,Capital Structure as a Strategic Variable: Evidence from Collective Bargaining,2010
10.1111/j.1540-6261.2010.01566.x,MISCELLANEA,2010
10.1111/j.1540-6261.2010.01569.x,Presidential Address: Asset Price Dynamics with Slow‐Moving Capital,2010
10.1111/j.1540-6261.2010.01570.x,Disagreement and Learning: Dynamic Patterns of Trade,2010
10.1111/j.1540-6261.2010.01571.x,Generalized Disappointment Aversion and Asset Prices,2010
10.1111/j.1540-6261.2010.01572.x,Information Quality and Long‐Run Risk: Asset Pricing Implications,2010
10.1111/j.1540-6261.2010.01573.x,Intraday Patterns in the Cross‐section of Stock Returns,2010
10.1111/j.1540-6261.2010.01574.x,Sell‐Side School Ties,2010
10.1111/j.1540-6261.2010.01575.x,Predictive Regressions: A Present‐Value Approach,2010
10.1111/j.1540-6261.2010.01576.x,Do Limit Orders Alter Inferences about Investor Performance and Behavior?,2010
10.1111/j.1540-6261.2010.01577.x,Why Do Foreign Firms Leave U.S. Equity Markets?,2010
10.1111/j.1540-6261.2010.01578.x,Market Segmentation and Cross‐predictability of Returns,2010
10.1111/j.1540-6261.2010.01579.x,Mutual Fund Incubation,2010
10.1111/j.1540-6261.2010.01580.x,Report of the Editor of <i>The Journal of Finance</i> for the Year 2009,2010
10.1111/j.1540-6261.2010.01581.x,"Minutes of the Annual Membership Meeting January 4, 2010",2010
10.1111/j.1540-6261.2010.01582.x,"Report of the Executive Secretary and Treasurer for the Year Ending September 30, 2009",2010
10.1111/j.1540-6261.2010.01583.x,MISCELLANEA,2010
10.1111/j.1540-6261.2010.01584.x,Back Matter,2010
10.1111/j.1540-6261.2010.01585.x,Front Matter,2010
10.1111/j.1540-6261.2010.01587.x,Back Matter,2010
10.1111/j.1540-6261.2010.01588.x,Front Matter,2010
10.1111/j.1540-6261.2010.01589.x,Big Bad Banks? The Winners and Losers from Bank Deregulation in the United States,2010
10.1111/j.1540-6261.2010.01590.x,Price Discovery in Illiquid Markets: Do Financial Asset Prices Rise Faster Than They Fall?,2010
10.1111/j.1540-6261.2010.01591.x,Exploring the Nature of “Trader Intuition”,2010
10.1111/j.1540-6261.2010.01592.x,Genetic Variation in Financial Decision‐Making,2010
10.1111/j.1540-6261.2010.01593.x,Diversification and Its Discontents: Idiosyncratic and Entrepreneurial Risk in the Quest for Social Status,2010
10.1111/j.1540-6261.2010.01594.x,Hedge Fund Contagion and Liquidity Shocks,2010
10.1111/j.1540-6261.2010.01595.x,Microstructure and Ambiguity,2010
10.1111/j.1540-6261.2010.01596.x,“Time for a Change”: Loan Conditions and Bank Behavior when Firms Switch Banks,2010
10.1111/j.1540-6261.2010.01597.x,Short Sellers and Financial Misconduct,2010
10.1111/j.1540-6261.2010.01598.x,Luck versus Skill in the Cross‐Section of Mutual Fund Returns,2010
10.1111/j.1540-6261.2010.01599.x,A Bayesian Approach to Real Options: The Case of Distinguishing between Temporary and Permanent Shocks,2010
10.1111/j.1540-6261.2010.01600.x,Individual Investors and Local Bias,2010
10.1111/j.1540-6261.2010.01601.x,MISCELLANEA,2010
10.1111/j.1540-6261.2010.01602.x,Back Matter,2010
10.1111/j.1540-6261.2010.01603.x,Front Matter,2010
10.1111/j.1540-6261.2010.01605.x,FELLOW OF THE AMERICAN FINANCE ASSOCIATION FOR 2010,2010
10.1111/j.1540-6261.2010.01606.x,"Participant Schedule Report Participants in the AFA 2011 Denver Meetings January 7–9, 2011",2010
10.1111/j.1540-6261.2010.01607.x,AFA 2011 DENVER MEETINGS SEVENTY FIRST ANNUAL MEETING AMERICAN FINANCE ASSOCIATION,2010
10.1111/j.1540-6261.2010.01608.x,Outline of the Program SEVENTY FIRST ANNUAL MEETING AMERICAN FINANCE ASSOCIATION,2010
10.1111/j.1540-6261.2010.01609.x,Sticks or Carrots? Optimal CEO Compensation when Managers Are Loss Averse,2010
10.1111/j.1540-6261.2010.01610.x,Why Are CEOs Rarely Fired? Evidence from Structural Estimation,2010
10.1111/j.1540-6261.2010.01611.x,The Cost of Debt,2010
10.1111/j.1540-6261.2010.01612.x,The Net Benefits to Leverage,2010
10.1111/j.1540-6261.2010.01613.x,Macroeconomic Conditions and the Puzzles of Credit Spreads and Capital Structure,2010
10.1111/j.1540-6261.2010.01614.x,Who Blows the Whistle on Corporate Fraud?,2010
10.1111/j.1540-6261.2010.01615.x,Corporate Fraud and Business Conditions: Evidence from IPOs,2010
10.1111/j.1540-6261.2010.01616.x,"Collateral, Risk Management, and the Distribution of Debt Capacity",2010
10.1111/j.1540-6261.2010.01617.x,Leverage Choice and Credit Spreads when Managers Risk Shift,2010
10.1111/j.1540-6261.2010.01618.x,Lucky CEOs and Lucky Directors,2010
10.1111/j.1540-6261.2010.01619.x,"Managerial Legacies, Entrenchment, and Strategic Inertia",2010
10.1111/j.1540-6261.2010.01620.x,MISCELLANEA,2010
10.1111/j.1540-6261.2010.01621.x,Back Matter,2010
10.1111/j.1540-6261.2010.01622.x,Front Matter,2010
10.1111/j.1540-6261.2010.01624.x,Does Algorithmic Trading Improve Liquidity?,2011
10.1111/j.1540-6261.2010.01625.x,"When Is a Liability Not a Liability? Textual Analysis, Dictionaries, and 10‐Ks",2011
10.1111/j.1540-6261.2010.01626.x,The Causal Impact of Media in Financial Markets,2011
10.1111/j.1540-6261.2010.01627.x,"Leverage, Moral Hazard, and Liquidity",2011
10.1111/j.1540-6261.2010.01628.x,Stock Market Liquidity and the Business Cycle,2011
10.1111/j.1540-6261.2010.01629.x,Asset Pricing with Garbage,2011
10.1111/j.1540-6261.2010.01630.x,Derivative Pricing with Liquidity Risk: Theory and Evidence from the Credit Default Swap Market,2011
10.1111/j.1540-6261.2010.01631.x,The Decision to Privatize: Finance and Politics,2011
10.1111/j.1540-6261.2010.01632.x,"Why Do Mutual Fund Advisory Contracts Change? Performance, Growth, and Spillover Effects",2011
10.1111/j.1540-6261.2010.01633.x,Style‐Related Comovement: Fundamentals or Labels?,2011
10.1111/j.1540-6261.2010.01634.x,MISCELLANEA,2011
10.1111/j.1540-6261.2010.01636.x,Bankruptcy and the Collateral Channel,2011
10.1111/j.1540-6261.2010.01637.x,Public Information and Coordination: Evidence from a Credit Registry Expansion,2011
10.1111/j.1540-6261.2010.01638.x,"Security Issue Timing: What Do Managers Know, and When Do They Know It?",2011
10.1111/j.1540-6261.2010.01639.x,Private Equity and Long‐Run Investment: The Case of Innovation,2011
10.1111/j.1540-6261.2010.01640.x,Do Buyouts (Still) Create Value?,2011
10.1111/j.1540-6261.2010.01641.x,The Joy of Giving or Assisted Living? Using Strategic Surveys to Separate Public Care Aversion from Bequest Motives,2011
10.1111/j.1540-6261.2010.01642.x,"Corporate Governance, Product Market Competition, and Equity Prices",2011
10.1111/j.1540-6261.2010.01643.x,The Interim Trading Skills of Institutional Investors,2011
10.1111/j.1540-6261.2010.01644.x,Institutional Trade Persistence and Long‐Term Equity Returns,2011
10.1111/j.1540-6261.2010.01645.x,Local Dividend Clienteles,2011
10.1111/j.1540-6261.2010.01647.x,Front Matter,2011
10.1111/j.1540-6261.2010.01648.x,Back Matter,2011
10.1111/j.1540-6261.2011.01635.x,ANNOUNCEMENT OF 2010 SMITH BREEDEN AND BRATTLE GROUP PRIZES,2011
10.1111/j.1540-6261.2011.01646.x,MISCELLANEA,2011
10.1111/j.1540-6261.2011.01649.x,The Internal Governance of Firms,2011
10.1111/j.1540-6261.2011.01650.x,Municipal Debt and Marginal Tax Rates: Is There a Tax Premium in Asset Prices?,2011
10.1111/j.1540-6261.2011.01651.x,"Watch What I Do, Not What I Say: The Unintended Consequences of the Homeland Investment Act",2011
10.1111/j.1540-6261.2011.01652.x,Financial Distress and the Cross‐section of Equity Returns,2011
10.1111/j.1540-6261.2011.01653.x,Are All Inside Directors the Same? Evidence from the External Directorship Market,2011
10.1111/j.1540-6261.2011.01654.x,Estimation and Evaluation of Conditional Asset Pricing Models,2011
10.1111/j.1540-6261.2011.01655.x,The Illiquidity of Corporate Bonds,2011
10.1111/j.1540-6261.2011.01656.x,Intermediated Investment Management,2011
10.1111/j.1540-6261.2011.01657.x,Employee Stock Options and Investment,2011
10.1111/j.1540-6261.2011.01658.x,Do Individual Investors Have Asymmetric Information Based on Work Experience?,2011
10.1111/j.1540-6261.2011.01659.x,MISCELLANEA,2011
10.1111/j.1540-6261.2011.01660.x,Front Matter,2011
10.1111/j.1540-6261.2011.01661.x,Back Matter,2011
10.1111/j.1540-6261.2011.01662.x,"Explaining the Magnitude of Liquidity Premia: The Roles of Return Predictability, Wealth Shocks, and State‐Dependent Transaction Costs",2011
10.1111/j.1540-6261.2011.01663.x,Who Drove and Burst the Tech Bubble?,2011
10.1111/j.1540-6261.2011.01664.x,Public Pension Promises: How Big Are They and What Are They Worth?,2011
10.1111/j.1540-6261.2011.01665.x,Are Options on Index Futures Profitable for Risk‐Averse Investors? Empirical Evidence,2011
10.1111/j.1540-6261.2011.01666.x,Systemic Liquidation Risk and the Diversity–Diversification Trade‐Off,2011
10.1111/j.1540-6261.2011.01667.x,Did Structured Credit Fuel the LBO Boom?,2011
10.1111/j.1540-6261.2011.01668.x,Individual Investors and Volatility,2011
10.1111/j.1540-6261.2011.01669.x,Rollover Risk and Market Freezes,2011
10.1111/j.1540-6261.2011.01670.x,"Stressed, Not Frozen: The Federal Funds Market in the Financial Crisis",2011
10.1111/j.1540-6261.2011.01671.x,Presidential Address: Discount Rates,2011
10.1111/j.1540-6261.2011.01672.x,Report of the Editor of <i>The Journal of Finance</i> for the Year 2010,2011
10.1111/j.1540-6261.2011.01673.x,"Minutes of the Annual Membership Meeting January 8, 2011",2011
10.1111/j.1540-6261.2011.01674.x,"Report of the Executive Secretary and Treasurer for the Year Ending September 30, 2010",2011
10.1111/j.1540-6261.2011.01675.x,MISCELLANEA,2011
10.1111/j.1540-6261.2011.01676.x,FELLOW OF THE AMERICAN FINANCE ASSOCIATION FOR 2011,2011
10.1111/j.1540-6261.2011.01677.x,Back Matter,2011
10.1111/j.1540-6261.2011.01678.x,Front Matter,2011
10.1111/j.1540-6261.2011.01679.x,In Search of Attention,2011
10.1111/j.1540-6261.2011.01680.x,"Free Cash Flow, Issuance Costs, and Stock Prices",2011
10.1111/j.1540-6261.2011.01681.x,"A Unified Theory of Tobin's <i>q</i>, Corporate Investment, Financing, and Risk Management",2011
10.1111/j.1540-6261.2011.01682.x,Nonbinding Voting for Shareholder Proposals,2011
10.1111/j.1540-6261.2011.01683.x,The Real and Financial Implications of Corporate Hedging,2011
10.1111/j.1540-6261.2011.01684.x,Concentrating on Governance,2011
10.1111/j.1540-6261.2011.01685.x,Overconfidence and Early‐Life Experiences: The Effect of Managerial Traits on Corporate Financial Policies,2011
10.1111/j.1540-6261.2011.01686.x,"Overconfidence, Compensation Contracts, and Capital Budgeting",2011
10.1111/j.1540-6261.2011.01687.x,Are Incentive Contracts Rigged by Powerful CEOs?,2011
10.1111/j.1540-6261.2011.01688.x,Motivating Innovation,2011
10.1111/j.1540-6261.2011.01689.x,MISCELLANEA,2011
10.1111/j.1540-6261.2011.01690.x,Front Matter,2011
10.1111/j.1540-6261.2011.01691.x,Back Matter,2011
10.1111/j.1540-6261.2011.01692.x,Does Poor Performance Damage the Reputation of Financial Intermediaries? Evidence from the Loan Syndication Market,2011
10.1111/j.1540-6261.2011.01693.x,"Ambiguous Information, Portfolio Inertia, and Excess Volatility",2011
10.1111/j.1540-6261.2011.01694.x,Land and Credit: A Study of the Political Economy of Banking in the United States in the Early 20th Century,2011
10.1111/j.1540-6261.2011.01695.x,"Tails, Fears, and Risk Premia",2011
10.1111/j.1540-6261.2011.01696.x,Prices or Knowledge? What Drives Demand for Financial Services in Emerging Markets?,2011
10.1111/j.1540-6261.2011.01697.x,Disasters Implied by Equity Index Options,2011
10.1111/j.1540-6261.2011.01698.x,"Information Disclosure, Cognitive Biases, and Payday Borrowing",2011
10.1111/j.1540-6261.2011.01699.x,Why Don't U.S. Issuers Demand European Fees for IPOs?,2011
10.1111/j.1540-6261.2011.01700.x,Regulatory Uncertainty and Market Liquidity: The 2008 Short Sale Ban's Impact on Equity Option Markets,2011
10.1111/j.1540-6261.2011.01701.x,IQ and Stock Market Participation,2011
10.1111/j.1540-6261.2011.01702.x,MISCELLANEA,2011
10.1111/j.1540-6261.2011.01703.x,Front Matter,2011
10.1111/j.1540-6261.2011.01704.x,Back Matter,2011
10.1111/j.1540-6261.2011.01705.x,The Power of Voice: Managerial Affective States and Future Firm Performance,2012
10.1111/j.1540-6261.2011.01706.x,External Networking and Internal Firm Governance,2012
10.1111/j.1540-6261.2011.01707.x,Political Uncertainty and Corporate Investment Cycles,2012
10.1111/j.1540-6261.2011.01708.x,The Credit Ratings Game,2012
10.1111/j.1540-6261.2011.01709.x,Tiebreaker: Certification and Multiple Credit Ratings,2012
10.1111/j.1540-6261.2011.01710.x,Information Disclosure and Corporate Governance,2012
10.1111/j.1540-6261.2011.01711.x,The Value of Investment Banking Relationships: Evidence from the Collapse of Lehman Brothers,2012
10.1111/j.1540-6261.2011.01712.x,When It Pays to Pay Your Investment Banker: New Evidence on the Role of Financial Advisors in M&amp;As,2012
10.1111/j.1540-6261.2011.01713.x,"Why Does the Law Matter? Investor Protection and Its Effects on Investment, Finance, and Growth",2012
10.1111/j.1540-6261.2011.01714.x,Family‐Controlled Firms and Informed Trading: Evidence from Short Sales,2012
10.1111/j.1540-6261.2011.01715.x,MISCELLANEA,2012
10.1111/j.1540-6261.2011.01718_1.x,INDEX TO VOLUME LXVI,2011
10.1111/j.1540-6261.2011.01718_2.x,SEVENTY SECOND ANNUAL MEETING AMERICAN FINANCE ASSOCIATION,2011
10.1111/j.1540-6261.2011.01719.x,Front Matter,2011
10.1111/j.1540-6261.2011.01720.x,Back Matter,2011
10.1111/j.1540-6261.2012.01716.x,Front Matter,2012
10.1111/j.1540-6261.2012.01717.x,BACK MATTER,2012
10.1111/j.1540-6261.2012.01721.x,Rollover Risk and Credit Risk,2012
10.1111/j.1540-6261.2012.01722.x,Are Stocks Really Less Volatile in the Long Run?,2012
10.1111/j.1540-6261.2012.01723.x,The Secondary Market for Hedge Funds and the Closed Hedge Fund Premium,2012
10.1111/j.1540-6261.2012.01724.x,Hedge Funds and Chapter 11,2012
10.1111/j.1540-6261.2012.01725.x,"Don't Believe the Hype: Local Media Slant, Local Advertising, and Firm Value",2012
10.1111/j.1540-6261.2012.01726.x,Selective Publicity and Stock Prices,2012
10.1111/j.1540-6261.2012.01727.x,Individual Investor Trading and Return Patterns around Earnings Announcements,2012
10.1111/j.1540-6261.2012.01728.x,Carry Trades and Global Foreign Exchange Volatility,2012
10.1111/j.1540-6261.2012.01729.x,A Simple Way to Estimate Bid‐Ask Spreads from Daily High and Low Prices,2012
10.1111/j.1540-6261.2012.01730.x,Share Issuance and Factor Timing,2012
10.1111/j.1540-6261.2012.01731.x,MISCELLANEA,2012
10.1111/j.1540-6261.2012.01735.x,Corporate Governance and Capital Structure Dynamics,2012
10.1111/j.1540-6261.2012.01736.x,The Case for Intervening in Bankers’ Pay,2012
10.1111/j.1540-6261.2012.01737.x,The International Transmission of Bank Liquidity Shocks: Evidence from an Emerging Market,2012
10.1111/j.1540-6261.2012.01738.x,The Real Effects of Financial Markets: The Impact of Prices on Takeovers,2012
10.1111/j.1540-6261.2012.01739.x,Which CEO Characteristics and Abilities Matter?,2012
10.1111/j.1540-6261.2012.01740.x,Decoding Inside Information,2012
10.1111/j.1540-6261.2012.01741.x,Determinants of Cross‐Border Mergers and Acquisitions,2012
10.1111/j.1540-6261.2012.01742.x,Threshold Events and Identification: A Study of Cash Shortfalls,2012
10.1111/j.1540-6261.2012.01743.x,"Investment, Idiosyncratic Risk, and Ownership",2012
10.1111/j.1540-6261.2012.01744.x,CEO Compensation and Board Structure Revisited,2012
10.1111/j.1540-6261.2012.01745.x,Presidential Address: The Corporation in Finance,2012
10.1111/j.1540-6261.2012.01746.x,Uncertainty about Government Policy and Stock Prices,2012
10.1111/j.1540-6261.2012.01747.x,Technological Growth and Asset Pricing,2012
10.1111/j.1540-6261.2012.01748.x,Did Subjectivity Play a Role in CDO Credit Ratings?,2012
10.1111/j.1540-6261.2012.01749.x,Why Are U.S. Stocks More Volatile?,2012
10.1111/j.1540-6261.2012.01750.x,Mutual Fund Trading Pressure: Firm‐Level Stock Price Impact and Timing of SEOs,2012
10.1111/j.1540-6261.2012.01751.x,Mutual Fund Tax Clienteles,2012
10.1111/j.1540-6261.2012.01752.x,Early Exercise of Put Options on Stocks,2012
10.1111/j.1540-6261.2012.01753.x,Are Overconfident CEOs Better Innovators?,2012
10.1111/j.1540-6261.2012.01754.x,"Real Options, Volatility, and Stock Returns",2012
10.1111/j.1540-6261.2012.01755.x,Report of the Editor of the Journal of Finance for the Year 2011,2012
10.1111/j.1540-6261.2012.01756.x,"Minutes of the Annual Membership Meeting, January 7, 2012",2012
10.1111/j.1540-6261.2012.01757.x,"Report of the Executive Secretary and Treasurer for the Year Ending September 30, 2011",2012
10.1111/j.1540-6261.2012.01758.x,MISCELLANEA,2012
10.1111/j.1540-6261.2012.01759.x,Front Matter,2012
10.1111/j.1540-6261.2012.01760.x,ANNOUNCEMENTS,2012
10.1111/j.1540-6261.2012.01762.x,Morgan Stanley—American Finance Association Award for Excellence in Finance 2012,2012
10.1111/j.1540-6261.2012.01763.x,Fellow of the American Finance Association for 2012,2012
10.1111/j.1540-6261.2012.01764.x,MISCELLANEA,2012
10.1111/j.1540-6261.2012.01765.x,Front Matter,2012
10.1111/j.1540-6261.2012.01766.x,BACK MATTER,2012
10.1111/j.1540-6261.2012.01767.x,The Supply‐Side Determinants of Loan Contract Strictness,2012
10.1111/j.1540-6261.2012.01768.x,Dynamic CEO Compensation,2012
10.1111/j.1540-6261.2012.01769.x,Are Banks Still Special When There Is a Secondary Market for Loans?,2012
10.1111/j.1540-6261.2012.01770.x,"Financial Flexibility, Bank Capital Flows, and Asset Prices",2012
10.1111/j.1540-6261.2012.01771.x,Financial Expertise as an Arms Race,2012
10.1111/j.1540-6261.2012.01772.x,A Lintner Model of Payout and Managerial Rents,2012
10.1111/j.1540-6261.2012.01773.x,Banking Globalization and Monetary Transmission,2012
10.1111/j.1540-6261.2012.01774.x,Regulatory Arbitrage and International Bank Flows,2012
10.1111/j.1540-6261.2012.01775.x,Incomplete‐Market Equilibria Solved Recursively on an Event Tree,2012
10.1111/j.1540-6261.2012.01776.x,The Vote Is Cast: The Effect of Corporate Governance on Shareholder Value,2012
10.1111/j.1540-6261.2012.01777.x,Letter from the New Editor,2012
10.1111/j.1540-6261.2012.01778.x,BACK MATTER,2012
10.1111/j.1540-6261.2012.01779.x,On the Relative Pricing of Long‐Maturity Index Options and Collateralized Debt Obligations,2012
10.1111/j.1540-6261.2012.01780.x,Asset Fire Sales and Purchases and the International Transmission of Funding Shocks,2012
10.1111/j.1540-6261.2012.01781.x,Strategic Default and Equity Risk Across Countries,2012
10.1111/j.1540-6261.2012.01782.x,Are All Ratings Created Equal? The Impact of Issuer Size on the Pricing of Mortgage‐Backed Securities,2012
10.1111/j.1540-6261.2012.01783.x,This Time Is the Same: Using Bank Performance in 1998 to Explain Bank Performance during the Recent Financial Crisis,2012
10.1111/j.1540-6261.2012.01784.x,Agency Problems in Public Firms: Evidence from Corporate Jets in Leveraged Buyouts,2012
10.1111/j.1540-6261.2012.01785.x,Does Reputation Limit Opportunistic Behavior in the VC Industry? Evidence from Litigation against VCs,2012
10.1111/j.1540-6261.2012.01786.x,On the Life Cycle Dynamics of Venture‐Capital‐ and Non‐Venture‐Capital‐Financed Firms,2012
10.1111/j.1540-6261.2012.01787.x,Dynamic Agency and the <i>q</i> Theory of Investment,2012
10.1111/j.1540-6261.2012.01788.x,Private Equity Performance and Liquidity Risk,2012
10.1111/j.1540-6261.2012.01789.x,MISCELLANEA,2012
10.1111/j.1540-6261.2012.01790.x,FRONT MATTER,2012
10.1111/j.1540-6261.2012.01791.x,BACK MATTER,2012
10.1111/j.1540-6261.2012.01792.x,ANNOUNCEMENTS,2012
10.1111/j.1540-6261.2012.01793.x,Efficient Recapitalization,2013
10.1111/j.1540-6261.2012.01794.x,"Industry‐Specific Human Capital, Idiosyncratic Risk, and the Cross‐Section of Expected Stock Returns",2013
10.1111/j.1540-6261.2012.01795.x,Ex Ante Skewness and Expected Stock Returns,2013
10.1111/j.1540-6261.2012.01796.x,"Dynamic Competition, Valuation, and Merger Activity",2013
10.1111/j.1540-6261.2012.01797.x,Conflicting Family Values in Mutual Fund Families,2013
10.1111/j.1540-6261.2012.01798.x,What Do Consumers’ Fund Flows Maximize? Evidence from Their Brokers’ Incentives,2013
10.1111/j.1540-6261.2012.01799.x,Capital Budgeting versus Market Timing: An Evaluation Using Demographics,2013
10.1111/j.1540-6261.2012.01800.x,Analyst Forecast Consistency,2013
10.1111/j.1540-6261.2012.01801.x,Liquidity Cycles and Make/Take Fees in Electronic Markets,2013
10.1111/j.1540-6261.2012.01802.x,Short‐Selling Bans Around the World: Evidence from the 2007–09 Crisis,2013
10.1111/j.1540-6261.2012.01803.x,MISCELLANEA,2013
10.1111/j.1540-6261.2012.01804.x,MISCELLANEA,2012
10.1111/j.1540-6261.2012.01805.x,INDEX TO VOLUME LXVII,2012
10.1111/j.1540-6261.2012.01806.x,INDEX TO VOLUME LXVII,2012
10.1111/j.1540-6321.2004.00632.x,The Statistical and Economic Role of Jumps in Continuous‐Time Interest Rate Models,2004
10.1111/jofi.12000,FRONT MATTER,2012
10.1111/jofi.12001,BACK MATTER,2012
10.1111/jofi.12002,ANNOUNCEMENTS,2012
10.1111/jofi.12003,Divisional Managers and Internal Capital Markets,2013
10.1111/jofi.12004,Monitoring Managers: Does It Matter?,2013
10.1111/jofi.12005,The Maturity Rat Race,2013
10.1111/jofi.12006,"Outsourcing Mutual Fund Management: Firm Boundaries, Incentives, and Performance",2013
10.1111/jofi.12007,A Multiple Lender Approach to Understanding Supply and Search in the Equity Lending Market,2013
10.1111/jofi.12008,On the High‐Frequency Dynamics of Hedge Fund Risk Exposures,2013
10.1111/jofi.12009,The Cost of Short‐Selling Liquid Securities,2013
10.1111/jofi.12010,Noisy Prices and Inference Regarding Returns,2013
10.1111/jofi.12011,How Effective Were the Federal Reserve Emergency Liquidity Facilities? Evidence from the Asset‐Backed Commercial Paper Money Market Mutual Fund Liquidity Facility,2013
10.1111/jofi.12012,Uncovering Hedge Fund Skill from the Portfolio Holdings They Hide,2013
10.1111/jofi.12013,FRONT MATTER,2013
10.1111/jofi.12014,BACK MATTER,2013
10.1111/jofi.12015,ANNOUNCEMENTS,2013
10.1111/jofi.12016,MISCELLANEA,2013
10.1111/jofi.12017,State‐Level Business Cycles and Local Return Predictability,2013
10.1111/jofi.12018,Can Time‐Varying Risk of Rare Disasters Explain Aggregate Stock Market Volatility?,2013
10.1111/jofi.12019,Do Hostile Takeovers Stifle Innovation? Evidence from Antitakeover Legislation and Corporate Patenting,2013
10.1111/jofi.12020,Access to Collateral and Corporate Debt Structure: Evidence from a Natural Experiment,2013
10.1111/jofi.12021,Value and Momentum Everywhere,2013
10.1111/jofi.12022,Equilibrium Subprime Lending,2013
10.1111/jofi.12023,The Evolution of a Financial Crisis: Collapse of the Asset‐Backed Commercial Paper Market,2013
10.1111/jofi.12024,Decentralized Investment Management: Evidence from the Pension Fund Industry,2013
10.1111/jofi.12025,"Financial Regulation, Financial Globalization, and the Synchronization of Economic Activity",2013
10.1111/jofi.12026,"Taxes, Theft, and Firm Performance",2013
10.1111/jofi.12027,Sentiment during Recessions,2013
10.1111/jofi.12028,How Wise Are Crowds? Insights from Retail Orders and Stock Returns,2013
10.1111/jofi.12029,Trading Complex Assets,2013
10.1111/jofi.12030,Reverse Survivorship Bias,2013
10.1111/jofi.12031,A Model of Shadow Banking,2013
10.1111/jofi.12032,The TIPS‐Treasury Bond Puzzle,2014
10.1111/jofi.12033,MISCELLANEA,2013
10.1111/jofi.12034,Organization Capital and the Cross‐Section of Expected Returns,2013
10.1111/jofi.12035,Pricing Model Performance and the Two‐Pass Cross‐Sectional Regression Methodology,2013
10.1111/jofi.12036,FRONT MATTER,2013
10.1111/jofi.12037,BACK MATTER,2013
10.1111/jofi.12038,ANNOUNCEMENT OF 2012 SMITH BREEDEN AND BRATTLE GROUP PRIZES,2013
10.1111/jofi.12039,ANNOUNCEMENTS,2013
10.1111/jofi.12040,"Law, Stock Markets, and Innovation",2013
10.1111/jofi.12041,International Stock Return Predictability: What Is the Role of the United States?,2013
10.1111/jofi.12042,The Real Effects of Financial Shocks: Evidence from Exogenous Changes in Analyst Coverage,2013
10.1111/jofi.12043,Informed Trading through the Accounts of Children,2014
10.1111/jofi.12044,The Determinants of Attitudes toward Strategic Default on Mortgages,2013
10.1111/jofi.12045,"Cheap Credit, Lending Operations, and International Politics: The Case of Global Microfinance",2013
10.1111/jofi.12046,Opening the Black Box: Internal Capital Markets and Managerial Power,2013
10.1111/jofi.12047,"The Business Cycle, Investor Sentiment, and Costly External Finance",2014
10.1111/jofi.12048,Mutual Fund Performance and the Incentive to Generate Alpha,2014
10.1111/jofi.12049,Evidence on the Benefits of Alternative Mortgage Products,2013
10.1111/jofi.12050,"Product Market Threats, Payouts, and Financial Flexibility",2014
10.1111/jofi.12051,The Effects of Stock Lending on Security Prices: An Experiment,2013
10.1111/jofi.12052,Debt Specialization,2013
10.1111/jofi.12053,"Liquidity in the Foreign Exchange Market: Measurement, Commonality, and Risk Premiums",2013
10.1111/jofi.12054,The Maturity Rat Race—Erratum,2013
10.1111/jofi.12055,Private and Public Merger Waves,2013
10.1111/jofi.12056,Aggregate Risk and the Choice between Cash and Lines of Credit,2013
10.1111/jofi.12057,"Stronger Risk Controls, Lower Risk: Evidence from U.S. Bank Holding Companies",2013
10.1111/jofi.12058,Consumption Volatility Risk,2013
10.1111/jofi.12059,Corporate Innovations and Mergers and Acquisitions,2014
10.1111/jofi.12060,Market Expectations in the Cross‐Section of Present Values,2013
10.1111/jofi.12061,Risk Management and Firm Value: Evidence from Weather Derivatives,2013
10.1111/jofi.12062,Do Hedge Funds Manipulate Stock Prices?,2013
10.1111/jofi.12063,Self‐Fulfilling Liquidity Dry‐Ups,2014
10.1111/jofi.12064,FRONT MATTER,2013
10.1111/jofi.12065,BACK MATTER,2013
10.1111/jofi.12066,ANNOUNCEMENTS,2013
10.1111/jofi.12067,Corporate Diversification and the Cost of Capital,2013
10.1111/jofi.12068,"Uncertainty, Time‐Varying Fear, and Asset Prices",2013
10.1111/jofi.12069,Optimal CEO Compensation with Search: Theory and Empirical Evidence,2013
10.1111/jofi.12070,Structural Shifts in Credit Rating Standards,2013
10.1111/jofi.12071,Report of the Editor of <i>The Journal of Finance</i> for the Year 2012,2013
10.1111/jofi.12072,Financial Markets and Investment Externalities,2013
10.1111/jofi.12073,Exit as Governance: An Empirical Analysis,2013
10.1111/jofi.12074,Report of the Executive Secretary and Treasurer,2013
10.1111/jofi.12075,Minutes of the 2013 Annual Membership Meeting,2013
10.1111/jofi.12076,MISCELLANEA,2013
10.1111/jofi.12077,FRONT MATTER,2013
10.1111/jofi.12078,BACK MATTER,2013
10.1111/jofi.12079,ANNOUNCEMENTS,2013
10.1111/jofi.12080,Dynamic Trading with Predictable Returns and Transaction Costs,2013
10.1111/jofi.12081,"Country Size, Currency Unions, and International Asset Returns",2013
10.1111/jofi.12082,"Borrow Cheap, Buy High? The Determinants of Leverage and Pricing in Buyouts",2013
10.1111/jofi.12083,Noise as Information for Illiquidity,2013
10.1111/jofi.12084,Time‐Varying Fund Manager Skill,2014
10.1111/jofi.12085,Duration of Executive Compensation,2014
10.1111/jofi.12086,Economic Nationalism in Mergers and Acquisitions,2013
10.1111/jofi.12087,Fire Sales in a Model of Complexity,2013
10.1111/jofi.12088,International Asset Pricing with Recursive Preferences,2013
10.1111/jofi.12089,"Biased Beliefs, Asset Prices, and Investment: A Structural Approach",2014
10.1111/jofi.12090,Sources of Entropy in Representative Agent Models,2014
10.1111/jofi.12091,The Real Impact of Improved Access to Finance: Evidence from Mexico,2014
10.1111/jofi.12093,MISCELLANEA,2013
10.1111/jofi.12094,Do Peer Firms Affect Corporate Financial Policy?,2014
10.1111/jofi.12095,When Uncertainty Blows in the Orchard: Comovement and Equilibrium Volatility Risk Premia,2014
10.1111/jofi.12096,An Anatomy of Commodity Futures Risk Premia,2014
10.1111/jofi.12097,Bengt Holmstrom,2013
10.1111/jofi.12098,Joint Editorial,2013
10.1111/jofi.12099,A Mean‐Variance Benchmark for Intertemporal Portfolio Theory,2014
10.1111/jofi.12100,Asset Pricing with Dynamic Margin Constraints,2014
10.1111/jofi.12102,FRONT MATTER,2013
10.1111/jofi.12103,BACK MATTER,2013
10.1111/jofi.12104,ANNOUNCEMENTS,2013
10.1111/jofi.12106,Strategic Asset Allocation in Money Management,2014
10.1111/jofi.12107,Are Analysts’ Recommendations Informative? Intraday Evidence on the Impact of Time Stamp Delays,2014
10.1111/jofi.12108,Mergers and Acquisitions Accounting and the Diversification Discount,2014
10.1111/jofi.12109,Who Writes the News? Corporate Press Releases during Merger Negotiations,2014
10.1111/jofi.12110,"Volatility, the Macroeconomy, and Asset Prices",2014
10.1111/jofi.12112,MISCELLANEA,2013
10.1111/jofi.12113,INDEX TO VOLUME LXVIII,2013
10.1111/jofi.12114,INDEX TO VOLUME LXVIII,2013
10.1111/jofi.12115,BACK MATTER,2013
10.1111/jofi.12116,FRONT MATTER,2013
10.1111/jofi.12118,A Theory of Debt Maturity: The Long and Short of Debt Overhang,2014
10.1111/jofi.12119,Size Anomalies in U.S. Bank Stock Returns,2013
10.1111/jofi.12121,"Sequential Learning, Predictability, and Optimal Portfolio Returns",2014
10.1111/jofi.12122,The Importance of Industry Links in Merger Waves,2014
10.1111/jofi.12123,Why Do Firms Evade Taxes? The Role of Information Sharing and Financial Sector Outreach,2014
10.1111/jofi.12124,"Sovereign Default, Domestic Banks, and Financial Institutions",2014
10.1111/jofi.12125,Twin Picks: Disentangling the Determinants of Risk‐Taking in Household Portfolios,2014
10.1111/jofi.12126,Using Neural Data to Test a Theory of Investor Behavior: An Application to Realization Utility,2014
10.1111/jofi.12127,"Liquidity Measurement Problems in Fast, Competitive Markets: Expensive and Cheap Solutions",2014
10.1111/jofi.12128,Securitization and Capital Structure in Nonfinancial Firms: An Empirical Investigation,2014
10.1111/jofi.12129,Managerial Incentives and Stock Price Manipulation,2014
10.1111/jofi.12130,The Real Effects of Government‐Owned Banks: Evidence from an Emerging Market,2014
10.1111/jofi.12131,Risk Premiums in Dynamic Term Structure Models with Unspanned Macro Risks,2014
10.1111/jofi.12132,The Market Value of Corporate Votes: Theory and Evidence from Option Prices,2014
10.1111/jofi.12133,Refinancing Risk and Cash Holdings,2014
10.1111/jofi.12135,MISCELLANEA,2014
10.1111/jofi.12136,"Growth Opportunities, Technology Shocks, and Asset Prices",2014
10.1111/jofi.12137,ANNOUNCEMENTS,2014
10.1111/jofi.12138,Thirty Years of Shareholder Rights and Firm Value,2014
10.1111/jofi.12139,"CEO Ownership, Stock Market Performance, and Managerial Discretion",2014
10.1111/jofi.12140,"The Cross‐Section of Managerial Ability, Incentives, and Risk Preferences",2014
10.1111/jofi.12141,Labor Mobility: Implications for Asset Pricing,2014
10.1111/jofi.12142,Legal Investor Protection and Takeovers,2014
10.1111/jofi.12143,The Cross‐Section of Credit Risk Premia and Equity Returns,2014
10.1111/jofi.12144,FRONT MATTER,2014
10.1111/jofi.12145,BACK MATTER,2014
10.1111/jofi.12146,AMUNDI SMITH BREEDEN PRIZES FOR 2013 and BRATTLE GROUP PRIZES FOR 2013,2014
10.1111/jofi.12147,MISCELLANEA,2014
10.1111/jofi.12149,Connected Stocks,2014
10.1111/jofi.12150,Broad‐Based Employee Stock Ownership: Motives and Outcomes,2014
10.1111/jofi.12151,Merger Negotiations with Stock Market Feedback,2014
10.1111/jofi.12152,Stock Options as Lotteries,2014
10.1111/jofi.12153,Have Rating Agencies Become More Conservative? Implications for Capital Structure and Debt Pricing,2014
10.1111/jofi.12154,Private Equity Performance: What Do We Know?,2014
10.1111/jofi.12157,Corporate Taxes and Securitization,2015
10.1111/jofi.12158,FRONT MATTER,2014
10.1111/jofi.12159,BACK MATTER,2014
10.1111/jofi.12160,ANNOUNCEMENTS,2014
10.1111/jofi.12161,Skin in the Game and Moral Hazard,2014
10.1111/jofi.12162,Measuring Readability in Financial Disclosures,2014
10.1111/jofi.12165,Alpha and Performance Measurement: The Effects of Investor Disagreement and Heterogeneity,2014
10.1111/jofi.12166,The Executive Turnover Risk Premium,2014
10.1111/jofi.12167,Incentives and Endogenous Risk Taking: A Structural View on Hedge Fund Alphas,2014
10.1111/jofi.12168,Sizing Up Repo,2014
10.1111/jofi.12169,MISCELLANEA,2014
10.1111/jofi.12170,Stephen A. Ross,2014
10.1111/jofi.12171,ANNOUNCEMENTS,2014
10.1111/jofi.12172,FRONT MATTER,2014
10.1111/jofi.12173,BACK MATTER,2014
10.1111/jofi.12174,Presidential Address: Investment Noise and Trends,2014
10.1111/jofi.12175,Report of the Editor of the <i>Journal of Finance</i> for the Year 2013,2014
10.1111/jofi.12176,Report of the Executive Secretary and Treasurer,2014
10.1111/jofi.12177,ANNOUNCEMENTS,2013
10.1111/jofi.12178,Minutes of the 2014 Annual Membership Meeting,2014
10.1111/jofi.12179,The Media and the Diffusion of Information in Financial Markets: Evidence from Newspaper Strikes,2014
10.1111/jofi.12180,Shaping Liquidity: On the Causal Effects of Voluntary Disclosure,2014
10.1111/jofi.12181,The Joint Cross Section of Stocks and Options,2014
10.1111/jofi.12183,Agency Conflicts and Cash: Estimates from a Dynamic Model,2014
10.1111/jofi.12184,Financial Protectionism? First Evidence,2014
10.1111/jofi.12185,What's Not There: Odd Lots and Market Data,2014
10.1111/jofi.12186,Rise of the Machines: Algorithmic Trading in the Foreign Exchange Market,2014
10.1111/jofi.12187,Does Stock Liquidity Enhance or Impede Firm Innovation?,2014
10.1111/jofi.12189,Financial Intermediaries and the Cross‐Section of Asset Returns,2014
10.1111/jofi.12190,MISCELLANEA,2014
10.1111/jofi.12191,ANNOUNCEMENTS,2014
10.1111/jofi.12192,FRONT MATTER,2014
10.1111/jofi.12193,BACK MATTER,2014
10.1111/jofi.12194,Strategic and Financial Bidders in Takeover Auctions,2014
10.1111/jofi.12197,Albert S. Kyle,2014
10.1111/jofi.12198,The Brain Gain of Corporate Boards: Evidence from China,2015
10.1111/jofi.12199,Reaching for Yield in the Bond Market,2015
10.1111/jofi.12200,The Real Product Market Impact of Mergers,2014
10.1111/jofi.12201,Should Derivatives Be Privileged in Bankruptcy?,2015
10.1111/jofi.12202,Information Acquisition in Rumor‐Based Bank Runs,2016
10.1111/jofi.12203,The Global Crisis and Equity Market Contagion,2014
10.1111/jofi.12204,Investment‐Based Corporate Bond Pricing,2014
10.1111/jofi.12205,Repo Runs: Evidence from the Tri‐Party Repo Market,2014
10.1111/jofi.12206,A Pyrrhic Victory? Bank Bailouts and Sovereign Credit Risk,2014
10.1111/jofi.12207,The Value of Control and the Costs of Illiquidity,2015
10.1111/jofi.12208,The People in Your Neighborhood: Social Interactions and Mutual Fund Portfolios,2015
10.1111/jofi.12209,From Wall Street to Main Street: The Impact of the Financial Crisis on Consumer Credit Supply,2016
10.1111/jofi.12210,MISCELLANEA,2014
10.1111/jofi.12211,ANNOUNCEMENTS,2014
10.1111/jofi.12212,FRONT MATTER,2014
10.1111/jofi.12213,BACK MATTER,2014
10.1111/jofi.12214,"Collateralization, Bank Loan Rates, and Monitoring",2016
10.1111/jofi.12217,MISCELLANEA,2014
10.1111/jofi.12218,INDEX TO VOLUME LXIX,2014
10.1111/jofi.12219,INDEX TO VOLUME LXIX,2014
10.1111/jofi.12223,Asymmetric Learning from Financial Information,2015
10.1111/jofi.12226,Information Diversity and Complementarities in Trading and Information Acquisition,2015
10.1111/jofi.12227,FRONT MATTER,2014
10.1111/jofi.12228,ANNOUNCEMENTS,2014
10.1111/jofi.12229,BACK MATTER,2014
10.1111/jofi.12234,Investment Decisions of Nonprofit Firms: Evidence from Hospitals,2015
10.1111/jofi.12240,Change You Can Believe In? Hedge Fund Data Revisions,2015
10.1111/jofi.12241,"Innovation, Growth, and Asset Prices",2015
10.1111/jofi.12242,Dividend Dynamics and the Term Structure of Dividend Strips,2015
10.1111/jofi.12243,CEO Connectedness and Corporate Fraud,2015
10.1111/jofi.12244,Wall Street Occupations,2015
10.1111/jofi.12245,"Mandatory Portfolio Disclosure, Stock Liquidity, and Mutual Fund Performance",2015
10.1111/jofi.12246,Learning about Consumption Dynamics,2016
10.1111/jofi.12248,Anchoring on Credit Spreads,2015
10.1111/jofi.12249,Is a VC Partnership Greater Than the Sum of Its Partners?,2015
10.1111/jofi.12250,The WACC Fallacy: The Real Effects of Using a Unique Discount Rate,2015
10.1111/jofi.12251,The Impact of Incentives and Communication Costs on Information Production and Use: Evidence from Bank Lending,2015
10.1111/jofi.12252,A Model of Mortgage Default,2015
10.1111/jofi.12253,A Comparative‐Advantage Approach to Government Debt Maturity,2015
10.1111/jofi.12254,Capital and Labor Reallocation within Firms,2015
10.1111/jofi.12255,Notice of withdrawal: ‘Who Facilitated Misreporting in Securitized Loans?’,2015
10.1111/jofi.12257,Rewarding Trading Skills without Inducing Gambling,2015
10.1111/jofi.12258,The Effect of Providing Peer Information on Retirement Savings Decisions,2015
10.1111/jofi.12259,Outsourcing in the International Mutual Fund Industry: An Equilibrium View,2015
10.1111/jofi.12260,Do Prices Reveal the Presence of Informed Trading?,2015
10.1111/jofi.12261,Informational Frictions and Commodity Markets,2015
10.1111/jofi.12262,Regulatory Arbitrage and Cross‐Border Bank Acquisitions,2015
10.1111/jofi.12263,Mutual Fund Flows and Cross‐Fund Learning within Families,2016
10.1111/jofi.12264,The Determinants of Long‐Term Corporate Debt Issuances,2016
10.1111/jofi.12269,The Cost of Capital for Alternative Investments,2015
10.1111/jofi.12270,Transparency in the Financial System: Rollover Risk and Crises,2015
10.1111/jofi.12271,Asset Quality Misrepresentation by Financial Intermediaries: Evidence from the RMBS Market,2015
10.1111/jofi.12272,An Information‐Based Theory of Time‐Varying Liquidity,2016
10.1111/jofi.12273,Health and Mortality Delta: Assessing the Welfare Cost of Household Insurance Choice,2016
10.1111/jofi.12274,Ben Bernanke,2015
10.1111/jofi.12275,Does Going Public Affect Innovation?,2015
10.1111/jofi.12278,MISCELLANEA,2015
10.1111/jofi.12279,The Beauty Contest and Short‐Term Trading,2015
10.1111/jofi.12280,Idiosyncratic Cash Flows and Systematic Risk,2016
10.1111/jofi.12281,The Total Cost of Corporate Borrowing in the Loan Market: Don't Ignore the Fees,2016
10.1111/jofi.12282,CEO Turnover and Relative Performance Evaluation,2015
10.1111/jofi.12283,CEO Preferences and Acquisitions,2015
10.1111/jofi.12284,The Role of Institutional Investors in Voting: Evidence from the Securities Lending Market,2015
10.1111/jofi.12285,"Market Making Contracts, Firm Value, and the IPO Decision",2015
10.1111/jofi.12286,Arbitrage Asymmetry and the Idiosyncratic Volatility Puzzle,2015
10.1111/jofi.12287,The Labor Market for Directors and Externalities in Corporate Governance,2016
10.1111/jofi.12288,Asymmetric Information about Collateral Values,2016
10.1111/jofi.12289,Picking Winners? Investment Consultants’ Recommendations of Fund Managers,2016
10.1111/jofi.12290,Report of the Editor of the <i>Journal of Finance</i> for the Year 2014,2015
10.1111/jofi.12291,Report of the Executive Secretary and Treasurer,2015
10.1111/jofi.12292,Minutes of the 2015 Annual Membership Meeting,2015
10.1111/jofi.12293,MISCELLANEA,2015
10.1111/jofi.12294,ANNOUNCEMENTS,2015
10.1111/jofi.12295,Presidential Address: Does Finance Benefit Society?,2015
10.1111/jofi.12296,FRONT MATTER,2015
10.1111/jofi.12297,BACK MATTER,2015
10.1111/jofi.12298,ANNOUNCEMENTS,2015
10.1111/jofi.12299,CALL FOR PAPERS,2015
10.1111/jofi.12301,Hidden Liquidity: Some New Light on Dark Trading,2015
10.1111/jofi.12302,News Trading and Speed,2016
10.1111/jofi.12303,Government Intervention and Information Aggregation by Prices,2015
10.1111/jofi.12304,MISCELLANEA,2015
10.1111/jofi.12305,ANNOUNCEMENTS,2015
10.1111/jofi.12306,Change You Can Believe In? Hedge Fund Data Revisions: Erratum,2015
10.1111/jofi.12307,"Agency Conflicts, Investment, and Asset Pricing: Erratum",2015
10.1111/jofi.12308,The Wall Street Walk when Blockholders Compete for Flows,2015
10.1111/jofi.12309,<b>Internal Capital Markets in Business Groups: Evidence from the Asian Financial Crisis</b>,2015
10.1111/jofi.12310,"Foreclosures, House Prices, and the Real Economy",2015
10.1111/jofi.12311,"Looking for Someone to Blame: Delegation, Cognitive Dissonance, and the Disposition Effect",2016
10.1111/jofi.12312,The Boats That Did Not Sail: Asset Price Volatility in a Natural Experiment,2016
10.1111/jofi.12313,Issue Information ‐ TOC,2016
10.1111/jofi.12314,Issue Information ‐ Ed Board,2016
10.1111/jofi.12315,Issue Information ‐ Help Desk,2016
10.1111/jofi.12316,Issue Information ‐ Style Instuctions,2016
10.1111/jofi.12317,AMERICAN FINANCE ASSOCIATION,2016
10.1111/jofi.12318,AMERICAN FINANCE ASSOCIATION,2016
10.1111/jofi.12319,To Those Seeking Permissions for Academic Classroom Use,2016
10.1111/jofi.12320,Issue Information ‐  TOC,2016
10.1111/jofi.12321,Issue Information ‐ Ed Board,2016
10.1111/jofi.12322,Issue Information ‐  Help Desk,2016
10.1111/jofi.12323,Issue Information ‐ Style Instuctions,2016
10.1111/jofi.12324,AMERICAN FINANCE ASSOCIATION,2016
10.1111/jofi.12325,AMERICAN FINANCE ASSOCIATION,2016
10.1111/jofi.12326,To Those Seeking Permissions for Academic Classroom Use,2016
10.1111/jofi.12327,ISSUE INFORMATION ‐ TOC,2016
10.1111/jofi.12328,ISSUE INFORMATION ‐ ED BOARD,2016
10.1111/jofi.12329,ISSUE INFORMATION ‐ HELP DESK,2016
10.1111/jofi.12330,Issue Information ‐ Style Instuctions,2016
10.1111/jofi.12331,AMERICAN FINANCE ASSOCIATION,2016
10.1111/jofi.12332,AMERICAN FINANCE ASSOCIATION,2016
10.1111/jofi.12333,To Those Seeking Permissions for Academic Classroom Use,2016
10.1111/jofi.12334,ISSUE INFORMATION ‐ TOC,2016
10.1111/jofi.12335,ISSUE INFORMATION ‐ ED BOARD,2016
10.1111/jofi.12336,ISSUE INFORMATION ‐ HELP DESK,2016
10.1111/jofi.12337,Issue Information ‐ Style Instuctions,2016
10.1111/jofi.12338,AMERICAN FINANCE ASSOCIATION,2016
10.1111/jofi.12339,AMERICAN FINANCE ASSOCIATION,2016
10.1111/jofi.12340,To Those Seeking Permissions for Academic Classroom Use,2016
10.1111/jofi.12341,ISSUE INFORMATION ‐ TOC,2016
10.1111/jofi.12342,ISSUE INFORMATION ‐ ED BOARD,2016
10.1111/jofi.12343,ISSUE INFORMATION ‐ HELP DESK,2016
10.1111/jofi.12344,Issue Information ‐ Style Instuctions,2016
10.1111/jofi.12345,AMERICAN FINANCE ASSOCIATION,2016
10.1111/jofi.12346,AMERICAN FINANCE ASSOCIATION,2016
10.1111/jofi.12347,Issue Information ‐ Seeking Permission,2016
10.1111/jofi.12348,ISSUE INFORMATION ‐ TOC,2016
10.1111/jofi.12349,ISSUE INFORMATION ‐ ED BOARD,2016
10.1111/jofi.12350,ISSUE INFORMATION ‐ HELP DESK,2016
10.1111/jofi.12351,Issue Information ‐ Style Instuctions,2016
10.1111/jofi.12352,AMERICAN FINANCE ASSOCIATION,2016
10.1111/jofi.12353,AMERICAN FINANCE ASSOCIATION,2016
10.1111/jofi.12354,Issue Information ‐ Seeking Permission,2016
10.1111/jofi.12355,Yuliy Sannikov,2015
10.1111/jofi.12356,Risk Overhang and Loan Portfolio Decisions: Small Business Loan Supply before and during the Financial Crisis,2015
10.1111/jofi.12357,"Is Historical Cost Accounting a Panacea? Market Stress, Incentive Distortions, and Gains Trading",2015
10.1111/jofi.12359,The Value of Control and the Costs of Illiquidity: Erratum,2015
10.1111/jofi.12360,The Role of Institutional Investors in Voting: Evidence from the Securities Lending Market: Erratum,2015
10.1111/jofi.12361,Earnings Announcements and Systematic Risk,2016
10.1111/jofi.12362,"Corporate Acquisitions, Diversification, and the Firm's Life Cycle",2016
10.1111/jofi.12363,Disappearing Call Delay and Dividend‐Protected Convertible Bonds,2016
10.1111/jofi.12364,Stock Market Volatility and Learning,2016
10.1111/jofi.12365,Does Academic Research Destroy Stock Return Predictability?,2016
10.1111/jofi.12366,Can Markets Discipline Government Agencies? Evidence from the Weather Derivatives Market,2016
10.1111/jofi.12367,Boarding a Sinking Ship? An Investigation of Job Applications to Distressed Firms,2016
10.1111/jofi.12368,Procyclical Capital Regulation and Lending,2016
10.1111/jofi.12369,Short Selling and Earnings Management: A Controlled Experiment,2016
10.1111/jofi.12370,The Impact of Venture Capital Monitoring,2016
10.1111/jofi.12371,Trade Credit and Industry Dynamics: Evidence from Trucking Firms,2016
10.1111/jofi.12372,Compensating Financial Experts,2016
10.1111/jofi.12373,INDEX TO VOLUME LXX: AUTHORS,2015
10.1111/jofi.12374,INDEX TO VOLUME LXX: ARTICLES,2015
10.1111/jofi.12375,MISCELLANEA,2015
10.1111/jofi.12376,ANNOUNCEMENTS,2015
10.1111/jofi.12377,The Calm before the Storm,2016
10.1111/jofi.12378,Information Flows in Foreign Exchange Markets: Dissecting Customer Currency Trades,2016
10.1111/jofi.12379,"Conglomerate Investment, Skewness, and the CEO Long‐Shot Bias",2016
10.1111/jofi.12380,Order Flow and Expected Option Returns,2016
10.1111/jofi.12381,ANNOUNCEMENTS,2016
10.1111/jofi.12382,MISCELLANEA,2016
10.1111/jofi.12383,Does It Pay to Bet Against Beta? On the Conditional Performance of the Beta Anomaly,2016
10.1111/jofi.12384,Indirect Incentives of Hedge Fund Managers,2016
10.1111/jofi.12385,Cream‐Skimming in Financial Markets,2016
10.1111/jofi.12386,Worrying about the Stock Market: Evidence from Hospital Admissions,2016
10.1111/jofi.12387,Exporting Liquidity: Branch Banking and Financial Integration,2016
10.1111/jofi.12388,Information in the Term Structure of Yield Curve Volatility,2016
10.1111/jofi.12389,Local Currency Sovereign Risk,2016
10.1111/jofi.12390,Risk‐Adjusting the Returns to Venture Capital,2016
10.1111/jofi.12391,Boom and Gloom,2016
10.1111/jofi.12392,“Lucas” in the Laboratory,2016
10.1111/jofi.12393,Behind the Scenes: The Corporate Governance Preferences of Institutional Investors,2016
10.1111/jofi.12394,ANNOUNCEMENT OF 2015 AMUNDI SMITH BREEDEN AND BRATTLE GROUP PRIZES,2016
10.1111/jofi.12395,MISCELLANEA,2016
10.1111/jofi.12396,"Risk‐Sharing or Risk‐Taking? Counterparty Risk, Incentives, and Margins",2016
10.1111/jofi.12397,Good‐Specific Habit Formation and the Cross‐Section of Expected Returns,2016
10.1111/jofi.12398,Return Seasonalities,2016
10.1111/jofi.12399,Corporate Scandals and Household Stock Market Participation,2016
10.1111/jofi.12401,ANNOUNCEMENTS,2016
10.1111/jofi.12402,On Enhancing Shareholder Control: A (Dodd‐) Frank Assessment of Proxy Access,2016
10.1111/jofi.12403,Firing Costs and Capital Structure Decisions,2016
10.1111/jofi.12404,Misspecified Recovery,2016
10.1111/jofi.12405,Learning about Mutual Fund Managers,2016
10.1111/jofi.12406,The Price of Political Uncertainty: Theory and Evidence from the Option Market,2016
10.1111/jofi.12407,Resident Networks and Corporate Connections: Evidence from World War II Internment Camps,2017
10.1111/jofi.12408,A Model of Financialization of Commodities,2016
10.1111/jofi.12410,Oliver Hart,2016
10.1111/jofi.12411,It Pays to Set the Menu: Mutual Fund Investment Options in 401(k) Plans,2016
10.1111/jofi.12412,Exodus from Sovereign Risk: Global Asset and Information Networks in the Pricing of Corporate Credit Risk,2016
10.1111/jofi.12413,The Optimal Size of Hedge Funds: Conflict between Investors and Fund Managers,2016
10.1111/jofi.12414,Report of the Editor of the <i>Journal of Finance</i> for the Year 2015,2016
10.1111/jofi.12415,ANNOUNCEMENTS,2016
10.1111/jofi.12416,MISCELLANEA,2016
10.1111/jofi.12417,Do Private Firms Invest Differently than Public Firms? Taking Cues from the Natural Gas Industry,2016
10.1111/jofi.12418,Presidential Address: Debt and Money: Financial Constraints and Sovereign Finance,2016
10.1111/jofi.12419,"Capital Investment, Innovative Capacity, and Stock Returns",2016
10.1111/jofi.12420,Why Invest in Emerging Markets? The Role of Conditional Return Asymmetry,2016
10.1111/jofi.12421,Who Borrows from the Lender of Last Resort?,2016
10.1111/jofi.12422,Can Brokers Have It All? On the Relation between Make‐Take Fees and Limit Order Execution Quality,2016
10.1111/jofi.12423,Advertising Expensive Mortgages,2016
10.1111/jofi.12424,A Tale of Two Runs: Depositor Responses to Bank Solvency Risk,2016
10.1111/jofi.12425,Ties That Bind: How Business Connections Affect Mutual Fund Activism,2016
10.1111/jofi.12426,"Credit Rationing, Income Exaggeration, and Adverse Selection in the Mortgage Market",2016
10.1111/jofi.12427,ANNOUNCEMENTS,2016
10.1111/jofi.12428,Minutes of the 2016 Annual Membership Meeting,2016
10.1111/jofi.12429,Report of the Executive Secretary and Treasurer,2016
10.1111/jofi.12430,Financing Constraints and Workplace Safety,2016
10.1111/jofi.12431,Speculative Betas,2016
10.1111/jofi.12432,What Doesn't Kill You Will Only Make You More Risk‐Loving: Early‐Life Disasters and CEO Behavior,2017
10.1111/jofi.12433,MISCELLANEA,2016
10.1111/jofi.12434,The Real Effects of Credit Ratings: The Sovereign Ceiling Channel,2017
10.1111/jofi.12435,Do Creditor Rights Increase Employment Risk? Evidence from Loan Covenants,2016
10.1111/jofi.12436,"Infrequent Rebalancing, Return Autocorrelation, and Seasonality",2016
10.1111/jofi.12437,Valuation Risk and Asset Pricing,2016
10.1111/jofi.12438,Asset Pricing without Garbage,2017
10.1111/jofi.12439,Financial Contracting and Organizational Form: Evidence from the Regulation of Trade Credit,2017
10.1111/jofi.12440,MISCELLANEA,2016
10.1111/jofi.12441,Stewart C. Myers,2016
10.1111/jofi.12442,ANNOUNCEMENTS,2016
10.1111/jofi.12446,ANNOUNCEMENTS,2017
10.1111/jofi.12447,ISSUE INFORMATION FM,2017
10.1111/jofi.12448,ISSUE INFORMATION BM,2017
10.1111/jofi.12449,MISCELLANEA,2017
10.1111/jofi.12450,ISSUE INFORMATION FM,2017
10.1111/jofi.12451,ISSUE INFORMATION BM,2017
10.1111/jofi.12453,ISSUE INFORMATION FM,2017
10.1111/jofi.12454,ISSUE INFORMATION BM,2017
10.1111/jofi.12457,ISSUE INFORMATION BM,2017
10.1111/jofi.12459,ISSUE INFORMATION FM,2017
10.1111/jofi.12461,MISCELLANEA,2017
10.1111/jofi.12462,ISSUE INFORMATION FM,2017
10.1111/jofi.12463,ISSUE INFORMATION BM,2017
10.1111/jofi.12464,Buyout Activity: The Impact of Aggregate Discount Rates,2017
10.1111/jofi.12465,"Local Risk, Local Factors, and Asset Prices",2017
10.1111/jofi.12466,Before an Analyst Becomes an Analyst: Does Industry Experience Matter?,2017
10.1111/jofi.12467,Bank Leverage and Monetary Policy's Risk‐Taking Channel: Evidence from the United States,2017
10.1111/jofi.12468,Housing Collateral and Entrepreneurship,2017
10.1111/jofi.12469,Formative Experiences and Portfolio Choice: Evidence from the Finnish Great Depression,2017
10.1111/jofi.12470,Attracting Early‐Stage Investors: Evidence from a Randomized Field Experiment,2017
10.1111/jofi.12471,Asset Pricing with Countercyclical Household Consumption Risk,2017
10.1111/jofi.12472,Ex‐Dividend Profitability and Institutional Trading Skill,2017
10.1111/jofi.12473,Who Are the Value and Growth Investors?,2017
10.1111/jofi.12474,MISCELLANEA,2016
10.1111/jofi.12475,MISCELLANEA,2017
10.1111/jofi.12476,"<b>Preliminary Program</b><b>AFA 2017 CHICAGO MEETINGS</b> SEVENTY SEVENTH ANNUAL MEETINGAMERICAN FINANCE ASSOCIATION Chicago, Illinois",2016
10.1111/jofi.12477,American Finance Association,2016
10.1111/jofi.12478,ANNOUNCEMENTS,2016
10.1111/jofi.12479,"<i>Participant Schedule Report articipants in the AFA 2017 Chicago Meetings January 6–8, 2017</i>",2016
10.1111/jofi.12480,INDEX TO VOLUME LXXI,2016
10.1111/jofi.12481,INDEX TO VOLUME LXXI,2016
10.1111/jofi.12482,Mortgage Debt Overhang: Reduced Investment by Homeowners at Risk of Default,2017
10.1111/jofi.12483,Politically Connected Private Equity and Employment,2017
10.1111/jofi.12484,Asset Market Participation and Portfolio Choice over the Life‐Cycle,2017
10.1111/jofi.12485,"Does the Scope of the Sell‐Side Analyst Industry Matter? An Examination of Bias, Accuracy, and Information Content of Analyst Reports",2017
10.1111/jofi.12486,Short‐Term Market Risks Implied by Weekly Options,2017
10.1111/jofi.12487,On the Foundations of Corporate Social Responsibility,2017
10.1111/jofi.12488,Linear‐Rational Term Structure Models,2017
10.1111/jofi.12489,Reverse Mortgage Loans: A Quantitative Analysis,2017
10.1111/jofi.12490,Precautionary Savings with Risky Assets: When Cash Is Not Cash,2017
10.1111/jofi.12491,ANNOUNCEMENTS,2017
10.1111/jofi.12492,Finance and Growth at the Firm Level: Evidence from SBA Loans,2017
10.1111/jofi.12493,Correlated Default and Financial Intermediation,2017
10.1111/jofi.12494,Forced Asset Sales and the Concentration of Outstanding Debt: Evidence from the Mortgage Market,2017
10.1111/jofi.12495,"Firm Age, Investment Opportunities, and Job Creation",2017
10.1111/jofi.12496,Liquidity in a Market for Unique Assets: Specified Pool and To‐Be‐Announced Trading in the Mortgage‐Backed Securities Market,2017
10.1111/jofi.12497,Capital Account Liberalization and Aggregate Productivity: The Role of Firm Capital Allocation,2017
10.1111/jofi.12498,The Flash Crash: High‐Frequency Trading in an Electronic Market,2017
10.1111/jofi.12499,Exchange Rates and Monetary Policy Uncertainty,2017
10.1111/jofi.12500,The Effect of Housing on Portfolio Choice,2017
10.1111/jofi.12501,Term Structure of Consumption Risk Premia in the Cross Section of Currency Returns,2017
10.1111/jofi.12502,MISCELLANEA,2017
10.1111/jofi.12503,AMUNDI SMITH BREEDEN PRIZES FOR 2016,2017
10.1111/jofi.12504,A Labor Capital Asset Pricing Model,2017
10.1111/jofi.12505,"Social Capital, Trust, and Firm Performance: The Value of Corporate Social Responsibility during the Financial Crisis",2017
10.1111/jofi.12506,Advance Refundings of Municipal Bonds,2017
10.1111/jofi.12507,Trader Leverage and Liquidity,2017
10.1111/jofi.12508,Income Insurance and the Equilibrium Term Structure of Equity,2017
10.1111/jofi.12509,Do Funds Make More When They Trade More?,2017
10.1111/jofi.12510,"Financial Transaction Taxes, Market Composition, and Liquidity",2017
10.1111/jofi.12511,Municipal Bond Liquidity and Default Risk,2017
10.1111/jofi.12512,Selling Failed Banks,2017
10.1111/jofi.12513,Volatility‐Managed Portfolios,2017
10.1111/jofi.12514,Retail Financial Advice: Does One Size Fit All?,2017
10.1111/jofi.12516,José Alexandre Scheinkman,2017
10.1111/jofi.12517,ANNOUNCEMENTS,2017
10.1111/jofi.12518,Do Cash Flows of Growth Stocks Really Grow Faster?,2017
10.1111/jofi.12519,The Downside of Asset Screening for Market Liquidity,2017
10.1111/jofi.12520,The Front Men of Wall Street: The Role of CDO Collateral Managers in the CDO Boom and Bust,2017
10.1111/jofi.12521,On the Origins of Risk‐Taking in Financial Markets,2017
10.1111/jofi.12522,"Consumer Default, Credit Reporting, and Borrowing Constraints",2017
10.1111/jofi.12523,Consumer Ruthlessness and Mortgage Default during the 2007 to 2009 Housing Bust,2017
10.1111/jofi.12524,What Drives the Cross‐Section of Credit Spreads?: A Variance Decomposition Approach,2017
10.1111/jofi.12525,Benchmarks in Search Markets,2017
10.1111/jofi.12526,Firm Investment and Stakeholder Choices: A Top‐Down Theory of Capital Budgeting,2017
10.1111/jofi.12527,ISSUE INFORMATION FM,2017
10.1111/jofi.12530,Presidential Address: The Scientific Outlook in Financial Economics,2017
10.1111/jofi.12531,Report of the Editor of the <i>Journal of Finance</i> for the Year 2016,2017
10.1111/jofi.12532,Minutes of the 2017 Annual Membership Meeting,2017
10.1111/jofi.12533,Report of the Executive Secretary and Treasurer,2017
10.1111/jofi.12537,MISCELLANEA,2017
10.1111/jofi.12538,ANNOUNCEMENTS,2017
10.1111/jofi.12539,A Model of Monetary Policy and Risk Premia,2018
10.1111/jofi.12540,The Macroeconomics of Shadow Banking,2017
10.1111/jofi.12541,Are CDS Auctions Biased and Inefficient?,2017
10.1111/jofi.12542,Matching Capital and Labor,2017
10.1111/jofi.12543,ISSUE INFORMATION BM,2017
10.1111/jofi.12544,Why Does Return Predictability Concentrate in Bad Times?,2017
10.1111/jofi.12545,How Do Quasi‐Random Option Grants Affect CEO Risk‐Taking?,2017
10.1111/jofi.12546,Commodity Trade and the Carry Trade: A Tale of Two Countries,2017
10.1111/jofi.12547,Why Do Investors Hold Socially Responsible Mutual Funds?,2017
10.1111/jofi.12548,Nonfundamental Speculation Revisited,2017
10.1111/jofi.12549,MISCELLANEA,2018
10.1111/jofi.12550,ANNOUNCEMENTS,2018
10.1111/jofi.12552,ISSUE INFORMATION FM,2018
10.1111/jofi.12553,ISSUE INFORMATION BM,2018
10.1111/jofi.12554,MISCELLANEA,2018
10.1111/jofi.12555,ANNOUNCEMENTS,2018
10.1111/jofi.12557,ISSUE INFORMATION FM,2018
10.1111/jofi.12558,ISSUE INFORMATION BM,2018
10.1111/jofi.12559,MISCELLANEA,2018
10.1111/jofi.12560,ANNOUNCEMENTS,2018
10.1111/jofi.12562,ISSUE INFORMATION FM,2018
10.1111/jofi.12563,ISSUE INFORMATION BM,2018
10.1111/jofi.12565,ANNOUNCEMENTS,2018
10.1111/jofi.12566,MISCELLANEA,2018
10.1111/jofi.12567,ISSUE INFORMATION FM,2018
10.1111/jofi.12568,ISSUE INFORMATION BM,2018
10.1111/jofi.12569,MISCELLANEA,2018
10.1111/jofi.12570,ANNOUNCEMENTS,2018
10.1111/jofi.12572,ISSUE INFORMATION FM,2018
10.1111/jofi.12573,ISSUE INFORMATION BM,2018
10.1111/jofi.12574,MISCELLANEA,2018
10.1111/jofi.12575,ANNOUNCEMENTS,2018
10.1111/jofi.12576,"AFA 2019 ATLANTA MEETINGS SEVENTY‐NINTH ANNUAL MEETING AMERICAN FINANCE ASSOCIATION Atlanta, Georgia",2018
10.1111/jofi.12577,ISSUE INFORMATION FM,2018
10.1111/jofi.12578,ISSUE INFORMATION BM,2018
10.1111/jofi.12580,Amir Sufi,2017
10.1111/jofi.12581,MISCELLANEA,2017
10.1111/jofi.12582,ANNOUNCEMENTS,2017
10.1111/jofi.12583,"Agency, Firm Growth, and Managerial Turnover",2018
10.1111/jofi.12584,The Paradox of Financial Fire Sales: The Role of Arbitrage Capital in Determining Liquidity,2018
10.1111/jofi.12585,"Government Credit, a Double‐Edged Sword: Evidence from the China Development Bank",2018
10.1111/jofi.12586,Diagnostic Expectations and Credit Cycles,2018
10.1111/jofi.12587,The Share of Systematic Variation in Bilateral Exchange Rates,2018
10.1111/jofi.12588,The Leverage Ratchet Effect,2018
10.1111/jofi.12589,Personal Lending Relationships,2018
10.1111/jofi.12590,Optimal Debt and Profitability in the Trade‐Off Theory,2018
10.1111/jofi.12591,Measuring Liquidity Mismatch in the Banking Sector,2018
10.1111/jofi.12592,Wholesale Funding Dry‐Ups,2018
10.1111/jofi.12593,Unshrouding: Evidence from Bank Overdrafts in Turkey,2018
10.1111/jofi.12594,ANNOUNCEMENTS,2017
10.1111/jofi.12595,"<b>Preliminary Program AFA 2018 PHILADELPHIA MEETINGS</b> SEVENTY EIGHTH ANNUAL MEETING AMERICAN FINANCE ASSOCIATION Philadelphia, Pennsylvania",2017
10.1111/jofi.12596,"<i>Participant Schedule Report Participants in the AFA 2018 Philadelphia Meetings January 5–7, 2018</i>",2017
10.1111/jofi.12597,American Finance Association,2017
10.1111/jofi.12600,Institutional and Legal Context in Natural Experiments: The Case of State Antitakeover Laws,2018
10.1111/jofi.12601,Short‐Selling Risk,2018
10.1111/jofi.12602,Homeowner Borrowing and Housing Collateral: New Evidence from Expiring Price Controls,2018
10.1111/jofi.12603,Option Mispricing around Nontrading Periods,2018
10.1111/jofi.12604,Bank Capital and Lending Relationships,2018
10.1111/jofi.12605,Financial Literacy and Portfolio Dynamics,2018
10.1111/jofi.12606,Liquidity as Social Expertise,2018
10.1111/jofi.12607,Comparing Asset Pricing Models,2018
10.1111/jofi.12608,American Finance Association,2018
10.1111/jofi.12609,Is Proprietary Trading Detrimental to Retail Investors?,2018
10.1111/jofi.12610,How Do Financing Constraints Affect Firms’ Equity Volatility?,2018
10.1111/jofi.12611,Is Sell‐Side Research More Valuable in Bad Times?,2018
10.1111/jofi.12612,Interpreting Factor Models,2018
10.1111/jofi.12613,Is Fraud Contagious? Coworker Influence on Misconduct by Financial Advisors,2018
10.1111/jofi.12614,"The Fed, the Bond Market, and Gradualism in Monetary Policy",2018
10.1111/jofi.12615,Higher Order Effects in Asset Pricing Models with Long‐Run Risks,2018
10.1111/jofi.12616,Margin Requirements and the Security Market Line,2018
10.1111/jofi.12617,"Real Options Models of the Firm, Capacity Overhang, and the Cross Section of Stock Returns",2018
10.1111/jofi.12618,Belief Dispersion in the Stock Market,2018
10.1111/jofi.12619,What Makes a Good Trader? On the Role of Intuition and Reflection on Trader Performance,2018
10.1111/jofi.12620,Deviations from Covered Interest Rate Parity,2018
10.1111/jofi.12621,MISCELLANEA,2019
10.1111/jofi.12622,ANNOUNCEMENTS,2019
10.1111/jofi.12623,AMERICAN FINANCE ASSOCIATION,2019
10.1111/jofi.12624,ISSUE INFORMATION FM,2019
10.1111/jofi.12625,ISSUE INFORMATION BM,2019
10.1111/jofi.12626,MISCELLANEA,2019
10.1111/jofi.12627,ANNOUNCEMENTS,2019
10.1111/jofi.12629,ISSUE INFORMATION FM,2019
10.1111/jofi.12630,ISSUE INFORMATION BM,2019
10.1111/jofi.12631,MISCELLANEA,2019
10.1111/jofi.12632,ANNOUNCEMENTS,2019
10.1111/jofi.12634,ISSUE INFORMATION FM,2019
10.1111/jofi.12635,ISSUE INFORMATION BM,2019
10.1111/jofi.12636,MISCELLANEA,2019
10.1111/jofi.12637,ANNOUNCEMENTS,2019
10.1111/jofi.12639,ISSUE INFORMATION FM,2019
10.1111/jofi.12640,ISSUE INFORMATION BM,2019
10.1111/jofi.12641,MISCELLANEA,2019
10.1111/jofi.12642,ANNOUNCEMENTS,2019
10.1111/jofi.12643,Ralph S. J. Koijen,2019
10.1111/jofi.12644,ISSUE INFORMATION FM,2019
10.1111/jofi.12645,ISSUE INFORMATION BM,2019
10.1111/jofi.12649,ISSUE INFORMATION FM,2019
10.1111/jofi.12650,ISSUE INFORMATION BM,2019
10.1111/jofi.12654,ISSUE INFORMATION FM,2020
10.1111/jofi.12655,ISSUE INFORMATION BM,2020
10.1111/jofi.12659,ISSUE INFORMATION FM,2020
10.1111/jofi.12660,AMERICAN FINANCE ASSOCIATION,2020
10.1111/jofi.12664,ISSUE INFORMATION FM,2020
10.1111/jofi.12665,AMERICAN FINANCE ASSOCIATION,2020
10.1111/jofi.12669,ISSUE INFORMATION FM,2020
10.1111/jofi.12670,AMERICAN FINANCE ASSOCIATION,2020
10.1111/jofi.12674,ISSUE INFORMATION FM,2020
10.1111/jofi.12675,AMERICAN FINANCE ASSOCIATION,2020
10.1111/jofi.12679,ISSUE INFORMATION FM,2020
10.1111/jofi.12680,AMERICAN FINANCE ASSOCIATION,2020
10.1111/jofi.12681,AMUNDI PIONEER PRIZES FOR 2017*,2018
10.1111/jofi.12684,Networks in Production: Asset Pricing Implications,2018
10.1111/jofi.12685,A Tough Act to Follow: Contrast Effects in Financial Markets,2018
10.1111/jofi.12686,Robert Vishny,2018
10.1111/jofi.12687,Can Taxes Shape an Industry? Evidence from the Implementation of the “Amazon Tax”,2018
10.1111/jofi.12688,Estimating Private Equity Returns from Limited Partner Cash Flows,2018
10.1111/jofi.12689,The Dynamics of Financially Constrained Arbitrage,2018
10.1111/jofi.12690,CMBS and Conflicts of Interest: Evidence from Ownership Changes for Servicers,2018
10.1111/jofi.12691,Can Innovation Help U.S. Manufacturing Firms Escape Import Competition from China?,2018
10.1111/jofi.12692,Creditor Control Rights and Board Independence,2018
10.1111/jofi.12694,Capital Commitment and Illiquidity in Corporate Bonds,2018
10.1111/jofi.12695,An Experimental Study of Bond Market Pricing,2018
10.1111/jofi.12696,Efficiently Inefficient Markets for Assets and Asset Management,2018
10.1111/jofi.12697,On the Asset Allocation of a Default Pension Fund,2018
10.1111/jofi.12698,Anticompetitive Effects of Common Ownership,2018
10.1111/jofi.12699,Does Herding Behavior Reveal Skill? An Analysis of Mutual Fund Performance,2018
10.1111/jofi.12700,Expected Inflation and Other Determinants of Treasury Yields,2018
10.1111/jofi.12701,Rankings and Risk‐Taking in the Finance Industry,2018
10.1111/jofi.12702,Asset Management within Commercial Banking Groups: International Evidence,2018
10.1111/jofi.12703,Quid Pro Quo? What Factors Influence IPO Allocations to Investors?,2018
10.1111/jofi.12704,The Geography of Financial Misconduct,2018
10.1111/jofi.12705,Do Rare Events Explain CDX Tranche Spreads?,2018
10.1111/jofi.12706,Political Representation and Governance: Evidence from the Investment Decisions of Public Pension Funds,2018
10.1111/jofi.12707,Minutes of the 2018 Annual Membership Meeting,2018
10.1111/jofi.12708,Report of the Editor of the <i>Journal of Finance</i> for the Year 2017,2018
10.1111/jofi.12709,Report of the Executive Secretary and Treasurer,2018
10.1111/jofi.12710,Presidential Address: Pension Policy and the Financial System,2018
10.1111/jofi.12717,Unscheduled News and Market Dynamics,2018
10.1111/jofi.12718,Anomalies and News,2018
10.1111/jofi.12719,Arrested Development: Theory and Evidence of Supply‐Side Speculation in the Housing Market,2018
10.1111/jofi.12720,Currency Risk Factors in a Recursive Multicountry Economy,2018
10.1111/jofi.12721,Influencing Control: Jawboning in Risk Arbitrage,2018
10.1111/jofi.12722,Collateral Constraints and the Law of One Price: An Experiment,2018
10.1111/jofi.12723,Sensation Seeking and Hedge Funds,2018
10.1111/jofi.12724,Noncognitive Abilities and Financial Delinquency: The Role of Self‐Efficacy in Avoiding Financial Distress,2018
10.1111/jofi.12725,The Politics of Foreclosures,2018
10.1111/jofi.12726,The Impact of Bank Credit on Labor Reallocation and Aggregate Industry Productivity,2018
10.1111/jofi.12727,Do ETFs Increase Volatility?,2018
10.1111/jofi.12728,Dealer Networks,2019
10.1111/jofi.12729,Financial Markets Where Traders Neglect the Informational Content of Prices,2019
10.1111/jofi.12730,Investment and the Cross‐Section of Equity Returns,2019
10.1111/jofi.12731,"Dividend Dynamics, Learning, and Expected Stock Index Returns",2019
10.1111/jofi.12732,How Crashes Develop: Intradaily Volatility and Crash Evolution,2019
10.1111/jofi.12733,Sparse Signals in the Cross‐Section of Returns,2019
10.1111/jofi.12734,Sticky Expectations and the Profitability Anomaly,2019
10.1111/jofi.12735,"The International Bank Lending Channel of Monetary Policy Rates and QE: Credit Supply, Reach‐for‐Yield, and Real Effects",2019
10.1111/jofi.12736,A Test of the Modigliani‐Miller Invariance Theorem and Arbitrage in Experimental Asset Markets,2019
10.1111/jofi.12737,(Almost) Model‐Free Recovery,2019
10.1111/jofi.12738,Basis‐Momentum,2019
10.1111/jofi.12739,Funding Value Adjustments,2019
10.1111/jofi.12740,Asset Allocation in Bankruptcy,2019
10.1111/jofi.12741,"<i>Participant Schedule Report Participants in the AFA 2019 Atlanta Meetings January 4–6, 2019</i>",2018
10.1111/jofi.12742,AMERICAN FINANCE ASSOCIATION,2018
10.1111/jofi.12743,Stockholders’ Unrealized Returns and the Market Reaction to Financial Disclosures,2019
10.1111/jofi.12744,The Dynamic Properties of Financial‐Market Equilibrium with Trading Fees,2019
10.1111/jofi.12745,Who Finances Durable Goods and Why It Matters: Captive Finance and the Coase Conjecture,2019
10.1111/jofi.12746,Robust Measures of Earnings Surprises,2019
10.1111/jofi.12747,Cautious Risk Takers: Investor Preferences and Demand for Active Management,2019
10.1111/jofi.12748,Equity Misvaluation and Default Options,2019
10.1111/jofi.12749,Portfolio Manager Compensation in the U.S. Mutual Fund Industry,2019
10.1111/jofi.12750,An Explanation of Negative Swap Spreads: Demand for Duration from Underfunded Pension Plans,2019
10.1111/jofi.12751,Political Connections and Allocative Distortions,2019
10.1111/jofi.12752,Employee Stock Option Exercise and Firm Cost,2019
10.1111/jofi.12753,"Stealing Deposits: Deposit Insurance, Risk‐Taking, and the Removal of Market Discipline in Early 20<sup>th</sup>‐Century Banks",2019
10.1111/jofi.12754,Sentiment Metrics and Investor Demand,2019
10.1111/jofi.12755,Trade Network Centrality and Currency Risk Premia,2019
10.1111/jofi.12756,Venture Capital and Capital Allocation,2019
10.1111/jofi.12757,Liquidity Risk and the Dynamics of Arbitrage Capital,2019
10.1111/jofi.12758,Leverage and the Cross‐Section of Equity Returns,2019
10.1111/jofi.12759,High‐Frequency Trading around Large Institutional Orders,2019
10.1111/jofi.12760,Household Debt Overhang and Unemployment,2019
10.1111/jofi.12761,"Optimal Contracting, Corporate Finance, and Valuation with Inalienable Human Capital",2019
10.1111/jofi.12762,On Equilibrium When Contingent Capital Has a Market Trigger: A Correction to Sundaresan and Wang <i>Journal of Finance</i> (2015),2019
10.1111/jofi.12763,Brokers versus Retail Investors: Conflicting Interests and Dominated Products,2019
10.1111/jofi.12764,"Financial Markets, the Real Economy, and Self‐Fulfilling Uncertainties",2019
10.1111/jofi.12765,Time‐Varying Asset Volatility and the Credit Spread Puzzle,2019
10.1111/jofi.12766,Labor‐Technology Substitution: Implications for Asset Pricing,2019
10.1111/jofi.12767,AMUNDI PIONEER AND BRATTLE GROUP PRIZES FOR 2018,2019
10.1111/jofi.12768,"Costly Information Acquisition, Social Networks, and Asset Prices: Experimental Evidence",2019
10.1111/jofi.12769,Price Discovery without Trading: Evidence from Limit Orders,2019
10.1111/jofi.12770,"CEO Horizon, Optimal Pay Duration, and the Escalation of Short‐Termism",2019
10.1111/jofi.12771,Real Anomalies,2019
10.1111/jofi.12772,Capital Share Risk in U.S. Asset Pricing,2019
10.1111/jofi.12773,Capital Share Dynamics When Firms Insure Workers,2019
10.1111/jofi.12774,G. William Schwert,2019
10.1111/jofi.12775,"Income Hedging, Dynamic Style Preferences, and Return Predictability",2019
10.1111/jofi.12776,Nonlinearity and Flight‐to‐Safety in the Risk‐Return Trade‐Off for Stocks and Bonds,2019
10.1111/jofi.12777,Limited Investment Capital and Credit Spreads,2019
10.1111/jofi.12778,What Is the Expected Return on a Stock?,2019
10.1111/jofi.12779,Proxy Advisory Firms: The Economics of Selling Information to Voters,2019
10.1111/jofi.12780,The Globalization Risk Premium,2019
10.1111/jofi.12781,Report of the Editor of The <i>Journal of Finance</i> for the Year 2018,2019
10.1111/jofi.12782,Presidential Address: Collateral and Commitment,2019
10.1111/jofi.12783,Measuring Institutional Investors’ Skill at Making Private Equity Investments,2019
10.1111/jofi.12784,"Reassessing False Discoveries in Mutual Fund Performance: Skill, Luck, or Lack of Power?",2019
10.1111/jofi.12785,The Dividend Disconnect,2019
10.1111/jofi.12786,"Corrigendum for Dividend Dynamics, Learning, and Expected Stock Index Returns",2019
10.1111/jofi.12790,ISSUE INFORMATION FM,2021
10.1111/jofi.12791,AMERICAN FINANCE ASSOCIATION,2021
10.1111/jofi.12795,ISSUE INFORMATION FM,2021
10.1111/jofi.12796,AMERICAN FINANCE ASSOCIATION,2021
10.1111/jofi.12800,ISSUE INFORMATION FM,2021
10.1111/jofi.12801,AMERICAN FINANCE ASSOCIATION,2021
10.1111/jofi.12805,ISSUE INFORMATION FM,2021
10.1111/jofi.12806,AMERICAN FINANCE ASSOCIATION,2021
10.1111/jofi.12810,ISSUE INFORMATION FM,2021
10.1111/jofi.12811,AMERICAN FINANCE ASSOCIATION,2021
10.1111/jofi.12815,ISSUE INFORMATION FM,2021
10.1111/jofi.12816,AMERICAN FINANCE ASSOCIATION,2021
10.1111/jofi.12817,The Best of Both Worlds: Accessing Emerging Economies via Developed Markets,2019
10.1111/jofi.12818,Stock Returns over the FOMC Cycle,2019
10.1111/jofi.12819,Personal Experiences and Expectations about Aggregate Outcomes,2019
10.1111/jofi.12820,Ratings Quality and Borrowing Choice,2019
10.1111/jofi.12821,Foreclosure Contagion and the Neighborhood Spillover Effects of Mortgage Defaults,2019
10.1111/jofi.12822,How Do Investment Ideas Spread through Social Interaction? Evidence from a Ponzi Scheme,2019
10.1111/jofi.12823,Do Portfolio Manager Contracts Contract Portfolio Management?,2019
10.1111/jofi.12824,A Note on “Risk Reduction in Large Portfolios: Why Imposing the Wrong Constraints Helps”,2019
10.1111/jofi.12825,Minutes of the 2019 Annual Membership Meeting,2019
10.1111/jofi.12826,Report of the Executive Secretary and Treasurer,2019
10.1111/jofi.12827,Over‐the‐Counter Market Frictions and Yield Spread Changes,2019
10.1111/jofi.12828,YOLO: Mortality Beliefs and Household Finance Puzzles,2019
10.1111/jofi.12829,Women's Liberation as a Financial Innovation,2019
10.1111/jofi.12830,Learning from Coworkers: Peer Effects on Individual Investment Decisions,2020
10.1111/jofi.12831,"Pledgeability, Industry Liquidity, and Financing Cycles",2020
10.1111/jofi.12832,Funding Liquidity without Banks: Evidence from a Shock to the Cost of Very Short‐Term Debt,2019
10.1111/jofi.12833,Diagnostic Expectations and Stock Returns,2019
10.1111/jofi.12834,Words Speak Louder without Actions,2020
10.1111/jofi.12835,Thinking about Prices versus Thinking about Returns in Financial Markets,2019
10.1111/jofi.12836,Where Is the Risk in Value? Evidence from a Market‐to‐Book Decomposition,2019
10.1111/jofi.12837,Nonfinancial Firms as Cross‐Market Arbitrageurs,2019
10.1111/jofi.12838,Information Revelation in Decentralized Markets,2019
10.1111/jofi.12839,A Dynamic Model of Characteristic‐Based Return Predictability,2019
10.1111/jofi.12840,Brokers and Order Flow Leakage: Evidence from Fire Sales,2019
10.1111/jofi.12841,Do Investors Value Sustainability? A Natural Experiment Examining Ranking and Fund Flows,2019
10.1111/jofi.12842,Houses as ATMs: Mortgage Refinancing and Macroeconomic Uncertainty,2020
10.1111/jofi.12843,Tax‐Efficient Asset Management: Evidence from Equity Mutual Funds,2020
10.1111/jofi.12844,Trading Against the Random Expiration of Private Information: A Natural Experiment,2020
10.1111/jofi.12845,A Tale of Two Premiums: The Role of Hedgers and Speculators in Commodity Futures Markets,2020
10.1111/jofi.12846,Access to Collateral and the Democratization of Credit: France's Reform of the Napoleonic Security Code,2020
10.1111/jofi.12847,Stimulating Housing Markets,2020
10.1111/jofi.12848,The Market for Conflicted Advice,2020
10.1111/jofi.12849,Does Borrowing from Banks Cost More than Borrowing from the Market?,2020
10.1111/jofi.12850,AMERICAN FINANCE ASSOCIATION,2019
10.1111/jofi.12851,The Impact of Salience on Investor Behavior: Evidence from a Natural Experiment,2020
10.1111/jofi.12852,Why Don't We Agree? Evidence from a Social Network of Investors,2020
10.1111/jofi.12853,Measuring Innovation and Product Differentiation: Evidence from Mutual Funds,2020
10.1111/jofi.12854,On Comparing Asset Pricing Models,2020
10.1111/jofi.12855,Robust Inference for Consumption‐Based Asset Pricing,2020
10.1111/jofi.12856,The Insurance Is the Lemon: Failing to Index Contracts,2020
10.1111/jofi.12857,Informed Trading and Intertemporal Substitution,2020
10.1111/jofi.12858,"Participant Schedule for the AFA 2020 San Diego Meetings January 3–5, 2020",2019
10.1111/jofi.12859,"AFA 2020 SAN DIEGO MEETINGS EIGHTIETH ANNUAL MEETING AMERICAN FINANCE ASSOCIATION San Diego, California",2019
10.1111/jofi.12860,MISCELLANEA,2019
10.1111/jofi.12861,ANNOUNCEMENTS,2019
10.1111/jofi.12862,Beyond Random Assignment: Credible Inference and Extrapolation in Dynamic Economies,2020
10.1111/jofi.12863,Glued to the TV: Distracted Noise Traders and Stock Market Liquidity,2020
10.1111/jofi.12864,Relationship Trading in Over‐the‐Counter Markets,2020
10.1111/jofi.12865,Corrigendum for Brokers and Order Flow Leakage: Evidence from Fire Sales,2020
10.1111/jofi.12866,"Securitization, Ratings, and Credit Supply",2020
10.1111/jofi.12867,What Is a Patent Worth? Evidence from the U.S. Patent “Lottery”,2020
10.1111/jofi.12868,Retracted: Risk Management in Financial Institutions,2020
10.1111/jofi.12869,How Does Credit Supply Expansion Affect the Real Economy? The Productive Capacity and Household Demand Channels,2020
10.1111/jofi.12870,Consumption Fluctuations and Expected Returns,2020
10.1111/jofi.12871,Shorting in Speculative Markets,2020
10.1111/jofi.12872,DIMENSIONAL FUND ADVISORS PRIZES FOR 2019,2020
10.1111/jofi.12873,MISCELLANEA,2020
10.1111/jofi.12874,AMERICAN FINANCE ASSOCIATION,2020
10.1111/jofi.12875,ANNOUNCEMENTS,2020
10.1111/jofi.12876,What Drives Anomaly Returns?,2020
10.1111/jofi.12877,Necessary and Sufficient Conditions for Existence and Uniqueness of Recursive Utilities,2020
10.1111/jofi.12878,Insider Investment Horizon,2020
10.1111/jofi.12879,Venturing beyond the IPO: Financing of Newly Public Firms by Venture Capitalists,2020
10.1111/jofi.12880,Can Unemployment Insurance Spur Entrepreneurial Activity? Evidence from France,2020
10.1111/jofi.12881,Report of the Editor of <i>The Journal of Finance</i> for the Year 2019,2020
10.1111/jofi.12882,High‐Frequency Trading and Market Performance,2020
10.1111/jofi.12883,Taming the Factor Zoo: A Test of New Factors,2020
10.1111/jofi.12884,Drilling and Debt,2020
10.1111/jofi.12885,Lazy Prices,2020
10.1111/jofi.12886,Minutes of the 2020 Annual Membership Meeting,2020
10.1111/jofi.12887,"Report of the Executive Secretary and Treasurer for the Fiscal Year Ending June 30, 2019",2020
10.1111/jofi.12888,Star Ratings and the Incentives of Mutual Funds,2020
10.1111/jofi.12889,Corporate Control around the World,2020
10.1111/jofi.12890,How Skilled Are Security Analysts?,2020
10.1111/jofi.12891,MISCELLANEA,2020
10.1111/jofi.12892,ANNOUNCEMENTS,2020
10.1111/jofi.12893,Debt Contracting on Management,2020
10.1111/jofi.12894,Option Profit and Loss Attribution and Pricing: A New Framework,2020
10.1111/jofi.12895,What Matters to Individual Investors? Evidence from the Horse's Mouth,2020
10.1111/jofi.12896,"Bank Quality, Judicial Efficiency, and Loan Repayment Delays in Italy",2020
10.1111/jofi.12897,Do CEOs Matter? Evidence from Hospitalization Events,2020
10.1111/jofi.12898,Understanding Systematic Risk: A High‐Frequency Approach,2020
10.1111/jofi.12899,Political Connections and the Informativeness of Insider Trades,2020
10.1111/jofi.12900,Informational Frictions and the Credit Crunch,2020
10.1111/jofi.12901,Cash Flow News and Stock Price Dynamics,2020
10.1111/jofi.12902,The Value of Central Clearing,2020
10.1111/jofi.12903,Is Bitcoin Really Untethered?,2020
10.1111/jofi.12904,MISCELLANEA,2020
10.1111/jofi.12905,Jonathan Ingersoll,2020
10.1111/jofi.12906,Presidential Address: Social Transmission Bias in Economics and Finance,2020
10.1111/jofi.12907,ANNOUNCEMENTS,2020
10.1111/jofi.12908,Price and Probability: Decomposing the Takeover Effects of Anti‐Takeover Provisions,2020
10.1111/jofi.12909,Declining Labor and Capital Shares,2020
10.1111/jofi.12910,Low‐Risk Anomalies?,2020
10.1111/jofi.12915,ISSUE INFORMATION FM,2022
10.1111/jofi.12916,AMERICAN FINANCE ASSOCIATION,2022
10.1111/jofi.12921,ISSUE INFORMATION FM,2022
10.1111/jofi.12922,AMERICAN FINANCE ASSOCIATION,2022
10.1111/jofi.12927,ISSUE INFORMATION FM,2022
10.1111/jofi.12928,AMERICAN FINANCE ASSOCIATION,2022
10.1111/jofi.12933,ISSUE INFORMATION FM,2022
10.1111/jofi.12934,AMERICAN FINANCE ASSOCIATION,2022
10.1111/jofi.12939,ISSUE INFORMATION FM,2022
10.1111/jofi.12940,AMERICAN FINANCE ASSOCIATION,2022
10.1111/jofi.12945,ISSUE INFORMATION FM,2022
10.1111/jofi.12946,AMERICAN FINANCE ASSOCIATION,2022
10.1111/jofi.12947,The Causal Effect of Limits to Arbitrage on Asset Pricing Anomalies,2020
10.1111/jofi.12948,A Macrofinance View of U.S. Sovereign CDS Premiums,2020
10.1111/jofi.12949,The Banking View of Bond Risk Premia,2020
10.1111/jofi.12950,The Mismatch Between Mutual Fund Scale and Skill,2020
10.1111/jofi.12951,False (and Missed) Discoveries in Financial Economics,2020
10.1111/jofi.12952,"No Job, No Money, No Refi: Frictions to Refinancing in a Recession",2020
10.1111/jofi.12953,Market Structure and Transaction Costs of Index CDSs,2020
10.1111/jofi.12954,"Bad Credit, No Problem? Credit and Labor Market Consequences of Bad Credit Reports",2020
10.1111/jofi.12955,The Employment Effects of Faster Payment: Evidence from the Federal Quickpay Reform,2020
10.1111/jofi.12956,MISCELLANEA,2020
10.1111/jofi.12957,ANNOUNCEMENTS,2020
10.1111/jofi.12958,The Forced Safety Effect: How Higher Capital Requirements Can Increase Bank Lending,2020
10.1111/jofi.12959,Monetary Policy and Global Banking,2020
10.1111/jofi.12960,"Inalienable Customer Capital, Corporate Liquidity, and Stock Returns",2021
10.1111/jofi.12961,Credit Rating Inflation and Firms' Investments,2020
10.1111/jofi.12962,Measuring Mutual Fund Flow Pressure as Shock to Stock Returns,2020
10.1111/jofi.12963,Mortgage Design in an Equilibrium Model of the Housing Market,2021
10.1111/jofi.12964,The Impact of Supervision on Bank Performance,2020
10.1111/jofi.12965,"Sovereign Debt Portfolios, Bond Risks, and the Credibility of Monetary Policy",2020
10.1111/jofi.12966,Local Crowding‐Out in China,2020
10.1111/jofi.12967,Safety Transformation and the Structure of the Financial System,2020
10.1111/jofi.12968,Stock Market Returns and Consumption,2020
10.1111/jofi.12969,"Every Cloud Has a Silver Lining: Fast Trading, Microwave Connectivity, and Trading Costs",2020
10.1111/jofi.12970,Model‐Free International Stochastic Discount Factors,2021
10.1111/jofi.12971,Learning From Disagreement in the U.S. Treasury Bond Market,2021
10.1111/jofi.12972,ANNOUNCEMENTS,2020
10.1111/jofi.12973,MISCELLANEA,2020
10.1111/jofi.12974,A Dynamic Model of Optimal Creditor Dispersion,2021
10.1111/jofi.12975,Information Consumption and Asset Pricing,2021
10.1111/jofi.12976,Do Household Wealth Shocks Affect Productivity? Evidence from Innovative Workers During the Great Recession,2021
10.1111/jofi.12977,The Capitalization of Consumer Financing into Durable Goods Prices,2021
10.1111/jofi.12978,The Limits of Limited Liability: Evidence from Industrial Pollution,2021
10.1111/jofi.12979,Information Inertia,2021
10.1111/jofi.12980,A Unified Model of Firm Dynamics with Limited Commitment and Assortative Matching,2021
10.1111/jofi.12981,MISCELLANEA,2020
10.1111/jofi.12982,ANNOUNCEMENTS,2020
10.1111/jofi.12983,<b>Preliminary Program AFA 2021 ANNUAL MEETING</b> EIGHTY‐FIRST ANNUAL MEETING AMERICAN FINANCE ASSOCIATION,2020
10.1111/jofi.12984,"Participant Schedule for the AFA 2021 Preliminary Program January 3–5, 2021",2020
10.1111/jofi.12985,AMERICAN FINANCE ASSOCIATION,2020
10.1111/jofi.12987,Equilibrium Asset Pricing with Leverage and Default,2021
10.1111/jofi.12988,Anonymous Trading in Equities,2021
10.1111/jofi.12989,"Public Thrift, Private Perks: Signaling Board Independence with Executive Pay",2021
10.1111/jofi.12990,The Impact of Repossession Risk on Mortgage Default,2021
10.1111/jofi.12991,Liquidity Supply in the Corporate Bond Market,2021
10.1111/jofi.12992,Financial Fragility with SAM?,2021
10.1111/jofi.12993,"The Perception of Dependence, Investment Decisions, and Stock Prices",2021
10.1111/jofi.12994,Limited Risk Sharing and International Equity Returns,2021
10.1111/jofi.12995,The Misguided Beliefs of Financial Advisors,2021
10.1111/jofi.12996,"Mutual Fund Holdings of Credit Default Swaps: Liquidity, Yield, and Risk",2021
10.1111/jofi.12997,The Private Production of Safe Assets,2021
10.1111/jofi.12998,MISCELLANEA,2021
10.1111/jofi.12999,ANNOUNCEMENTS,2021
10.1111/jofi.13000,AMERICAN FINANCE ASSOCIATION,2021
10.1111/jofi.13001,Leverage Dynamics without Commitment,2021
10.1111/jofi.13002,Who Wears the Pants? Gender Identity Norms and Intrahousehold Financial Decision‐Making,2021
10.1111/jofi.13003,Foreign Safe Asset Demand and the Dollar Exchange Rate,2021
10.1111/jofi.13004,Monetary Policy and Reaching for Income,2021
10.1111/jofi.13005,Report of the 2021 Annual Membership Meeting,2021
10.1111/jofi.13006,"Report of the Executive Secretary and Treasurer for the Fiscal Year Ending June 30, 2020",2021
10.1111/jofi.13007,DIMENSIONAL FUND ADVISORS AND BRATTLE GROUP PRIZES FOR 2020,2021
10.1111/jofi.13008,Trading Costs and Informational Efficiency,2021
10.1111/jofi.13009,The Economics of Hedge Fund Startups: Theory and Empirical Evidence,2021
10.1111/jofi.13010,Fire‐Sale Spillovers and Systemic Risk,2021
10.1111/jofi.13011,"For Richer, for Poorer: Bankers' Liability and Bank Risk in New England, 1867 to 1880",2021
10.1111/jofi.13012,Leveraged Funds and the Shadow Cost of Leverage Constraints,2021
10.1111/jofi.13013,Banking on Deposits: Maturity Transformation without Interest Rate Risk,2021
10.1111/jofi.13014,ANNOUNCEMENTS,2021
10.1111/jofi.13015,Report of the Editor of <i>The Journal of Finance</i> for the Year 2020,2021
10.1111/jofi.13016,Subjective Cash Flow and Discount Rate Expectations,2021
10.1111/jofi.13017,MISCELLANEA,2021
10.1111/jofi.13018,Rent Extraction with Securities Plus Cash,2021
10.1111/jofi.13019,Are CEOs Different?,2021
10.1111/jofi.13020,Time Variation of the Equity Term Structure,2021
10.1111/jofi.13021,How Debit Cards Enable the Poor to Save More,2021
10.1111/jofi.13022,A Theory of Zombie Lending,2021
10.1111/jofi.13023,Don't Take Their Word for It: The Misclassification of Bond Mutual Funds,2021
10.1111/jofi.13024,Weathering Cash Flow Shocks,2021
10.1111/jofi.13025,Sentiment Trading and Hedge Fund Returns,2021
10.1111/jofi.13026,Asset Managers: Institutional Performance and Factor Exposures,2021
10.1111/jofi.13027,James M. Poterba,2021
10.1111/jofi.13028,What Explains Differences in Finance Research Productivity during the Pandemic?,2021
10.1111/jofi.13029,MISCELLANEA,2021
10.1111/jofi.13030,ANNOUNCEMENTS,2021
10.1111/jofi.13031,The Misallocation of Finance,2021
10.1111/jofi.13032,Do Physiological and Spiritual Factors Affect Economic Decisions?,2021
10.1111/jofi.13033,Tracking Retail Investor Activity,2021
10.1111/jofi.13034,"Inventory Management, Dealers' Connections, and Prices in Over‐the‐Counter Markets",2021
10.1111/jofi.13035,Reinvestment Risk and the Equity Term Structure,2021
10.1111/jofi.13036,The Limits of <i>p</i>‐Hacking: Some Thought Experiments,2021
10.1111/jofi.13037,ISSUE INFORMATION FM,2023
10.1111/jofi.13038,AMERICAN FINANCE ASSOCIATION,2023
10.1111/jofi.13041,ISSUE INFORMATION FM,2023
10.1111/jofi.13042,AMERICAN FINANCE ASSOCIATION,2023
10.1111/jofi.13044,ISSUE INFORMATION FM,2023
10.1111/jofi.13045,AMERICAN FINANCE ASSOCIATION,2023
10.1111/jofi.13047,ISSUE INFORMATION FM,2023
10.1111/jofi.13048,AMERICAN FINANCE ASSOCIATION,2023
10.1111/jofi.13050,ISSUE INFORMATION,2023
10.1111/jofi.13051,AMERICAN FINANCE ASSOCIATION,2023
10.1111/jofi.13053,ISSUE INFORMATION,2023
10.1111/jofi.13054,AMERICAN FINANCE ASSOCIATION,2023
10.1111/jofi.13055,The Cross Section of MBS Returns,2021
10.1111/jofi.13056,Structuring Mortgages for Macroeconomic Stability,2021
10.1111/jofi.13057,Out‐of‐Town Home Buyers and City Welfare,2021
10.1111/jofi.13058,Property Rights to Client Relationships and Financial Advisor Incentives,2021
10.1111/jofi.13059,Can the Market Multiply and Divide? Non‐Proportional Thinking in Financial Markets,2021
10.1111/jofi.13060,Corrigendum: Diagnostic Expectations and Credit Cycles,2021
10.1111/jofi.13061,Prospect Theory and Stock Market Anomalies,2021
10.1111/jofi.13062,Presidential Address: How Much “Rationality” Is There in Bond‐Market Risk Premiums?,2021
10.1111/jofi.13063,Risk Management in Financial Institutions: A Replication,2021
10.1111/jofi.13064,Retracted: Risk Management in Financial Institutions,2021
10.1111/jofi.13065,ANNOUNCEMENTS,2021
10.1111/jofi.13066,"Information Asymmetry, Mispricing, and Security Issuance",2021
10.1111/jofi.13067,Real Estate Shocks and Financial Advisor Misconduct,2021
10.1111/jofi.13068,"Volatility, Valuation Ratios, and Bubbles: An Empirical Measure of Market Sentiment",2021
10.1111/jofi.13069,Borrowing to Save? The Impact of Automatic Enrollment on Debt,2022
10.1111/jofi.13070,Negative Home Equity and Household Labor Supply,2021
10.1111/jofi.13071,Monetary Policy Spillovers through Invoicing Currencies,2022
10.1111/jofi.13072,Leverage Regulation and Market Structure: A Structural Model of the U.K. Mortgage Market,2021
10.1111/jofi.13073,Valuing Private Equity Investments Strip by Strip,2021
10.1111/jofi.13074,The Loan Covenant Channel: How Bank Health Transmits to the Real Economy,2022
10.1111/jofi.13075,Matteo Maggiori: Winner of the 2021 Fischer Black Prize,2021
10.1111/jofi.13076,ANNOUNCEMENTS,2021
10.1111/jofi.13077,Talent in Distressed Firms: Investigating the Labor Costs of Financial Distress,2021
10.1111/jofi.13078,Fire‐Sale Spillovers in Debt Markets,2021
10.1111/jofi.13079,Currency Mispricing and Dealer Balance Sheets,2021
10.1111/jofi.13080,Economic Stimulus at the Expense of Routine‐Task Jobs,2021
10.1111/jofi.13081,"Inequality Aversion, Populism, and the Backlash against Globalization",2021
10.1111/jofi.13082,Asset Pricing and Sports Betting,2021
10.1111/jofi.13083,Partisan Professionals: Evidence from Credit Rating Analysts,2021
10.1111/jofi.13084,Intermediation Variety,2021
10.1111/jofi.13085,Institutional Investors and Corporate Governance: The Incentive to Be Engaged,2022
10.1111/jofi.13086,Do Intermediaries Matter for Aggregate Asset Prices?,2021
10.1111/jofi.13087,Clients' Connections: Measuring the Role of Private Information in Decentralized Markets,2022
10.1111/jofi.13088,Increasing Enrollment in Income‐Driven Student Loan Repayment Plans: Evidence from the Navient Field Experiment,2022
10.1111/jofi.13089,"Non‐Deal Roadshows, Informed Trading, and Analyst Conflicts of Interest",2022
10.1111/jofi.13090,Predictably Unequal? The Effects of Machine Learning on Credit Markets,2022
10.1111/jofi.13091,ANNOUNCEMENTS,2021
10.1111/jofi.13092,AMERICAN FINANCE ASSOCIATION,2021
10.1111/jofi.13093,How Do Financial Constraints Affect Product Pricing? Evidence from Weather and Life Insurance Premiums,2022
10.1111/jofi.13094,Female Representation in the Academic Finance Profession,2022
10.1111/jofi.13095,Cultural Biases in Equity Analysis,2022
10.1111/jofi.13096,"Skill, Scale, and Value Creation in the Mutual Fund Industry",2022
10.1111/jofi.13097,Forced Entrepreneurs,2022
10.1111/jofi.13098,Stock Market and No‐Dividend Stocks,2022
10.1111/jofi.13099,Anomalies and the Expected Market Return,2022
10.1111/jofi.13100,Late to Recessions: Stocks and the Business Cycle,2022
10.1111/jofi.13101,<b>Preliminary Program AFA 2022 ANNUAL MEETING</b> EIGHTY‐SECOND ANNUAL MEETING AMERICAN FINANCE ASSOCIATION,2022
10.1111/jofi.13102,"<i>Participant Schedule for the AFA 2022 Preliminary Program January 7–9, 2022</i>: January 7–9, 2022",2022
10.1111/jofi.13103,ANNOUNCEMENTS,2022
10.1111/jofi.13104,AMERICAN FINANCE ASSOCIATION,2022
10.1111/jofi.13105,Predictable Financial Crises,2022
10.1111/jofi.13106,Liquidity Fluctuations in Over‐the‐Counter Markets,2022
10.1111/jofi.13107,Monetary Policy and Asset Valuation,2022
10.1111/jofi.13108,Report of the 2022 Annual Membership Meeting,2022
10.1111/jofi.13109,"Report of the Executive Secretary and Treasurer for the Fiscal Year Ending June 30, 2021",2022
10.1111/jofi.13110,Payment System Externalities,2022
10.1111/jofi.13111,Do Market Prices Improve <b>the Accuracy of Court Valuations in Chapter 11?</b>,2022
10.1111/jofi.13112,Regulation of Charlatans in High‐Skill Professions,2022
10.1111/jofi.13113,Do Equity Markets Care <b>about Income Inequality? Evidence from Pay Ratio Disclosure</b>,2022
10.1111/jofi.13114,Going the Extra Mile: Distant Lending and Credit Cycles,2022
10.1111/jofi.13115,Report of the Editor of <i>The Journal of Finance</i> for the Year 2021,2022
10.1111/jofi.13116,ANNOUNCEMENTS,2022
10.1111/jofi.13117,Dissecting Conglomerate Valuations,2022
10.1111/jofi.13118,The Fragility of Market Risk Insurance,2022
10.1111/jofi.13119,Common Risk Factors in Cryptocurrency,2022
10.1111/jofi.13120,Volatility Expectations and Returns,2022
10.1111/jofi.13121,BRATTLE GROUP AND DIMENSIONAL FUND ADVISORS PRIZES FOR 2021,2022
10.1111/jofi.13122,Fully Closed: Individual Responses to Realized Gains and Losses,2022
10.1111/jofi.13123,Luck versus Skill in the Cross Section of Mutual Fund Returns: Reexamining the Evidence,2022
10.1111/jofi.13124,The Limits of Model‐Based Regulation,2022
10.1111/jofi.13125,Learning by Owning in a Lemons Market,2022
10.1111/jofi.13126,Long‐Run Risk: Is It There?,2022
10.1111/jofi.13127,Resource Allocation in Bank Supervision: Trade‐Offs and Outcomes,2022
10.1111/jofi.13128,The Wisdom of the Robinhood Crowd,2022
10.1111/jofi.13129,Is There a Risk Premium in the Stock Lending Market? Evidence from Equity Options,2022
10.1111/jofi.13130,Are Analyst Short‐Term Trade Ideas Valuable?,2022
10.1111/jofi.13131,Factor Momentum and the Momentum Factor,2022
10.1111/jofi.13132,Jean Tirole,2022
10.1111/jofi.13133,ANNOUNCEMENTS,2022
10.1111/jofi.13134,"Barbarians at the Store? Private Equity, Products, and Consumers",2022
10.1111/jofi.13135,A New Test of Risk Factor Relevance,2022
10.1111/jofi.13136,Do Firms Respond to Gender Pay Gap Transparency?,2022
10.1111/jofi.13137,Testing Disagreement Models,2022
10.1111/jofi.13138,"Financial Crisis, Creditor‐Debtor Conflict, and Populism",2022
10.1111/jofi.13139,Risk‐Sharing and the Term Structure of Interest Rates,2022
10.1111/jofi.13141,ISSUE INFORMATION,2024
10.1111/jofi.13142,AMERICAN FINANCE ASSOCIATION,2024
10.1111/jofi.13144,ISSUE INFORMATION,2024
10.1111/jofi.13145,AMERICAN FINANCE ASSOCIATION,2024
10.1111/jofi.13147,ISSUE INFORMATION,2024
10.1111/jofi.13148,AMERICAN FINANCE ASSOCIATION,2024
10.1111/jofi.13149,ANNOUNCEMENTS,2024
10.1111/jofi.13150,ISSUE INFORMATION,2024
10.1111/jofi.13151,AMERICAN FINANCE ASSOCIATION,2024
10.1111/jofi.13153,ISSUE INFORMATION,2024
10.1111/jofi.13154,AMERICAN FINANCE ASSOCIATION,2024
10.1111/jofi.13155,ANNOUNCEMENTS,2024
10.1111/jofi.13156,ISSUE INFORMATION,2024
10.1111/jofi.13157,AMERICAN FINANCE ASSOCIATION,2024
10.1111/jofi.13158,Quantifying Reduced‐Form Evidence on Collateral Constraints,2022
10.1111/jofi.13159,Bank Market Power and Monetary Policy Transmission: Evidence from a Structural Estimation,2022
10.1111/jofi.13160,The Economics of Deferral and Clawback Requirements,2022
10.1111/jofi.13161,Presidential Address: Corporate Finance and Reality,2022
10.1111/jofi.13162,Debt Refinancing and Equity Returns,2022
10.1111/jofi.13163,Stock Market's Assessment of Monetary Policy Transmission: The Cash Flow Effect,2022
10.1111/jofi.13164,"Withdrawal: Xu, Qiping, Zwick, E. “Tax Policy and Abnormal Investment Behavior.” The Journal of Finance. 30 May 2022",2022
10.1111/jofi.13165,Commodity Financialization and Information Transmission,2022
10.1111/jofi.13166,Financial Crises and Political Radicalization: How Failing Banks Paved Hitler's Path to Power,2022
10.1111/jofi.13167,ANNOUNCEMENTS,2022
10.1111/jofi.13168,The Cost of Capital for Banks: Evidence from Analyst Earnings Forecasts,2022
10.1111/jofi.13169,The Golden Mean: The Risk‐Mitigating Effect of Combining Tournament Rewards with High‐Powered Incentives,2022
10.1111/jofi.13170,The Anatomy of the Transmission of Macroprudential Policies,2022
10.1111/jofi.13171,When Should Bankruptcy Law Be Creditor‐ or Debtor‐Friendly? Theory and Evidence,2022
10.1111/jofi.13172,A Theory of Equivalent Expectation Measures for Contingent Claim Returns,2022
10.1111/jofi.13173,CEO Political Leanings and Store‐Level Economic Activity during the COVID‐19 Crisis: Effects on Shareholder Value and Public Health,2022
10.1111/jofi.13174,"Rising Intangible Capital, Shrinking Debt Capacity, and the U.S. Corporate Savings Glut",2022
10.1111/jofi.13175,"Rare Disasters, Financial Development, and Sovereign Debt",2022
10.1111/jofi.13176,Common Ownership Does Not Have Anticompetitive Effects in the Airline Industry,2022
10.1111/jofi.13177,ANNOUNCEMENTS,2022
10.1111/jofi.13178,The Two‐Pillar Policy for the RMB,2022
10.1111/jofi.13179,Belief Disagreement and Portfolio Choice,2022
10.1111/jofi.13180,Asset Pricing with Cohort‐Based Trading in MBS Markets,2022
10.1111/jofi.13181,Stock Market Spillovers via the Global Production Network: Transmission of U.S. Monetary Policy,2022
10.1111/jofi.13182,The Price of Higher Order Catastrophe Insurance: The Case of VIX Options,2022
10.1111/jofi.13183,Attention‐Induced Trading and Returns: Evidence from Robinhood Users,2022
10.1111/jofi.13184,Loan Terms and Collateral: Evidence from the Bilateral Repo Market,2022
10.1111/jofi.13185,Import Competition and Household Debt,2022
10.1111/jofi.13186,ANNOUNCEMENTS,2022
10.1111/jofi.13187,Disruption and Credit Markets,2023
10.1111/jofi.13188,Optimal Financial Transaction Taxes,2023
10.1111/jofi.13189,"Less Mainstream Credit, More Payday Borrowing? Evidence from Debt Collection Restrictions",2023
10.1111/jofi.13190,Pricing Currency Risks,2023
10.1111/jofi.13191,International Yield Curves and Currency Puzzles,2023
10.1111/jofi.13192,Decentralization through Tokenization,2023
10.1111/jofi.13193,Preliminary Program AFA 2023 ANNUAL MEETING EIGHTY‐THIRD ANNUAL MEETING AMERICAN FINANCE ASSOCIATION,2023
10.1111/jofi.13194,"Participant Schedule for the AFA 2023 Preliminary Program January 6–8, 2023",2023
10.1111/jofi.13195,Beliefs Aggregation and Return Predictability,2023
10.1111/jofi.13196,How Risky Are U.S. Corporate Assets?,2023
10.1111/jofi.13197,Bayesian Solutions for the Factor Zoo: We Just Ran Two Quadrillion Models,2023
10.1111/jofi.13198,Beyond Basis Basics: Liquidity Demand and Deviations from the Law of One Price,2023
10.1111/jofi.13199,Principal Portfolios,2023
10.1111/jofi.13200,Small Business Equity Returns: Empirical Evidence from the Business Credit Card Securitization Market,2023
10.1111/jofi.13201,ANNOUNCEMENTS,2023
10.1111/jofi.13202,Discount‐Rate Risk in Private Equity: Evidence from Secondary Market Transactions,2023
10.1111/jofi.13203,Biased Auctioneers,2023
10.1111/jofi.13204,Monetary Stimulus amidst the Infrastructure Investment Spree: Evidence from China's Loan‐Level Data,2023
10.1111/jofi.13205,Information Aggregation via Contracting,2023
10.1111/jofi.13206,Equilibrium Bitcoin Pricing,2023
10.1111/jofi.13207,Model Secrecy and Stress Tests,2023
10.1111/jofi.13208,"Local Experiences, Search, and Spillovers in the Housing Market",2023
10.1111/jofi.13209,Did FinTech Lenders Facilitate PPP Fraud?,2023
10.1111/jofi.13210,Report of the 2023 Annual Membership Meeting,2023
10.1111/jofi.13211,"Report of the Executive Secretary and Treasurer for the Fiscal Year Ending June 30, 2022",2023
10.1111/jofi.13212,The Gender Gap in Housing Returns,2023
10.1111/jofi.13213,A Model of Systemic Bank Runs,2023
10.1111/jofi.13214,Do Municipal Bond Dealers Give Their Customers “Fair and Reasonable” Pricing?,2023
10.1111/jofi.13215,Report of the Editor of <i>T</i><i>he</i><i>Journal of Finance</i> for the Year 2022,2023
10.1111/jofi.13216,Duration‐Driven Returns,2023
10.1111/jofi.13217,The Pollution Premium,2023
10.1111/jofi.13218,Macroeconomic News in Asset Pricing and Reality,2023
10.1111/jofi.13219,Firm‐Level Climate Change Exposure,2023
10.1111/jofi.13220,Who Owns What? A Factor Model for Direct Stockholding,2023
10.1111/jofi.13221,ANNOUNCEMENTS,2023
10.1111/jofi.13222,Naïve <i>Buying</i> Diversification and Narrow Framing by Individual Investors,2023
10.1111/jofi.13223,Visibility Bias in the Transmission of Consumption Beliefs and Undersaving,2023
10.1111/jofi.13224,CLO Performance,2023
10.1111/jofi.13225,Model Comparison with Transaction Costs,2023
10.1111/jofi.13226,Integrating Factor Models,2023
10.1111/jofi.13227,Competition and Misconduct,2023
10.1111/jofi.13228,Is COVID Revealing a Virus in CMBS 2.0?,2023
10.1111/jofi.13229,Pockets of Predictability,2023
10.1111/jofi.13230,Andrew W. Lo,2023
10.1111/jofi.13231,Rents and Intangible Capital: A Q+ Framework,2023
10.1111/jofi.13232,Can Security Design Foster Household Risk‐Taking?,2023
10.1111/jofi.13233,Modeling Corporate Bond Returns,2023
10.1111/jofi.13234,ANNOUNCEMENTS,2023
10.1111/jofi.13235,Optimal Sequential Selling Mechanism and Deal Protections in Mergers and Acquisitions,2023
10.1111/jofi.13248,"Liquidity, Volume, and Order Imbalance Volatility",2023
10.1111/jofi.13249,Is There a Replication Crisis in Finance?,2023
10.1111/jofi.13250,Reusing Natural Experiments,2023
10.1111/jofi.13251,Employee Costs of Corporate Bankruptcy,2023
10.1111/jofi.13252,Barter Credit: Warehouses as a Contracting Technology,2023
10.1111/jofi.13253,Retail Derivatives and Sentiment: A Sentiment Measure Constructed from Issuances of Retail Structured Equity Products,2023
10.1111/jofi.13254,Specialization in Bank Lending: Evidence from Exporting Firms,2023
10.1111/jofi.13255,Presidential Address: Sustainable Finance and ESG Issues—<i>Value</i>versus<i>Values</i>,2023
10.1111/jofi.13256,Stealth Acquisitions and Product Market Competition,2023
10.1111/jofi.13257,(Why) Do Central Banks Care about Their Profits?,2023
10.1111/jofi.13258,Retail Financial Innovation and Stock Market Dynamics: The Case of Target Date Funds,2023
10.1111/jofi.13259,ANNOUNCEMENTS,2023
10.1111/jofi.13260,Contracting in Peer Networks,2023
10.1111/jofi.13261,Do Credit Markets Respond to Macroeconomic Shocks? The Case for Reverse Causality,2023
10.1111/jofi.13262,Monetary Policy and Inequality,2023
10.1111/jofi.13263,Moral Hazard versus Liquidity in Household Bankruptcy,2023
10.1111/jofi.13264,Complex Asset Markets,2023
10.1111/jofi.13265,"Dynamic Contracting with Intermediation: Operational, Governance, and Financial Engineering",2023
10.1111/jofi.13266,Pledgeability and Asset Prices: Evidence from the Chinese Corporate Bond Markets,2023
10.1111/jofi.13267,Investor Tax Credits and Entrepreneurship: Evidence from U.S. States,2023
10.1111/jofi.13268,(Re‐)Imag(in)ing Price Trends,2023
10.1111/jofi.13269,Johannes Stroebel: Winner of the 2023 Fischer Black Prize,2023
10.1111/jofi.13270,Informational Black Holes in Financial Markets,2023
10.1111/jofi.13271,Selling Fast and Buying Slow: Heuristics and Trading Performance of Institutional Investors,2023
10.1111/jofi.13272,Global Pricing of Carbon‐Transition Risk,2023
10.1111/jofi.13273,Optimal Forbearance of Bank Resolution,2023
10.1111/jofi.13274,ANNOUNCEMENTS,2023
10.1111/jofi.13275,Operating Hedge and Gross Profitability Premium,2023
10.1111/jofi.13276,Interest Rate Skewness and Biased Beliefs,2024
10.1111/jofi.13277,Household Liquidity Constraints and Labor Market Outcomes: Evidence from a Danish Mortgage Reform,2023
10.1111/jofi.13278,Neglected Risks in the Communication of Residential Mortgage‐Backed Securities Offerings,2024
10.1111/jofi.13279,Option Momentum,2023
10.1111/jofi.13280,Entrepreneurial Wealth and Employment: Tracing Out the Effects of a Stock Market Crash,2023
10.1111/jofi.13281,Attention Spillover in Asset Pricing,2023
10.1111/jofi.13282,"Discount Rates, Debt Maturity, and the Fiscal Theory",2023
10.1111/jofi.13283,"Booms, Busts, and Common Risk Exposures",2023
10.1111/jofi.13284,The Legal Origins of Financial Development: Evidence from the Shanghai Concessions,2023
10.1111/jofi.13285,Retail Trading in Options and the Rise of the Big Three Wholesalers,2023
10.1111/jofi.13286,ANNOUNCEMENTS,2023
10.1111/jofi.13287,Front‐Page News: The Effect of News Positioning on Financial Markets,2024
10.1111/jofi.13288,Auctions with Endogenous Initiation,2024
10.1111/jofi.13289,Trading and Shareholder Democracy,2024
10.1111/jofi.13290,Disclosing a Random Walk,2024
10.1111/jofi.13291,Liquidation Value and Loan Pricing,2024
10.1111/jofi.13292,Financing the Gig Economy,2024
10.1111/jofi.13293,The Global Impact of Brexit Uncertainty,2024
10.1111/jofi.13294,Information Cascades and Threshold Implementation: Theory and an Application to Crowdfunding,2024
10.1111/jofi.13295,Intervention with Screening in Panic‐Based Runs,2024
10.1111/jofi.13296,Disclosing to Informed Traders,2024
10.1111/jofi.13297,Aversion to Student Debt? Evidence from Low‐Wage Workers,2024
10.1111/jofi.13298,The Virtue of Complexity in Return Prediction,2024
10.1111/jofi.13299,Legal Risk and Insider Trading,2024
10.1111/jofi.13300,How Integrated are Credit and Equity Markets? Evidence from Index Options,2024
10.1111/jofi.13301,"Prestige, Promotion, and Pay",2024
10.1111/jofi.13302,"Artificial Intelligence, Education, and Entrepreneurship",2024
10.1111/jofi.13303,Lender Automation and Racial Disparities in Credit Access,2024
10.1111/jofi.13304,"Participant Schedule for the AFA 2024 Preliminary Program January 5–7, 2024",2024
10.1111/jofi.13305,Preliminary Program AFA 2024 ANNUAL MEETING EIGHTY‐FOURTH ANNUAL MEETING AMERICAN FINANCE ASSOCIATION,2024
10.1111/jofi.13306,Foreign Exchange Fixings and Returns around the Clock,2024
10.1111/jofi.13307,The Narrow Channel of Quantitative Easing: Evidence from YCC Down Under,2024
10.1111/jofi.13308,The Decline of Secured Debt,2024
10.1111/jofi.13309,ANNOUNCEMENTS,2024
10.1111/jofi.13310,The Dark Side of Circuit Breakers,2024
10.1111/jofi.13311,Choosing to Disagree: Endogenous Dismissiveness and Overconfidence in Financial Markets,2024
10.1111/jofi.13312,Dissecting the Long‐Term Performance of the Chinese Stock Market,2024
10.1111/jofi.13313,The Equilibrium Size and Value‐Added of Venture Capital,2024
10.1111/jofi.13314,Overconfidence and Preferences for Competition,2024
10.1111/jofi.13315,Political Polarization Affects Households' Financial Decisions: Evidence from Home Sales,2024
10.1111/jofi.13316,Leverage Is a Double‐Edged Sword,2024
10.1111/jofi.13317,Measuring “Dark Matter” in Asset Pricing Models,2024
10.1111/jofi.13318,A q$q$ Theory of Internal Capital Markets,2024
10.1111/jofi.13319,Fee Variation in Private Equity,2024
10.1111/jofi.13320,Informed Trading Intensity,2024
10.1111/jofi.13321,"Mergers, Product Prices, and Innovation: Evidence from the Pharmaceutical Industry",2024
10.1111/jofi.13322,Due Diligence,2024
10.1111/jofi.13323,Does Alternative Data Improve Financial Forecasting? The Horizon Effect,2024
10.1111/jofi.13324,Modeling Conditional Factor Risk Premia Implied by Index Option Returns,2024
10.1111/jofi.13325,Spending Less after (Seemingly) Bad News,2024
10.1111/jofi.13326,Report of the 2024 Annual Membership Meeting,2024
10.1111/jofi.13327,"Report of the Executive Secretary and Treasurer for the Fiscal Year Ending June 30, 2023",2024
10.1111/jofi.13328,BRATTLE GROUP AND DIMENSIONAL FUND ADVISORS PRIZES FOR 2023,2024
10.1111/jofi.13329,Report of the Editor of <i>The Journal of Finance</i> for the Year 2023,2024
10.1111/jofi.13330,ANNOUNCEMENTS,2024
10.1111/jofi.13331,A Horizon‐Based Decomposition of Mutual Fund Value Added Using Transactions,2024
10.1111/jofi.13332,Rent or Buy? Inflation Experiences and Homeownership within and across Countries,2024
10.1111/jofi.13333,A Portfolio Approach to Global Imbalances,2024
10.1111/jofi.13334,A (Sub)penny for Your Thoughts: Tracking Retail Investor Activity in TAQ,2024
10.1111/jofi.13335,Broadband Internet and the Stock Market Investments of Individual Investors,2024
10.1111/jofi.13336,The Term Structure of Covered Interest Rate Parity Violations,2024
10.1111/jofi.13337,Nonstandard Errors,2024
10.1111/jofi.13338,Tracing the International Transmission of a Crisis through Multinational Firms,2024
10.1111/jofi.13339,Goal Setting and Saving in the FinTech Era,2024
10.1111/jofi.13340,Is Long‐Run Risk Really Priced? Revisiting Liu and Matthies (2022),2024
10.1111/jofi.13341,Countercyclical Income Risk and Portfolio Choices: Evidence from Sweden,2024
10.1111/jofi.13342,Zombie Credit and (Dis‐)Inflation: Evidence from Europe,2024
10.1111/jofi.13343,Monetary Policy and Asset Price Overshooting: A Rationale for the Wall/Main Street Disconnect,2024
10.1111/jofi.13344,ANNOUNCEMENTS,2024
10.1111/jofi.13357,Money and Banking with Reserves and CBDC,2024
10.1111/jofi.13358,The Time‐Varying Price of Financial Intermediation in the Mortgage Market,2024
10.1111/jofi.13359,Ravi Jagannathan,2024
10.1111/jofi.13360,Inside and Outside Information,2024
10.1111/jofi.13361,Information Aggregation with Asymmetric Asset Payoffs,2024
10.1111/jofi.13362,Insensitive Investors,2024
10.1111/jofi.13363,What Drives Variation in the U.S. Debt‐to‐Output Ratio? The Dogs that Did not Bark,2024
10.1111/jofi.13364,Half Banked: The Economic Impact of Cash Management in the Marijuana Industry,2024
10.1111/jofi.13365,Very Noisy Option Prices and Inference Regarding the Volatility Risk Premium,2024
10.1111/jofi.13366,Do Women Receive Worse Financial Advice?,2024
10.1111/jofi.13367,Did Banks Pay Fair Returns to Taxpayers on TARP?,2024
10.1111/jofi.13368,Unobserved Performance of Hedge Funds,2024
10.1111/jofi.13369,Meeting Targets in Competitive Product Markets,2024
10.1111/jofi.13370,"Liquidity, Liquidity Everywhere, Not a Drop to Use: Why Flooding Banks with Central Bank Reserves May Not Expand Liquidity",2024
10.1111/jofi.13371,Treasury Richness,2024
10.1111/jofi.13372,Anomaly Time,2024
10.1111/jofi.13373,The Mortgage‐Cash Premium Puzzle,2024
10.1111/jofi.13374,On the Magnification of Small Biases in Hiring,2024
10.1111/jofi.13375,Lying to Speak the Truth: Selective Manipulation and Improved Information Transmission,2024
10.1111/jofi.13376,Treasury Bill Shortages and the Pricing of Short‐Term Assets,2024
10.1111/jofi.13377,Business News and Business Cycles,2024
10.1111/jofi.13378,The Portfolio‐Driven Disposition Effect,2024
10.1111/jofi.13379,Firm Performance Pay as Insurance against Promotion Risk,2024
10.1111/jofi.13380,The SOE Premium and Government Support in China's Credit Market,2024
10.1111/jofi.13381,Currency Management by International Fixed‐Income Mutual Funds,2024
10.1111/jofi.13382,Capital Commitment,2024
10.1111/jofi.13383,Founder‐CEO Compensation and Selection into Venture Capital‐Backed Entrepreneurship,2024
10.1111/jofi.13384,FinTech Credit and Entrepreneurial Growth,2024
10.1111/jofi.13385,The Working Capital Credit Multiplier,2024
10.1111/jofi.13386,Bailout Stigma,2024
10.1111/jofi.13387,ANNOUNCEMENTS,2024
10.1111/jofi.13388,Personal Communication in an Automated World: Evidence from Loan Repayments,2025
10.1111/jofi.13389,Utility Tokens as a Commitment to Competition,2024
10.1111/jofi.13390,Liquidity Transformation and Fragility in the U.S. Banking Sector,2024
10.1111/jofi.13391,Putting the Price in Asset Pricing,2024
10.1111/jofi.13392,"Time‐Consistent Individuals, Time‐Inconsistent Households",2024
10.1111/jofi.13393,Financial Sophistication and Consumer Spending,2024
10.1111/jofi.13394,Equity Term Structures without Dividend Strips Data,2024
10.1111/jofi.13395,A Multifactor Perspective on Volatility‐Managed Portfolios,2024
10.1111/jofi.13396,Bonds versus Equities: Information for Investment,2024
10.1111/jofi.13397,Equilibrium Data Mining and Data Abundance,2025
10.1111/jofi.13398,"Mortgage Lock‐In, Mobility, and Labor Reallocation",2024
10.1111/jofi.13399,Private Equity and Financial Stability: Evidence from Failed‐Bank Resolution in the Crisis,2025
10.1111/jofi.13400,"Scope, Scale, and Concentration: The 21<sup>st</sup>‐Century Firm",2025
10.1111/jofi.13401,Does Floor Trading Matter?,2025
10.1111/jofi.13402,Carbon Returns across the Globe,2025
10.1111/jofi.13403,Presidential Address: Macrofinance and Resilience,2024
10.1111/jofi.13404,Sending Out an SMS: Automatic Enrollment Experiments for Overdraft Alerts,2025
10.1111/jofi.13405,Decentralized Exchange: The Uniswap Automated Market Maker,2025
10.1111/jofi.13406,Repo over the Financial Crisis,
10.1111/jofi.13407,Intermediary Leverage Shocks and Funding Conditions,2025
10.1111/jofi.13408,Dynamic Competition in Negotiated Price Markets,2025
10.1111/jofi.13409,The Global Credit Spread Puzzle,2025
10.1111/jofi.13410,The Disappearing Index Effect,
10.1111/jofi.13411,"Bank Funding Risk, Reference Rates, and Credit Supply",2025
10.1111/jofi.13412,Sustainability or Greenwashing: Evidence from the Asset Market for Industrial Pollution,
10.1111/jofi.13413,"Working More to Pay the Mortgage: Household Debt, Interest Rates, and Family Labor Supply",
10.1111/jofi.13415,Test Assets and Weak Factors,2025
10.1111/jofi.13416,Pricing Poseidon: Extreme Weather Uncertainty and Firm Return Dynamics,
10.1111/jofi.13417,Simplicity and Risk,
10.1111/jofi.13418,ISSUE INFORMATION,2025
10.1111/jofi.13419,AMERICAN FINANCE ASSOCIATION,2025
10.1111/jofi.13420,ANNOUNCEMENTS,2025
10.1111/jofi.13421,Crisis Interventions in Corporate Insolvency,
10.1111/jofi.13422,Designing Stress Scenarios,
10.1111/jofi.13423,Regulatory Fragmentation,
10.1111/jofi.13424,Worker Runs,
10.1111/jofi.13425,The Allocation of Socially Responsible Capital,
10.1111/jofi.13426,Wealth and Insurance Choices: Evidence from U.S. Households,
10.1111/jofi.13427,Feedback Effects and Systematic Risk Exposures,
10.1111/jofi.13428,The Impact of Minority Representation at Mortgage Lenders,
10.1111/jofi.13429,Uncovering the Hidden Effort Problem,
10.1111/jofi.2000.55.issue-1,,2000
10.1111/jofi.2000.55.issue-2,,2000
10.1111/jofi.2000.55.issue-3,,2000
10.1111/jofi.2000.55.issue-4,,2000
10.1111/jofi.2000.55.issue-5,,2000
10.1111/jofi.2000.55.issue-6,,2000
10.1111/jofi.2001.56.issue-1,,2001
10.1111/jofi.2001.56.issue-2,,2001
10.1111/jofi.2001.56.issue-3,,2001
10.1111/jofi.2001.56.issue-4,,2001
10.1111/jofi.2001.56.issue-5,,2001
10.1111/jofi.2001.56.issue-6,,2001
10.1111/jofi.2002.57.issue-1,,2002
10.1111/jofi.2002.57.issue-2,,2002
10.1111/jofi.2002.57.issue-3,,2002
10.1111/jofi.2002.57.issue-4,,2002
10.1111/jofi.2002.57.issue-5,,2002
10.1111/jofi.2002.57.issue-6,,2002
10.1111/jofi.2003.58.issue-1,,2003
10.1111/jofi.2003.58.issue-2,,2003
10.1111/jofi.2003.58.issue-3,,2003
10.1111/jofi.2003.58.issue-4,,2003
10.1111/jofi.2003.58.issue-5,,2003
10.1111/jofi.2003.58.issue-6,,2003
10.1111/jofi.2004.59.issue-1,,2004
10.1111/jofi.2004.59.issue-2,,2004
10.1111/jofi.2004.59.issue-3,,2004
10.1111/jofi.2004.59.issue-4,,2004
10.1111/jofi.2004.59.issue-5,,2004
10.1111/jofi.2005.60.issue-2,,2005
10.1111/jofi.2005.60.issue-3,,2005
10.1111/jofi.2005.60.issue-4,,2005
10.1111/jofi.2005.60.issue-5,,2005
10.1111/jofi.2005.60.issue-6,,2005
10.1111/jofi.2006.61.issue-1,,2006
10.1111/jofi.2006.61.issue-2,,2006
10.1111/jofi.2006.61.issue-3,,2006
10.1111/jofi.2006.61.issue-4,,2006
10.1111/jofi.2006.61.issue-5,,2006
10.1111/jofi.2006.61.issue-6,,2006
10.1111/jofi.2007.62.issue-1,,2007
10.1111/jofi.2007.62.issue-2,,2007
10.1111/jofi.2007.62.issue-3,,2007
10.1111/jofi.2007.62.issue-4,,2007
10.1111/jofi.2007.62.issue-5,,2007
10.1111/jofi.2007.62.issue-6,,2007
10.1111/jofi.2008.63.issue-1,,2008
10.1111/jofi.2008.63.issue-2,,2008
10.1111/jofi.2008.63.issue-3,,2008
10.1111/jofi.2008.63.issue-4,,2008
10.1111/jofi.2008.63.issue-5,,2008
10.1111/jofi.2008.63.issue-6,,2008
10.1111/jofi.2009.64.issue-1,,2009
10.1111/jofi.2009.64.issue-2,,2009
10.1111/jofi.2009.64.issue-3,,2009
10.1111/jofi.2009.64.issue-4,,2009
10.1111/jofi.2009.64.issue-5,,2009
10.1111/jofi.2009.64.issue-6,,2009
10.1111/jofi.2010.65.issue-1,,2010
10.1111/jofi.2010.65.issue-2,,2010
10.1111/jofi.2010.65.issue-3,,2010
10.1111/jofi.2010.65.issue-4,,2010
10.1111/jofi.2010.65.issue-5,,2010
10.1111/jofi.2010.65.issue-6,,2010
10.1111/jofi.2011.66.issue-1,,2011
10.1111/jofi.2011.66.issue-2,,2011
10.1111/jofi.2011.66.issue-3,,2011
10.1111/jofi.2011.66.issue-4,,2011
10.1111/jofi.2011.66.issue-5,,2011
10.1111/jofi.2011.66.issue-6,,2011
10.1111/jofi.2011.67.issue-2,,2012
10.1111/jofi.2012.67.issue-1,,2012
10.1111/jofi.2012.67.issue-3,,2012
10.1111/jofi.2012.67.issue-4,,2012
10.1111/jofi.2012.67.issue-5,,2012
10.1111/jofi.2012.67.issue-6,,2012
10.1111/jofi.2013.68.issue-1,,2013
10.1111/jofi.2013.68.issue-2,,2013
10.1111/jofi.2013.68.issue-3,,2013
10.1111/jofi.2013.68.issue-4,,2013
10.1111/jofi.2013.68.issue-5,,2013
10.1111/jofi.2013.68.issue-6,,2013
10.1111/jofi.2014.69.issue-1,,2014
10.1111/jofi.2014.69.issue-2,,2014
10.1111/jofi.2014.69.issue-3,,2014
10.1111/jofi.2014.69.issue-4,,2014
10.1111/jofi.2014.69.issue-5,,2014
10.1111/jofi.2014.69.issue-6,,2014
10.1111/jofi.2015.70.issue-2,,2015
10.1111/jofi.2015.70.issue-3,,2015
10.1111/jofi.2015.70.issue-4,,2015
10.1111/jofi.2015.70.issue-5,,2015
10.1111/jofi.2015.70.issue-6,,2015
10.1111/jofi.2016.71.issue-1,,2016
10.1111/jofi.2016.71.issue-2,,2016
10.1111/jofi.2016.71.issue-3,,2016
10.1111/jofi.2016.71.issue-4,,2016
10.1111/jofi.2016.71.issue-5,,2016
10.1111/jofi.2016.71.issue-6,,2016
10.1111/jofi.2017.72.issue-1,,2017
10.1111/jofi.2017.72.issue-2,,2017
10.1111/jofi.2017.72.issue-3,,2017
10.1111/jofi.2017.72.issue-4,,2017
10.1111/jofi.2017.72.issue-5,,2017
10.1111/jofi.2017.72.issue-6,,2017
10.1111/jofi.2018.73.issue-1,,2018
10.1111/jofi.2018.73.issue-2,,2018
10.1111/jofi.2018.73.issue-3,,2018
10.1111/jofi.2018.73.issue-4,,2018
10.1111/jofi.2018.73.issue-5,,2018
10.1111/jofi.2018.73.issue-6,,2018
10.1111/jofi.2019.74.issue-1,,2019
10.1111/jofi.2019.74.issue-2,,2019
10.1111/jofi.2019.74.issue-3,,2019
10.1111/jofi.2019.74.issue-4,,2019
10.1111/jofi.fe469,Participant Schedule Report Participants in the AFA 2014 Philadelphia Meetings,2013
10.1111/jofi.fe470,Preliminary Program AFA 2014 PHILADELPHIA MEETINGS,2013
10.1111/jofi.fe552,Preliminary Program AFA 2015 BOSTON MEETINGS,2014
10.1111/jofi.fe553,Participant Schedule Report Participants in the AFA 2015 Boston Meetings,2014
10.1111/jofi.fe589,Preliminary Program AFA 2016 SAN FRANCISCO MEETINGS,2015
10.1111/jofi.fe590,Participant Schedule Report Participants in the AFA 2016 San Francisco Meetings,2015
10.1111/jofi.fp468,Call for Papers,2013
10.1111/jofi.fp554,CALL FOR PAPERS,2014
10.1111/jofi.v74.5,,2019
10.1111/jofi.v74.6,,2019
10.1111/jofi.v75.1,,2020
10.1111/jofi.v75.2,,2020
10.1111/jofi.v75.3,,2020
10.1111/jofi.v75.4,,2020
10.1111/jofi.v75.5,,2020
10.1111/jofi.v75.6,,2020
10.1111/jofi.v76.1,,2021
10.1111/jofi.v76.2,,2021
10.1111/jofi.v76.3,,2021
10.1111/jofi.v76.4,,2021
10.1111/jofi.v76.5,,2021
10.1111/jofi.v76.6,,2021
10.1111/jofi.v77.1,,2022
10.1111/jofi.v77.2,,2022
10.1111/jofi.v77.3,,2022
10.1111/jofi.v77.4,,2022
10.1111/jofi.v77.5,,2022
10.1111/jofi.v77.6,,2022
10.1111/jofi.v78.1,,2023
10.1111/jofi.v78.2,,2023
10.1111/jofi.v78.3,,2023
10.1111/jofi.v78.4,,2023
10.1111/jofi.v78.5,,2023
10.1111/jofi.v78.6,,2023
10.1111/jofi.v79.1,,2024
10.1111/jofi.v79.2,,2024
10.1111/jofi.v79.3,,2024
10.1111/jofi.v79.4,,2024
10.1111/jofi.v79.5,,2024
10.1111/jofi.v79.6,,2024
10.1111/jofi.v80.1,,2025
