DOI,Title,Published Date
10.1016/j.bbagen.2004.06.009,Formulation of a microparticle carrier for oral polyplex-based DNA vaccines,2004
10.1016/j.jfineco.2002.03.001,Estimating the market risk premium,2004
10.1016/j.jfineco.2002.05.001,Performance fee contract change and mutual fund risk,2004
10.1016/j.jfineco.2002.06.001,On the relationship between the conditional mean and volatility of stock returns: A latent VAR approach,2004
10.1016/j.jfineco.2002.10.001,The value of tax shields is NOT equal to the present value of tax shields,2004
10.1016/j.jfineco.2002.10.002,The effects of government ownership on bank lending,2004
10.1016/j.jfineco.2002.11.001,A revealed preference approach to understanding corporate governance problems: Evidence from Canada,2004
10.1016/j.jfineco.2002.11.002,Predicting returns with financial ratios,2004
10.1016/j.jfineco.2003.02.001,The importance of the loss function in option valuation,2004
10.1016/j.jfineco.2003.04.001,New lists: Fundamentals and survival rates,2004
10.1016/j.jfineco.2003.04.002,The timing of initial public offerings,2005
10.1016/j.jfineco.2003.05.001,Smart investments by smart money: Evidence from seasoned equity offerings,2004
10.1016/j.jfineco.2003.05.002,A theory of corporate spin-offs,2004
10.1016/j.jfineco.2003.05.003,Data-generating process uncertainty: What difference does it make in portfolio decisions?,2004
10.1016/j.jfineco.2003.05.004,Gains in bank mergers: Evidence from the bond markets,2004
10.1016/j.jfineco.2003.05.005,Does an electronic stock exchange need an upstairs market?,2004
10.1016/j.jfineco.2003.05.006,Common market makers and commonality in liquidity,2004
10.1016/j.jfineco.2003.05.007,Why constrain your mutual fund manager?,2004
10.1016/j.jfineco.2003.05.008,Limited arbitrage and short sales restrictions: evidence from the options markets,2004
10.1016/j.jfineco.2003.05.009,Institutional trading and the turn-of-the-year effect,2004
10.1016/j.jfineco.2003.06.001,The effect of capital market characteristics on the value of start-up firms,2004
10.1016/j.jfineco.2003.06.002,CEO compensation and incentives: Evidence from M&amp;A bonuses,2004
10.1016/j.jfineco.2003.06.003,Leverage decision and manager compensation with choice of effort and volatility,2004
10.1016/j.jfineco.2003.07.001,The costs of shared ownership: Evidence from international joint ventures,2004
10.1016/j.jfineco.2003.07.002,Firm size and the gains from acquisitions,2004
10.1016/j.jfineco.2003.07.003,The effect of capital structure when expected agency costs are extreme,2004
10.1016/j.jfineco.2003.07.004,Banking market structure and financial stability: Evidence from the Texas real estate crisis in the 1980s,2004
10.1016/j.jfineco.2003.08.001,Appearing and disappearing dividends: The link to catering incentives,2004
10.1016/j.jfineco.2003.08.002,Managerial succession and firm performance,2004
10.1016/j.jfineco.2003.08.003,The choice of equity-selling mechanisms,2004
10.1016/j.jfineco.2003.08.004,Earnings management and the market performance of acquiring firms,2004
10.1016/j.jfineco.2003.09.001,The value of dividend imputation tax credits in Australia,2004
10.1016/j.jfineco.2003.09.002,The timing and terms of mergers motivated by economies of scale,2004
10.1016/j.jfineco.2003.09.003,"Grandstanding, certification and the underpricing of venture capital backed IPOs",2004
10.1016/j.jfineco.2003.09.004,Measuring stock illiquidity: An investigation of the demand and supply schedules at the TASE,2004
10.1016/j.jfineco.2003.09.005,Disentangling diffusion from jumps,2004
10.1016/j.jfineco.2003.10.001,Cross-country determinants of mergers and acquisitions,2004
10.1016/j.jfineco.2003.10.002,"Sources of gains in horizontal mergers: evidence from customer, supplier, and rival firms",2004
10.1016/j.jfineco.2003.10.003,Style effects in the cross-section of stock returns,2004
10.1016/j.jfineco.2003.10.004,Testing market efficiency using statistical arbitrage with applications to momentum and value strategies,2004
10.1016/j.jfineco.2003.11.001,Do security analysts exhibit persistent differences in stock picking ability?,2004
10.1016/j.jfineco.2003.11.002,"Who is in whose pocket? Director compensation, board independence, and barriers to effective monitoring",2004
10.1016/j.jfineco.2003.11.003,News spillovers in the sovereign debt market,2005
10.1016/j.jfineco.2003.12.001,Corporate earnings and the equity premium,2004
10.1016/j.jfineco.2003.12.002,Asset prices and real investment,2004
10.1016/j.jfineco.2004.01.001,"Industry structure and horizontal takeovers: Analysis of wealth effects on rivals, suppliers, and corporate customers",2005
10.1016/j.jfineco.2004.01.002,Information content of equity analyst reports,2005
10.1016/j.jfineco.2004.01.003,"Integration, organizational processes, and allocation of resources",2005
10.1016/j.jfineco.2004.01.004,Professional trader discipline and trade disposition,2005
10.1016/j.jfineco.2004.01.005,Liquidity of emerging markets,2005
10.1016/j.jfineco.2004.01.006,Asymmetric benchmarking in compensation: Executives are rewarded for good luck but not penalized for bad,2006
10.1016/j.jfineco.2004.02.001,Can foreign firms bond themselves effectively by renting U.S. securities laws?,2005
10.1016/j.jfineco.2004.02.002,"Pricing, exit, and location decisions of firms: Evidence on the role of debt and operating efficiency",2005
10.1016/j.jfineco.2004.02.003,The many facets of privately negotiated stock repurchases,2005
10.1016/j.jfineco.2004.02.004,"Investment timing, agency, and information",2005
10.1016/j.jfineco.2004.02.005,Financial intermediation as a beliefs-bridge between optimists and pessimists,2005
10.1016/j.jfineco.2004.03.001,Conditional estimation of diffusion processes,2004
10.1016/j.jfineco.2004.03.002,The timing and value of forecast and recommendation revisions,2004
10.1016/j.jfineco.2004.03.003,Corrigendum to “Universal option valuation using quadrature methods”,2004
10.1016/j.jfineco.2004.03.004,Why do some firms give stock options to all employees?: An empirical examination of alternative theories,2005
10.1016/j.jfineco.2004.03.005,Stock and bond market interaction: Does momentum spill over?,2005
10.1016/j.jfineco.2004.03.006,The risk and return of venture capital,2005
10.1016/j.jfineco.2004.03.007,Short- and long-term demand curves for stocks: theory and evidence on the dynamics of arbitrage,2005
10.1016/j.jfineco.2004.03.008,There is a risk-return trade-off after all,2005
10.1016/j.jfineco.2004.03.009,Why stocks may disappoint,2005
10.1016/j.jfineco.2004.04.001,An econometric model of serial correlation and illiquidity in hedge fund returns,2004
10.1016/j.jfineco.2004.04.002,The cross-section of expected corporate bond returns: Betas or characteristics?,2005
10.1016/j.jfineco.2004.04.003,Comovement,2005
10.1016/j.jfineco.2004.05.001,Informational effects of regulation FD: evidence from rating agencies,2005
10.1016/j.jfineco.2004.05.002,Do tender offers create value? New methods and evidence,2005
10.1016/j.jfineco.2004.05.003,Postprivatization corporate governance: The role of ownership structure and investor protection,2005
10.1016/j.jfineco.2004.05.004,What drives merger waves?,2005
10.1016/j.jfineco.2004.05.005,How much value can blockholders tunnel? Evidence from the Bulgarian mass privatization auctions,2005
10.1016/j.jfineco.2004.05.006,"Exercise behavior, valuation, and the incentive effects of employee stock options",2005
10.1016/j.jfineco.2004.05.007,Does financial liberalization spur growth?,2005
10.1016/j.jfineco.2004.05.008,Expected returns and expected dividend growth,2005
10.1016/j.jfineco.2004.05.009,Issuer surplus and the partial adjustment of IPO prices to public information,2005
10.1016/j.jfineco.2004.05.010,"Institutions, ownership, and finance: the determinants of profit reinvestment among Chinese firms",2005
10.1016/j.jfineco.2004.06.001,The effect of external finance on the equilibrium allocation of capital,2005
10.1016/j.jfineco.2004.06.002,The economics of interest rates,2005
10.1016/j.jfineco.2004.06.003,Does function follow organizational form? Evidence from the lending practices of large and small banks,2005
10.1016/j.jfineco.2004.06.004,Evidence on the speed of convergence to market efficiency,2005
10.1016/j.jfineco.2004.06.005,Do hedge funds have enough capital? A value-at-risk approach,2005
10.1016/j.jfineco.2004.06.006,Conflicts between principals and agents: evidence from residential brokerage,2005
10.1016/j.jfineco.2004.06.007,Asset pricing with liquidity risk,2005
10.1016/j.jfineco.2004.06.008,The dynamics of international equity market expectations,2005
10.1016/j.jfineco.2004.06.009,Optimal toeholds in takeover contests,2005
10.1016/j.jfineco.2004.06.010,"Law, finance, and economic growth in China",2005
10.1016/j.jfineco.2004.06.011,Politicians and banks: Political influences on government-owned banks in emerging markets,2005
10.1016/j.jfineco.2004.06.012,Interactions of corporate financing and investment decisions: The effects of agency conflicts,2005
10.1016/j.jfineco.2004.06.013,Dynamic risk management: Theory and evidence,2005
10.1016/j.jfineco.2004.06.014,Unchecked intermediaries: Price manipulation in an emerging stock market,2005
10.1016/j.jfineco.2004.06.015,Valuation waves and merger activity: The empirical evidence,2005
10.1016/j.jfineco.2004.06.016,"Stock returns, aggregate earnings surprises, and behavioral finance",2006
10.1016/j.jfineco.2004.06.017,Do asset prices reflect fundamentals? Freshly squeezed evidence from the OJ market,2007
10.1016/j.jfineco.2004.07.001,The “make or take” decision in an electronic market: Evidence on the evolution of liquidity,2005
10.1016/j.jfineco.2004.07.002,Accounting transparency and the term structure of credit spreads,2005
10.1016/j.jfineco.2004.07.003,Inflation risk premia and the expectations hypothesis,2005
10.1016/j.jfineco.2004.07.004,Payout policy in the 21st century,2005
10.1016/j.jfineco.2004.08.001,Dealer behavior and trading systems in foreign exchange markets,2005
10.1016/j.jfineco.2004.08.002,"Earnings expectations, investor trade size, and anomalous returns around earnings announcements",2005
10.1016/j.jfineco.2004.08.003,Determinants and implications of arbitrage holdings in acquisitions,2005
10.1016/j.jfineco.2004.08.004,Crossborder dividend taxation and the preferences of taxable and nontaxable investors: Evidence from Canada,2005
10.1016/j.jfineco.2004.08.005,Stock price clustering on option expiration dates,2005
10.1016/j.jfineco.2004.08.006,Explaining the size of the mutual fund industry around the world,2005
10.1016/j.jfineco.2004.08.007,Does it pay to be loyal? An empirical analysis of underwriting relationships and fees,2005
10.1016/j.jfineco.2004.08.008,"Short sales, institutional investors and the cross-section of stock returns",2005
10.1016/j.jfineco.2004.08.009,Mutual fund performance with learning across funds,2005
10.1016/j.jfineco.2004.08.010,Tax management strategies with multiple risky assets,2006
10.1016/j.jfineco.2004.08.011,Do alliances promote knowledge flows?,2006
10.1016/j.jfineco.2004.08.012,"Tunneling, propping, and expropriation: evidence from connected party transactions in Hong Kong☆",2006
10.1016/j.jfineco.2004.09.001,An empirical examination of the costs and benefits of executive stock options: Evidence from Japan,2005
10.1016/j.jfineco.2004.09.002,On the suboptimality of single-factor exercise strategies for Bermudan swaptions,2005
10.1016/j.jfineco.2004.09.003,Crushed by a rational stampede: Strategic share dumping and shareholder insurrections,2006
10.1016/j.jfineco.2004.09.004,Managerial incentives and risk-taking☆,2006
10.1016/j.jfineco.2004.09.005,Global trends in IPO methods: Book building versus auctions with endogenous entry,2005
10.1016/j.jfineco.2004.09.006,Who trades IPOs? A close look at the first days of trading☆,2006
10.1016/j.jfineco.2004.10.001,"Management quality, certification, and initial public offerings",2005
10.1016/j.jfineco.2004.10.002,Shareholder investment horizons and the market for corporate control,2005
10.1016/j.jfineco.2004.10.003,Financing decisions: who issues stock?,2005
10.1016/j.jfineco.2004.10.004,Strategic trading behavior and price distortion in a manipulated market: anatomy of a squeeze,2005
10.1016/j.jfineco.2004.10.005,Market manipulation: A comprehensive study of stock pools,2005
10.1016/j.jfineco.2004.10.006,"Prospect theory, mental accounting, and momentum",2005
10.1016/j.jfineco.2004.10.007,You can’t always get what you want: Trade-size clustering and quantity choice in liquidity,2005
10.1016/j.jfineco.2004.10.008,Liquidity: Urban versus rural firms,2005
10.1016/j.jfineco.2004.10.009,The dynamics of mergers and acquisitions,2005
10.1016/j.jfineco.2004.10.010,Time-varying market integration and expected returns in emerging markets,2005
10.1016/j.jfineco.2004.10.011,CEO incentives and earnings management,2006
10.1016/j.jfineco.2004.11.001,Let's make a deal! How shareholder control impacts merger payoffs,2005
10.1016/j.jfineco.2004.11.002,Dimensions of execution quality: Recent evidence for US equity markets,2005
10.1016/j.jfineco.2004.11.003,R2 around the world: New theory and new tests☆,2006
10.1016/j.jfineco.2004.11.004,On the role of arbitrageurs in rational markets☆,2006
10.1016/j.jfineco.2004.12.001,Is value riskier than growth?,2005
10.1016/j.jfineco.2004.12.002,The choice between rights offerings and private equity placements,2005
10.1016/j.jfineco.2004.12.003,The impact of performance-based compensation on misreporting,2006
10.1016/j.jfineco.2004.12.004,Profitable predictability in the cross section of stock returns,2005
10.1016/j.jfineco.2004.12.005,"How do family ownership, control and management affect firm value?",2006
10.1016/j.jfineco.2004.12.006,The costs of entrenched boards,2005
10.1016/j.jfineco.2005.01.001,"Short interest, institutional ownership, and stock returns",2005
10.1016/j.jfineco.2005.01.002,Should corporate debt include a rating trigger?,2006
10.1016/j.jfineco.2005.01.003,Are perks purely managerial excess?,2006
10.1016/j.jfineco.2005.01.004,The new new financial thing: The origins of financial innovations,2006
10.1016/j.jfineco.2005.01.005,Separating microstructure noise from volatility,2006
10.1016/j.jfineco.2005.02.001,Should business groups be dismantled? The equilibrium costs of efficient internal capital markets,2006
10.1016/j.jfineco.2005.02.002,Corporate tax avoidance and high-powered incentives,2006
10.1016/j.jfineco.2005.02.003,Competition among regulators and credit market integration☆,2006
10.1016/j.jfineco.2005.02.004,A consumption-based model of the term structure of interest rates☆,2006
10.1016/j.jfineco.2005.02.005,What happened to liquidity when world war I shut the NYSE?,2005
10.1016/j.jfineco.2005.02.006,The impact of regulation on market risk,2006
10.1016/j.jfineco.2005.03.001,"A general approach to integrated risk management with skewed, fat-tailed risks",2006
10.1016/j.jfineco.2005.03.002,Leverage and investment in diversified firms☆,2006
10.1016/j.jfineco.2005.03.003,The irrelevance of the MM dividend irrelevance theorem☆,2006
10.1016/j.jfineco.2005.03.004,Partial adjustment toward target capital structures,2006
10.1016/j.jfineco.2005.03.005,Dividend changes and catering incentives,2006
10.1016/j.jfineco.2005.03.006,"Trades outside the quotes: Reporting delay, trading option, or trade size?",2006
10.1016/j.jfineco.2005.03.007,Term structure estimation without using latent factors,2006
10.1016/j.jfineco.2005.03.008,Dynamic forecasting behavior by analysts: Theory and evidence,2006
10.1016/j.jfineco.2005.03.009,Do accurate earnings forecasts facilitate superior investment recommendations?,2006
10.1016/j.jfineco.2005.03.010,Stock price synchronicity and analyst coverage in emerging markets,2006
10.1016/j.jfineco.2005.03.011,"The American keiretsu and universal banks: Investing, voting and sitting on nonfinancials’ corporate boards",2006
10.1016/j.jfineco.2005.03.012,Liquidity needs and vulnerability to financial underdevelopment,2006
10.1016/j.jfineco.2005.03.013,Cross-sectional forecasts of the equity premium☆,2006
10.1016/j.jfineco.2005.03.014,"Hedging, speculation, and shareholder value☆",2006
10.1016/j.jfineco.2005.04.001,Debt financing: Does it boost or hurt firm performance in product markets?,2006
10.1016/j.jfineco.2005.04.002,Volatility in an era of reduced uncertainty: Lessons from Pax Britannica,2006
10.1016/j.jfineco.2005.04.003,Business ties and proxy voting by mutual funds,2007
10.1016/j.jfineco.2005.04.004,The outsourcing of R&amp;D through acquisitions in the pharmaceutical industry,2006
10.1016/j.jfineco.2005.04.005,Momentum and post-earnings-announcement drift anomalies: The role of liquidity risk,2006
10.1016/j.jfineco.2005.05.001,Why are European IPOs so rarely priced outside the indicative price range?,2006
10.1016/j.jfineco.2005.05.002,"Flights of fancy: Corporate jets, CEO perquisites, and inferior shareholder returns",2006
10.1016/j.jfineco.2005.05.003,"Investor attention, overconfidence and category learning",2006
10.1016/j.jfineco.2005.05.004,Dynamic liquidity in endowment economies,2006
10.1016/j.jfineco.2005.05.005,Earnings and price momentum,2006
10.1016/j.jfineco.2005.05.006,Feedback and the success of irrational investors☆,2006
10.1016/j.jfineco.2005.05.007,An equilibrium model of incentive contracts in the presence of information manipulation,2006
10.1016/j.jfineco.2005.05.008,Efficient tests of stock return predictability☆,2006
10.1016/j.jfineco.2005.05.009,Was there a Nasdaq bubble in the late 1990s?☆,2006
10.1016/j.jfineco.2005.05.010,Investing in mutual funds when returns are predictable☆,2006
10.1016/j.jfineco.2005.05.011,Ripples through markets: Inter-market impacts generated by large trades,2006
10.1016/j.jfineco.2005.05.012,The conditional CAPM does not explain asset-pricing anomalies☆,2006
10.1016/j.jfineco.2005.06.001,Is there a diversification discount in financial conglomerates?,2007
10.1016/j.jfineco.2005.06.002,The economic consequences of increased disclosure: Evidence from international cross-listings☆,2006
10.1016/j.jfineco.2005.06.003,Determinants of collateral☆,2006
10.1016/j.jfineco.2005.06.004,"Conflicts of interest, information provision, and competition in the financial services industry",2007
10.1016/j.jfineco.2005.06.005,Do a firm's equity returns reflect the risk of its pension plan?☆,2006
10.1016/j.jfineco.2005.06.006,"Political relationships, global financing, and corporate transparency: Evidence from Indonesia☆",2006
10.1016/j.jfineco.2005.06.007,"IPOs, acquisitions, and the use of convertible securities in venture capital",2006
10.1016/j.jfineco.2005.06.008,Competition and cooperation among exchanges: A theory of cross-listing and endogenous listing standards☆,2006
10.1016/j.jfineco.2005.06.009,Financing decisions when managers are risk averse,2006
10.1016/j.jfineco.2005.07.001,"Strategic alliances, equity stakes, and entry deterrence",2006
10.1016/j.jfineco.2005.07.002,A theory of socialistic internal capital markets,2006
10.1016/j.jfineco.2005.07.003,The value of tax shields IS equal to the present value of tax shields☆,2006
10.1016/j.jfineco.2005.07.004,Own company stock in defined contribution pension plans: A takeover defense?☆,2006
10.1016/j.jfineco.2005.07.005,Dividend policy and the earned/contributed capital mix: a test of the life-cycle theory☆,2006
10.1016/j.jfineco.2005.07.006,Who herds?,2006
10.1016/j.jfineco.2005.07.007,External finance constraints and the intertemporal pattern of intermittent investment,2006
10.1016/j.jfineco.2005.07.008,Evidence on the effects of bank competition on firm borrowing and investment,2006
10.1016/j.jfineco.2005.07.009,Shareholder wealth effects and bid negotiation in freeze-out deals: Are minority shareholders left out in the cold?,2006
10.1016/j.jfineco.2005.07.010,Output and expected returns,2006
10.1016/j.jfineco.2005.07.011,Stock price reaction to public and private information,2006
10.1016/j.jfineco.2005.07.013,Asset pricing with unforeseen contingencies☆,2006
10.1016/j.jfineco.2005.07.014,Predicting stock returns☆,2006
10.1016/j.jfineco.2005.08.001,"Dividend policy, signaling, and discounts on closed-end funds",2006
10.1016/j.jfineco.2005.08.002,The strategy of professional forecasting☆,2006
10.1016/j.jfineco.2005.08.003,So what do I get? The bank's view of lending relationships,2007
10.1016/j.jfineco.2005.08.004,World markets for raising new capital,2006
10.1016/j.jfineco.2005.08.005,On the marketing of IPOs,2006
10.1016/j.jfineco.2005.09.001,Stock market liberalization and operating performance at the firm level,2006
10.1016/j.jfineco.2005.09.002,Tax shelters and corporate debt policy,2006
10.1016/j.jfineco.2005.09.003,Strength of analyst coverage following IPOs,2006
10.1016/j.jfineco.2005.09.004,Comparing the stock recommendation performance of investment banks and independent research firms,2007
10.1016/j.jfineco.2005.09.005,Estimation of continuous-time models with an application to equity volatility dynamics,2006
10.1016/j.jfineco.2005.09.006,Entry regulation as a barrier to entrepreneurship,2006
10.1016/j.jfineco.2005.09.007,The term structure of commercial paper rates☆,2007
10.1016/j.jfineco.2005.09.008,Market price of risk specifications for affine models: Theory and evidence☆,2007
10.1016/j.jfineco.2005.09.009,"Profitability, investment and average returns",2006
10.1016/j.jfineco.2005.09.010,Do industries lead stock markets?,2007
10.1016/j.jfineco.2005.10.001,A liquidity-augmented capital asset pricing model,2006
10.1016/j.jfineco.2005.10.002,"Market transparency, liquidity externalities, and institutional trading costs in corporate bonds☆",2006
10.1016/j.jfineco.2005.10.003,"Capital structure, credit risk, and macroeconomic conditions",2006
10.1016/j.jfineco.2005.10.004,Saving and investing for early retirement: A theoretical analysis☆,2007
10.1016/j.jfineco.2005.10.005,Does good corporate governance include employee representation? Evidence from German corporate boards,2006
10.1016/j.jfineco.2005.10.006,Maximum likelihood estimation of stochastic volatility models,2007
10.1016/j.jfineco.2005.10.007,Firms’ histories and their capital structures☆,2007
10.1016/j.jfineco.2005.10.008,The effect of state laws on capital structure,2007
10.1016/j.jfineco.2005.10.009,Extending quadrature methods to value multi-asset and complex path dependent options,2007
10.1016/j.jfineco.2005.10.010,Local ownership as private information: Evidence on the monitoring-liquidity trade-off,2007
10.1016/j.jfineco.2005.10.011,Multi-period corporate default prediction with stochastic covariates,2007
10.1016/j.jfineco.2005.11.001,Share restrictions and asset pricing: Evidence from the hedge fund industry☆,2007
10.1016/j.jfineco.2005.11.002,Trade credit and bank credit: Evidence from recent financial crises,2007
10.1016/j.jfineco.2005.11.003,Investor protection and the Coasian view☆,2007
10.1016/j.jfineco.2005.12.001,Informed finance and technological change: Evidence from credit relationships☆,2007
10.1016/j.jfineco.2005.12.002,The empirical risk–return relation: A factor analysis approach☆,2007
10.1016/j.jfineco.2005.12.003,Does backdating explain the stock price pattern around executive stock option grants?,2007
10.1016/j.jfineco.2005.12.004,Conflicts of interest in sell-side research and the moderating role of institutional investors,2007
10.1016/j.jfineco.2005.12.005,Why are IPO investors net buyers through lead underwriters?,2007
10.1016/j.jfineco.2005.12.006,Corporate governance and the value of cash holdings,2007
10.1016/j.jfineco.2005.12.007,Corporate capital structure and the characteristics of suppliers and customers,2007
10.1016/j.jfineco.2005.12.008,Testing Q theory with financing frictions,2007
10.1016/j.jfineco.2005.12.009,Do hedge funds deliver alpha? A Bayesian and bootstrap analysis☆,2007
10.1016/j.jfineco.2005.12.010,The impact of all-star analyst job changes on their coverage choices and investment banking deal flow☆,2007
10.1016/j.jfineco.2006.01.001,NBER Conference on corporate alliances,2006
10.1016/j.jfineco.2006.01.002,Investment under uncertainty and time-inconsistent preferences☆,2007
10.1016/j.jfineco.2006.01.003,"Disagreement, tastes, and asset prices",2007
10.1016/j.jfineco.2006.01.004,The price of corporate liquidity: Acquisition discounts for unlisted targets,2007
10.1016/j.jfineco.2006.01.005,"Classified boards, firm value, and managerial entrenchment",2007
10.1016/j.jfineco.2006.01.006,"Housing, consumption and asset pricing",2007
10.1016/j.jfineco.2006.01.007,Do today's trades affect tomorrow's IPO allocations?☆,2007
10.1016/j.jfineco.2006.01.008,Employee sentiment and stock option compensation☆,2007
10.1016/j.jfineco.2006.02.001,Heterogeneous preferences and equilibrium trading volume,2007
10.1016/j.jfineco.2006.02.002,Firm-specific attributes and the cross-section of momentum☆,2007
10.1016/j.jfineco.2006.02.003,Estimating and testing beta pricing models: Alternative methods and their performance in simulations☆,2007
10.1016/j.jfineco.2006.02.004,Is universal banking justified? Evidence from bank underwriting of corporate bonds in Japan☆,2007
10.1016/j.jfineco.2006.02.005,An analysis of trade-size clustering and its relation to stealth trading☆,2007
10.1016/j.jfineco.2006.02.006,Mimicking repurchases☆,2007
10.1016/j.jfineco.2006.03.001,The other January effect☆,2006
10.1016/j.jfineco.2006.03.002,"Arrogance can be a virtue: Overconfidence, information acquisition, and market efficiency☆",2007
10.1016/j.jfineco.2006.03.003,Firm-specific risk and equity market development☆,2007
10.1016/j.jfineco.2006.03.004,Private credit in 129 countries☆,2007
10.1016/j.jfineco.2006.03.005,Corporate financing decisions when investors take the path of least resistance☆,2007
10.1016/j.jfineco.2006.03.006,Drexel Burnham Lambert's bankruptcy and the subsequent decline in underwriter fees☆,2007
10.1016/j.jfineco.2006.03.007,Disclosure frequency and earnings management☆,2007
10.1016/j.jfineco.2006.03.008,"Politically connected CEOs, corporate governance, and Post-IPO performance of China's newly partially privatized firms☆",2007
10.1016/j.jfineco.2006.03.009,Was there too little entry during the Dot Com Era?☆,2007
10.1016/j.jfineco.2006.03.010,Stochastic skew in currency options☆,2007
10.1016/j.jfineco.2006.04.001,Is Chapter 11 costly?☆,2007
10.1016/j.jfineco.2006.04.002,Foreign entry and bank competition☆,2007
10.1016/j.jfineco.2006.05.001,"Banking crises, financial dependence, and growth☆",2007
10.1016/j.jfineco.2006.05.002,"Board structure, mergers, and shareholder wealth: A study of the mutual fund industry",2007
10.1016/j.jfineco.2006.05.003,Insider trading in credit derivatives☆,2007
10.1016/j.jfineco.2006.05.004,The determinants of corporate board size and composition: An empirical analysis,2007
10.1016/j.jfineco.2006.05.005,Theft and taxes☆,2007
10.1016/j.jfineco.2006.05.006,Executive stock options and IPO underpricing,2007
10.1016/j.jfineco.2006.05.007,The influence of product market dynamics on a firm's cash holdings and hedging behavior☆,2007
10.1016/j.jfineco.2006.05.008,Laddering in initial public offerings,2007
10.1016/j.jfineco.2006.05.009,Why do corporate managers misstate financial statements? The role of option compensation and other factors,2007
10.1016/j.jfineco.2006.05.010,"Order flow, dealer profitability, and price formation",2007
10.1016/j.jfineco.2006.05.011,Does industry-wide distress affect defaulted firms? Evidence from creditor recoveries,2007
10.1016/j.jfineco.2006.05.012,"Financial fraud, director reputation, and shareholder wealth",2007
10.1016/j.jfineco.2006.06.001,Good and bad credit contagion: Evidence from credit default swaps☆,2007
10.1016/j.jfineco.2006.06.002,A lender-based theory of collateral☆,2007
10.1016/j.jfineco.2006.06.003,The risk return tradeoff in the long run: 1836–2003,2007
10.1016/j.jfineco.2006.06.004,Determinants of the floating-to-fixed rate debt structure of firms,2007
10.1016/j.jfineco.2006.06.005,SV mixture models with application to S&amp;P 500 index returns,2007
10.1016/j.jfineco.2006.06.006,Why are IPOs underpriced? Evidence from Japan's hybrid auction-method offerings,2007
10.1016/j.jfineco.2006.06.007,"Collateral, debt capacity, and corporate investment: Evidence from a natural experiment",2007
10.1016/j.jfineco.2006.06.008,International asset pricing under segmentation and PPP deviations,2007
10.1016/j.jfineco.2006.07.001,Geographical segmentation of US capital markets,2007
10.1016/j.jfineco.2006.07.002,Reaching out: Access to and use of banking services across countries,2007
10.1016/j.jfineco.2006.07.003,Technological innovation and real investment booms and busts,2007
10.1016/j.jfineco.2006.07.004,Banks and bubbles: How good are bankers at spotting winners?☆,2007
10.1016/j.jfineco.2006.08.001,Portfolio manager ownership and fund performance,2007
10.1016/j.jfineco.2006.08.002,How much of the corporate bond spread is due to personal taxes?,2007
10.1016/j.jfineco.2006.08.003,Do managers intentionally use repurchase tender offers to signal private information? Evidence from firm financial reporting behavior,2007
10.1016/j.jfineco.2006.08.004,Foreign currency-denominated borrowing in the absence of operating incentives☆,2007
10.1016/j.jfineco.2006.08.005,Affiliated mutual funds and the allocation of initial public offerings,2007
10.1016/j.jfineco.2006.08.006,Bank relationships and underwriter competition: Evidence from Japan,2007
10.1016/j.jfineco.2006.08.007,Second time lucky? Withdrawn IPOs that return to the market,2008
10.1016/j.jfineco.2006.08.008,Boards: Does one size fit all☆,2008
10.1016/j.jfineco.2006.09.001,Multifrequency news and stock returns☆,2007
10.1016/j.jfineco.2006.09.002,Why do countries matter so much for corporate governance?☆,2007
10.1016/j.jfineco.2006.09.003,Optimism and economic choice☆,2007
10.1016/j.jfineco.2006.09.004,Productivity-based asset pricing: Theory and evidence,2007
10.1016/j.jfineco.2006.09.005,Monitoring: Which institutions matter?,2007
10.1016/j.jfineco.2006.09.006,Do mutual funds time the market? Evidence from portfolio holdings,2007
10.1016/j.jfineco.2006.09.007,Asset fire sales (and purchases) in equity markets,2007
10.1016/j.jfineco.2006.09.008,Affiliated firms and financial support: Evidence from Indian business groups,2007
10.1016/j.jfineco.2006.09.009,WITHDRAWN: Affiliated firms and financial support: Evidence from Indian business groups,2007
10.1016/j.jfineco.2006.09.010,Motivations for public equity offers: An international perspective☆,2008
10.1016/j.jfineco.2006.09.011,How and why do small firms manage interest rate risk☆,2008
10.1016/j.jfineco.2006.10.001,Estimating systemic risk in the international financial system,2007
10.1016/j.jfineco.2006.10.002,Asymmetric stock market volatility and the cyclical behavior of expected returns,2007
10.1016/j.jfineco.2006.10.003,"Investment, consumption, and hedging under incomplete markets",2007
10.1016/j.jfineco.2006.10.004,Dealer intermediation and price behavior in the aftermarket for new bond issues,2007
10.1016/j.jfineco.2006.10.005,"Dominant shareholders, corporate boards, and corporate value: A cross-country analysis",2008
10.1016/j.jfineco.2006.10.006,Board size and the variability of corporate performance,2008
10.1016/j.jfineco.2006.11.001,The economics of conflicts of interest in financial institutions,2007
10.1016/j.jfineco.2006.11.002,Affirmative obligations and market making with inventory,2007
10.1016/j.jfineco.2006.11.003,Political connections and preferential access to finance: The role of campaign contributions,2008
10.1016/j.jfineco.2006.11.004,"Comparative advantage, demand for external finance, and financial development",2007
10.1016/j.jfineco.2006.11.005,Testing financing constraints on firm investment using variable capital,2007
10.1016/j.jfineco.2006.11.006,Why do firms hold so much cash? A tax-based explanation,2007
10.1016/j.jfineco.2006.11.007,"Managerial incentives, capital reallocation, and the business cycle",2008
10.1016/j.jfineco.2006.12.001,"Stochastic risk premiums, stochastic skewness in currency options, and stochastic discount factors in international economies",2008
10.1016/j.jfineco.2006.12.002,Venture capital investment cycles: The impact of public markets,2008
10.1016/j.jfineco.2006.12.003,Pricing the commonality across alternative measures of liquidity,2008
10.1016/j.jfineco.2006.12.004,Internationalization and the evolution of corporate valuation,2008
10.1016/j.jfineco.2006.12.005,"Information asymmetry, information dissemination and the effect of regulation FD on the cost of capital",2008
10.1016/j.jfineco.2006.12.006,"Export incentives, financial constraints, and the (mis)allocation of credit: Micro-level evidence from subsidized export loans☆",2008
10.1016/j.jfineco.2007.01.001,"Risk, return, and dividends",2007
10.1016/j.jfineco.2007.01.002,Does firm value move too much to be justified by subsequent changes in cash flow?,2008
10.1016/j.jfineco.2007.01.003,The probability and magnitude of information events,2008
10.1016/j.jfineco.2007.01.004,Evaluating the real effect of bank branching deregulation: Comparing contiguous counties across US state borders,2008
10.1016/j.jfineco.2007.01.005,Inter-firm linkages and the wealth effects of financial distress along the supply chain☆,2008
10.1016/j.jfineco.2007.01.006,Financing and takeovers,2008
10.1016/j.jfineco.2007.02.001,Are small investors naive about incentives?,2007
10.1016/j.jfineco.2007.02.002,Dividend policy: Reconciling DD with MM☆,2008
10.1016/j.jfineco.2007.02.003,Seasonality in the cross-section of stock returns☆,2008
10.1016/j.jfineco.2007.02.004,Do local analysts know more? A cross-country study of the performance of local analysts and foreign analysts,2008
10.1016/j.jfineco.2007.02.005,Corporate asset purchases and sales: Theory and evidence☆,2008
10.1016/j.jfineco.2007.02.006,"Latent liquidity: A new measure of liquidity, with an application to corporate bonds",2008
10.1016/j.jfineco.2007.02.007,The law and economics of self-dealing,2008
10.1016/j.jfineco.2007.03.001,Credit-spread determinants and interlocking contracts: A study of the Ras Gas project☆,2007
10.1016/j.jfineco.2007.03.002,The intertemporal relation between expected returns and risk,2008
10.1016/j.jfineco.2007.03.003,Corporate governance and pay-for-performance: The impact of earnings management☆,2008
10.1016/j.jfineco.2007.03.004,The determinants of board structure☆,2008
10.1016/j.jfineco.2007.03.005,Liquidity and market efficiency☆,2008
10.1016/j.jfineco.2007.03.006,"Volume, liquidity, and liquidity risk☆",2008
10.1016/j.jfineco.2007.03.007,Board classification and managerial entrenchment: Evidence from the market for corporate control,2008
10.1016/j.jfineco.2007.03.008,Firm-specific information and the efficiency of investment,2008
10.1016/j.jfineco.2007.04.001,The expected value premium☆,2008
10.1016/j.jfineco.2007.04.002,Corporate governance and firm cash holdings in the US,2008
10.1016/j.jfineco.2007.04.003,Financial distress and corporate risk management: Theory and evidence,2008
10.1016/j.jfineco.2007.04.004,Firms as buyers of last resort,2008
10.1016/j.jfineco.2007.04.005,"Trading imbalances, predictable reversals, and cross-stock price pressure",2008
10.1016/j.jfineco.2007.05.001,The power of the pen and executive compensation,2008
10.1016/j.jfineco.2007.05.002,Capital structure with risky foreign investment,2008
10.1016/j.jfineco.2007.05.003,"The evolving relation between earnings, dividends, and stock repurchases",2008
10.1016/j.jfineco.2007.05.004,Entrepreneurial finance: Banks versus venture capital,2008
10.1016/j.jfineco.2007.05.005,Ultimate ownership and control in Russia,2008
10.1016/j.jfineco.2007.05.006,Capital structure and international debt shifting,2008
10.1016/j.jfineco.2007.05.007,"Stock price informativeness, cross-listings, and investment decisions",2008
10.1016/j.jfineco.2007.05.008,Analyst coverage and earnings management,2008
10.1016/j.jfineco.2007.05.009,Financial expertise of directors,2008
10.1016/j.jfineco.2007.06.001,How is macro news transmitted to exchange rates?,2008
10.1016/j.jfineco.2007.06.002,Does international cross-listing improve the information environment,2008
10.1016/j.jfineco.2007.06.003,The consequences to managers for financial misrepresentation,2008
10.1016/j.jfineco.2007.06.004,Big business stability and economic growth: Is what's good for General Motors good for America?☆,2008
10.1016/j.jfineco.2007.06.005,Creative destruction and firm-specific performance heterogeneity☆,2008
10.1016/j.jfineco.2007.06.006,Why do firms pay dividends? International evidence on the determinants of dividend policy☆,2008
10.1016/j.jfineco.2007.06.007,Cycles in the IPO market☆,2008
10.1016/j.jfineco.2007.07.001,Dumb money: Mutual fund flows and the cross-section of stock returns,2008
10.1016/j.jfineco.2007.07.002,Who makes acquisitions? CEO overconfidence and the market's reaction☆,2008
10.1016/j.jfineco.2007.07.003,The colors of investors’ money: The role of institutional investors around the world,2008
10.1016/j.jfineco.2007.07.004,Decomposing swap spreads,2008
10.1016/j.jfineco.2007.07.005,On the importance of retail banking relationships,2008
10.1016/j.jfineco.2007.07.006,Incumbents and protectionism: The political economy of foreign entry liberalization,2008
10.1016/j.jfineco.2007.07.007,Debt and managerial rents in a real-options model of the firm,2008
10.1016/j.jfineco.2007.07.008,Striking oil: Another puzzle?,2008
10.1016/j.jfineco.2007.08.001,Diversification to mitigate expropriation in the tobacco industry☆,2008
10.1016/j.jfineco.2007.08.002,The expectation hypothesis of the term structure of very short-term rates: Statistical tests and economic value☆,2008
10.1016/j.jfineco.2007.08.003,Do auctions induce a winner's curse? New evidence from the corporate takeover market☆,2008
10.1016/j.jfineco.2007.08.004,Voluntary disclosures around share repurchases☆,2008
10.1016/j.jfineco.2007.08.005,Corporate misreporting and bank loan contracting☆,2008
10.1016/j.jfineco.2007.08.006,A theory of the transition to secondary market trading of IPOs☆,2008
10.1016/j.jfineco.2007.08.007,Does the use of peer groups contribute to higher pay and less efficient compensation?☆,2008
10.1016/j.jfineco.2007.09.001,Advisors and asset prices: A model of the origins of bubbles,2008
10.1016/j.jfineco.2007.09.002,Testing limits to policy reversal: Evidence from Indian privatizations☆,2008
10.1016/j.jfineco.2007.09.003,Who are the active investors?☆Evidence from venture capital,2008
10.1016/j.jfineco.2007.09.004,Investment frictions and leverage dynamics☆,2008
10.1016/j.jfineco.2007.10.001,Reply to: Dividend policy: Reconciling DD with MM☆,2008
10.1016/j.jfineco.2007.10.002,Information flows within financial conglomerates: Evidence from the banks–mutual funds relation,2008
10.1016/j.jfineco.2007.10.003,Automatic bankruptcy auctions and fire-sales☆,2008
10.1016/j.jfineco.2007.10.004,The divergence of liquidity commonality in the cross-section of stocks☆,2008
10.1016/j.jfineco.2007.10.005,Financing patterns around the world: Are small firms different?☆,2008
10.1016/j.jfineco.2007.10.006,Structural models of credit risk are useful: Evidence from hedge ratios on corporate bonds☆,2008
10.1016/j.jfineco.2007.10.007,Can hedging tell the full story? Reconciling differences in United States aggregate- and industry-level exchange rate risk premium☆,2008
10.1016/j.jfineco.2007.10.008,Why is PIN priced?☆,2008
10.1016/j.jfineco.2007.11.001,"Rights offerings, takeup, renounceability, and underwriting status",2008
10.1016/j.jfineco.2007.11.002,Dividends and share repurchases in the European Union,2008
10.1016/j.jfineco.2007.11.003,Can real options explain financing behavior?,2008
10.1016/j.jfineco.2007.11.004,"Cross-ownership, returns, and voting in mergers☆",2008
10.1016/j.jfineco.2007.11.005,Why do private acquirers pay so little compared to public acquirers?☆,2008
10.1016/j.jfineco.2007.11.006,The only game in town: Stock-price consequences of local bias☆,2008
10.1016/j.jfineco.2007.11.007,The timing of financing decisions: An examination of the correlation in financing waves☆,2008
10.1016/j.jfineco.2007.11.008,Venture capital reputation and investment performance☆,2008
10.1016/j.jfineco.2007.11.009,"Accruals, cash flows, and aggregate stock returns☆",2009
10.1016/j.jfineco.2007.12.001,"Ex-dividend day trading: Who, how, and why?",2008
10.1016/j.jfineco.2007.12.002,The importance of IRS monitoring to debt pricing in private firms☆,2008
10.1016/j.jfineco.2007.12.003,Option valuation with long-run and short-run volatility components☆,2008
10.1016/j.jfineco.2007.12.004,A market-clearing role for inefficiency on a limit order book,2009
10.1016/j.jfineco.2007.12.005,High idiosyncratic volatility and low returns: International and further U.S. evidence,2009
10.1016/j.jfineco.2007.12.006,Redistribution by insurance market regulation: Analyzing a ban on gender-based retirement annuities,2009
10.1016/j.jfineco.2008.01.001,Banks and innovation: Microeconometric evidence on Italian firms☆,2008
10.1016/j.jfineco.2008.01.002,Do boards pay attention when institutional investor activists “just vote no”?☆,2008
10.1016/j.jfineco.2008.01.003,Why firms purchase property insurance☆,2008
10.1016/j.jfineco.2008.01.004,How common are common return factors across the NYSE and Nasdaq?☆,2008
10.1016/j.jfineco.2008.01.005,"Risk, uncertainty, and asset prices",2009
10.1016/j.jfineco.2008.01.006,Does investor recognition predict returns?☆,2008
10.1016/j.jfineco.2008.02.001,"Information, sell-side research, and market making☆",2008
10.1016/j.jfineco.2008.02.002,Do investors value smooth performance?☆,2008
10.1016/j.jfineco.2008.02.003,Idiosyncratic risk and the cross-section of expected stock returns,2009
10.1016/j.jfineco.2008.02.004,Merger negotiations and the toehold puzzle☆,2008
10.1016/j.jfineco.2008.02.005,Dispersion in analysts’ earnings forecasts and credit rating,2009
10.1016/j.jfineco.2008.02.006,Conditional volatility in affine term-structure models: Evidence from Treasury and swap markets☆,2009
10.1016/j.jfineco.2008.02.007,Dynamic order submission strategies with competition between a dealer market and a crossing network☆,2009
10.1016/j.jfineco.2008.02.008,"Convertible bond arbitrage, liquidity externalities, and stock prices☆",2008
10.1016/j.jfineco.2008.02.009,Product market advertising and new equity issues,2009
10.1016/j.jfineco.2008.02.010,Has New York become less competitive than London in global markets? Evaluating foreign listing choices over time☆,2009
10.1016/j.jfineco.2008.02.011,Performance evaluation and self-designated benchmark indexes in the mutual fund industry,2009
10.1016/j.jfineco.2008.03.001,Are fairness opinions fair? The case of mergers and acquisitions☆,2008
10.1016/j.jfineco.2008.03.002,The performance of reverse leveraged buyouts☆,2008
10.1016/j.jfineco.2008.03.003,Collateral pricing☆,2009
10.1016/j.jfineco.2008.03.004,Neighborhood matters: The impact of location on broad based stock option plans,2009
10.1016/j.jfineco.2008.03.005,Synchronicity and firm interlocks in an emerging market☆,2009
10.1016/j.jfineco.2008.03.006,"Caught on tape: Institutional trading, stock returns, and earnings announcements",2009
10.1016/j.jfineco.2008.03.007,"Dividend policy, creditor rights, and the agency costs of debt☆",2009
10.1016/j.jfineco.2008.04.001,Darden conference issue: Capital raising in emerging economies,2008
10.1016/j.jfineco.2008.04.002,Mixing family with business: A study of Thai business groups and the families behind them,2008
10.1016/j.jfineco.2008.04.003,Corruption in bank lending to firms: Cross-country micro evidence on the beneficial role of competition and information sharing☆,2009
10.1016/j.jfineco.2008.04.004,On the reversal of return and dividend growth predictability: A tale of two periods,2009
10.1016/j.jfineco.2008.04.005,The on-the-run liquidity phenomenon,2009
10.1016/j.jfineco.2008.04.006,"Founders, heirs, and corporate opacity in the United States☆",2009
10.1016/j.jfineco.2008.04.007,"Capital expenditures, financial constraints, and the use of options☆",2009
10.1016/j.jfineco.2008.04.008,Creditor control rights and firm investment policy☆,2009
10.1016/j.jfineco.2008.04.009,"Sell on the news: Differences of opinion, short-sales constraints, and returns around earnings announcements☆",2009
10.1016/j.jfineco.2008.04.010,Seasoned equity offerings: Quality of accounting information and expected flotation costs☆,2009
10.1016/j.jfineco.2008.05.001,"Employment risk, compensation incentives, and managerial risk taking: Evidence from the mutual fund industry",2009
10.1016/j.jfineco.2008.05.002,Strategic price complexity in retail financial markets☆,2009
10.1016/j.jfineco.2008.05.003,Individual investor mutual fund flows☆,2009
10.1016/j.jfineco.2008.05.004,Managerial risk-taking behavior and equity-based compensation☆,2009
10.1016/j.jfineco.2008.05.005,Investor activism and takeovers☆,2009
10.1016/j.jfineco.2008.05.006,"Debt, bargaining, and credibility in firm–supplier relationships",2009
10.1016/j.jfineco.2008.06.001,City size and fund performance☆,2009
10.1016/j.jfineco.2008.06.002,Do liquidity measures measure liquidity?☆,2009
10.1016/j.jfineco.2008.06.003,Asymmetric information effects on loan spreads☆,2009
10.1016/j.jfineco.2008.06.004,Underinvestment vs. overinvestment: Evidence from price reactions to pension contributions☆,2009
10.1016/j.jfineco.2008.06.005,Managerial ownership dynamics and firm value☆,2009
10.1016/j.jfineco.2008.06.006,Affiliated mutual funds and analyst optimism,2009
10.1016/j.jfineco.2008.06.007,Can interest rate volatility be extracted from the cross section of bond yields?☆,2009
10.1016/j.jfineco.2008.06.008,Global private information in international equity markets☆,2009
10.1016/j.jfineco.2008.07.001,"Public trust, the law, and financial investment☆",2009
10.1016/j.jfineco.2008.07.002,Technical analysis: An asset allocation perspective on the use of moving averages☆,2009
10.1016/j.jfineco.2008.07.003,The strategic use of corporate cash holdings in collective bargaining with labor unions☆,2009
10.1016/j.jfineco.2008.07.004,Early-stage financing and firm growth in new industries,2009
10.1016/j.jfineco.2008.07.005,It pays to have friends,2009
10.1016/j.jfineco.2008.07.006,Do firms have leverage targets? Evidence from acquisitions,2009
10.1016/j.jfineco.2008.07.007,Information asymmetry and firms’ credit market access: Evidence from Moody's credit rating format refinement,2009
10.1016/j.jfineco.2008.08.001,The underpricing of private targets,2009
10.1016/j.jfineco.2008.08.002,Informed traders and limit order markets,2009
10.1016/j.jfineco.2008.08.003,Do banks price their informational monopoly?,2009
10.1016/j.jfineco.2008.08.004,Inexperienced investors and bubbles,2009
10.1016/j.jfineco.2008.08.005,Renegotiation of financial contracts: Evidence from private credit agreements,2009
10.1016/j.jfineco.2008.08.006,Public and private enforcement of securities laws: Resource-based evidence,2009
10.1016/j.jfineco.2008.08.007,Stock market liquidity and firm value☆,2009
10.1016/j.jfineco.2008.08.008,"Market liquidity, asset prices, and welfare",2010
10.1016/j.jfineco.2008.09.001,The price of sin: The effects of social norms on markets,2009
10.1016/j.jfineco.2008.09.002,Price-based return comovement,2009
10.1016/j.jfineco.2008.09.003,"Bank governance, regulation and risk taking",2009
10.1016/j.jfineco.2008.09.004,Cosmetic mergers: The effect of style investing on the market for corporate control,2009
10.1016/j.jfineco.2008.09.005,Mortgage timing,2009
10.1016/j.jfineco.2008.09.006,Cost of capital effects and changes in growth expectations around U.S. cross-listings,2009
10.1016/j.jfineco.2008.09.007,Are elite universities losing their competitive edge?,2009
10.1016/j.jfineco.2008.09.008,"Stock splits, trading continuity, and the cost of equity capital",2009
10.1016/j.jfineco.2008.09.009,Share issuance and cross-sectional returns: International evidence☆,2009
10.1016/j.jfineco.2008.09.010,Option markets and implied volatility: Past versus present☆,2009
10.1016/j.jfineco.2008.09.011,Predatory mortgage lending,2009
10.1016/j.jfineco.2008.10.001,Does religion matter in corporate decision making in America?,2009
10.1016/j.jfineco.2008.10.002,The market for corporate control and the cost of debt,2009
10.1016/j.jfineco.2008.10.003,"Opaque financial reports, R2, and crash risk☆",2009
10.1016/j.jfineco.2008.10.004,Liquidity risk and syndicate structure,2009
10.1016/j.jfineco.2008.10.005,Predictability and the earnings–returns relation☆,2009
10.1016/j.jfineco.2008.10.006,What drives volatility persistence in the foreign exchange market?☆,2009
10.1016/j.jfineco.2008.10.007,Women in the boardroom and their impact on governance and performance☆,2009
10.1016/j.jfineco.2008.10.008,Hedging and competition,2009
10.1016/j.jfineco.2008.11.001,The impact of risk and uncertainty on expected returns☆,2009
10.1016/j.jfineco.2008.12.001,Payout policy and cash-flow uncertainty,2009
10.1016/j.jfineco.2008.12.002,Deductio’ ad absurdum: CEOs donating their own stock to their own family foundations,2009
10.1016/j.jfineco.2008.12.003,"Democratizing entry: Banking deregulations, financing constraints, and entrepreneurship☆",2009
10.1016/j.jfineco.2008.12.004,Global market integration: An alternative measure and its application☆,2009
10.1016/j.jfineco.2008.12.005,"Subsidiary debt, capital structure and internal capital markets☆",2009
10.1016/j.jfineco.2008.12.006,CEO pay and the Lake Wobegon Effect☆,2009
10.1016/j.jfineco.2008.12.007,"Risk sharing, finance, and institutions in international portfolios",2009
10.1016/j.jfineco.2008.12.008,"Cashflow risk, systematic earnings revisions, and the cross-section of stock returns",2009
10.1016/j.jfineco.2008.12.009,Institutional industry herding,2009
10.1016/j.jfineco.2008.12.010,Escape from New York: The market impact of loosening disclosure requirements,2010
10.1016/j.jfineco.2008.12.011,The role of institutional investors in seasoned equity offerings,2009
10.1016/j.jfineco.2009.01.001,Cross-section of option returns and volatility☆,2009
10.1016/j.jfineco.2009.01.002,Technological innovations and aggregate risk premiums☆,2009
10.1016/j.jfineco.2009.01.003,"First-passage probability, jump models, and intra-horizon risk",2010
10.1016/j.jfineco.2009.01.004,Asset liquidity and financial contracts: Evidence from aircraft leases,2010
10.1016/j.jfineco.2009.01.005,Activist arbitrage: A study of open-ending attempts of closed-end funds,2010
10.1016/j.jfineco.2009.02.001,Hidden liquidity: An analysis of order exposure strategies in electronic stock markets,2009
10.1016/j.jfineco.2009.02.002,Options trading activity and firm valuation,2009
10.1016/j.jfineco.2009.02.003,Are family firms more tax aggressive than non-family firms?,2010
10.1016/j.jfineco.2009.02.004,Informed trading before analyst downgrades: Evidence from short sellers,2010
10.1016/j.jfineco.2009.09.001,A skeptical appraisal of asset pricing tests☆,2010
10.1016/j.jfineco.2009.09.002,Resolving the exposure puzzle: The many facets of exchange rate exposure,2010
10.1016/j.jfineco.2009.10.001,Reduced-form valuation of callable corporate bonds: Theory and evidence,2010
10.1016/j.jfineco.2009.10.002,Sentiment and stock prices: The case of aviation disasters,2010
10.1016/j.jfineco.2009.10.003,Capital structure decisions: Evidence from deregulated industries,2010
10.1016/j.jfineco.2009.10.004,Political rights and the cost of debt,2010
10.1016/j.jfineco.2009.10.005,Renegotiation of cash flow rights in the sale of VC-backed firms,2010
10.1016/j.jfineco.2009.10.006,When should firms share credit with employees? Evidence from anonymously managed mutual funds,2010
10.1016/j.jfineco.2009.10.007,Unstable banking,2010
10.1016/j.jfineco.2009.10.008,Does corporate governance matter in competitive industries?,2010
10.1016/j.jfineco.2009.10.009,"The pecking order, debt capacity, and information asymmetry",2010
10.1016/j.jfineco.2009.11.001,Performance persistence in entrepreneurship,2010
10.1016/j.jfineco.2009.11.002,"Seasoned equity offerings, market timing, and the corporate lifecycle",2010
10.1016/j.jfineco.2009.11.003,A resolution of the distress risk and leverage puzzles in the cross section of stock returns,2010
10.1016/j.jfineco.2009.11.004,O/S: The relative trading activity in options and stock,2010
10.1016/j.jfineco.2009.11.005,"Ownership concentration, foreign shareholding, audit quality, and stock price synchronicity: Evidence from China",2010
10.1016/j.jfineco.2009.11.006,Institutional monitoring through shareholder litigation,2010
10.1016/j.jfineco.2009.11.007,"Institutional investors, intangible information, and the book-to-market effect",2010
10.1016/j.jfineco.2009.11.008,"Bailouts, the incentive to manage risk, and financial crises",2010
10.1016/j.jfineco.2009.12.001,Bank lending during the financial crisis of 2008,2010
10.1016/j.jfineco.2009.12.002,The good news in short interest,2010
10.1016/j.jfineco.2009.12.003,Quantifying private benefits of control from a structural model of block trades,2010
10.1016/j.jfineco.2009.12.004,When are outside directors effective?☆,2010
10.1016/j.jfineco.2009.12.005,How does law affect finance? An examination of equity tunneling in Bulgaria,2010
10.1016/j.jfineco.2009.12.006,The effect of state antitakeover laws on the firm's bondholders,2010
10.1016/j.jfineco.2009.12.008,"Costly external finance, corporate investment, and the subprime mortgage credit crisis",2010
10.1016/j.jfineco.2009.12.009,Detecting jumps from Lévy jump diffusion processes☆,2010
10.1016/j.jfineco.2009.12.010,The performance of emerging hedge funds and managers☆,2010
10.1016/j.jfineco.2009.12.011,Liquidity biases in asset pricing tests☆,2010
10.1016/j.jfineco.2010.01.001,Limited participation and consumption-saving puzzles: A simple explanation and the role of insurance☆,2010
10.1016/j.jfineco.2010.01.002,The subprime credit crisis and contagion in financial markets,2010
10.1016/j.jfineco.2010.01.003,Why do firms appoint CEOs as outside directors?☆,2010
10.1016/j.jfineco.2010.01.004,Dynamic asset allocation with stochastic income and interest rates,2010
10.1016/j.jfineco.2010.01.006,Inside the black box: The role and composition of compensation peer groups☆,2010
10.1016/j.jfineco.2010.02.001,The role of private equity group reputation in LBO financing,2010
10.1016/j.jfineco.2010.02.002,The Sarbanes-Oxley act and corporate investment: A structural assessment☆,2010
10.1016/j.jfineco.2010.02.003,Auction failures and the market for auction rate securities,2010
10.1016/j.jfineco.2010.02.004,Profiting from government stakes in a command economy: Evidence from Chinese asset sales,2010
10.1016/j.jfineco.2010.02.005,Will the U.S. bank recapitalization succeed? Eight lessons from Japan,2010
10.1016/j.jfineco.2010.02.006,Uncertainty about average profitability and the diversification discount,2010
10.1016/j.jfineco.2010.02.007,CFOs and CEOs: Who have the most influence on earnings management?,2010
10.1016/j.jfineco.2010.02.008,"Creditor rights, information sharing, and bank risk taking",2010
10.1016/j.jfineco.2010.02.009,The real effects of financial constraints: Evidence from a financial crisis,2010
10.1016/j.jfineco.2010.02.010,"Trade credit, collateral liquidation, and borrowing constraints",2010
10.1016/j.jfineco.2010.02.011,Average correlation and stock market returns,2010
10.1016/j.jfineco.2010.03.001,Risk and CEO turnover,2010
10.1016/j.jfineco.2010.03.002,Evaluating asset pricing models using the second Hansen-Jagannathan distance,2010
10.1016/j.jfineco.2010.03.003,Going public to acquire? The acquisition motive in IPOs,2010
10.1016/j.jfineco.2010.03.004,Liquidity and valuation in an uncertain world☆,2010
10.1016/j.jfineco.2010.03.005,Multi-market trading and arbitrage☆,2010
10.1016/j.jfineco.2010.03.006,"Local institutional investors, information asymmetries, and equity returns☆",2010
10.1016/j.jfineco.2010.03.007,The marketing of seasoned equity offerings☆,2010
10.1016/j.jfineco.2010.03.008,"Comovement, information production, and the business cycle☆",2010
10.1016/j.jfineco.2010.03.009,Returns of claims on the upside and the viability of U-shaped pricing kernels☆,2010
10.1016/j.jfineco.2010.03.010,Short selling in initial public offerings☆,2010
10.1016/j.jfineco.2010.03.011,Paulson's gift,2010
10.1016/j.jfineco.2010.03.012,Board interlocks and the propensity to be targeted in private equity transactions☆,2010
10.1016/j.jfineco.2010.03.013,Preferred risk habitat of individual investors☆,2010
10.1016/j.jfineco.2010.03.014,Heterogeneity and peer effects in mutual fund proxy voting☆,2010
10.1016/j.jfineco.2010.03.015,Optimal compensation contracts when managers can hedge,2010
10.1016/j.jfineco.2010.03.016,Payoff complementarities and financial fragility: Evidence from mutual fund outflows,2010
10.1016/j.jfineco.2010.03.017,Pricing American options under stochastic volatility and stochastic interest rates,2010
10.1016/j.jfineco.2010.03.018,CEOs versus CFOs: Incentives and corporate policies,2010
10.1016/j.jfineco.2010.04.001,Identifying the effects of a lender of last resort on financial markets: Lessons from the founding of the fed☆,2010
10.1016/j.jfineco.2010.04.002,The world price of home bias,2010
10.1016/j.jfineco.2010.04.003,Securitization and distressed loan renegotiation: Evidence from the subprime mortgage crisis,2010
10.1016/j.jfineco.2010.04.004,The value of excess cash and corporate governance: Evidence from US cross-listings,2010
10.1016/j.jfineco.2010.04.005,Have the tax benefits of debt been overestimated?,2010
10.1016/j.jfineco.2010.04.006,What drives corporate liquidity? An international survey of cash holdings and lines of credit☆,2010
10.1016/j.jfineco.2010.04.007,The equity premium implied by production,2010
10.1016/j.jfineco.2010.05.001,Liquidity risk and the cross-section of hedge-fund returns☆,2010
10.1016/j.jfineco.2010.05.002,Tunneling through intercorporate loans: The China experience☆,2010
10.1016/j.jfineco.2010.05.003,"Habit formation, the cross section of stock returns and the cash-flow risk puzzle",2010
10.1016/j.jfineco.2010.05.004,Estimating affine multifactor term structure models using closed-form likelihood expansions☆,2010
10.1016/j.jfineco.2010.05.005,Auctioned IPOs: The US evidence,2010
10.1016/j.jfineco.2010.05.006,Firm values and sovereign wealth fund investments,2010
10.1016/j.jfineco.2010.05.007,Club deals in leveraged buyouts,2010
10.1016/j.jfineco.2010.05.008,Inter-temporal variation in the illiquidity premium,2010
10.1016/j.jfineco.2010.05.009,Measuring the timing ability and performance of bond mutual funds☆,2010
10.1016/j.jfineco.2010.05.010,The 2007–8 financial crisis: Lessons from corporate finance,2010
10.1016/j.jfineco.2010.06.001,Does q-theory with investment frictions explain anomalies in the cross section of returns?,2010
10.1016/j.jfineco.2010.06.002,Negotiations under the threat of an auction,2010
10.1016/j.jfineco.2010.06.003,Optimal exercise of executive stock options and implications for firm cost,2010
10.1016/j.jfineco.2010.06.004,Bank activity and funding strategies: The impact on risk and returns☆,2010
10.1016/j.jfineco.2010.06.005,Rating the ratings: How good are commercial governance ratings?☆,2010
10.1016/j.jfineco.2010.06.006,"Monotonicity in asset returns: New tests with applications to the term structure, the CAPM, and portfolio sorts☆",2010
10.1016/j.jfineco.2010.06.007,"Mispricing of dual-class shares: Profit opportunities, arbitrage, and trading☆",2010
10.1016/j.jfineco.2010.07.001,Differences in beliefs and currency risk premiums☆,2010
10.1016/j.jfineco.2010.07.002,Do subjective expectations explain asset pricing puzzles?☆,2010
10.1016/j.jfineco.2010.07.003,Corporate venture capital and the returns to acquiring portfolio companies☆,2010
10.1016/j.jfineco.2010.07.004,The value of independent directors: Evidence from sudden deaths☆,2010
10.1016/j.jfineco.2010.07.005,The market for certification by external parties: Evidence from underwriting and banking relationships☆,2010
10.1016/j.jfineco.2010.07.006,Speculative capital and currency carry trades,2011
10.1016/j.jfineco.2010.07.007,Corporate tax avoidance and stock price crash risk: Firm-level analysis,2011
10.1016/j.jfineco.2010.08.001,Nature or nurture: What determines investor behavior?☆,2010
10.1016/j.jfineco.2010.08.002,"More insiders, more insider trading: Evidence from private-equity buyouts☆",2010
10.1016/j.jfineco.2010.08.003,The world price of liquidity risk,2011
10.1016/j.jfineco.2010.08.004,Disagreement and return predictability of stock portfolios,2011
10.1016/j.jfineco.2010.08.005,The impact of governance reform on performance and transparency,2011
10.1016/j.jfineco.2010.08.006,The effect of banking crisis on bank-dependent borrowers,2011
10.1016/j.jfineco.2010.08.007,Horizontal acquisitions and buying power: A product market analysis,2011
10.1016/j.jfineco.2010.08.008,Institutional cross-holdings and their effect on acquisition decisions,2011
10.1016/j.jfineco.2010.08.009,Does access to external finance improve productivity? Evidence from a natural experiment,2011
10.1016/j.jfineco.2010.08.010,Bank CEO incentives and the credit crisis,2011
10.1016/j.jfineco.2010.08.011,"Jump risk, stock returns, and slope of implied volatility smile",2011
10.1016/j.jfineco.2010.08.012,Competition among mutual funds,2011
10.1016/j.jfineco.2010.08.013,Markowitz meets Talmud: A combination of sophisticated and naive diversification strategies,2011
10.1016/j.jfineco.2010.08.014,Maxing out: Stocks as lotteries and the cross-section of expected returns,2011
10.1016/j.jfineco.2010.08.015,Diversification disasters,2011
10.1016/j.jfineco.2010.08.016,Simple formulas for standard errors that cluster by both firm and time,2011
10.1016/j.jfineco.2010.08.017,The structure and formation of business groups: Evidence from Korean chaebols,2011
10.1016/j.jfineco.2010.08.018,Measuring investor sentiment with mutual fund flows,2012
10.1016/j.jfineco.2010.09.001,General equilibrium pricing of options with habit formation and event risks,2011
10.1016/j.jfineco.2010.09.002,Do time-varying risk premiums explain labor market performance?,2011
10.1016/j.jfineco.2010.09.003,Corporate investment and financing under asymmetric information,2011
10.1016/j.jfineco.2010.09.004,Vintage capital and creditor protection,2011
10.1016/j.jfineco.2010.09.005,Capital structure dynamics and transitory debt,2011
10.1016/j.jfineco.2010.09.006,"Breaking down the barriers: Competition, syndicate structure, and underwriting incentives☆",2011
10.1016/j.jfineco.2010.09.007,Technological change and the growing inequality in managerial compensation☆,2011
10.1016/j.jfineco.2010.09.008,Time-varying short-horizon predictability☆,2011
10.1016/j.jfineco.2010.09.009,Frequent issuers’ influence on long-run post-issuance returns,2011
10.1016/j.jfineco.2010.09.010,A theory of corporate financial decisions with liquidity and solvency concerns,2011
10.1016/j.jfineco.2010.10.001,Exchange trading rules and stock market liquidity☆,2011
10.1016/j.jfineco.2010.10.002,Do hedge funds trade on private information? Evidence from syndicated lending and short-selling☆,2011
10.1016/j.jfineco.2010.10.003,"Hedge funds, managerial skill, and macroeconomic variables☆",2011
10.1016/j.jfineco.2010.10.004,Liquidity risk and expected corporate bond returns☆,2011
10.1016/j.jfineco.2010.10.005,Empty voting and the efficiency of corporate governance,2011
10.1016/j.jfineco.2010.10.006,Share issuance and cash savings☆,2011
10.1016/j.jfineco.2010.10.007,Board structure and price informativeness☆,2011
10.1016/j.jfineco.2010.10.008,Why mutual funds “underperform”☆,2011
10.1016/j.jfineco.2010.10.009,Institutional demand pressure and the cost of corporate loans☆,2011
10.1016/j.jfineco.2010.10.010,Strategic IPOs and product market competition,2011
10.1016/j.jfineco.2010.10.011,Investor sentiment and the mean–variance relation☆,2011
10.1016/j.jfineco.2010.10.012,Ownership structure and the cost of corporate borrowing,2011
10.1016/j.jfineco.2010.10.013,Institutional tax clienteles and payout policy,2011
10.1016/j.jfineco.2010.10.014,Tests of ex ante versus ex post theories of collateral using private and public information,2011
10.1016/j.jfineco.2010.10.015,The disparity between long-term and short-term forecasted earnings growth☆,2011
10.1016/j.jfineco.2010.10.016,Why do convertible issuers simultaneously repurchase stock? An arbitrage-based explanation,2011
10.1016/j.jfineco.2010.10.017,Stock market aversion? Political preferences and stock market participation,2011
10.1016/j.jfineco.2010.10.018,Does governance travel around the world? Evidence from institutional investors,2011
10.1016/j.jfineco.2010.10.019,Employee treatment and firm leverage: A test of the stakeholder theory of capital structure,2011
10.1016/j.jfineco.2010.10.020,Country-specific sentiment and security prices☆,2011
10.1016/j.jfineco.2010.11.001,Price impact and portfolio impact,2011
10.1016/j.jfineco.2010.11.002,Research for sale: Determinants and consequences of paid-for analyst research,2011
10.1016/j.jfineco.2010.11.003,The liquidity risk of liquid hedge funds,2011
10.1016/j.jfineco.2010.11.004,Institutional stock trading on loan market information☆,2011
10.1016/j.jfineco.2010.11.005,Short-term termination without deterring long-term investment: A theory of debt and buyouts,2011
10.1016/j.jfineco.2010.11.006,Corporate governance when founders are directors,2011
10.1016/j.jfineco.2010.11.007,Deviation from the target capital structure and acquisition choices,2011
10.1016/j.jfineco.2010.11.008,Delegated trading and the speed of adjustment in security prices,2012
10.1016/j.jfineco.2010.12.001,Global retail lending in the aftermath of the US financial crisis: Distinguishing between supply and demand effects,2011
10.1016/j.jfineco.2010.12.002,"Asymmetric information, adverse selection, and the pricing of CMBS☆",2011
10.1016/j.jfineco.2010.12.003,"Media ownership, concentration and corruption in bank lending☆",2011
10.1016/j.jfineco.2010.12.004,"Banking system control, capital allocation, and economy performance☆",2011
10.1016/j.jfineco.2010.12.005,Ex post: The investment performance of collectible stamps☆,2011
10.1016/j.jfineco.2010.12.006,The dark side of financial innovation: A case study of the pricing of a retail financial product☆,2011
10.1016/j.jfineco.2010.12.007,Firm life expectancy and the heterogeneity of the book-to-market effect☆,2011
10.1016/j.jfineco.2011.01.001,Vertical divestitures through equity carve-outs and spin-offs: A product markets perspective,2011
10.1016/j.jfineco.2011.01.002,Improving the predictability of real economic activity and asset returns with forward variances inferred from option portfolios,2011
10.1016/j.jfineco.2011.01.003,"Higher risk, lower returns: What hedge fund investors really earn☆",2011
10.1016/j.jfineco.2011.01.004,Dividend distributions and closed-end fund discounts,2011
10.1016/j.jfineco.2011.01.005,A model of dynamic compensation and capital structure☆,2011
10.1016/j.jfineco.2011.01.006,Red and blue investing: Values and finance,2012
10.1016/j.jfineco.2011.01.007,Spot and forward volatility in foreign exchange,2011
10.1016/j.jfineco.2011.01.008,Explaining asset pricing puzzles associated with the 1987 market crash,2011
10.1016/j.jfineco.2011.01.009,Local underwriter oligopolies and IPO underpricing,2011
10.1016/j.jfineco.2011.01.010,Peer performance and stock market entry,2012
10.1016/j.jfineco.2011.01.011,Corporate bond default risk: A 150-year perspective,2011
10.1016/j.jfineco.2011.02.001,Missing the marks? Dispersion in corporate bond valuations across mutual funds,2011
10.1016/j.jfineco.2011.02.002,Real investment and risk dynamics,2011
10.1016/j.jfineco.2011.02.003,Forecasting stock market returns: The sum of the parts is more than the whole,2011
10.1016/j.jfineco.2011.02.004,Accelerated share repurchases,2011
10.1016/j.jfineco.2011.02.005,The role of securitization in bank liquidity and funding management,2011
10.1016/j.jfineco.2011.02.006,Is market fragmentation harming market quality?,2011
10.1016/j.jfineco.2011.02.007,Are all CEOs above average? An empirical analysis of compensation peer groups and pay design,2011
10.1016/j.jfineco.2011.02.008,Do hedge funds' exposures to risk factors predict their future returns?,2011
10.1016/j.jfineco.2011.02.009,International diversification with frontier markets,2011
10.1016/j.jfineco.2011.02.010,The costs of intense board monitoring,2011
10.1016/j.jfineco.2011.02.011,The causes and consequences of venture capital stage financing,2011
10.1016/j.jfineco.2011.02.012,Equilibrium prices in the presence of delegated portfolio management,2011
10.1016/j.jfineco.2011.02.013,Information aggregation around macroeconomic announcements: Revisions matter,2011
10.1016/j.jfineco.2011.02.014,The term structures of equity and interest rates,2011
10.1016/j.jfineco.2011.02.015,Information spillovers and performance persistence for hedge funds,2011
10.1016/j.jfineco.2011.02.016,The effect of regulation on optimal corporate pension risk,2011
10.1016/j.jfineco.2011.02.017,A theory of equity carve-outs and negative stub values under heterogeneous beliefs,2011
10.1016/j.jfineco.2011.02.018,Chasing noise,2012
10.1016/j.jfineco.2011.02.019,Time-varying rare disaster risk and stock returns,2011
10.1016/j.jfineco.2011.02.020,Hedge fund leverage,2011
10.1016/j.jfineco.2011.02.021,What determines stock option contract design?,2011
10.1016/j.jfineco.2011.03.001,Liquidity risk management and credit supply in the financial crisis,2011
10.1016/j.jfineco.2011.03.002,The market reaction to corporate governance regulation,2011
10.1016/j.jfineco.2011.03.003,The value of a flow-through entity in an integrated corporate tax system,2011
10.1016/j.jfineco.2011.03.004,CEO optimism and forced turnover,2011
10.1016/j.jfineco.2011.03.005,Labor income dynamics at business-cycle frequencies: Implications for portfolio choice,2011
10.1016/j.jfineco.2011.03.006,Financial literacy and stock market participation,2011
10.1016/j.jfineco.2011.03.007,Friends or foes? Target selection decisions of sovereign wealth funds and their consequences,2011
10.1016/j.jfineco.2011.03.008,Recent trends in trading activity and market quality,2011
10.1016/j.jfineco.2011.03.009,"IPO waves, product market competition, and the going public decision: Theory and evidence",2011
10.1016/j.jfineco.2011.03.010,Stock option grants to target CEOs during private merger negotiations,2011
10.1016/j.jfineco.2011.03.011,The role of risk management in mergers and merger waves,2011
10.1016/j.jfineco.2011.03.012,How did increased competition affect credit ratings?,2011
10.1016/j.jfineco.2011.03.013,CFOs versus CEOs: Equity incentives and crashes,2011
10.1016/j.jfineco.2011.03.014,Does geography matter? Firm location and corporate payout policy,2011
10.1016/j.jfineco.2011.03.015,Performance maximization of actively managed funds,2011
10.1016/j.jfineco.2011.03.016,Securitized banking and the run on repo,2012
10.1016/j.jfineco.2011.03.018,Do small shareholders count?,2011
10.1016/j.jfineco.2011.03.019,Information asymmetry and self-selection bias in bank loan announcement studies,2011
10.1016/j.jfineco.2011.03.020,Regulatory pressure and fire sales in the corporate bond market,2011
10.1016/j.jfineco.2011.03.021,Does the stock market fully value intangibles? Employee satisfaction and equity prices,2011
10.1016/j.jfineco.2011.03.022,Payday lenders: Heroes or villains?,2011
10.1016/j.jfineco.2011.03.023,Long-run risk in durable consumption,2011
10.1016/j.jfineco.2011.03.024,"Limits-to-arbitrage, investment frictions, and the asset growth anomaly",2011
10.1016/j.jfineco.2011.03.025,How much of the diversification discount can be explained by poor corporate governance?,2012
10.1016/j.jfineco.2011.03.026,Incentives to innovate and financial crises,2012
10.1016/j.jfineco.2011.04.001,Creditor rights and corporate risk-taking,2011
10.1016/j.jfineco.2011.04.002,Structural models and endogeneity in corporate finance: The link between managerial ownership and corporate performance,2012
10.1016/j.jfineco.2011.04.003,"Investor attention, psychological anchors, and stock return predictability",2012
10.1016/j.jfineco.2011.05.001,"Corporate financing decisions, managerial market timing, and real investment",2011
10.1016/j.jfineco.2011.05.002,Behavioral biases of mutual fund investors,2011
10.1016/j.jfineco.2011.05.003,Is momentum really momentum?,2012
10.1016/j.jfineco.2011.05.004,Tracking down distress risk,2011
10.1016/j.jfineco.2011.05.005,"Neglected risks, financial innovation, and financial fragility",2012
10.1016/j.jfineco.2011.05.006,The CEO pay slice,2011
10.1016/j.jfineco.2011.05.007,Adding and subtracting Black-Scholes: A new approach to approximating derivative prices in continuous-time models,2011
10.1016/j.jfineco.2011.05.008,Corporate cash holdings and CEO compensation incentives,2011
10.1016/j.jfineco.2011.05.009,"Structural breaks, parameter uncertainty, and term structure puzzles",2011
10.1016/j.jfineco.2011.05.010,Egalitarianism and international investment,2011
10.1016/j.jfineco.2011.05.011,The role of institutional investors in propagating the crisis of 2007–2008,2012
10.1016/j.jfineco.2011.05.012,Institutional investors and the limits of arbitrage,2011
10.1016/j.jfineco.2011.05.013,Post-merger restructuring and the boundaries of the firm,2011
10.1016/j.jfineco.2011.05.014,Growth LBOs,2011
10.1016/j.jfineco.2011.05.015,The price of liquidity: The effects of market conditions and bank characteristics,2011
10.1016/j.jfineco.2011.05.016,"IQ, trading behavior, and performance",2012
10.1016/j.jfineco.2011.05.017,Board connections and M&amp;A transactions,2012
10.1016/j.jfineco.2011.06.001,Ownership structure and financial constraints: Evidence from a structural estimation,2011
10.1016/j.jfineco.2011.06.002,"Conditional risk and performance evaluation: Volatility timing, overconditioning, and new estimates of momentum alphas",2011
10.1016/j.jfineco.2011.06.003,Stock price fragility,2011
10.1016/j.jfineco.2011.06.004,Equity grants to target CEOs during deal negotiations,2011
10.1016/j.jfineco.2011.06.005,The fragile capital structure of hedge funds and the limits to arbitrage,2011
10.1016/j.jfineco.2011.07.001,"Religious beliefs, gambling attitudes, and financial market outcomes",2011
10.1016/j.jfineco.2011.07.002,"CEO ownership, external governance, and risk-taking",2011
10.1016/j.jfineco.2011.07.003,"Asset commonality, debt maturity and systemic risk",2012
10.1016/j.jfineco.2011.07.004,The influence of governance on investment: Evidence from a hazard model,2011
10.1016/j.jfineco.2011.07.005,The role of securitization in mortgage renegotiation,2011
10.1016/j.jfineco.2011.08.001,The effect of board structure on firm value: A multiple identification strategies approach using Korean data,2012
10.1016/j.jfineco.2011.08.002,Liquidity mergers,2011
10.1016/j.jfineco.2011.08.003,Friends with money,2012
10.1016/j.jfineco.2011.08.004,Directors' and officers' liability insurance and acquisition outcomes,2011
10.1016/j.jfineco.2011.08.005,Behavioral consistency in corporate finance: CEO personal and corporate leverage,2012
10.1016/j.jfineco.2011.08.006,Complicated firms,2012
10.1016/j.jfineco.2011.08.007,When do high stock returns trigger equity issues?,2012
10.1016/j.jfineco.2011.08.008,Optimal clearing arrangements for financial trades,2012
10.1016/j.jfineco.2011.08.009,Investment-cash flow sensitivity cannot be a good measure of financial constraints: Evidence from the time series,2012
10.1016/j.jfineco.2011.08.010,Expropriation risk and technology,2012
10.1016/j.jfineco.2011.08.011,CAPM for estimating the cost of equity capital: Interpreting the empirical evidence,2012
10.1016/j.jfineco.2011.08.012,The high volume return premium: Cross-country evidence,2012
10.1016/j.jfineco.2011.08.013,Endogenous technological progress and the cross-section of stock returns,2012
10.1016/j.jfineco.2011.08.014,Institutional determinants of capital structure adjustment speeds,2012
10.1016/j.jfineco.2011.09.001,Vertical integration to avoid contracting with potential competitors: Evidence from bankers' banks,2012
10.1016/j.jfineco.2011.09.002,Arbitrage crashes and the speed of capital,2012
10.1016/j.jfineco.2011.09.003,Bargaining power and industry dependence in mergers,2012
10.1016/j.jfineco.2011.09.004,Trust and delegation,2012
10.1016/j.jfineco.2011.09.005,"Tournament incentives, firm risk, and corporate policies",2012
10.1016/j.jfineco.2011.09.006,"Litigation risk, strategic disclosure and the underpricing of initial public offerings",2012
10.1016/j.jfineco.2011.09.007,Disclosure and agency conflict: Evidence from mutual fund commission bundling,2012
10.1016/j.jfineco.2011.09.008,Difference in interim performance and risk taking with short-sale constraints,2012
10.1016/j.jfineco.2011.10.001,Counterparty credit risk and the credit default swap market,2012
10.1016/j.jfineco.2011.10.002,"Longevity risk, retirement savings, and financial innovation",2012
10.1016/j.jfineco.2011.10.003,Bankruptcy spillover effects on strategic alliance partners,2012
10.1016/j.jfineco.2011.10.004,Hedge funds as liquidity providers: Evidence from the Lehman bankruptcy,2012
10.1016/j.jfineco.2011.10.005,Realization utility,2012
10.1016/j.jfineco.2011.10.006,Corporate ownership structure and bank loan syndicate structure,2012
10.1016/j.jfineco.2011.10.007,Do arbitrageurs amplify economic shocks?,2012
10.1016/j.jfineco.2011.10.008,Seeking safety: The relation between CEO inside debt holdings and the riskiness of firm investment and financial policies,2012
10.1016/j.jfineco.2011.10.009,Corporate bond liquidity before and after the onset of the subprime crisis,2012
10.1016/j.jfineco.2011.10.010,Endogenous liquidity in credit derivatives,2012
10.1016/j.jfineco.2011.10.011,"Internal corporate governance, CEO turnover, and earnings management",2012
10.1016/j.jfineco.2011.10.012,Industry contagion in loan spreads,2012
10.1016/j.jfineco.2011.10.013,Cash flows and leverage adjustments,2012
10.1016/j.jfineco.2011.10.014,Limited arbitrage between equity and credit markets,2012
10.1016/j.jfineco.2011.11.002,"Global, local, and contagious investor sentiment",2012
10.1016/j.jfineco.2011.11.003,Time series momentum,2012
10.1016/j.jfineco.2011.11.004,(Interstate) Banking and (interstate) trade: Does real integration follow financial integration?,2012
10.1016/j.jfineco.2011.11.005,"Executive stock options, differential risk-taking incentives, and firm value",2012
10.1016/j.jfineco.2011.12.001,The short of it: Investor sentiment and anomalies,2012
10.1016/j.jfineco.2011.12.002,"Payout yield, risk, and mispricing: A Bayesian analysis",2012
10.1016/j.jfineco.2011.12.003,"Local investors, price discovery, and market efficiency",2012
10.1016/j.jfineco.2011.12.004,Reputation penalties for poor monitoring of executive pay: Evidence from option backdating,2012
10.1016/j.jfineco.2011.12.005,The credit crisis around the globe: Why did some banks perform better?,2012
10.1016/j.jfineco.2011.12.006,The flight home effect: Evidence from the syndicated loan market during financial crises,2012
10.1016/j.jfineco.2011.12.007,Optimal securitization with moral hazard,2012
10.1016/j.jfineco.2011.12.008,Understanding commonality in liquidity around the world,2012
10.1016/j.jfineco.2011.12.009,"Cash holdings, risk, and expected returns",2012
10.1016/j.jfineco.2011.12.010,Econometric measures of connectedness and systemic risk in the finance and insurance sectors,2012
10.1016/j.jfineco.2012.01.001,Do foreigners facilitate information transmission in emerging markets?,2012
10.1016/j.jfineco.2012.01.002,Predicting fraud by investment managers,2012
10.1016/j.jfineco.2012.01.003,Variance bounds on the permanent and transitory components of stochastic discount factors,2012
10.1016/j.jfineco.2012.01.004,Stock options and managerial incentives for risk taking: Evidence from FAS 123R,2012
10.1016/j.jfineco.2012.01.005,Properties of foreign exchange risk premiums,2012
10.1016/j.jfineco.2012.01.006,How (not) to pay for advice: A framework for consumer financial protection,2012
10.1016/j.jfineco.2012.02.001,Illiquidity or credit deterioration: A study of liquidity in the US corporate bond market during financial crises,2012
10.1016/j.jfineco.2012.02.002,Introduction: A special issue on investor sentiment,2012
10.1016/j.jfineco.2012.02.003,"Market institutions, financial market risks, and the financial crisis",2012
10.1016/j.jfineco.2012.02.004,A unique view of hedge fund derivatives usage: Safeguard or speculation?,2012
10.1016/j.jfineco.2012.02.005,The cost and timing of financial distress,2012
10.1016/j.jfineco.2012.02.006,Pricing of commercial real estate securities during the 2007–2009 financial crisis,2012
10.1016/j.jfineco.2012.02.007,Do controlling shareholders' expropriation incentives imply a link between corporate governance and firm value? Theory and evidence,2012
10.1016/j.jfineco.2012.03.001,How are shorts informed?,2012
10.1016/j.jfineco.2012.03.002,Did securitization affect the cost of corporate debt?,2012
10.1016/j.jfineco.2012.03.003,Financial constraints and share repurchases,2012
10.1016/j.jfineco.2012.03.004,"U.S. stock market crash risk, 1926–2010",2012
10.1016/j.jfineco.2012.03.005,Endogeneity and the dynamics of internal corporate governance,2012
10.1016/j.jfineco.2012.03.006,A darker side to decentralized banks: Market power and credit rationing in SME lending,2012
10.1016/j.jfineco.2012.03.007,Individual political contributions and firm performance,2012
10.1016/j.jfineco.2012.03.008,Risk and the cross section of stock returns,2012
10.1016/j.jfineco.2012.03.009,Market fragility and international market crashes,2012
10.1016/j.jfineco.2012.04.001,Does it matter who pays for bond ratings? Historical evidence,2012
10.1016/j.jfineco.2012.04.002,Displacement risk and asset returns,2012
10.1016/j.jfineco.2012.04.003,Predictive regressions with time-varying coefficients,2012
10.1016/j.jfineco.2012.04.004,Competition and the cost of debt,2012
10.1016/j.jfineco.2012.04.005,What does futures market interest tell us about the macroeconomy and asset prices?,2012
10.1016/j.jfineco.2012.04.006,Sell-order liquidity and the cross-section of expected stock returns,2012
10.1016/j.jfineco.2012.04.007,"Entrepreneurial finance, credit cards, and race",2012
10.1016/j.jfineco.2012.04.008,Testing conditional factor models,2012
10.1016/j.jfineco.2012.04.009,The politics of government investment,2012
10.1016/j.jfineco.2012.04.010,The effect of reference point prices on mergers and acquisitions,2012
10.1016/j.jfineco.2012.04.011,What do boards really do? Evidence from minutes of board meetings,2013
10.1016/j.jfineco.2012.05.001,Hedging labor income risk,2012
10.1016/j.jfineco.2012.05.002,A unified model of entrepreneurship dynamics,2012
10.1016/j.jfineco.2012.05.003,Public market staging: The timing of capital infusions in newly public firms,2012
10.1016/j.jfineco.2012.05.004,Adverse selection in mortgage securitization,2012
10.1016/j.jfineco.2012.05.005,Systematic risk and the cross section of hedge fund returns,2012
10.1016/j.jfineco.2012.05.006,Securitization without adverse selection: The case of CLOs,2012
10.1016/j.jfineco.2012.05.007,Political geography and stock returns: The value and risk implications of proximity to political power,2012
10.1016/j.jfineco.2012.05.008,The option to stock volume ratio and future returns,2012
10.1016/j.jfineco.2012.05.009,"Entrepreneurial risk, investment, and innovation",2012
10.1016/j.jfineco.2012.05.010,"Optimal capital structure, bargaining, and the supplier market structure",2012
10.1016/j.jfineco.2012.05.011,"Size, value, and momentum in international stock returns",2012
10.1016/j.jfineco.2012.05.012,Information effect of entry into credit ratings market: The case of insurers' ratings,2012
10.1016/j.jfineco.2012.05.013,Do option markets undo restrictions on short sales? Evidence from the 2008 short-sale ban,2012
10.1016/j.jfineco.2012.05.014,The seeds of a crisis: A theory of bank liquidity and risk taking over the business cycle,2012
10.1016/j.jfineco.2012.05.015,Profitability and capital structure: Evidence from import penetration,2012
10.1016/j.jfineco.2012.05.016,The sources of value destruction in acquisitions by entrenched managers,2012
10.1016/j.jfineco.2012.05.017,Dynamic jump intensities and risk premiums: Evidence from S&amp;P500 returns and options,2012
10.1016/j.jfineco.2012.05.018,Mutual fund risk and market share-adjusted fund flows,2013
10.1016/j.jfineco.2012.06.001,"Technical trading revisited: False discoveries, persistence tests, and transaction costs",2012
10.1016/j.jfineco.2012.06.002,Are banks happy when managers go long? The information content of managers’ vested option holdings for loan pricing,2012
10.1016/j.jfineco.2012.06.003,"Stock option vesting conditions, CEO turnover, and myopic investment",2012
10.1016/j.jfineco.2012.06.004,The term structure of inflation expectations,2012
10.1016/j.jfineco.2012.06.005,‘Déjà vol’: Predictive regressions for aggregate stock market volatility using macroeconomic variables,2012
10.1016/j.jfineco.2012.06.006,Doing battle with short sellers: The conflicted role of blockholders in bear raids,2012
10.1016/j.jfineco.2012.06.007,Geographic dispersion and stock returns,2012
10.1016/j.jfineco.2012.06.008,Bank valuation and accounting discretion during a financial crisis,2012
10.1016/j.jfineco.2012.06.009,Currency momentum strategies,2012
10.1016/j.jfineco.2012.06.010,Pinning in the S&amp;P 500 futures,2012
10.1016/j.jfineco.2012.06.011,Stock returns after major price shocks: The impact of information,2012
10.1016/j.jfineco.2012.07.001,Multifactor models and their consistency with the ICAPM,2012
10.1016/j.jfineco.2012.07.002,Market skewness risk and the cross section of stock returns,2013
10.1016/j.jfineco.2012.07.003,"Riding the merger wave: Uncertainty, reduced monitoring, and bad acquisitions",2013
10.1016/j.jfineco.2012.07.004,The market for new issues of municipal bonds: The roles of transparency and limited access to retail investors,2012
10.1016/j.jfineco.2012.08.001,Optimal incentives and securitization of defaultable assets,2013
10.1016/j.jfineco.2012.08.002,Do stock prices influence corporate decisions? Evidence from the technology bubble,2013
10.1016/j.jfineco.2012.08.003,Payout taxes and the allocation of investment,2013
10.1016/j.jfineco.2012.08.004,Laying off credit risk: Loan sales versus credit default swaps,2013
10.1016/j.jfineco.2012.08.005,"Style investing, comovement and return predictability",2013
10.1016/j.jfineco.2012.08.006,Lost in translation? The effect of cultural values on mergers around the world,2015
10.1016/j.jfineco.2012.08.007,The market for borrowing corporate bonds,2013
10.1016/j.jfineco.2012.08.008,A nonlinear wealth transfer from shareholders to creditors around Chapter 11 filing,2013
10.1016/j.jfineco.2012.08.009,Growth to value: Option exercise and the cross section of equity returns,2013
10.1016/j.jfineco.2012.08.010,"Delegated asset management, investment mandates, and capital immobility",2013
10.1016/j.jfineco.2012.08.011,Diagnosing affine models of options pricing: Evidence from VIX,2013
10.1016/j.jfineco.2012.08.012,Are mutual funds sitting ducks?,2013
10.1016/j.jfineco.2012.08.013,Changes to the ownership and control of East Asian corporations between 1996 and 2008: The primacy of politics,2013
10.1016/j.jfineco.2012.08.014,Nonlinear incentives and mortgage officers’ decisions,2013
10.1016/j.jfineco.2012.08.015,Realizing smiles: Options pricing with realized volatility,2013
10.1016/j.jfineco.2012.08.016,"Government spending, political cycles, and the cross section of stock returns",2013
10.1016/j.jfineco.2012.08.017,"Growth options, macroeconomic conditions, and the cross section of credit risk",2013
10.1016/j.jfineco.2012.08.018,Contagion of a liquidity crisis between two firms,2013
10.1016/j.jfineco.2012.08.019,The impact of investor protection law on corporate policy and performance: Evidence from the blue sky laws,2013
10.1016/j.jfineco.2012.08.020,"Capacity constraints, investor information, and hedge fund returns",2013
10.1016/j.jfineco.2012.09.001,Inventory investment and the cost of capital,2013
10.1016/j.jfineco.2012.09.002,The impact of securitization on the expansion of subprime credit,2013
10.1016/j.jfineco.2012.09.003,Is there price discovery in equity options?,2013
10.1016/j.jfineco.2012.09.004,Securitization without risk transfer,2013
10.1016/j.jfineco.2012.09.005,CEO compensation contagion: Evidence from an exogenous shock,2013
10.1016/j.jfineco.2012.09.006,The “out-of-sample” performance of long run risk models,2013
10.1016/j.jfineco.2012.09.007,The costs of shareholder activism: Evidence from a sequential decision model,2013
10.1016/j.jfineco.2012.09.008,Probability weighting functions implied in options prices,2013
10.1016/j.jfineco.2012.09.009,"Strategic alliances, venture capital, and exit decisions in early stage high-tech firms",2013
10.1016/j.jfineco.2012.09.010,Alliances and corporate governance,2013
10.1016/j.jfineco.2012.09.011,Innovative efficiency and stock returns,2013
10.1016/j.jfineco.2012.09.012,"Political activism, information costs, and stock market participation",2013
10.1016/j.jfineco.2012.10.001,Does shareholder coordination matter? Evidence from private placements,2013
10.1016/j.jfineco.2012.10.002,Peer choice in CEO compensation,2013
10.1016/j.jfineco.2012.10.003,The inefficiency of refinancing: Why prepayment penalties are good for risky borrowers,2013
10.1016/j.jfineco.2012.10.004,Learning and the disappearing association between governance and returns,2013
10.1016/j.jfineco.2012.10.005,Anomalies and financial distress,2013
10.1016/j.jfineco.2012.10.006,The earnings announcement premium around the globe,2013
10.1016/j.jfineco.2012.10.007,Systemic risk and the refinancing ratchet effect,2013
10.1016/j.jfineco.2012.10.008,"Inequality, stock market participation, and the equity premium",2013
10.1016/j.jfineco.2012.10.009,Why are US firms using more short-term debt?,2013
10.1016/j.jfineco.2012.10.010,Learning from repetitive acquisitions: Evidence from the time between deals,2013
10.1016/j.jfineco.2012.10.011,Rating agencies in the face of regulation,2013
10.1016/j.jfineco.2012.11.001,Real effects of stock underpricing,2013
10.1016/j.jfineco.2012.11.002,"Prospect theory, the disposition effect, and asset prices",2013
10.1016/j.jfineco.2012.11.003,The acquisitiveness of youth: CEO age and acquisition behavior,2013
10.1016/j.jfineco.2012.11.004,Ratings quality over the business cycle,2013
10.1016/j.jfineco.2012.11.005,"The role of shorting, firm size, and time on market anomalies",2013
10.1016/j.jfineco.2012.11.006,Labor unemployment risk and corporate financing decisions,2013
10.1016/j.jfineco.2012.11.007,Flow and stock effects of large-scale treasury purchases: Evidence on the importance of local supply,2013
10.1016/j.jfineco.2012.11.008,CEO wage dynamics: Estimates from a learning model,2013
10.1016/j.jfineco.2012.11.009,Importing corruption culture from overseas: Evidence from corporate tax evasion in the United States,2015
10.1016/j.jfineco.2012.11.010,Cross section of option returns and idiosyncratic stock volatility,2013
10.1016/j.jfineco.2012.12.001,The economics of club bidding and value creation,2013
10.1016/j.jfineco.2012.12.002,The asset growth effect: Insights from international equity markets,2013
10.1016/j.jfineco.2012.12.003,Valuation of VIX derivatives,2013
10.1016/j.jfineco.2012.12.005,Gender and corporate finance: Are male executives overconfident relative to female executives?,2013
10.1016/j.jfineco.2012.12.006,"Connecting two markets: An equilibrium framework for shorts, longs, and stock loans",2013
10.1016/j.jfineco.2012.12.007,The role of state and foreign owners in corporate risk-taking: Evidence from privatization,2013
10.1016/j.jfineco.2012.12.008,New evidence on the first financial bubble,2013
10.1016/j.jfineco.2013.01.001,Generalists versus specialists: Lifetime work experience and chief executive officer pay,2013
10.1016/j.jfineco.2013.01.002,"Risk and return: Long-run relations, fractional cointegration, and return predictability",2013
10.1016/j.jfineco.2013.01.003,The other side of value: The gross profitability premium,2013
10.1016/j.jfineco.2013.01.004,Exploring the role Delaware plays as a domestic tax haven,2013
10.1016/j.jfineco.2013.01.005,General equilibrium with heterogeneous participants and discrete consumption times,2013
10.1016/j.jfineco.2013.01.006,“When the cat's away the mice will play”: Does regulation at home affect bank risk-taking abroad?,2013
10.1016/j.jfineco.2013.01.007,Institutional trading and stock resiliency: Evidence from the 2007–2009 financial crisis,2013
10.1016/j.jfineco.2013.01.008,The cross section of conditional mutual fund performance in European stock markets,2013
10.1016/j.jfineco.2013.01.009,Pyramidal ownership and the creation of new firms,2013
10.1016/j.jfineco.2013.01.010,Managerial attitudes and corporate actions,2013
10.1016/j.jfineco.2013.01.011,Adoptive expectations: Rising sons in Japanese family firms,2013
10.1016/j.jfineco.2013.01.012,Labor unions and tax aggressiveness,2013
10.1016/j.jfineco.2013.01.013,CEO contract design: How do strong principals do it?,2013
10.1016/j.jfineco.2013.02.001,The mystery of zero-leverage firms,2013
10.1016/j.jfineco.2013.02.002,A new approach to predicting analyst forecast errors: Do investors overweight analyst forecasts?,2013
10.1016/j.jfineco.2013.02.003,The deep-pocket effect of internal capital markets,2013
10.1016/j.jfineco.2013.02.004,Are busy boards detrimental?,2013
10.1016/j.jfineco.2013.02.005,Are there too many safe securities? Securitization and the incentives for information production,2013
10.1016/j.jfineco.2013.02.006,"Market timing, investment, and risk management",2013
10.1016/j.jfineco.2013.02.007,Sharing information in the credit market: Contract-level evidence from U.S. firms,2013
10.1016/j.jfineco.2013.02.008,How does capital affect bank performance during financial crises?,2013
10.1016/j.jfineco.2013.02.009,Firm characteristics and long-run stock returns after corporate events,2013
10.1016/j.jfineco.2013.02.010,Firms as liquidity providers: Evidence from the 2007–2008 financial crisis,2013
10.1016/j.jfineco.2013.02.011,"Productivity, restructuring, and the gains from takeovers",2013
10.1016/j.jfineco.2013.02.012,Worldwide reach of short selling regulations,2013
10.1016/j.jfineco.2013.02.013,Acquisitions driven by stock overvaluation: Are they good deals?,2013
10.1016/j.jfineco.2013.02.014,"Access to capital, investment, and the financial crisis",2013
10.1016/j.jfineco.2013.02.015,The dividend month premium,2013
10.1016/j.jfineco.2013.02.016,Foreign corporations and the culture of transparency: Evidence from Russian administrative data,2015
10.1016/j.jfineco.2013.02.017,"IPO first-day returns, offer price revisions, volatility, and form S-1 language",2013
10.1016/j.jfineco.2013.02.018,The leverage effect puzzle: Disentangling sources of bias at high frequency,2013
10.1016/j.jfineco.2013.02.019,The relation between equity incentives and misreporting: The role of risk-taking incentives,2013
10.1016/j.jfineco.2013.02.020,CEO turnover in a competitive assignment framework,2013
10.1016/j.jfineco.2013.02.021,Monitoring and corporate disclosure: Evidence from a natural experiment,2013
10.1016/j.jfineco.2013.03.001,A production-based model for the term structure,2013
10.1016/j.jfineco.2013.03.002,Collateral and capital structure,2013
10.1016/j.jfineco.2013.03.003,Limits to arbitrage and hedging: Evidence from commodity markets,2013
10.1016/j.jfineco.2013.03.004,Does risk management matter? Evidence from the U.S. agricultural industry,2013
10.1016/j.jfineco.2013.03.005,The timing of pay,2013
10.1016/j.jfineco.2013.03.006,Corporate ownership structure and the choice between bank debt and public debt,2013
10.1016/j.jfineco.2013.03.007,Feedback effects of credit ratings,2013
10.1016/j.jfineco.2013.03.008,"The European Union, the Euro, and equity market integration",2013
10.1016/j.jfineco.2013.03.009,Can hedge funds time market liquidity?,2013
10.1016/j.jfineco.2013.03.010,Do personal taxes affect capital structure? Evidence from the 2003 tax cut,2013
10.1016/j.jfineco.2013.03.011,Trading frenzies and their impact on real investment,2013
10.1016/j.jfineco.2013.03.012,Externalities of public firm presence: Evidence from private firms' investment decisions,2013
10.1016/j.jfineco.2013.03.013,Controlling shareholders and market timing in share issuance,2013
10.1016/j.jfineco.2013.03.014,The term structure of interbank risk,2013
10.1016/j.jfineco.2013.03.015,Banking deregulation and innovation,2013
10.1016/j.jfineco.2013.03.016,Why does junior put all his eggs in one basket? A potential rational explanation for holding concentrated portfolios,2013
10.1016/j.jfineco.2013.04.001,The dark side of analyst coverage: The case of innovation,2013
10.1016/j.jfineco.2013.04.002,Undisclosed orders and optimal submission strategies in a limit order market,2013
10.1016/j.jfineco.2013.04.003,Exploring uncharted territories of the hedge fund Industry: Empirical characteristics of mega hedge fund firms,2013
10.1016/j.jfineco.2013.04.004,Why Gaussian macro-finance term structure models are (nearly) unconstrained factor-VARs,2013
10.1016/j.jfineco.2013.04.005,Directors' and officers' liability insurance and loan spreads,2013
10.1016/j.jfineco.2013.04.006,Credit supply and corporate innovation,2013
10.1016/j.jfineco.2013.04.007,"Company name fluency, investor recognition, and firm value",2013
10.1016/j.jfineco.2013.04.008,Determinants of corporate cash policy: Insights from private firms,2013
10.1016/j.jfineco.2013.04.009,Pricing the term structure with linear regressions,2013
10.1016/j.jfineco.2013.04.010,Predictability of currency carry trades and asset pricing implications,2013
10.1016/j.jfineco.2013.04.011,Supply uncertainty of the bond investor base and the leverage of the firm,2013
10.1016/j.jfineco.2013.04.012,Investment shocks and the commodity basis spread,2013
10.1016/j.jfineco.2013.04.013,Does the director labor market offer ex post settling-up for CEOs? The case of acquisitions,2013
10.1016/j.jfineco.2013.04.014,Corporate social responsibility and stakeholder value maximization: Evidence from mergers,2013
10.1016/j.jfineco.2013.05.001,Asset management and investment banking,2013
10.1016/j.jfineco.2013.05.002,"Brand perception, cash flow stability, and financial policy",2013
10.1016/j.jfineco.2013.05.003,Are small firms less vulnerable to overpriced stock offers?,2013
10.1016/j.jfineco.2013.05.004,The economics of hedge funds,2013
10.1016/j.jfineco.2013.06.001,Risk tolerance and entrepreneurship,2014
10.1016/j.jfineco.2013.06.002,The value of local political connections in a low-corruption environment,2013
10.1016/j.jfineco.2013.06.003,The role of the media in corporate governance: Do the media influence managers' capital allocation decisions?,2013
10.1016/j.jfineco.2013.06.004,Allocation of decision rights and the investment strategy of mutual funds,2013
10.1016/j.jfineco.2013.06.005,Mutual fund skill and the performance of corporate acquirers,2013
10.1016/j.jfineco.2013.06.006,Predicting market returns using aggregate implied cost of capital,2013
10.1016/j.jfineco.2013.07.001,Investment cycles and startup innovation,2013
10.1016/j.jfineco.2013.07.002,Quiet bubbles,2013
10.1016/j.jfineco.2013.07.003,"Human capital, capital structure, and employee pay: An empirical analysis",2013
10.1016/j.jfineco.2013.07.004,"Executives' “off-the-job” behavior, corporate culture, and financial reporting risk",2015
10.1016/j.jfineco.2013.07.005,The performance of corporate alliances: Evidence from oil and gas drilling in the Gulf of Mexico,2013
10.1016/j.jfineco.2013.07.006,Do jumps contribute to the dynamics of the equity premium?,2013
10.1016/j.jfineco.2013.08.001,Syndicated loan spreads and the composition of the syndicate,2014
10.1016/j.jfineco.2013.08.002,Liquidity risk of corporate bond returns: conditional approach,2013
10.1016/j.jfineco.2013.08.003,Stock returns and the Miller Modigliani valuation formula: Revisiting the Fama French analysis,2013
10.1016/j.jfineco.2013.08.004,"When firms talk, do investors listen? The role of trust in stock market reactions to corporate earnings announcements",2015
10.1016/j.jfineco.2013.08.005,How do staggered boards affect shareholder value? Evidence from a natural experiment,2013
10.1016/j.jfineco.2013.08.006,General equilibrium pricing of currency and currency options,2013
10.1016/j.jfineco.2013.08.007,Political uncertainty and risk premia,2013
10.1016/j.jfineco.2013.08.008,The U.S. left behind? Financial globalization and the rise of IPOs outside the U.S.,2013
10.1016/j.jfineco.2013.08.009,"Boards, CEO entrenchment, and the cost of capital",2013
10.1016/j.jfineco.2013.08.010,The effects of firm-initiated clawback provisions on bank loan contracting,2013
10.1016/j.jfineco.2013.08.011,Reputational contagion and optimal regulatory forbearance,2013
10.1016/j.jfineco.2013.08.012,Legislating stock prices,2013
10.1016/j.jfineco.2013.08.013,The economics of options-implied inflation probability density functions,2013
10.1016/j.jfineco.2013.08.014,Joint Editorial,2013
10.1016/j.jfineco.2013.08.015,Contracting under asymmetric information: Evidence from lockup agreements in seasoned equity offerings,2013
10.1016/j.jfineco.2013.08.016,Time-changed Lévy LIBOR market model: Pricing and joint estimation of the cap surface and swaption cube,2014
10.1016/j.jfineco.2013.08.017,Equity yields,2013
10.1016/j.jfineco.2013.08.018,Word power: A new approach for content analysis,2013
10.1016/j.jfineco.2013.09.001,Government policy and ownership of equity securities,2014
10.1016/j.jfineco.2013.09.002,"Investment busts, reputation, and the temptation to blend in with the crowd",2014
10.1016/j.jfineco.2013.09.003,Overcoming limits of arbitrage: Theory and evidence,2014
10.1016/j.jfineco.2013.10.001,Are hedge fund managers systematically misreporting? Or not?,2014
10.1016/j.jfineco.2013.10.002,Are red or blue companies more likely to go green? Politics and corporate social responsibility,2014
10.1016/j.jfineco.2013.10.003,Dynamic risk management,2014
10.1016/j.jfineco.2013.10.004,Board composition and CEO power,2014
10.1016/j.jfineco.2013.10.005,Betting against beta,2014
10.1016/j.jfineco.2013.10.006,Networks and productivity: Causal evidence from editor rotations,2014
10.1016/j.jfineco.2013.10.007,The value of diffusing information,2014
10.1016/j.jfineco.2013.10.008,The role of stock ownership by US members of Congress on the market for political favors,2014
10.1016/j.jfineco.2013.10.009,Managerial risk taking incentives and corporate pension policy,2014
10.1016/j.jfineco.2013.10.010,"Composition of wealth, conditioning information, and the cross-section of stock returns",2014
10.1016/j.jfineco.2013.10.011,Independent director incentives: Where do talented directors spend their limited time and energy?,2014
10.1016/j.jfineco.2013.10.012,Politicians and the IPO decision: The impact of impending political promotions on IPO activity in China,2014
10.1016/j.jfineco.2013.10.013,Accountability of independent directors: Evidence from firms subject to securities litigation,2014
10.1016/j.jfineco.2013.10.014,Macroeconomic effects of corporate default crisis: A long-term perspective,2014
10.1016/j.jfineco.2013.10.015,Can investor-paid credit rating agencies improve the information quality of issuer-paid rating agencies?,2014
10.1016/j.jfineco.2013.11.001,Firm boundaries matter: Evidence from conglomerates and R&amp;D activity,2014
10.1016/j.jfineco.2013.11.002,Crises and confidence: Systemic banking crises and depositor behavior,2014
10.1016/j.jfineco.2013.11.003,Fund Manager Allocation,2014
10.1016/j.jfineco.2013.11.004,Did CDS trading improve the market for corporate bonds?,2014
10.1016/j.jfineco.2013.11.005,The price of skill: Performance evaluation by households,2014
10.1016/j.jfineco.2013.11.006,Learning from peers' stock prices and corporate investment,2014
10.1016/j.jfineco.2013.11.007,The evolution of capital structure and operating performance after leveraged buyouts: Evidence from U.S. corporate tax returns,2014
10.1016/j.jfineco.2013.11.008,Trading in derivatives when the underlying is scarce,2014
10.1016/j.jfineco.2013.11.009,Lévy jump risk: Evidence from options and returns,2014
10.1016/j.jfineco.2013.11.010,Motivating innovation in newly public firms,2014
10.1016/j.jfineco.2013.11.011,Speculating on home improvements,2014
10.1016/j.jfineco.2013.12.001,"The impact of central clearing on counterparty risk, liquidity, and trading: Evidence from the credit default swap market",2014
10.1016/j.jfineco.2013.12.002,Financial development and innovation: Cross-country evidence,2014
10.1016/j.jfineco.2013.12.003,Money and liquidity in financial markets,2014
10.1016/j.jfineco.2013.12.004,Does option trading convey stock price information?,2014
10.1016/j.jfineco.2013.12.005,Countercyclical currency risk premia,2014
10.1016/j.jfineco.2013.12.006,Mutual fund performance evaluation with active peer benchmarks,2014
10.1016/j.jfineco.2014.01.001,Bond market access and investment,2014
10.1016/j.jfineco.2014.01.002,Dynamic debt runs and financial fragility: Evidence from the 2007 ABCP crisis,2014
10.1016/j.jfineco.2014.01.003,The internal capital markets of business groups: Evidence from intra-group loans,2014
10.1016/j.jfineco.2014.01.004,Female leadership and gender equity: Evidence from plant closure,2015
10.1016/j.jfineco.2014.02.001,Credit lines as monitored liquidity insurance: Theory and evidence,2014
10.1016/j.jfineco.2014.02.002,"Predicting anomaly performance with politics, the weather, global warming, sunspots, and the stars",2014
10.1016/j.jfineco.2014.02.003,The role of investment banker directors in M&amp;A,2014
10.1016/j.jfineco.2014.02.004,Birds of a feather: Value implications of political alignment between top management and directors,2014
10.1016/j.jfineco.2014.02.005,"Elections, political competition and bank failure",2014
10.1016/j.jfineco.2014.02.006,Limited partner performance and the maturing of the private equity industry,2014
10.1016/j.jfineco.2014.02.007,Acquirer-target social ties and merger outcomes,2014
10.1016/j.jfineco.2014.02.008,Predatory lending and the subprime crisis,2014
10.1016/j.jfineco.2014.02.009,Winners in the spotlight: Media coverage of fund holdings as a driver of flows,2014
10.1016/j.jfineco.2014.02.010,Comovement and investment banking networks,2014
10.1016/j.jfineco.2014.02.011,Freedom of choice between unitary and two-tier boards: An empirical analysis,2014
10.1016/j.jfineco.2014.03.001,The Idealized Electoral College voting mechanism and shareholder power,2014
10.1016/j.jfineco.2014.03.002,Should one hire a corrupt CEO in a corrupt country?,2015
10.1016/j.jfineco.2014.03.003,"Who works for startups? The relation between firm age, employee age, and growth",2014
10.1016/j.jfineco.2014.03.004,Beauty is in the eye of the beholder: The effect of corporate tax avoidance on the cost of bank loans,2014
10.1016/j.jfineco.2014.03.005,"Safer ratios, riskier portfolios: Banks׳ response to government aid",2014
10.1016/j.jfineco.2014.03.006,Performance evaluation with high moments and disaster risk,2014
10.1016/j.jfineco.2014.04.001,Death and jackpot: Why do individual investors hold overpriced stocks?,2014
10.1016/j.jfineco.2014.04.002,A dynamic limit order market with fast and slow traders,2014
10.1016/j.jfineco.2014.04.003,Debt covenant renegotiations and creditor control rights,2014
10.1016/j.jfineco.2014.04.004,The genetics of investment biases,2014
10.1016/j.jfineco.2014.04.005,Asset pricing: A tale of two days,2014
10.1016/j.jfineco.2014.04.006,Stock market returns and annuitization,2014
10.1016/j.jfineco.2014.04.007,Trading networks and liquidity provision,2014
10.1016/j.jfineco.2014.04.008,Tailspotting: Identifying and profiting from CEO vacation trips,2014
10.1016/j.jfineco.2014.04.009,Military CEOs,2015
10.1016/j.jfineco.2014.05.001,Income hedging and portfolio decisions,2014
10.1016/j.jfineco.2014.05.002,Mortgage convexity,2014
10.1016/j.jfineco.2014.05.003,The international transmission of bank capital requirements: Evidence from the UK,2014
10.1016/j.jfineco.2014.05.004,Crash-neutral currency carry trades,2014
10.1016/j.jfineco.2014.05.005,Distracted directors: Does board busyness hurt shareholder value?,2014
10.1016/j.jfineco.2014.05.006,Monetary policy regimes: Implications for the yield curve and bond pricing,2014
10.1016/j.jfineco.2014.05.007,China׳s secondary privatization: Perspectives from the Split-Share Structure Reform,2014
10.1016/j.jfineco.2014.05.008,"Uncertainty, market structure, and liquidity",2014
10.1016/j.jfineco.2014.05.009,Do independent directors cause improvements in firm transparency?,2014
10.1016/j.jfineco.2014.05.010,The value of corporate culture,2015
10.1016/j.jfineco.2014.05.011,The death of the deal: Are withdrawn acquisition deals informative of CEO quality?,2014
10.1016/j.jfineco.2014.05.012,On the systematic volatility of unpriced earnings,2014
10.1016/j.jfineco.2014.06.001,The determinants of recovery rates in the US corporate bond market,2014
10.1016/j.jfineco.2014.06.002,Financial expert CEOs: CEO׳s work experience and firm׳s financial policies,2014
10.1016/j.jfineco.2014.06.003,Dispersion in beliefs among active mutual funds and the cross-section of stock returns,2014
10.1016/j.jfineco.2014.06.004,What do firms do when dividend tax rates change? An examination of alternative payout responses,2014
10.1016/j.jfineco.2014.06.005,Does PIN affect equity prices around the world?,2014
10.1016/j.jfineco.2014.06.006,CEO optimism and incentive compensation,2014
10.1016/j.jfineco.2014.06.007,Disagreement and asset prices,2014
10.1016/j.jfineco.2014.06.008,Macroeconomic risk and hedge fund returns,2014
10.1016/j.jfineco.2014.06.009,News-driven return reversals: Liquidity provision ahead of earnings announcements,2014
10.1016/j.jfineco.2014.07.001,Conditional risk premia in currency markets and other asset classes,2014
10.1016/j.jfineco.2014.07.002,Price informativeness and stock return synchronicity: Evidence from the pricing of seasoned equity offerings,2014
10.1016/j.jfineco.2014.07.003,Access to management and the informativeness of analyst research,2014
10.1016/j.jfineco.2014.07.004,Corporate distress and lobbying: Evidence from the Stimulus Act,2014
10.1016/j.jfineco.2014.07.005,Did going public impair Moody׳s credit ratings?,2014
10.1016/j.jfineco.2014.07.006,Did bank distress stifle innovation during the Great Depression?,2014
10.1016/j.jfineco.2014.07.007,Fact or friction: Jumps at ultra high frequency,2014
10.1016/j.jfineco.2014.07.008,The long of it: Odds that investor sentiment spuriously predicts anomaly returns,2014
10.1016/j.jfineco.2014.07.009,Shareholder democracy in play: Career consequences of proxy contests,2014
10.1016/j.jfineco.2014.07.010,"Refinancing, profitability, and capital structure",2014
10.1016/j.jfineco.2014.07.011,CEO deal-making activities and compensation,2014
10.1016/j.jfineco.2014.07.012,"Fails-to-deliver, short selling, and market quality",2014
10.1016/j.jfineco.2014.07.013,"Preemptive bidding, target resistance, and takeover premiums",2014
10.1016/j.jfineco.2014.07.014,Advancing the universality of quadrature methods to any underlying process for option pricing,2014
10.1016/j.jfineco.2014.07.015,Forecasting stock returns under economic constraints,2014
10.1016/j.jfineco.2014.08.001,Price pressures,2014
10.1016/j.jfineco.2014.08.002,Fund managers under pressure: Rationale and determinants of secondary buyouts,2015
10.1016/j.jfineco.2014.08.003,The euro and corporate financing before the crisis,2014
10.1016/j.jfineco.2014.08.004,"A comment on Christoffersen, Jacobs, and Ornthanalai (2012), “Dynamic jump intensities and risk premiums: Evidence from S&amp;P 500 returns and options”",2015
10.1016/j.jfineco.2014.08.005,A century of capital structure: The leveraging of corporate America,2015
10.1016/j.jfineco.2014.08.006,End-of-the-year economic growth and time-varying expected returns,2015
10.1016/j.jfineco.2014.08.007,X-CAPM: An extrapolative capital asset pricing model,2015
10.1016/j.jfineco.2014.08.008,"Market run-ups, market freezes, inventories, and leverage",2015
10.1016/j.jfineco.2014.08.009,Maturity rationing and collective short-termism,2015
10.1016/j.jfineco.2014.09.001,Does banking competition affect innovation?,2015
10.1016/j.jfineco.2014.09.002,Non-executive employee stock options and corporate innovation,2015
10.1016/j.jfineco.2014.09.003,Culture and R2,2015
10.1016/j.jfineco.2014.09.004,Why do term structures in different currencies co-move?,2015
10.1016/j.jfineco.2014.09.005,Attentive insider trading,2015
10.1016/j.jfineco.2014.09.006,Macroeconomic linkages between monetary policy and the term structure of interest rates,2015
10.1016/j.jfineco.2014.09.007,Can managers time the market? Evidence using repurchase price data,2015
10.1016/j.jfineco.2014.09.008,Corporate goodness and shareholder wealth,2015
10.1016/j.jfineco.2014.09.009,"Financial integration, housing, and economic volatility",2015
10.1016/j.jfineco.2014.09.010,"Trading rules, competition for order flow and market fragmentation",2015
10.1016/j.jfineco.2014.09.011,"Callable bonds, reinvestment risk, and credit rating improvements: Role of the call premium",2015
10.1016/j.jfineco.2014.09.012,"The failure of models that predict failure: Distance, incentives, and defaults",2015
10.1016/j.jfineco.2014.10.001,Asset pricing with arbitrage activity,2015
10.1016/j.jfineco.2014.10.002,Do analysts matter for governance? Evidence from natural experiments,2015
10.1016/j.jfineco.2014.10.003,Does ambiguity matter? Estimating asset pricing models with a multiple-priors recursive utility,2015
10.1016/j.jfineco.2014.10.004,"Excess control rights, bank capital structure adjustments, and lending",2015
10.1016/j.jfineco.2014.10.005,Technology spillovers and corporate cash holdings,2015
10.1016/j.jfineco.2014.10.006,A theory of risk capital,2015
10.1016/j.jfineco.2014.10.007,Trade credit and cross-country predictable firm returns,2015
10.1016/j.jfineco.2014.10.008,Price support by bank-affiliated mutual funds,2015
10.1016/j.jfineco.2014.10.009,Friends or foes? The interrelationship between angel and venture capital markets,2015
10.1016/j.jfineco.2014.10.010,A five-factor asset pricing model,2015
10.1016/j.jfineco.2014.10.011,Capital allocation and delegation of decision-making authority within firms,2015
10.1016/j.jfineco.2014.10.012,Impact of the Dodd-Frank act on credit ratings,2015
10.1016/j.jfineco.2014.10.013,"Corporate payout, cash retention, and the supply of credit: Evidence from the 2008–2009 credit crisis",2015
10.1016/j.jfineco.2014.11.001,Monetary policy and long-term real rates,2015
10.1016/j.jfineco.2014.11.002,Do investors overpay for stocks with lottery-like payoffs? An examination of the returns of OTC stocks,2015
10.1016/j.jfineco.2014.11.003,Deposits and bank capital structure,2015
10.1016/j.jfineco.2014.11.004,The “greatest” carry trade ever? Understanding eurozone bank risks,2015
10.1016/j.jfineco.2014.11.005,Information reliability and welfare: A theory of coarse credit ratings,2015
10.1016/j.jfineco.2014.11.006,Vulnerable banks,2015
10.1016/j.jfineco.2014.11.007,Commonality in news around the world,2015
10.1016/j.jfineco.2014.11.008,Scale and skill in active management,2015
10.1016/j.jfineco.2014.11.009,Structured debt ratings: Evidence on conflicts of interest,2015
10.1016/j.jfineco.2014.11.010,Momentum has its moments,2015
10.1016/j.jfineco.2014.11.011,"Liquid-claim production, risk management, and bank capital structure: Why high leverage is optimal for banks",2015
10.1016/j.jfineco.2014.11.012,The JOBS Act and IPO volume: Evidence that disclosure costs affect the IPO decision,2015
10.1016/j.jfineco.2014.11.013,The role of dynamic renegotiation and asymmetric information in financial contracting,2015
10.1016/j.jfineco.2014.12.001,"Suspect CEOs, unethical culture, and corporate misbehavior",2015
10.1016/j.jfineco.2014.12.002,The disintermediation of financial markets: Direct investing in private equity,2015
10.1016/j.jfineco.2014.12.003,Political capital and moral hazard,2015
10.1016/j.jfineco.2014.12.004,The effect of repatriation tax costs on U.S. multinational investment,2015
10.1016/j.jfineco.2014.12.005,The adverse effects of systematic leakage ahead of official sovereign debt rating announcements,2015
10.1016/j.jfineco.2014.12.006,Central clearing and collateral demand,2015
10.1016/j.jfineco.2015.01.001,CEO network centrality and merger performance,2015
10.1016/j.jfineco.2015.01.002,Hedge funds and discretionary liquidity restrictions,2015
10.1016/j.jfineco.2015.01.003,High frequency market microstructure,2015
10.1016/j.jfineco.2015.01.004,As certain as debt and taxes: Estimating the tax sensitivity of leverage from state tax changes,2015
10.1016/j.jfineco.2015.01.005,Bank loans and troubled debt restructurings,2015
10.1016/j.jfineco.2015.01.006,Local financial capacity and asset values: Evidence from bank failures,2016
10.1016/j.jfineco.2015.02.001,Banks׳ liability structure and mortgage lending during the financial crisis,2015
10.1016/j.jfineco.2015.02.002,"Contractual incompleteness, limited liability and asset price bubbles",2015
10.1016/j.jfineco.2015.02.003,Search-based peer firms: Aggregating investor perceptions through internet co-searches,2015
10.1016/j.jfineco.2015.02.004,Deflating profitability,2015
10.1016/j.jfineco.2015.02.005,Extraordinary acquirers,2015
10.1016/j.jfineco.2015.02.006,How do acquirers choose between mergers and tender offers?,2015
10.1016/j.jfineco.2015.02.007,Costs and benefits of friendly boards during mergers and acquisitions,2015
10.1016/j.jfineco.2015.02.008,"High-frequency quoting, trading, and the efficiency of prices",2015
10.1016/j.jfineco.2015.02.009,Does realized skewness predict the cross-section of equity returns?,2015
10.1016/j.jfineco.2015.02.010,Tail risk premia and return predictability,2015
10.1016/j.jfineco.2015.03.001,The cross section of expected holding period returns and their dynamics: A present value approach,2015
10.1016/j.jfineco.2015.03.002,Modeling financial contagion using mutually exciting jump processes,2015
10.1016/j.jfineco.2015.03.003,Generalized risk premia,2015
10.1016/j.jfineco.2015.03.004,Equilibrium fast trading,2015
10.1016/j.jfineco.2015.03.005,"House prices, collateral, and self-employment",2015
10.1016/j.jfineco.2015.03.006,"Market-wide attention, trading, and stock returns",2015
10.1016/j.jfineco.2015.03.007,Are institutions informed about news?,2015
10.1016/j.jfineco.2015.03.008,The bonding hypothesis of takeover defenses: Evidence from IPO firms,2015
10.1016/j.jfineco.2015.04.001,Juicing the dividend yield: Mutual funds and the demand for dividends,2015
10.1016/j.jfineco.2015.04.002,Investment and CEO compensation under limited commitment,2015
10.1016/j.jfineco.2015.04.003,Do property rights matter? Evidence from a property law enactment,2015
10.1016/j.jfineco.2015.04.004,Empirical determinants of intertemporal choice,2015
10.1016/j.jfineco.2015.04.005,The illiquidity premium: International evidence,2015
10.1016/j.jfineco.2015.04.006,Value versus growth investing: Why do different investors have different styles?,2015
10.1016/j.jfineco.2015.04.007,CEO overconfidence and financial crisis: Evidence from bank lending and leverage,2016
10.1016/j.jfineco.2015.05.001,Incremental variables and the investment opportunity set,2015
10.1016/j.jfineco.2015.05.002,Measuring skill in the mutual fund industry,2015
10.1016/j.jfineco.2015.05.003,Signal or noise? Uncertainty and learning about whether other traders are informed,2015
10.1016/j.jfineco.2015.05.004,Good and bad uncertainty: Macroeconomic and financial market implications,2015
10.1016/j.jfineco.2015.05.005,Distilling the macroeconomic news flow,2015
10.1016/j.jfineco.2015.05.006,The “cultural revolution” in finance,2015
10.1016/j.jfineco.2015.05.007,Price and volatility co-jumps,2016
10.1016/j.jfineco.2015.05.008,The effect of institutional ownership on firm transparency and information production,2015
10.1016/j.jfineco.2015.05.009,"Spare tire? Stock markets, banking crises, and economic recoveries",2016
10.1016/j.jfineco.2015.05.010,"State variables, macroeconomic activity, and the cross section of individual stocks",2016
10.1016/j.jfineco.2015.06.001,Employee rights and acquisitions,2015
10.1016/j.jfineco.2015.06.002,Financing bidders in takeover contests,2015
10.1016/j.jfineco.2015.06.003,Evaluating the impact of unconventional monetary policy measures: Empirical evidence from the ECB׳s Securities Markets Programme,2016
10.1016/j.jfineco.2015.06.004,Social interaction at work,2015
10.1016/j.jfineco.2015.06.005,The risk premia embedded in index options,2015
10.1016/j.jfineco.2015.06.006,Social learning and corporate peer effects,2015
10.1016/j.jfineco.2015.06.007,A theory of LBO activity based on repeated debt-equity conflicts,2015
10.1016/j.jfineco.2015.06.008,Resource accumulation through economic ties: Evidence from venture capital,2015
10.1016/j.jfineco.2015.06.009,"Debt, labor markets, and the creation and destruction of firms",2015
10.1016/j.jfineco.2015.06.010,Introduction: New perspectives on corporate capital structures,2015
10.1016/j.jfineco.2015.06.011,Government ownership and the cost of debt: Evidence from government investments in publicly traded firms,2015
10.1016/j.jfineco.2015.06.012,Volatility and mutual fund manager skill,2015
10.1016/j.jfineco.2015.06.013,Dark trading and price discovery,2015
10.1016/j.jfineco.2015.06.014,Motivated monitors: The importance of institutional investors׳ portfolio weights,2015
10.1016/j.jfineco.2015.06.015,Banks as patient fixed-income investors,2015
10.1016/j.jfineco.2015.06.016,Redacting proprietary information at the initial public offering,2016
10.1016/j.jfineco.2015.07.001,Wealth transfers via equity transactions,2015
10.1016/j.jfineco.2015.07.002,Liquidity hoarding and interbank market rates: The role of counterparty risk,2015
10.1016/j.jfineco.2015.07.003,"Smart money, dumb money, and capital market anomalies",2015
10.1016/j.jfineco.2015.07.004,Regression-based estimation of dynamic asset pricing models,2015
10.1016/j.jfineco.2015.08.001,"Stocking up: Executive optimism, option exercise, and share retention",2015
10.1016/j.jfineco.2015.08.002,Payout policy through the financial crisis: The growth of repurchases and the resilience of dividends,2015
10.1016/j.jfineco.2015.08.003,Asymmetric decrease in liquidity trading before earnings announcements and the announcement return premium,2015
10.1016/j.jfineco.2015.08.004,Competition of the informed: Does the presence of short sellers affect insider selling?,2015
10.1016/j.jfineco.2015.08.005,The price of wine,2015
10.1016/j.jfineco.2015.08.006,Discount window stigma during the 2007–2008 financial crisis,2015
10.1016/j.jfineco.2015.08.007,On secondary buyouts,2016
10.1016/j.jfineco.2015.08.008,The real effects of share repurchases,2016
10.1016/j.jfineco.2015.08.009,Stock repurchases and liquidity,2016
10.1016/j.jfineco.2015.08.010,Assessing asset pricing models using revealed preference,2016
10.1016/j.jfineco.2015.08.011,How do CEOs see their roles? Management philosophies and styles in family and non-family firms,2016
10.1016/j.jfineco.2015.08.012,The impact of Treasury supply on financial sector lending and stability,2015
10.1016/j.jfineco.2015.08.013,Target revaluation after failed takeover attempts: Cash versus stock,2016
10.1016/j.jfineco.2015.08.014,"Disagreement, speculation, and aggregate investment",2016
10.1016/j.jfineco.2015.08.015,Quadratic variance swap models,2016
10.1016/j.jfineco.2015.08.016,The product market effects of hedge fund activism,2016
10.1016/j.jfineco.2015.08.017,The influence of political bias in state pension funds,2016
10.1016/j.jfineco.2015.08.018,Underwriter deal pipeline and the pricing of IPOs,2016
10.1016/j.jfineco.2015.08.019,Why does the option to stock volume ratio predict stock returns?,2016
10.1016/j.jfineco.2015.08.020,"Reading the tea leaves: Model uncertainty, robust forecasts, and the autocorrelation of analysts’ forecast errors",2016
10.1016/j.jfineco.2015.08.021,US political corruption and firm financial policies,2016
10.1016/j.jfineco.2015.09.001,Investment and the weighted average cost of capital,2016
10.1016/j.jfineco.2015.09.002,The ownership and trading of debt claims in Chapter 11 restructurings,2016
10.1016/j.jfineco.2015.09.003,Optimal inside debt compensation and the value of equity and debt,2016
10.1016/j.jfineco.2015.09.004,Can analysts pick stocks for the long-run?,2016
10.1016/j.jfineco.2015.09.005,The effects of takeover defenses: Evidence from closed-end funds,2016
10.1016/j.jfineco.2015.09.006,Bridging the gap: the design of bank loan contracts and distance,2016
10.1016/j.jfineco.2015.09.007,The expected cost of default,2016
10.1016/j.jfineco.2015.09.008,"Product market competition, R&amp;D investment, and stock returns",2016
10.1016/j.jfineco.2015.09.009,The cross-sectional variation of volatility risk premia,2016
10.1016/j.jfineco.2015.09.010,The common factor in idiosyncratic volatility: Quantitative asset pricing implications,2016
10.1016/j.jfineco.2015.09.011,"Loans on sale: Credit market seasonality, borrower need, and lender rents",2016
10.1016/j.jfineco.2015.09.012,Can information be locked up? Informed trading ahead of macro-news announcements,2016
10.1016/j.jfineco.2015.10.001,The value of connections in turbulent times: Evidence from the United States,2016
10.1016/j.jfineco.2015.10.002,Anxiety in the face of risk,2016
10.1016/j.jfineco.2015.11.001,Capitalizing on Capitol Hill: Informed trading by hedge fund managers,2016
10.1016/j.jfineco.2015.11.002,Disaster recovery and the term structure of dividend strips,2016
10.1016/j.jfineco.2015.11.003,Golden hellos: Signing bonuses for new top executives,2016
10.1016/j.jfineco.2015.11.004,Double bank runs and liquidity risk management,2016
10.1016/j.jfineco.2015.11.005,Information tradeoffs in dynamic financial markets,2016
10.1016/j.jfineco.2015.12.001,"Underwriter networks, investor attention, and initial public offerings",2016
10.1016/j.jfineco.2015.12.002,Momentum crashes,2016
10.1016/j.jfineco.2015.12.003,Socially responsible firms,2016
10.1016/j.jfineco.2015.12.004,Dealer financial conditions and lender-of-last-resort facilities,2017
10.1016/j.jfineco.2016.01.001,"Adverse selection, slow-moving capital, and misallocation",2016
10.1016/j.jfineco.2016.01.002,Institutional investors and stock return anomalies,2016
10.1016/j.jfineco.2016.01.003,Ambiguity aversion and household portfolio choice puzzles: Empirical evidence,2016
10.1016/j.jfineco.2016.01.004,Analyzing volatility risk and risk premium in option contracts: A new theory,2016
10.1016/j.jfineco.2016.01.005,Are retail traders compensated for providing liquidity?,2016
10.1016/j.jfineco.2016.01.006,"Time-to-produce, inventory, and asset prices",2016
10.1016/j.jfineco.2016.01.007,Revolving doors on Wall Street,2016
10.1016/j.jfineco.2016.01.008,"Sentiments, financial markets, and macroeconomic fluctuations",2016
10.1016/j.jfineco.2016.01.009,Using options to measure the full value-effect of an event: Application to Obamacare,2016
10.1016/j.jfineco.2016.01.010,Systemic risk and the macroeconomy: An empirical evaluation,2016
10.1016/j.jfineco.2016.01.011,Shareholder nonparticipation in valuable rights offerings: New findings for an old puzzle,2016
10.1016/j.jfineco.2016.01.012,Why do firms use high discount rates?,2016
10.1016/j.jfineco.2016.01.013,The cost of friendship,2016
10.1016/j.jfineco.2016.01.014,Asset allocation and monetary policy: Evidence from the eurozone,2016
10.1016/j.jfineco.2016.01.015,Taxes and bank capital structure,2016
10.1016/j.jfineco.2016.01.016,Bankruptcy law and bank financing,2016
10.1016/j.jfineco.2016.01.017,"Debt-equity choices, R&amp;D investment and market timing",2016
10.1016/j.jfineco.2016.01.018,Discerning information from trade data,2016
10.1016/j.jfineco.2016.01.019,Does Dodd-Frank affect OTC transaction costs and liquidity? Evidence from real-time CDS trade reports,2016
10.1016/j.jfineco.2016.01.020,Does the geographic expansion of banks reduce risk?,2016
10.1016/j.jfineco.2016.01.021,"Dual ownership, returns, and voting in mergers",2016
10.1016/j.jfineco.2016.01.022,Executive overconfidence and compensation structure,2016
10.1016/j.jfineco.2016.01.023,The expected returns and valuations of private and public firms,2016
10.1016/j.jfineco.2016.01.024,Heuristic portfolio trading rules with capital gain taxes,2016
10.1016/j.jfineco.2016.01.025,Corporate governance and risk management at unprotected banks: National banks in the 1890s,2016
10.1016/j.jfineco.2016.01.026,Rethinking reversals,2016
10.1016/j.jfineco.2016.01.027,Nominal price illusion,2016
10.1016/j.jfineco.2016.01.028,Systematic mistakes in the mortgage market and lack of financial sophistication,2017
10.1016/j.jfineco.2016.01.029,A trend factor: Any economic gains from using information over investment horizons?,2016
10.1016/j.jfineco.2016.01.030,Market maturity and mispricing,2016
10.1016/j.jfineco.2016.01.031,Failure to refinance,2016
10.1016/j.jfineco.2016.01.032,News implied volatility and disaster concerns,2017
10.1016/j.jfineco.2016.01.033,How persistent is private equity performance? Evidence from deal-level data,2017
10.1016/j.jfineco.2016.01.034,Political uncertainty and investment: Causal evidence from U.S. gubernatorial elections,2017
10.1016/j.jfineco.2016.02.001,Roughing up beta: Continuous versus discontinuous betas and the cross section of expected stock returns,2016
10.1016/j.jfineco.2016.02.002,"Dark pool trading strategies, market quality and welfare",2017
10.1016/j.jfineco.2016.02.003,Borrower protection and the supply of credit: Evidence from foreclosure laws,2016
10.1016/j.jfineco.2016.02.004,The value of a good credit reputation: Evidence from credit card renegotiations,2016
10.1016/j.jfineco.2016.02.005,The leverage externalities of credit default swaps,2016
10.1016/j.jfineco.2016.02.006,Does rating analyst subjectivity affect corporate debt pricing?,2016
10.1016/j.jfineco.2016.02.007,The causal effect of option pay on corporate risk management,2016
10.1016/j.jfineco.2016.02.008,Indexing and active fund management: International evidence,2016
10.1016/j.jfineco.2016.02.009,The commitment problem of secured lending,2016
10.1016/j.jfineco.2016.02.010,Financial dependence and innovation: The case of public versus private firms,2017
10.1016/j.jfineco.2016.02.011,"Liquidity, resiliency and market quality around predictable trades: Theory and evidence",2016
10.1016/j.jfineco.2016.02.012,"Performance measurement with selectivity, market and volatility timing",2016
10.1016/j.jfineco.2016.02.013,Have we solved the idiosyncratic volatility puzzle?,2016
10.1016/j.jfineco.2016.02.014,Does variance risk have two prices? Evidence from the equity and option markets,2016
10.1016/j.jfineco.2016.02.015,Volatility risk premia and exchange rate predictability,2016
10.1016/j.jfineco.2016.03.001,Under new management: Equity issues and the attribution of past returns,2016
10.1016/j.jfineco.2016.03.002,"Accruals, cash flows, and operating profitability in the cross section of stock returns",2016
10.1016/j.jfineco.2016.03.003,"Passive investors, not passive owners",2016
10.1016/j.jfineco.2016.03.004,Short interest and aggregate stock returns,2016
10.1016/j.jfineco.2016.03.005,How costly is corporate bankruptcy for the CEO?,2016
10.1016/j.jfineco.2016.03.006,"Market conditions, fragility, and the economics of market making",2016
10.1016/j.jfineco.2016.03.007,The value of creditor control in corporate bonds,2016
10.1016/j.jfineco.2016.03.008,Time is money: Rational life cycle inertia and the delegation of investment management,2016
10.1016/j.jfineco.2016.03.009,Capital structure effects on the prices of equity call options,2016
10.1016/j.jfineco.2016.03.010,Customer concentration and loan contract terms,2017
10.1016/j.jfineco.2016.03.011,Intangible capital and the investment-q relation,2017
10.1016/j.jfineco.2016.04.001,"Information disclosure, firm growth, and the cost of capital",2017
10.1016/j.jfineco.2016.04.002,Do staggered boards harm shareholders?,2017
10.1016/j.jfineco.2016.04.003,The price of variance risk,2017
10.1016/j.jfineco.2016.04.004,Limited disclosure and hidden orders in asset markets,2017
10.1016/j.jfineco.2016.05.001,Clouded judgment: The role of sentiment in credit origination,2016
10.1016/j.jfineco.2016.05.002,Shorting at close range: A tale of two types,2016
10.1016/j.jfineco.2016.05.003,Can analysts assess fundamental risk and valuation uncertainty? An empirical analysis of scenario-based value estimates,2016
10.1016/j.jfineco.2016.05.004,Fragility in money market funds: Sponsor support and regulation,2016
10.1016/j.jfineco.2016.05.005,Securities trading by banks and credit supply: Micro-evidence from the crisis,2016
10.1016/j.jfineco.2016.05.006,Are Friday announcements special? Overcoming selection bias,2016
10.1016/j.jfineco.2016.05.007,Comovement revisited,2016
10.1016/j.jfineco.2016.05.008,Early option exercise: Never say never,2016
10.1016/j.jfineco.2016.05.009,The volatility of a firm's assets and the leverage effect,2016
10.1016/j.jfineco.2016.05.010,Decision-making approaches and the propensity to default: Evidence and implications,2016
10.1016/j.jfineco.2016.05.011,Taxes and leverage at multinational corporations,2016
10.1016/j.jfineco.2016.05.012,"Information percolation, momentum and reversal",2017
10.1016/j.jfineco.2016.06.001,"Sovereign credit risk, liquidity, and European Central Bank intervention: Deus ex machina?",2016
10.1016/j.jfineco.2016.06.002,Relative peer quality and firm performance,2016
10.1016/j.jfineco.2016.06.003,What do private equity firms say they do?,2016
10.1016/j.jfineco.2016.06.004,Gambling preference and individual equity option returns,2016
10.1016/j.jfineco.2016.06.005,Corruption culture and corporate misconduct,2016
10.1016/j.jfineco.2016.06.006,Information Shocks and Short-Term Market Underreaction,2017
10.1016/j.jfineco.2016.07.001,Leverage dynamics over the business cycle,2016
10.1016/j.jfineco.2016.07.002,The impact of unconventional monetary policy on firm financing constraints: Evidence from the maturity extension program,2016
10.1016/j.jfineco.2016.07.003,Mortgage companies and regulatory arbitrage,2016
10.1016/j.jfineco.2016.07.004,"WITHDRAWN: Interest rate volatility, the yield curve, and the macroeconomy",2017
10.1016/j.jfineco.2016.08.001,Who neglects risk? Investor experience and the credit boom,2016
10.1016/j.jfineco.2016.08.002,"Playing it safe? Managerial preferences, risk, and agency conflicts",2016
10.1016/j.jfineco.2016.08.003,Patient capital outperformance: The investment skill of high active share managers who trade infrequently,2016
10.1016/j.jfineco.2016.08.004,Should we be afraid of the dark? Dark trading and market quality,2016
10.1016/j.jfineco.2016.08.005,Have financial markets become more informative?,2016
10.1016/j.jfineco.2016.08.006,Growth through rigidity: An explanation for the rise in CEO pay,2017
10.1016/j.jfineco.2016.09.001,Short selling meets hedge fund 13F: An anatomy of informed demand,2016
10.1016/j.jfineco.2016.09.002,"Debt enforcement, investment, and risk taking across countries",2017
10.1016/j.jfineco.2016.09.003,"Say on pay laws, executive compensation, pay slice, and firm valuation around the world",2016
10.1016/j.jfineco.2016.09.004,"Limited attention, marital events and hedge funds",2016
10.1016/j.jfineco.2016.09.005,How collateral laws shape lending and sectoral activity,2017
10.1016/j.jfineco.2016.09.006,The unintended consequences of the zero lower bound policy,2017
10.1016/j.jfineco.2016.09.007,Portfolio concentration and performance of institutional investors worldwide,2017
10.1016/j.jfineco.2016.09.008,"Cyclicality, performance measurement, and cash flow liquidity in private equity",2016
10.1016/j.jfineco.2016.09.009,Customer–supplier relationships and corporate tax avoidance,2017
10.1016/j.jfineco.2016.09.010,Reference-dependent preferences and the risk–return trade-off,2017
10.1016/j.jfineco.2016.09.011,The impact of firm prestige on executive compensation,2017
10.1016/j.jfineco.2016.09.012,International correlation risk,2017
10.1016/j.jfineco.2016.10.001,The effects of credit default swap trading on information asymmetry in syndicated loans,2017
10.1016/j.jfineco.2016.11.001,The effect of asymmetric information on product market outcomes,2017
10.1016/j.jfineco.2016.11.002,Pilot CEOs and corporate innovation,2017
10.1016/j.jfineco.2016.11.003,WSJ Category Kings – The impact of media attention on consumer and mutual fund investment decisions,2017
10.1016/j.jfineco.2016.11.004,International tests of a five-factor asset pricing model,2017
10.1016/j.jfineco.2016.11.005,Leverage and strategic preemption: Lessons from entry plans and incumbent investments,2017
10.1016/j.jfineco.2016.11.006,"Capital utilization, market power, and the pricing of investment shocks",2017
10.1016/j.jfineco.2016.11.007,Investor flows and fragility in corporate bond funds,2017
10.1016/j.jfineco.2016.11.008,Agnostic fundamental analysis works,2018
10.1016/j.jfineco.2016.12.001,The effect of director experience on acquisition performance,2017
10.1016/j.jfineco.2016.12.002,The U.S. listing gap,2017
10.1016/j.jfineco.2016.12.004,Explaining CEO retention in misreporting firms,2017
10.1016/j.jfineco.2016.12.005,Independent boards and innovation,2017
10.1016/j.jfineco.2016.12.006,"Risk, ambiguity, and the exercise of employee stock options",2017
10.1016/j.jfineco.2016.12.007,Why do loans contain covenants? Evidence from lending relationships,2017
10.1016/j.jfineco.2016.12.008,Diversification and cash dynamics,2017
10.1016/j.jfineco.2016.12.009,Efficiency and stability of a financial architecture with too-interconnected-to-fail institutions,2017
10.1016/j.jfineco.2016.12.010,Who is internationally diversified? Evidence from the 401(k) plans of 296 firms,2017
10.1016/j.jfineco.2016.12.011,Well-connected short-sellers pay lower loan fees: A market-wide analysis,2017
10.1016/j.jfineco.2017.01.001,Interim fund performance and fundraising in private equity,2017
10.1016/j.jfineco.2017.01.002,"The term structure of credit spreads, firm fundamentals, and expected stock returns",2017
10.1016/j.jfineco.2017.01.003,The value of trading relations in turbulent times,2017
10.1016/j.jfineco.2017.01.004,Do corporate taxes hinder innovation?,2017
10.1016/j.jfineco.2017.01.005,Do exogenous changes in passive institutional ownership affect corporate governance and firm value?,2017
10.1016/j.jfineco.2017.01.006,It pays to write well,2017
10.1016/j.jfineco.2017.01.007,Uncovering expected returns: Information in analyst coverage proxies,2017
10.1016/j.jfineco.2017.01.008,High frequency trading and the 2008 short-sale ban,2017
10.1016/j.jfineco.2017.01.009,The term structure of returns: Facts and theory,2017
10.1016/j.jfineco.2017.01.010,Compensation goals and firm performance,2017
10.1016/j.jfineco.2017.02.001,"Credit default swaps, exacting creditors and corporate liquidity management",2017
10.1016/j.jfineco.2017.02.002,Variance risk premiums and the forward premium puzzle,2017
10.1016/j.jfineco.2017.02.003,"Tradability of output, business cycles and asset prices",2018
10.1016/j.jfineco.2017.03.001,Banking integration and house price co-movement,2017
10.1016/j.jfineco.2017.03.002,Socioeconomic status and learning from financial information,2017
10.1016/j.jfineco.2017.03.003,Stock liquidity and default risk,2017
10.1016/j.jfineco.2017.03.004,Shades of darkness: A pecking order of trading venues,2017
10.1016/j.jfineco.2017.03.005,Investment banking relationships and analyst affiliation bias: The impact of the global settlement on sanctioned and non-sanctioned banks,2017
10.1016/j.jfineco.2017.03.006,Skill and luck in private equity performance,2017
10.1016/j.jfineco.2017.03.007,Large shareholders and credit ratings,2017
10.1016/j.jfineco.2017.03.008,The effects of removing barriers to equity issuance,2017
10.1016/j.jfineco.2017.03.009,Information networks: Evidence from illegal insider trading tips,2017
10.1016/j.jfineco.2017.03.010,Managerial myopia and the mortgage meltdown,2018
10.1016/j.jfineco.2017.03.011,The present value relation over six centuries: The case of the Bazacle company,2019
10.1016/j.jfineco.2017.04.001,Changes in corporate effective tax rates over the past 25 years,2017
10.1016/j.jfineco.2017.04.002,Debt maturity and the liquidity of secondary debt markets,2017
10.1016/j.jfineco.2017.04.003,Do takeover laws matter? Evidence from five decades of hostile takeovers,2017
10.1016/j.jfineco.2017.04.004,The bright side of financial derivatives: Options trading and firm innovation,2017
10.1016/j.jfineco.2017.04.005,"CEO talent, CEO compensation, and product market competition",2017
10.1016/j.jfineco.2017.04.006,"Corrigendum to “Optimal consumption, portfolio and life insurance rules for an uncertain lived individual in a continuous time model” [Journal of Financial Economics 2 (1975) 187–203]",2017
10.1016/j.jfineco.2017.04.007,Explaining the negative returns to volatility claims: An equilibrium approach,2017
10.1016/j.jfineco.2017.04.008,What do measures of real-time corporate sales say about earnings surprises and post-announcement returns?,2017
10.1016/j.jfineco.2017.04.009,Endogenous intermediation in over-the-counter markets,2017
10.1016/j.jfineco.2017.04.010,Board reforms and firm value: Worldwide evidence,2017
10.1016/j.jfineco.2017.04.011,Tracing out capital flows: How financially integrated banks respond to natural disasters,2017
10.1016/j.jfineco.2017.04.012,Playing favorites: Conflicts of interest in mutual fund management,2018
10.1016/j.jfineco.2017.05.001,The advantages of using excess returns to model the term structure,2017
10.1016/j.jfineco.2017.05.002,"Firm characteristics, consumption risk, and firm-level risk exposures",2017
10.1016/j.jfineco.2017.05.003,Offshore activities and financial vs operational hedging,2017
10.1016/j.jfineco.2017.05.004,"Option repricing, corporate governance, and the effect of shareholder empowerment",2017
10.1016/j.jfineco.2017.05.005,Employment protection and takeovers,2017
10.1016/j.jfineco.2017.05.006,"Bank capital, liquid reserves, and insolvency risk",2017
10.1016/j.jfineco.2017.05.007,U.S. multinationals and cash holdings,2017
10.1016/j.jfineco.2017.05.008,Informed trading and price discovery before corporate events,2017
10.1016/j.jfineco.2017.05.009,Reputation and signaling in asset sales,2017
10.1016/j.jfineco.2017.05.010,Moral hazard in active asset management,2017
10.1016/j.jfineco.2017.05.011,The impacts of political uncertainty on asset prices: Evidence from the Bo scandal in China,2017
10.1016/j.jfineco.2017.05.012,The globalization of angel investments: Evidence across countries,2018
10.1016/j.jfineco.2017.05.013,"Investment, Tobin’s q, and interest rates",2018
10.1016/j.jfineco.2017.05.014,Managing stigma during a financial crisis,2018
10.1016/j.jfineco.2017.06.001,The impact of portfolio disclosure on hedge fund performance,2017
10.1016/j.jfineco.2017.06.002,The impact of innovation: Evidence from corporate bond exchange-traded funds (ETFs),2017
10.1016/j.jfineco.2017.06.003,Maximum likelihood estimation of the equity premium,2017
10.1016/j.jfineco.2017.06.004,Reexamining staggered boards and shareholder value,2017
10.1016/j.jfineco.2017.06.005,Ambiguity and the corporation: Group disagreement and underinvestment,2017
10.1016/j.jfineco.2017.06.006,Tail risk in hedge funds: A unique view from portfolio holdings,2017
10.1016/j.jfineco.2017.06.007,Interbank networks in the National Banking Era: Their purpose and their role in the Panic of 1893,2017
10.1016/j.jfineco.2017.06.008,Activism mergers,2017
10.1016/j.jfineco.2017.06.009,Fire sale discount: Evidence from the sale of minority equity stakes,2017
10.1016/j.jfineco.2017.06.010,Systemic risk in clearing houses: Evidence from the European repo market,2017
10.1016/j.jfineco.2017.06.011,Debt correlations in the wake of the financial crisis: What are appropriate default correlations for structured products?,2017
10.1016/j.jfineco.2017.06.012,An extrapolative model of house price dynamics,2017
10.1016/j.jfineco.2017.06.013,The effects of institutional investor objectives on firm valuation and governance,2017
10.1016/j.jfineco.2017.06.014,Merger activity in industry equilibrium,2017
10.1016/j.jfineco.2017.06.015,Volatility of aggregate volatility and hedge fund returns,2017
10.1016/j.jfineco.2017.06.016,Systemic co-jumps,2017
10.1016/j.jfineco.2017.06.017,The source of information in prices and investment-price sensitivity,2017
10.1016/j.jfineco.2017.06.018,Dynamic corporate liquidity,2019
10.1016/j.jfineco.2017.07.001,Acquiring growth,2017
10.1016/j.jfineco.2017.07.002,Do managers overreact to salient risks? Evidence from hurricane strikes,2017
10.1016/j.jfineco.2017.07.003,Idiosyncratic risk and the manager,2017
10.1016/j.jfineco.2017.07.004,Are corporate inversions good for shareholders?,2017
10.1016/j.jfineco.2017.07.005,Are foreign investors locusts? The long-term effects of foreign institutional ownership,2017
10.1016/j.jfineco.2017.07.006,"Employee bargaining power, inter-firm competition, and equity-based compensation",2017
10.1016/j.jfineco.2017.07.007,Early peek advantage? Efficient price discovery with tiered information disclosure,2017
10.1016/j.jfineco.2017.07.008,"Precautionary savings, retirement planning and misperceptions of financial literacy",2017
10.1016/j.jfineco.2017.07.009,Rollover risk as market discipline: A two-sided inefficiency,2017
10.1016/j.jfineco.2017.08.001,WITHDRAWN: Early Peek Advantage? Efficient Price Discovery with Tiered Information Disclosure,2017
10.1016/j.jfineco.2017.08.002,Intermediary asset pricing: New evidence from many asset classes,2017
10.1016/j.jfineco.2017.08.003,"Staggered boards and long-term firm value, revisited",2017
10.1016/j.jfineco.2017.08.004,Corrigendum to “Board reforms and firm value: Worldwide evidence” [J. Financ. Econ. 125 (2017) 120–142],2017
10.1016/j.jfineco.2017.08.005,Inferring latent social networks from stock holdings,2019
10.1016/j.jfineco.2017.09.001,Designated market makers still matter: Evidence from two natural experiments,2017
10.1016/j.jfineco.2017.09.002,Opportunism as a firm and managerial trait: Predicting insider trading profits and misconduct,2017
10.1016/j.jfineco.2017.09.003,"Shaped by their daughters: Executives, female socialization, and corporate social responsibility",2017
10.1016/j.jfineco.2017.09.004,Offshore schemes and tax evasion: The role of banks,2017
10.1016/j.jfineco.2017.09.005,Is economic uncertainty priced in the cross-section of stock returns?,2017
10.1016/j.jfineco.2017.09.006,Financial market frictions and diversification,2018
10.1016/j.jfineco.2017.09.007,"Confidence, bond risks, and equity returns",2017
10.1016/j.jfineco.2017.09.008,Who benefits in a crisis? Evidence from hedge fund stock and option holdings,2019
10.1016/j.jfineco.2017.10.001,Tax uncertainty and retirement savings diversification,2017
10.1016/j.jfineco.2017.10.002,Advising shareholders in takeovers,2017
10.1016/j.jfineco.2017.10.003,Bank rescues and bailout expectations: The erosion of market discipline during the financial crisis,2017
10.1016/j.jfineco.2017.10.004,Non-rating revenue and conflicts of interest,2018
10.1016/j.jfineco.2017.10.005,The real effects of credit default swaps,2018
10.1016/j.jfineco.2017.10.006,Pay me now (and later): Pension benefit manipulation before plan freezes and executive retirement,2018
10.1016/j.jfineco.2017.10.007,The option to quit: The effect of employee stock options on turnover,2018
10.1016/j.jfineco.2017.10.008,Firing the wrong workers: Financing constraints and labor misallocation,2019
10.1016/j.jfineco.2017.11.001,Capital gains lock-in and governance choices,2018
10.1016/j.jfineco.2017.11.002,Carry,2018
10.1016/j.jfineco.2017.11.003,The buyers’ perspective on security design: Hedge funds and convertible bond call provisions,2018
10.1016/j.jfineco.2017.11.004,Belief-free price formation,2018
10.1016/j.jfineco.2017.11.005,Determinants and consequences of information processing delay: Evidence from the Thomson Reuters Institutional Brokers’ Estimate System,2018
10.1016/j.jfineco.2017.11.006,Taxation and executive compensation: Evidence from stock options,2018
10.1016/j.jfineco.2017.11.007,When arm's length is too far: Relationship banking over the credit cycle,2018
10.1016/j.jfineco.2017.11.008,"The consequences of managerial indiscretions: Sex, lies, and firm value",2018
10.1016/j.jfineco.2017.11.009,Threat of entry and debt maturity: Evidence from airlines,2018
10.1016/j.jfineco.2017.12.001,Securitization bubbles: Structured finance with disagreement about default risk,2018
10.1016/j.jfineco.2017.12.002,Leverage constraints and asset prices: Insights from mutual fund risk taking,2018
10.1016/j.jfineco.2017.12.003,Employee representation and financial leverage,2018
10.1016/j.jfineco.2017.12.004,"Interest rate volatility, the yield curve, and the macroeconomy",2018
10.1016/j.jfineco.2017.12.005,Resaleable debt and systemic risk,2018
10.1016/j.jfineco.2017.12.006,Liquidity risk and maturity management over the credit cycle,2018
10.1016/j.jfineco.2017.12.007,Four centuries of return predictability,2018
10.1016/j.jfineco.2017.12.008,Are overconfident CEOs better leaders? Evidence from stakeholder commitments,2018
10.1016/j.jfineco.2017.12.009,"Board diversity, firm risk, and corporate policies",2018
10.1016/j.jfineco.2017.12.010,Do insiders time management buyouts and freezeouts to buy undervalued targets?,2019
10.1016/j.jfineco.2017.12.011,How effective are trading pauses?,2019
10.1016/j.jfineco.2017.12.012,Credit default swaps and corporate innovation,2019
10.1016/j.jfineco.2018.01.001,Disagreement about inflation and the yield curve,2018
10.1016/j.jfineco.2018.01.002,The (dis)advantages of clearinghouses before the Fed,2018
10.1016/j.jfineco.2018.01.003,Absolving beta of volatility’s effects,2018
10.1016/j.jfineco.2018.01.004,Management sub-advising in the mutual fund industry,2018
10.1016/j.jfineco.2018.01.005,"The 52-week high, q-theory, and the cross section of stock returns",2018
10.1016/j.jfineco.2018.01.006,Alpha or beta in the eye of the beholder: What drives hedge fund flows?,2018
10.1016/j.jfineco.2018.01.007,The structure of information release and the factor structure of returns,2018
10.1016/j.jfineco.2018.01.008,The effect of mortgage securitization on foreclosure and modification,2018
10.1016/j.jfineco.2018.01.009,Busy directors and firm performance: Evidence from mergers,2018
10.1016/j.jfineco.2018.01.010,Can financial innovation succeed by catering to behavioral preferences? Evidence from a callable options market,2018
10.1016/j.jfineco.2018.01.011,Do universal banks finance riskier but more productive firms?,2018
10.1016/j.jfineco.2018.01.012,Dividend payments as a response to peer influence,2019
10.1016/j.jfineco.2018.02.001,The customer knows best: The investment value of consumer opinions,2018
10.1016/j.jfineco.2018.02.002,High frequency trading and extreme price movements,2018
10.1016/j.jfineco.2018.02.003,Network centrality and delegated investment performance,2018
10.1016/j.jfineco.2018.02.004,Quantitative easing auctions of Treasury bonds,2018
10.1016/j.jfineco.2018.02.005,The effects of q and cash flow on investment in the presence of measurement error,2018
10.1016/j.jfineco.2018.02.006,"CEO attributes, compensation, and firm value: Evidence from a structural estimation",2018
10.1016/j.jfineco.2018.02.007,Time varying risk aversion,2018
10.1016/j.jfineco.2018.02.008,Protection of trade secrets and capital structure decisions,2018
10.1016/j.jfineco.2018.02.009,Cash windfalls and acquisitions,2018
10.1016/j.jfineco.2018.02.010,"Bid anticipation, information revelation, and merger gains",2018
10.1016/j.jfineco.2018.02.011,An intertemporal CAPM with stochastic volatility,2018
10.1016/j.jfineco.2018.02.012,Choosing factors,2018
10.1016/j.jfineco.2018.02.013,Collateralizing liquidity,2019
10.1016/j.jfineco.2018.02.014,How valuable are independent directors? Evidence from external distractions,2019
10.1016/j.jfineco.2018.02.015,High frequency trading and comovement in financial markets,2019
10.1016/j.jfineco.2018.03.001,Cost of experimentation and the evolution of venture capital,2018
10.1016/j.jfineco.2018.03.002,Asset pricing with beliefs-dependent risk aversion and learning,2018
10.1016/j.jfineco.2018.03.003,Cash flow duration and the term structure of equity returns,2018
10.1016/j.jfineco.2018.03.004,Spillovers from good-news and other bankruptcies: Real effects and price responses,2018
10.1016/j.jfineco.2018.03.005,Are institutional investors with multiple blockholdings effective monitors?,2018
10.1016/j.jfineco.2018.03.006,Are stock-financed takeovers opportunistic?,2018
10.1016/j.jfineco.2018.03.007,The unintended consequences of divestment,2018
10.1016/j.jfineco.2018.03.008,Human capital relatedness and mergers and acquisitions,2018
10.1016/j.jfineco.2018.03.009,Flexible prices and leverage,2018
10.1016/j.jfineco.2018.03.010,Downside risks and the cross-section of asset returns,2018
10.1016/j.jfineco.2018.03.011,"Fintech, regulatory arbitrage, and the rise of shadow banks",2018
10.1016/j.jfineco.2018.04.001,When saving is gambling,2018
10.1016/j.jfineco.2018.04.002,How does the stock market absorb shocks?,2018
10.1016/j.jfineco.2018.04.003,Government guarantees and the two-way feedback between banking and sovereign debt crises,2018
10.1016/j.jfineco.2018.04.004,The effects of media slant on firm behavior,2018
10.1016/j.jfineco.2018.04.005,Term structures of asset prices and returns,2018
10.1016/j.jfineco.2018.04.006,"Competition, reach for yield, and money market funds",2018
10.1016/j.jfineco.2018.04.007,Extrapolation and bubbles,2018
10.1016/j.jfineco.2018.04.008,Exploring the sources of default clustering,2018
10.1016/j.jfineco.2018.04.009,One fundamental and two taxes: When does a Tobin tax reduce financial price volatility?,2018
10.1016/j.jfineco.2018.04.010,Director skill sets,2018
10.1016/j.jfineco.2018.04.011,Warehouse banking,2018
10.1016/j.jfineco.2018.04.012,Cyclical investment behavior across financial institutions,2018
10.1016/j.jfineco.2018.04.013,Financial intermediation in private equity: How well do funds of funds perform?,2018
10.1016/j.jfineco.2018.04.014,Capital gains taxation and the cost of capital: Evidence from unanticipated cross-border transfers of tax base,2018
10.1016/j.jfineco.2018.04.015,Squaring venture capital valuations with reality,2020
10.1016/j.jfineco.2018.05.001,What makes the bonding stick? A natural experiment testing the legal bonding hypothesis,2018
10.1016/j.jfineco.2018.05.002,Does improved information improve incentives?,2018
10.1016/j.jfineco.2018.05.003,Loan prospecting and the loss of soft information,2018
10.1016/j.jfineco.2018.05.004,Non-myopic betas,2018
10.1016/j.jfineco.2018.05.005,Tax distortions and bond issue pricing,2018
10.1016/j.jfineco.2018.05.006,"Size matters, if you control your junk",2018
10.1016/j.jfineco.2018.05.007,Does policy uncertainty affect mergers and acquisitions?,2018
10.1016/j.jfineco.2018.05.008,Financing as a supply chain: The capital structure of banks and borrowers,2018
10.1016/j.jfineco.2018.05.009,Market intraday momentum,2018
10.1016/j.jfineco.2018.05.010,Private equity portfolio company fees,2018
10.1016/j.jfineco.2018.05.011,Micro(structure) before macro? The predictive power of aggregate illiquidity for stock returns and economic activity,2018
10.1016/j.jfineco.2018.05.012,Optimal capital structure and bankruptcy choice: Dynamic bargaining versus liquidation,2019
10.1016/j.jfineco.2018.06.001,The Volcker Rule and corporate bond market making in times of stress,2018
10.1016/j.jfineco.2018.06.002,"Informative fund size, managerial skill, and investor rationality",2018
10.1016/j.jfineco.2018.06.003,"Patent collateral, investor commitment, and the market for venture lending",2018
10.1016/j.jfineco.2018.06.004,Do stocks outperform Treasury bills?,2018
10.1016/j.jfineco.2018.06.005,Do an insider's wealth and income matter in the decision to engage in insider trading?,2018
10.1016/j.jfineco.2018.06.006,Equity issuances and agency costs: The telling story of shareholder approval around the world,2018
10.1016/j.jfineco.2018.06.007,Stocks with extreme past returns: Lotteries or insurance?,2018
10.1016/j.jfineco.2018.06.008,Day of the week and the cross-section of returns,2018
10.1016/j.jfineco.2018.06.009,The execution quality of corporate bonds,2018
10.1016/j.jfineco.2018.06.010,Do elections delay regulatory action?,2018
10.1016/j.jfineco.2018.06.011,Corporate governance of banks and financial stability,2018
10.1016/j.jfineco.2018.06.012,How does hedge fund activism reshape corporate innovation?,2018
10.1016/j.jfineco.2018.06.013,"Company stock price reactions to the 2016 election shock: Trump, taxes, and trade",2018
10.1016/j.jfineco.2018.06.014,In search of ideas: Technological innovation and executive pay inequality,2018
10.1016/j.jfineco.2018.07.001,Creditor rights and innovation: Evidence from patent collateral,2018
10.1016/j.jfineco.2018.07.002,Regulating dark trading: Order flow segmentation and market quality,2018
10.1016/j.jfineco.2018.07.003,Financing investment spikes in the years surrounding World War I,2018
10.1016/j.jfineco.2018.07.004,Data abundance and asset price informativeness,2018
10.1016/j.jfineco.2018.07.005,Inefficiencies and externalities from opportunistic acquirers,2018
10.1016/j.jfineco.2018.07.006,Are CEOs born leaders? Lessons from traits of a million individuals,2018
10.1016/j.jfineco.2018.07.007,Asset pricing and ambiguity: Empirical evidence,2018
10.1016/j.jfineco.2018.07.008,Momentum in Imperial Russia,2018
10.1016/j.jfineco.2018.07.009,Corporate debt maturity profiles,2018
10.1016/j.jfineco.2018.07.010,Home away from home? Foreign demand and London house prices,2018
10.1016/j.jfineco.2018.07.011,"When do CDS spreads lead? Rating events, private entities, and firm-specific information flows",2018
10.1016/j.jfineco.2018.07.012,Institutional herding and its price impact: Evidence from the corporate bond market,2019
10.1016/j.jfineco.2018.07.013,The rise in student loan defaults,2019
10.1016/j.jfineco.2018.07.014,The use of credit default swaps by bond mutual funds: Liquidity provision and counterparty risk,2019
10.1016/j.jfineco.2018.07.015,The leverage effect and the basket-index put spread,2019
10.1016/j.jfineco.2018.07.016,Indexing and stock market serial dependence around the world,2019
10.1016/j.jfineco.2018.07.017,Pay now or pay later? The economics within the private equity partnership,2019
10.1016/j.jfineco.2018.07.018,The value of collateral in trade finance,2019
10.1016/j.jfineco.2018.07.019,Internalizing governance externalities: The role of institutional cross-ownership,2019
10.1016/j.jfineco.2018.08.001,How do valuations impact outcomes of asset sales with heterogeneous bidders?,2019
10.1016/j.jfineco.2018.08.002,RETRACTED: Common risk factors in the cross-section of corporate bond returns,2019
10.1016/j.jfineco.2018.08.003,"Mark Twain’s Cat: Investment experience, categorical thinking, and stock selection",2019
10.1016/j.jfineco.2018.08.004,"Good disclosure, bad disclosure",2019
10.1016/j.jfineco.2018.08.005,Firms’ innovation strategy under the shadow of analyst coverage,2019
10.1016/j.jfineco.2018.08.006,The impact of jumps on carry trade returns,2019
10.1016/j.jfineco.2018.08.007,Industry familiarity and trading: Evidence from the personal portfolios of industry insiders,2019
10.1016/j.jfineco.2018.08.008,Trade credit and supplier competition,2019
10.1016/j.jfineco.2018.08.009,The CAPM strikes back? An equilibrium model with disasters,2019
10.1016/j.jfineco.2018.08.010,Regulating a model,2019
10.1016/j.jfineco.2018.08.011,"Securitized markets, international capital flows, and global welfare",2019
10.1016/j.jfineco.2018.08.012,Private information in currency markets,2019
10.1016/j.jfineco.2018.08.013,Do institutional investors drive corporate social responsibility? International evidence,2019
10.1016/j.jfineco.2018.08.014,Do idiosyncratic jumps matter?,2019
10.1016/j.jfineco.2018.09.001,A trade-off theory of ownership and capital structure,2019
10.1016/j.jfineco.2018.09.002,Bubbles for Fama,2019
10.1016/j.jfineco.2018.09.003,The value of access to finance: Evidence from M&amp;As,2019
10.1016/j.jfineco.2018.09.004,Public hedge funds,2019
10.1016/j.jfineco.2018.09.005,Are lemons sold first? Dynamic signaling in the mortgage market,2019
10.1016/j.jfineco.2018.09.006,Bear beta,2019
10.1016/j.jfineco.2018.09.007,The profitability and investment premium: Pre-1963 evidence,2019
10.1016/j.jfineco.2018.09.008,Inferring volatility dynamics and risk premia from the S&amp;P 500 and VIX markets,2019
10.1016/j.jfineco.2018.09.009,Minimum payments and debt paydown in consumer credit cards,2019
10.1016/j.jfineco.2018.09.010,Bankruptcy spillovers,2019
10.1016/j.jfineco.2018.09.011,Should Long-Term Investors Time Volatility?,2019
10.1016/j.jfineco.2018.09.012,Preference for dividends and return comovement,2019
10.1016/j.jfineco.2018.10.001,Manager sentiment and stock returns,2019
10.1016/j.jfineco.2018.10.002,Variance risk in aggregate stock returns and time-varying return predictability,2019
10.1016/j.jfineco.2018.10.003,What a difference a (birth) month makes: The relative age effect and fund manager performance,2019
10.1016/j.jfineco.2018.10.004,Acquirer reference prices and acquisition performance,2019
10.1016/j.jfineco.2018.10.005,"Probability of price crashes, rational speculative bubbles, and the cross-section of stock returns",2019
10.1016/j.jfineco.2018.10.006,Attention allocation and return co-movement: Evidence from repeated natural experiments,2019
10.1016/j.jfineco.2018.10.007,Entry and competition in takeover auctions,2019
10.1016/j.jfineco.2018.10.008,Capital flows and sovereign debt markets: Evidence from index rebalancings,2019
10.1016/j.jfineco.2018.10.009,Municipal borrowing costs and state policies for distressed municipalities,2019
10.1016/j.jfineco.2018.10.010,"Mood, firm behavior, and aggregate economic outcomes",2019
10.1016/j.jfineco.2018.10.011,Do private equity funds manipulate reported returns?,2019
10.1016/j.jfineco.2018.10.012,Too good to be true? Fallacies in evaluating risk factor models,2019
10.1016/j.jfineco.2018.10.013,Liquidity standards and the value of an informed lender of last resort,2019
10.1016/j.jfineco.2018.10.014,Publisher’s Note,2019
10.1016/j.jfineco.2018.10.015,An anatomy of the market return,2019
10.1016/j.jfineco.2018.10.016,The cross-section of labor leverage and equity returns,2019
10.1016/j.jfineco.2018.10.017,Should retail investors’ leverage be limited?,2019
10.1016/j.jfineco.2018.10.018,"Once bitten, twice shy: The power of personal experiences in risk taking",2019
10.1016/j.jfineco.2018.10.019,Time to build and the real-options channel of residential investment,2020
10.1016/j.jfineco.2018.11.001,Policy externalities and banking integration,2019
10.1016/j.jfineco.2018.11.002,"Liquidity, innovation, and endogenous growth",2019
10.1016/j.jfineco.2018.11.003,Information and trading targets in a dynamic market equilibrium,2019
10.1016/j.jfineco.2018.11.004,"Gold, platinum, and expected stock returns",2019
10.1016/j.jfineco.2018.11.005,Do labor markets discipline? Evidence from RMBS bankers,2019
10.1016/j.jfineco.2018.11.006,New goods and asset prices,2019
10.1016/j.jfineco.2018.11.007,The liquidity cost of private equity investments: Evidence from secondary market transactions,2019
10.1016/j.jfineco.2018.11.008,Technological links and predictable returns,2019
10.1016/j.jfineco.2018.11.009,How news and its context drive risk and returns around the world,2019
10.1016/j.jfineco.2018.11.010,Government debt and the returns to innovation,2019
10.1016/j.jfineco.2018.11.011,Should investors learn about the timing of equity risk?,2019
10.1016/j.jfineco.2018.11.012,Institutional investor cliques and governance,2019
10.1016/j.jfineco.2018.12.001,Drivers of effort: Evidence from employee absenteeism,2019
10.1016/j.jfineco.2018.12.002,The power of shareholder votes: Evidence from uncontested director elections,2019
10.1016/j.jfineco.2018.12.003,Generalized recovery,2019
10.1016/j.jfineco.2018.12.004,Do firms issue more equity when markets become more liquid?,2019
10.1016/j.jfineco.2018.12.005,Trading out of sight: An analysis of cross-trading in mutual fund families,2020
10.1016/j.jfineco.2018.12.006,Why do option returns change sign from day to night?,2020
10.1016/j.jfineco.2019.01.001,Selection versus talent effects on firm value,2019
10.1016/j.jfineco.2019.01.002,The information sensitivity of debt in good and bad times,2019
10.1016/j.jfineco.2019.01.003,Patent trolls and startup employment,2019
10.1016/j.jfineco.2019.01.004,In search of preference shock risks: Evidence from longevity risks and momentum profits,2019
10.1016/j.jfineco.2019.01.005,Decision fatigue and heuristic analyst forecasts,2019
10.1016/j.jfineco.2019.01.006,Entrusted loans: A close look at China's shadow banking system,2019
10.1016/j.jfineco.2019.01.007,Transparency and dealer networks: Evidence from the initiation of post-trade reporting in the mortgage backed security market,2019
10.1016/j.jfineco.2019.01.008,Do firms hedge with foreign currency derivatives for employees?,2019
10.1016/j.jfineco.2019.01.009,Adverse selection and the performance of private equity co-investments,2020
10.1016/j.jfineco.2019.02.001,Corporate control activism,2019
10.1016/j.jfineco.2019.02.002,Volatility and the cross-section of corporate bond returns,2019
10.1016/j.jfineco.2019.02.003,The effect of bank monitoring on public bond terms,2019
10.1016/j.jfineco.2019.02.004,Liquidity windfalls: The consequences of repo rehypothecation,2019
10.1016/j.jfineco.2019.02.005,Financial frictions and employment during the Great Depression,2019
10.1016/j.jfineco.2019.02.006,Interconnectedness in the interbank market,2019
10.1016/j.jfineco.2019.02.007,The role of executive cash bonuses in providing individual and team incentives,2019
10.1016/j.jfineco.2019.02.008,The cash conversion cycle spread,2019
10.1016/j.jfineco.2019.02.009,Does social capital mitigate agency problems? Evidence from Chief Executive Officer (CEO) compensation,2019
10.1016/j.jfineco.2019.02.010,Empirical tests of asset pricing models with individual assets: Resolving the errors-in-variables bias in risk premium estimation,2019
10.1016/j.jfineco.2019.02.011,Cross-asset signals and time series momentum,2020
10.1016/j.jfineco.2019.02.012,"Liquidity risk and exchange-traded fund returns, variances, and tracking errors",2020
10.1016/j.jfineco.2019.03.001,"Property rights institutions, foreign investment, and the valuation of multinational firms",2019
10.1016/j.jfineco.2019.03.002,"A tale of two volatilities: Sectoral uncertainty, growth, and asset prices",2019
10.1016/j.jfineco.2019.03.003,Average skewness matters,2019
10.1016/j.jfineco.2019.03.004,From mining to markets: The evolution of bitcoin transaction fees,2019
10.1016/j.jfineco.2019.03.005,"Inverted fee structures, tick size, and market quality",2019
10.1016/j.jfineco.2019.03.006,A capital structure channel of monetary policy,2019
10.1016/j.jfineco.2019.03.007,Why did the q theory of investment start working?,2019
10.1016/j.jfineco.2019.03.008,Size and value in China,2019
10.1016/j.jfineco.2019.03.009,Government debt and corporate leverage: International evidence,2019
10.1016/j.jfineco.2019.03.010,An asset pricing approach to testing general term structure models,2019
10.1016/j.jfineco.2019.03.011,A tug of war: Overnight versus intraday expected returns,2019
10.1016/j.jfineco.2019.03.012,Crowdsourced employer reviews and stock returns,2019
10.1016/j.jfineco.2019.03.013,Disaster on the horizon: The price effect of sea level rise,2019
10.1016/j.jfineco.2019.03.014,Does protectionist anti-takeover legislation lead to managerial entrenchment?,2020
10.1016/j.jfineco.2019.04.001,Shareholder bargaining power and the emergence of empty creditors,2019
10.1016/j.jfineco.2019.04.002,The relevance of broker networks for information diffusion in the stock market,2019
10.1016/j.jfineco.2019.04.003,Financing intangible capital,2019
10.1016/j.jfineco.2019.04.004,Option prices and costly short-selling,2019
10.1016/j.jfineco.2019.04.005,Cross-sectional alpha dispersion and performance evaluation,2019
10.1016/j.jfineco.2019.04.006,The effects of uncertainty on market liquidity: Evidence from Hurricane Sandy,2019
10.1016/j.jfineco.2019.04.007,Channels of US monetary policy spillovers to international bond markets,2019
10.1016/j.jfineco.2019.04.008,Costs and benefits of financial conglomerate affiliation: Evidence from hedge funds,2019
10.1016/j.jfineco.2019.04.009,Does skin-in-the-game affect security performance?,2019
10.1016/j.jfineco.2019.04.010,Private equity and human capital risk,2019
10.1016/j.jfineco.2019.04.011,Counterparty credit risk and derivatives pricing,2019
10.1016/j.jfineco.2019.04.012,Mutual fund board connections and proxy voting,2019
10.1016/j.jfineco.2019.04.013,"Time-varying ambiguity, credit spreads, and the levered equity premium",2019
10.1016/j.jfineco.2019.04.014,Notes on the yield curve,2019
10.1016/j.jfineco.2019.05.001,Characteristics are covariances: A unified model of risk and return,2019
10.1016/j.jfineco.2019.05.002,Corporate leverage and employees’ rights in bankruptcy,2019
10.1016/j.jfineco.2019.05.003,Stunted firms: The long-term impacts of colonial taxation,2019
10.1016/j.jfineco.2019.05.004,Effects of separating commercial and investment banking: Evidence from the dissolution of a joint venture investment bank,2019
10.1016/j.jfineco.2019.05.005,The paradox of pledgeability,2020
10.1016/j.jfineco.2019.05.006,Growing up without finance,2019
10.1016/j.jfineco.2019.05.007,A large-scale approach for evaluating asset pricing models,2019
10.1016/j.jfineco.2019.05.008,Do real estate agents have information advantages in housing markets?,2019
10.1016/j.jfineco.2019.05.009,Expectation and duration at the effective lower bound,2019
10.1016/j.jfineco.2019.05.010,What’s in a (school) name? Racial discrimination in higher education bond markets,2019
10.1016/j.jfineco.2019.05.011,Dynamic interventions and informational linkages,2020
10.1016/j.jfineco.2019.05.012,The job rating game: Revolving doors and analyst incentives,2020
10.1016/j.jfineco.2019.05.013,"Earnings, retained earnings, and book-to-market in the cross section of expected returns",2020
10.1016/j.jfineco.2019.05.014,Providing liquidity in an illiquid market: Dealer behavior in US corporate bonds,2020
10.1016/j.jfineco.2019.05.015,Idea sharing and the performance of mutual funds,2020
10.1016/j.jfineco.2019.05.016,Potential pilot problems: Treatment spillovers in financial regulatory experiments,2020
10.1016/j.jfineco.2019.05.017,Exchanges of innovation resources inside venture capital portfolios,2020
10.1016/j.jfineco.2019.05.018,"Shorting flows, public disclosure, and market efficiency",2020
10.1016/j.jfineco.2019.05.019,"Risk management, firm reputation, and the impact of successful cyberattacks on target firms",2021
10.1016/j.jfineco.2019.05.020,Why does public news augment information asymmetries?,2020
10.1016/j.jfineco.2019.06.001,Reputations and credit ratings: Evidence from commercial mortgage-backed securities,2020
10.1016/j.jfineco.2019.06.002,Measuring skewness premia,2020
10.1016/j.jfineco.2019.06.003,Financing dies in darkness? The impact of newspaper closures on public finance,2020
10.1016/j.jfineco.2019.06.004,"Anomalies across the globe: Once public, no longer existent?",2020
10.1016/j.jfineco.2019.06.005,An ill wind? Terrorist attacks and CEO compensation,2020
10.1016/j.jfineco.2019.06.006,An inconvenient cost: The effects of climate change on municipal bonds,2020
10.1016/j.jfineco.2019.06.007,Institutional shareholders and corporate social responsibility,2020
10.1016/j.jfineco.2019.06.008,Shrinking the cross-section,2020
10.1016/j.jfineco.2019.06.009,Inventor CEOs,2020
10.1016/j.jfineco.2019.06.010,JFE special issue on labor and finance,2019
10.1016/j.jfineco.2019.06.011,How do venture capitalists make decisions?,2020
10.1016/j.jfineco.2019.06.012,Show me the money: The monetary policy risk premium,2020
10.1016/j.jfineco.2019.06.013,Is information risk priced? Evidence from abnormal idiosyncratic volatility,2020
10.1016/j.jfineco.2019.07.001,Trading and arbitrage in cryptocurrency markets,2020
10.1016/j.jfineco.2019.07.002,Are early stage investors biased against women?,2020
10.1016/j.jfineco.2019.07.003,Betting against correlation: Testing theories of the low-risk effect,2020
10.1016/j.jfineco.2019.07.004,Employment effects of unconventional monetary policy: Evidence from QE,2020
10.1016/j.jfineco.2019.07.005,Governance through shame and aspiration: Index creation and corporate behavior,2020
10.1016/j.jfineco.2019.07.006,"Left-tail momentum: Underreaction to bad news, costly arbitrage and equity returns",2020
10.1016/j.jfineco.2019.07.007,Leveraged buyouts and bond credit spreads,2020
10.1016/j.jfineco.2019.07.008,Short-term debt and incentives for risk-taking,2020
10.1016/j.jfineco.2019.07.009,The financing of local government in China: Stimulus loan wanes and shadow banking waxes,2020
10.1016/j.jfineco.2019.08.001,Do fire sales create externalities?,2020
10.1016/j.jfineco.2019.08.002,Pricing structured products with economic covariates,2020
10.1016/j.jfineco.2019.08.003,Quantify the quantitative easing: Impact on bonds and corporate debt issuance,2020
10.1016/j.jfineco.2019.08.004,Time series momentum: Is it there?,2020
10.1016/j.jfineco.2019.08.005,A comparison of some structural models of private information arrival,2020
10.1016/j.jfineco.2019.08.006,Empirical analysis of corporate tax reforms: What is the null and where did it come from?,2020
10.1016/j.jfineco.2019.08.007,Portfolio rebalancing in general equilibrium,2020
10.1016/j.jfineco.2019.08.008,Stress tests and small business lending,2020
10.1016/j.jfineco.2019.08.009,Is the active fund management industry concentrated enough?,2020
10.1016/j.jfineco.2019.09.001,Real effects of workers’ financial distress: Evidence from teacher spillovers,2020
10.1016/j.jfineco.2019.09.002,Economic momentum and currency returns,2020
10.1016/j.jfineco.2019.09.003,"Air pollution, behavioral bias, and the disposition effect in China",2021
10.1016/j.jfineco.2019.09.004,Competition and cooperation in mutual fund families,2020
10.1016/j.jfineco.2019.09.005,Does size matter? Bailouts with large and small banks,2020
10.1016/j.jfineco.2019.09.006,Does the stock market make firms more productive?,2020
10.1016/j.jfineco.2019.09.007,Monetary stimulus and bank lending,2020
10.1016/j.jfineco.2019.09.008,The term structure of liquidity provision,2020
10.1016/j.jfineco.2019.09.009,International R&amp;D spillovers and asset prices,2020
10.1016/j.jfineco.2019.09.010,OTC premia,2020
10.1016/j.jfineco.2019.09.011,Liquidity regimes and optimal dynamic asset allocation,2020
10.1016/j.jfineco.2019.09.012,Time-varying inflation risk and stock returns,2020
10.1016/j.jfineco.2019.09.013,Democracy and credit,2020
10.1016/j.jfineco.2019.10.001,I can see clearly now: The impact of disclosure requirements on 401(k) fees,2020
10.1016/j.jfineco.2019.10.002,The creation and evolution of entrepreneurial public markets,2020
10.1016/j.jfineco.2019.10.003,Mutual fund investments in private firms,2020
10.1016/j.jfineco.2019.10.004,"Capital requirements, risk choice, and liquidity provision in a business-cycle model",2020
10.1016/j.jfineco.2019.10.005,Risky bank guarantees,2020
10.1016/j.jfineco.2019.10.006,Do dividends convey information about future earnings?,2020
10.1016/j.jfineco.2019.10.007,Shared analyst coverage: Unifying momentum spillover effects,2020
10.1016/j.jfineco.2019.10.008,Medicaid and household savings behavior: New evidence from tax refunds,2020
10.1016/j.jfineco.2019.10.009,Reducing information frictions in venture capital: The role of new venture competitions,2020
10.1016/j.jfineco.2019.10.010,"Location choice, portfolio choice",2020
10.1016/j.jfineco.2019.11.001,Locked in by leverage: Job search during the housing crisis,2020
10.1016/j.jfineco.2019.11.002,Investor experiences and financial market dynamics,2020
10.1016/j.jfineco.2019.11.003,Managerial control benefits and takeover market efficiency,2020
10.1016/j.jfineco.2019.11.004,"Tick size, liquidity for small and large orders, and price informativeness: Evidence from the Tick Size Pilot Program",2020
10.1016/j.jfineco.2019.11.005,Blockholder voting,2020
10.1016/j.jfineco.2019.11.006,Liquidity supply by broker-dealers and real activity,2020
10.1016/j.jfineco.2019.11.007,Private money creation with safe assets and term premia,2020
10.1016/j.jfineco.2019.11.008,Information flows among rivals and corporate investment,2020
10.1016/j.jfineco.2019.12.001,Global currency hedging with common risk factors,2020
10.1016/j.jfineco.2019.12.002,The redistributive effects of bank capital regulation,2020
10.1016/j.jfineco.2019.12.003,Agency conflicts and short- versus long-termism in corporate policies,2020
10.1016/j.jfineco.2019.12.004,"Air pollution, affect, and forecasting bias: Evidence from Chinese financial analysts",2021
10.1016/j.jfineco.2019.12.005,Sovereign credit risk and exchange rates: Evidence from CDS quanto spreads,2020
10.1016/j.jfineco.2019.12.006,Who's paying attention? Measuring common ownership and its impact on managerial incentives,2020
10.1016/j.jfineco.2020.01.001,Dancing with activists,2020
10.1016/j.jfineco.2020.01.002,Security analysts and capital market anomalies,2020
10.1016/j.jfineco.2020.01.003,Socially responsible corporate customers,2021
10.1016/j.jfineco.2020.01.004,The persistent effect of initial success: Evidence from venture capital,2020
10.1016/j.jfineco.2020.02.001,"Off-balance sheet funding, voluntary support and investment efficiency",2020
10.1016/j.jfineco.2020.02.002,Concentration of control rights in leveraged loan syndicates,2020
10.1016/j.jfineco.2020.02.003,Mood beta and seasonalities in stock returns,2020
10.1016/j.jfineco.2020.02.004,Pre-trade hedging: Evidence from the issuance of retail structured products,2020
10.1016/j.jfineco.2020.02.005,The economic impact of right-to-work laws: Evidence from collective bargaining agreements and corporate policies,2020
10.1016/j.jfineco.2020.02.006,The importance of being special: Repo markets during the crisis,2020
10.1016/j.jfineco.2020.02.007,Institutional allocations in the primary market for corporate bonds,2020
10.1016/j.jfineco.2020.02.008,Terrorist attacks and investor risk preference: Evidence from mutual fund flows,2020
10.1016/j.jfineco.2020.02.009,Is the credit spread puzzle a myth?,2020
10.1016/j.jfineco.2020.02.010,Prime (information) brokerage,2020
10.1016/j.jfineco.2020.02.011,Turning alphas into betas: Arbitrage and endogenous risk,2020
10.1016/j.jfineco.2020.02.012,What you see is not what you get: The costs of trading market anomalies,2020
10.1016/j.jfineco.2020.03.001,Cheap-stock tunneling around preemptive rights,2020
10.1016/j.jfineco.2020.03.002,Disguised corruption: Evidence from consumer credit in China,2020
10.1016/j.jfineco.2020.03.003,Heterogeneous beliefs and return volatility around seasoned equity offerings,2020
10.1016/j.jfineco.2020.03.004,Investor ideology,2020
10.1016/j.jfineco.2020.03.005,Emergency loans and collateral upgrades: How broker-dealers used Federal Reserve credit during the 2008 financial crisis,2020
10.1016/j.jfineco.2020.03.006,Does the Ross recovery theorem work empirically?,2020
10.1016/j.jfineco.2020.03.007,CEOs’ outside opportunities and relative performance evaluation: evidence from a natural experiment,2020
10.1016/j.jfineco.2020.03.008,Swap trading after Dodd-Frank: Evidence from index CDS,2020
10.1016/j.jfineco.2020.03.009,The conditional expected market return,2020
10.1016/j.jfineco.2020.04.001,At the table but can not break through the glass ceiling:Board leadership positions elude diverse directors,2020
10.1016/j.jfineco.2020.04.002,Active catering to dividend clienteles: Evidence from takeovers,2020
10.1016/j.jfineco.2020.04.003,"Limited liability and investment: Evidence from changes in marital property laws in the US South, 1840–1850",2020
10.1016/j.jfineco.2020.04.004,Why do discount rates vary?,2020
10.1016/j.jfineco.2020.04.005,Business cycles and currency returns,2020
10.1016/j.jfineco.2020.04.006,The US Treasury floating rate note puzzle: Is there a premium for mark-to-market stability?,2020
10.1016/j.jfineco.2020.04.007,CEO-board dynamics,2020
10.1016/j.jfineco.2020.04.008,Can ethics be taught? Evidence from securities exams and investment adviser misconduct,2020
10.1016/j.jfineco.2020.04.009,The scarcity effect of QE on repo rates: Evidence from the euro area,2020
10.1016/j.jfineco.2020.04.010,Fiscal policy driven bond risk premia,2020
10.1016/j.jfineco.2020.04.011,"Information arrival, delay, and clustering in financial markets with dynamic freeriding",2020
10.1016/j.jfineco.2020.04.012,How does labor market size affect firm capital structure? Evidence from large plant openings,2020
10.1016/j.jfineco.2020.04.013,The term structure and inflation uncertainty,2020
10.1016/j.jfineco.2020.04.014,IQ from IP: Simplifying search in portfolio choice,2020
10.1016/j.jfineco.2020.04.015,On the performance of volatility-managed portfolios,2020
10.1016/j.jfineco.2020.04.016,Regulatory cooperation and foreign portfolio investment,2020
10.1016/j.jfineco.2020.04.017,The timing and consequences of seasoned equity offerings: A regression discontinuity approach,2020
10.1016/j.jfineco.2020.04.018,The effect of exogenous information on voluntary disclosure and market quality,2020
10.1016/j.jfineco.2020.05.001,Credit and social unrest: Evidence from 1930s China,2020
10.1016/j.jfineco.2020.05.002,Debt collection agencies and the supply of consumer credit,2020
10.1016/j.jfineco.2020.05.003,Is there a paradox of pledgeability?,2020
10.1016/j.jfineco.2020.05.004,All the president's friends: Political access and firm value,2020
10.1016/j.jfineco.2020.05.005,Is conflicted investment advice better than no advice?,2020
10.1016/j.jfineco.2020.05.006,Corporate bond mutual funds and asset fire sales,2020
10.1016/j.jfineco.2020.05.007,Strategic trading and unobservable information acquisition,2020
10.1016/j.jfineco.2020.05.008,"Board structure, director expertise, and advisory role of outside directors",2020
10.1016/j.jfineco.2020.05.009,Testing the effectiveness of consumer financial disclosure: Experimental evidence from savings accounts,2021
10.1016/j.jfineco.2020.05.010,"Volatility, intermediaries, and exchange rates",2021
10.1016/j.jfineco.2020.05.011,Asset mispricing,2021
10.1016/j.jfineco.2020.06.001,Activism and empire building,2020
10.1016/j.jfineco.2020.06.002,Credit migration and covered interest rate parity,2020
10.1016/j.jfineco.2020.06.003,When low beats high: Riding the sales seasonality premium,2020
10.1016/j.jfineco.2020.06.004,Sophisticated investors and market efficiency: Evidence from a natural experiment,2020
10.1016/j.jfineco.2020.06.005,Fund tradeoffs,2020
10.1016/j.jfineco.2020.06.006,Asset pricing: A tale of night and day,2020
10.1016/j.jfineco.2020.06.007,Bank net worth and frustrated monetary policy,2020
10.1016/j.jfineco.2020.06.008,CoCo issuance and bank fragility,2020
10.1016/j.jfineco.2020.06.009,Capital gains taxation and funding for start-ups,2020
10.1016/j.jfineco.2020.06.010,Do people feel less at risk? Evidence from disaster experience,2020
10.1016/j.jfineco.2020.06.011,Does the lack of financial stability impair the transmission of monetary policy?,2020
10.1016/j.jfineco.2020.06.012,Collateral constraints and asset prices,2020
10.1016/j.jfineco.2020.06.013,"Dealers’ insurance, market structure, and liquidity",2020
10.1016/j.jfineco.2020.06.014,What drove the 2003–2006 house price boom and subsequent collapse? Disentangling competing explanations,2021
10.1016/j.jfineco.2020.06.015,The effect of minority veto rights on controller pay tunneling,2020
10.1016/j.jfineco.2020.06.016,Time-varying demand for lottery: Speculation ahead of earnings announcements,2020
10.1016/j.jfineco.2020.06.017,Financial intermediation and capital reallocation,2020
10.1016/j.jfineco.2020.06.018,Persuasion in relationship finance,2020
10.1016/j.jfineco.2020.06.019,Diagnostic bubbles,2021
10.1016/j.jfineco.2020.06.020,Family comes first: Reproductive health and the gender gap in entrepreneurship,2021
10.1016/j.jfineco.2020.06.021,Entrepreneurship and information on past failures: A natural experiment,2021
10.1016/j.jfineco.2020.06.022,"Banks funding, leverage, and investment",2021
10.1016/j.jfineco.2020.06.023,Asset pricing with index investing,2021
10.1016/j.jfineco.2020.06.024,Understanding momentum and reversal,2021
10.1016/j.jfineco.2020.06.025,The design and transmission of central bank liquidity provisions,2021
10.1016/j.jfineco.2020.06.026,And the children shall lead: Gender diversity and performance in venture capital,2021
10.1016/j.jfineco.2020.07.001,Policy uncertainty and corporate credit spreads,2020
10.1016/j.jfineco.2020.07.002,The price effects of liquidity shocks: A study of the SEC’s tick size experiment,2020
10.1016/j.jfineco.2020.07.003,Picking funds with confidence,2021
10.1016/j.jfineco.2020.07.004,Mutual fund flows and fluctuations in credit and business cycles,2021
10.1016/j.jfineco.2020.07.005,Reputation and investor activism: A structural approach,2021
10.1016/j.jfineco.2020.07.006,Creditor control rights and resource allocation within firms,2021
10.1016/j.jfineco.2020.07.007,Common ownership and competition in product markets,2021
10.1016/j.jfineco.2020.07.008,Impact investing,2021
10.1016/j.jfineco.2020.07.009,Are return seasonalities due to risk or mispricing?,2021
10.1016/j.jfineco.2020.07.010,Flying under the radar: The effects of short-sale disclosure rules on investor behavior and stock prices,2021
10.1016/j.jfineco.2020.07.011,Global market inefficiencies,2021
10.1016/j.jfineco.2020.07.012,Identifying and boosting “Gazelles”: Evidence from business accelerators,2021
10.1016/j.jfineco.2020.07.013,Procyclicality of the comovement between dividend growth and consumption growth,2021
10.1016/j.jfineco.2020.07.014,Windfall gains and stock market participation,2021
10.1016/j.jfineco.2020.07.015,The difference a day makes: Timely disclosure and trading efficiency in the muni market,2021
10.1016/j.jfineco.2020.07.016,Time-varying state variable risk premia in the ICAPM,2021
10.1016/j.jfineco.2020.07.017,Politicizing consumer credit,2021
10.1016/j.jfineco.2020.07.018,The Sources of Financing Constraints,2021
10.1016/j.jfineco.2020.07.019,Do activist hedge funds target female CEOs? The role of CEO gender in hedge fund activism,2021
10.1016/j.jfineco.2020.07.020,The cross-section of intraday and overnight returns,2021
10.1016/j.jfineco.2020.07.021,Banks as patient lenders: Evidence from a tax reform,2021
10.1016/j.jfineco.2020.08.001,The hidden costs of being public: Evidence from multinational firms operating in an emerging market,2021
10.1016/j.jfineco.2020.08.002,Sticking to your plan: The role of present bias for credit card paydown,2021
10.1016/j.jfineco.2020.08.003,Friends with bankruptcy protection benefits,2021
10.1016/j.jfineco.2020.08.004,Funding liquidity shocks in a quasi-experiment: Evidence from the CDS Big Bang,2021
10.1016/j.jfineco.2020.08.005,Rejected stock exchange applicants,2021
10.1016/j.jfineco.2020.08.006,Can unpredictable risk exposure be priced?,2021
10.1016/j.jfineco.2020.08.007,Long-term reversals in the corporate bond market,2021
10.1016/j.jfineco.2020.08.008,Loan guarantees and credit supply,2021
10.1016/j.jfineco.2020.08.009,Slow-moving capital and execution costs: Evidence from a major trading glitch,2021
10.1016/j.jfineco.2020.08.010,The cross-section of currency volatility premia,2021
10.1016/j.jfineco.2020.08.011,Index option returns and generalized entropy bounds,2021
10.1016/j.jfineco.2020.08.012,The real value of China’s stock market,2021
10.1016/j.jfineco.2020.08.013,Signaling safety,2021
10.1016/j.jfineco.2020.08.014,Can investors time their exposure to private equity?,2021
10.1016/j.jfineco.2020.08.015,What’s wrong with Pittsburgh? Delegated investors and liquidity concentration,2021
10.1016/j.jfineco.2020.08.016,A dynamic theory of multiple borrowing,2021
10.1016/j.jfineco.2020.08.017,Bank monitoring: Evidence from syndicated loans,2021
10.1016/j.jfineco.2020.08.018,Stock market liberalization and innovation,2021
10.1016/j.jfineco.2020.08.019,Market expectations of a warming climate,2021
10.1016/j.jfineco.2020.09.001,Firm selection and corporate cash holdings,2021
10.1016/j.jfineco.2020.09.002,"Systematic risk, debt maturity, and the term structure of credit spreads",2021
10.1016/j.jfineco.2020.09.003,Measuring institutional trading costs and the implications for finance research: The case of tick size reductions,2021
10.1016/j.jfineco.2020.09.004,On the direct and indirect real effects of credit supply shocks,2021
10.1016/j.jfineco.2020.09.005,Business groups and the incorporation of firm-specific shocks into stock prices,2021
10.1016/j.jfineco.2020.10.001,Rare disaster probability and options pricing,2021
10.1016/j.jfineco.2020.10.002,Deleting misconduct: The expungement of BrokerCheck records,2021
10.1016/j.jfineco.2020.10.003,Extrapolative beliefs in the cross-section: What can we learn from the crowds?,2021
10.1016/j.jfineco.2020.10.004,What is the impact of introducing a parallel OTC market? Theory and evidence from the chinese interbank FX market,2021
10.1016/j.jfineco.2020.10.005,Macroprudential FX regulations: Shifting the snowbanks of FX vulnerability?,2021
10.1016/j.jfineco.2020.10.006,The high volume return premium and economic fundamentals,2021
10.1016/j.jfineco.2020.10.007,What to expect when everyone is expecting: Self-fulfilling expectations and asset-pricing puzzles,2021
10.1016/j.jfineco.2020.10.008,Real effects of share repurchases legalization on corporate behaviors,2021
10.1016/j.jfineco.2020.10.009,Benchmark interest rates when the government is risky,2021
10.1016/j.jfineco.2020.11.001,Responsible investing: The ESG-efficient frontier,2021
10.1016/j.jfineco.2020.11.002,Competition among liquidity providers with access to high-frequency trading technology,2021
10.1016/j.jfineco.2020.11.003,Implied volatility duration: A measure for the timing of uncertainty resolution,2021
10.1016/j.jfineco.2020.11.004,Voluntary disclosure with evolving news,2021
10.1016/j.jfineco.2020.11.005,Investors’ appetite for money-like assets: The MMF industry after the 2014 regulatory reform,2021
10.1016/j.jfineco.2020.11.006,Inspecting the mechanism of quantitative easing in the euro area,2021
10.1016/j.jfineco.2020.12.001,Common pricing across asset classes: Empirical evidence revisited,2021
10.1016/j.jfineco.2020.12.002,Do low search costs facilitate like-buys-like mergers? Evidence from common bank networks,2021
10.1016/j.jfineco.2020.12.003,Estimating the anomaly base rate,2021
10.1016/j.jfineco.2020.12.004,Surprise election for Trump connections,2021
10.1016/j.jfineco.2020.12.005,A BIT goes a long way: Bilateral investment treaties and cross-border mergers,2021
10.1016/j.jfineco.2020.12.006,Dynamic resource allocation with hidden volatility,2021
10.1016/j.jfineco.2020.12.007,Asymmetric information risk in FX markets,2021
10.1016/j.jfineco.2020.12.008,Debt relief and slow recovery: A decade after Lehman,2021
10.1016/j.jfineco.2020.12.009,Treasury yield implied volatility and real activity,2021
10.1016/j.jfineco.2020.12.010,To own or not to own: Stock loans around dividend payments,2021
10.1016/j.jfineco.2020.12.011,Sustainable investing in equilibrium,2021
10.1016/j.jfineco.2020.12.012,Salience theory and stock prices: Empirical evidence,2021
10.1016/j.jfineco.2020.12.013,"Competition, profitability, and discount rates",2021
10.1016/j.jfineco.2021.01.001,The electronic evolution of corporate bond dealers,2021
10.1016/j.jfineco.2021.01.002,Why is stock market concentration bad for the economy?,2021
10.1016/j.jfineco.2021.01.003,Does personal liability deter individuals from serving as independent directors?,2021
10.1016/j.jfineco.2021.01.004,Persistent government debt and aggregate risk distribution,2021
10.1016/j.jfineco.2021.01.005,Asset pricing with heterogeneous agents and long-run risk,2021
10.1016/j.jfineco.2021.01.006,Contracts with (Social) benefits: The implementation of impact investing,2021
10.1016/j.jfineco.2021.01.007,Frequency dependent risk,2021
10.1016/j.jfineco.2021.01.008,Monetary policy at work: Security and credit application registers evidence,2021
10.1016/j.jfineco.2021.01.009,Calendar rotations: A new approach for studying the impact of timing using earnings announcements,2021
10.1016/j.jfineco.2021.01.010,Corporate green bonds,2021
10.1016/j.jfineco.2021.02.001,Directors’ career concerns: Evidence from proxy contests and board interlocks,2021
10.1016/j.jfineco.2021.02.002,"Information shocks, disagreement, and drift",2021
10.1016/j.jfineco.2021.02.003,Learning from noise: Evidence from India’s IPO lotteries,2021
10.1016/j.jfineco.2021.02.004,Geographic diversification and bank lending during crises,2021
10.1016/j.jfineco.2021.02.005,Contracting without contracting institutions: The trusted assistant loan in 19th century China,2021
10.1016/j.jfineco.2021.02.006,Are disagreements agreeable? Evidence from information aggregation,2021
10.1016/j.jfineco.2021.02.007,Negative peer disclosure,2021
10.1016/j.jfineco.2021.02.008,Why are firms with more managerial ownership worth less?,2021
10.1016/j.jfineco.2021.02.009,Do limits to arbitrage explain the benefits of volatility-managed portfolios?,2021
10.1016/j.jfineco.2021.03.001,"Color and credit: Race, regulation, and the quality of financial services",2021
10.1016/j.jfineco.2021.03.002,Eye in the sky: Private satellites and government macro data,2021
10.1016/j.jfineco.2021.03.003,Internet searching and stock price crash risk: Evidence from a quasi-natural experiment,2021
10.1016/j.jfineco.2021.03.004,The impact of consumer credit access on self-employment and entrepreneurship,2021
10.1016/j.jfineco.2021.03.005,Corporate immunity to the COVID-19 pandemic,2021
10.1016/j.jfineco.2021.03.006,"Mispricing, short-sale constraints, and the cross-section of option returns",2021
10.1016/j.jfineco.2021.03.007,"Asset prices, midterm elections, and political uncertainty",2021
10.1016/j.jfineco.2021.03.008,Does common ownership really increase firm coordination?,2021
10.1016/j.jfineco.2021.03.009,Brexit and the contraction of syndicated lending,2021
10.1016/j.jfineco.2021.03.010,"The remarkable growth in financial economics, 1974–2020",2021
10.1016/j.jfineco.2021.03.011,Macro risks and the term structure of interest rates,2021
10.1016/j.jfineco.2021.03.012,Capital supply and corporate bond issuances: Evidence from mutual fund flows,2021
10.1016/j.jfineco.2021.03.013,The rate of communication,2021
10.1016/j.jfineco.2021.04.001,Angels and venture capitalists: Substitutes or complements?,2021
10.1016/j.jfineco.2021.04.002,Did technology contribute to the housing boom? Evidence from MERS,2021
10.1016/j.jfineco.2021.04.003,Pervasive underreaction: Evidence from high-frequency data,2021
10.1016/j.jfineco.2021.04.004,Reciprocal lending relationships in shadow banking,2021
10.1016/j.jfineco.2021.04.005,"Bank capital, government bond holdings, and sovereign debt capacity",2021
10.1016/j.jfineco.2021.04.006,Compensation disclosures and strategic commitment: Evidence from revenue-based pay,2021
10.1016/j.jfineco.2021.04.007,Factors and risk premia in individual international stock returns,2021
10.1016/j.jfineco.2021.04.008,Out of sight no more? The effect of fee disclosures on 401(k) investment allocations,2021
10.1016/j.jfineco.2021.04.009,The local innovation spillovers of listed firms,2021
10.1016/j.jfineco.2021.04.010,"Uncertainty, access to debt, and firm precautionary behavior",2021
10.1016/j.jfineco.2021.04.011,"The telegraph and modern banking development, 1881–1936",2021
10.1016/j.jfineco.2021.04.012,Heterogeneous intermediary asset pricing,2021
10.1016/j.jfineco.2021.04.013,Network structure and pricing in the FX market,2021
10.1016/j.jfineco.2021.04.014,Lucky factors,2021
10.1016/j.jfineco.2021.04.015,Ransomware activity and blockchain congestion,2021
10.1016/j.jfineco.2021.04.016,Regulatory effects on short-term interest rates,2021
10.1016/j.jfineco.2021.04.017,Life after LIBOR,2021
10.1016/j.jfineco.2021.04.018,Bias in the effective bid-ask spread,2021
10.1016/j.jfineco.2021.04.019,The short duration premium,2021
10.1016/j.jfineco.2021.04.020,"Who provides liquidity, and when?",2021
10.1016/j.jfineco.2021.04.021,The benchmark inclusion subsidy,2021
10.1016/j.jfineco.2021.04.022,Finance and the supply of housing quality,2021
10.1016/j.jfineco.2021.04.023,Intraday arbitrage between ETFs and their underlying portfolios,2021
10.1016/j.jfineco.2021.04.024,Spectral factor models,2021
10.1016/j.jfineco.2021.04.025,Core earnings: New data and evidence,2021
10.1016/j.jfineco.2021.04.026,Unlocking clients: The importance of relationships in the financial advisory industry,2021
10.1016/j.jfineco.2021.04.027,A tale of two types: Generalists vs. specialists in asset management,2021
10.1016/j.jfineco.2021.04.028,Feedback loops in industry trade networks and the term structure of momentum profits,2021
10.1016/j.jfineco.2021.04.029,Hedging demand and market intraday momentum,2021
10.1016/j.jfineco.2021.04.030,Volatility and the cross-section of returns on FX options,2021
10.1016/j.jfineco.2021.04.031,Long-term discount rates do not vary across firms,2021
10.1016/j.jfineco.2021.04.032,Investment responses to tax policy under uncertainty,2021
10.1016/j.jfineco.2021.04.033,A day late and a dollar short: Liquidity and household formation among student borrowers,2021
10.1016/j.jfineco.2021.04.034,The impact of arbitrage on market liquidity,2021
10.1016/j.jfineco.2021.04.035,Engineering lemons,2021
10.1016/j.jfineco.2021.04.036,Central bank communication and the yield curve,2021
10.1016/j.jfineco.2021.04.037,It’s not so bad: Director bankruptcy experience and corporate risk-taking,2021
10.1016/j.jfineco.2021.04.038,"Persistent negative cash flows, staged financing, and the stockpiling of cash balances",2021
10.1016/j.jfineco.2021.04.039,Spillover effects in empirical corporate finance,2021
10.1016/j.jfineco.2021.05.001,Under-diversification and idiosyncratic risk externalities,2022
10.1016/j.jfineco.2021.05.002,Targeted monetary policy and bank lending behavior,2021
10.1016/j.jfineco.2021.05.003,Is there a risk-return tradeoff in the corporate bond market? Time-series and cross-sectional evidence,2021
10.1016/j.jfineco.2021.05.004,Optimal financing with tokens,2021
10.1016/j.jfineco.2021.05.005,"Liquidity, pledgeability, and the nature of lending",2022
10.1016/j.jfineco.2021.05.006,Firm leverage and employment dynamics,2021
10.1016/j.jfineco.2021.05.007,The Big Three and corporate carbon emissions around the world,2021
10.1016/j.jfineco.2021.05.008,Do investors care about carbon risk?,2021
10.1016/j.jfineco.2021.05.009,In sickness and in debt: The COVID-19 impact on sovereign credit risk,2022
10.1016/j.jfineco.2021.05.010,Network risk and key players: A structural analysis of interbank liquidity,2021
10.1016/j.jfineco.2021.05.011,High policy uncertainty and low implied market volatility: An academic puzzle?,2022
10.1016/j.jfineco.2021.05.012,M&amp;A rumors about unlisted firms,2021
10.1016/j.jfineco.2021.05.013,The cost of steering in financial markets: Evidence from the mortgage market,2022
10.1016/j.jfineco.2021.05.014,"Expected return, volume, and mispricing",2022
10.1016/j.jfineco.2021.05.015,Market efficiency and limits to arbitrage: Evidence from the Volkswagen short squeeze,2021
10.1016/j.jfineco.2021.05.016,Accounting for financial stability: Bank disclosure and loss recognition in the financial crisis,2021
10.1016/j.jfineco.2021.05.017,To ask or not to ask? Bank capital requirements and loan collateralization,2021
10.1016/j.jfineco.2021.05.018,Portfolio choice with sustainable spending: A model of reaching for yield,2022
10.1016/j.jfineco.2021.05.019,The role of financial conditions in portfolio choices: The case of insurers,2021
10.1016/j.jfineco.2021.05.020,Equity tail risk and currency risk premiums,2022
10.1016/j.jfineco.2021.05.021,"Investment, capital stock, and replacement cost of assets when economic depreciation is non-geometric",2021
10.1016/j.jfineco.2021.05.022,Does mutual fund illiquidity introduce fragility into asset prices? Evidence from the corporate bond market,2022
10.1016/j.jfineco.2021.05.023,Betting against betting against beta,2022
10.1016/j.jfineco.2021.05.024,Searching for the equity premium,2022
10.1016/j.jfineco.2021.05.025,The dynamics of concealment,2022
10.1016/j.jfineco.2021.05.026,Editorial,2021
10.1016/j.jfineco.2021.05.027,The effect of stock liquidity on cash holdings: The repurchase motive,2021
10.1016/j.jfineco.2021.05.028,Subnational debt of China: The politics-finance nexus,2021
10.1016/j.jfineco.2021.05.029,Inside brokers,2021
10.1016/j.jfineco.2021.05.030,"Learning, slowly unfolding disasters, and asset prices",2022
10.1016/j.jfineco.2021.05.031,Attention triggers and investors’ risk-taking,2022
10.1016/j.jfineco.2021.05.032,Death by committee? An analysis of corporate board (sub-) committees,2021
10.1016/j.jfineco.2021.05.033,Price transparency in OTC equity lending markets: Evidence from a loan fee benchmark,2022
10.1016/j.jfineco.2021.05.034,Investing outside the box: Evidence from alternative vehicles in private equity,2022
10.1016/j.jfineco.2021.05.035,Dissecting currency momentum,2022
10.1016/j.jfineco.2021.05.036,Access to public capital markets and employment growth,2021
10.1016/j.jfineco.2021.05.037,Should information be sold separately? Evidence from MiFID II,2021
10.1016/j.jfineco.2021.05.038,Does target firm insider trading signal the target's synergy potential in mergers and acquisitions?,2021
10.1016/j.jfineco.2021.05.039,Risk perceptions and politics: Evidence from the COVID-19 pandemic,2021
10.1016/j.jfineco.2021.05.040,Does regulatory cooperation help integrate equity markets?,2021
10.1016/j.jfineco.2021.05.041,Pricing of index options in incomplete markets,2022
10.1016/j.jfineco.2021.05.042,The role of high-skilled foreign labor in startup performance: Evidence from two natural experiments,2021
10.1016/j.jfineco.2021.05.043,The term structure of equity risk premia,2021
10.1016/j.jfineco.2021.05.044,Treasury inconvenience yields during the COVID-19 crisis,2022
10.1016/j.jfineco.2021.05.045,Who creates new firms when local opportunities arise?,2022
10.1016/j.jfineco.2021.05.046,Unemployment and credit risk,2021
10.1016/j.jfineco.2021.05.047,Consumer-lending discrimination in the FinTech Era,2022
10.1016/j.jfineco.2021.05.048,The bank as Grim Reaper: Debt composition and bankruptcy thresholds,2021
10.1016/j.jfineco.2021.05.049,Informed trading in government bond markets,2021
10.1016/j.jfineco.2021.05.050,Portfolio similarity and asset liquidation in the insurance industry,2021
10.1016/j.jfineco.2021.05.051,Entangled risks in incomplete FX markets,2021
10.1016/j.jfineco.2021.05.052,Anatomy of a liquidity crisis: Corporate bonds in the COVID-19 crisis,2021
10.1016/j.jfineco.2021.05.053,Hedging macroeconomic and financial uncertainty and volatility,2021
10.1016/j.jfineco.2021.05.054,Trade credit and profitability in production networks,2022
10.1016/j.jfineco.2021.05.055,IPO peer effects,2022
10.1016/j.jfineco.2021.05.056,Realized semibetas: Disentangling “good” and “bad” downside risks,2022
10.1016/j.jfineco.2021.05.057,Why are commercial loan rates so sticky? The effect of private information on loan spreads,2022
10.1016/j.jfineco.2021.05.059,Reconstructing the yield curve,2021
10.1016/j.jfineco.2021.05.060,Network effects in corporate financial policies,2022
10.1016/j.jfineco.2021.05.061,Peak-Bust rental spreads,2022
10.1016/j.jfineco.2021.06.001,Taming the bias zoo,2022
10.1016/j.jfineco.2021.06.002,A picture is worth a thousand words: Measuring investor sentiment by combining machine learning and photos from news,2022
10.1016/j.jfineco.2021.06.003,Epidemic disease and financial development,2022
10.1016/j.jfineco.2021.06.004,Foreign investment of US multinationals: The effect of tax policy and agency conflicts.,2022
10.1016/j.jfineco.2021.06.005,Impact of marketplace lending on consumers’ future borrowing capacities and borrowing outcomes,2021
10.1016/j.jfineco.2021.06.006,Psychological barrier and cross-firm return predictability,2021
10.1016/j.jfineco.2021.06.007,The micro and macro of managerial beliefs,2022
10.1016/j.jfineco.2021.06.008,Common shocks in stocks and bonds,2021
10.1016/j.jfineco.2021.06.009,Financial development and labor market outcomes: Evidence from Brazil,2022
10.1016/j.jfineco.2021.06.010,Issuance overpricing of China's corporate debt securities,2022
10.1016/j.jfineco.2021.06.011,Social learning and analyst behavior,2022
10.1016/j.jfineco.2021.06.012,Risk-free interest rates,2022
10.1016/j.jfineco.2021.06.013,The consequences of student loan credit expansions: Evidence from three decades of default cycles,2022
10.1016/j.jfineco.2021.06.014,Dissecting bankruptcy frictions,2021
10.1016/j.jfineco.2021.06.015,Real effects of climate policy: Financial constraints and spillovers,2022
10.1016/j.jfineco.2021.06.016,Stock return ignorance,2022
10.1016/j.jfineco.2021.06.017,Anticompetitive effects of horizontal acquisitions: The impact of within-industry product similarity,2022
10.1016/j.jfineco.2021.06.018,Dynastic control without ownership: Evidence from post-war Japan,2021
10.1016/j.jfineco.2021.06.019,Outlier blindness: A neurobiological foundation for neglect of financial risk,2022
10.1016/j.jfineco.2021.06.020,Why are corporate payouts so high in the 2000s?,2021
10.1016/j.jfineco.2021.06.021,Do real estate values boost corporate borrowing? Evidence from contract-level data,2022
10.1016/j.jfineco.2021.06.022,Asset pricing on earnings announcement days,2022
10.1016/j.jfineco.2021.06.023,Dominant currency debt,2022
10.1016/j.jfineco.2021.06.024,Robust benchmark design,2021
10.1016/j.jfineco.2021.06.025,On the fast track: Information acquisition costs and information production,2022
10.1016/j.jfineco.2021.06.026,GSIB surcharges and bank lending: Evidence from US corporate loan data,2021
10.1016/j.jfineco.2021.06.027,Dynamic multitasking and managerial investment incentives,2021
10.1016/j.jfineco.2021.06.028,Failing to forecast rare events,2021
10.1016/j.jfineco.2021.06.029,Disappearing and reappearing dividends,2022
10.1016/j.jfineco.2021.06.030,Global factor premiums,2021
10.1016/j.jfineco.2021.06.031,Government policy approval and exchange rates,2022
10.1016/j.jfineco.2021.06.032,Is there a zero lower bound? The effects of negative policy rates on banks and firms,2022
10.1016/j.jfineco.2021.06.033,The trading response of individual investors to local bankruptcies,2021
10.1016/j.jfineco.2021.06.034,Why CEO option compensation can be a bad option for shareholders: Evidence from major customer relationships,2021
10.1016/j.jfineco.2021.06.035,Bank liquidity provision across the firm size distribution,2022
10.1016/j.jfineco.2021.06.036,"Labor leverage, coordination failures, and aggregate risk",2021
10.1016/j.jfineco.2021.06.037,Lifting the veil: The price formation of corporate bond offerings,2021
10.1016/j.jfineco.2021.06.038,A theory of financial media,2022
10.1016/j.jfineco.2021.06.039,How monetary policy shaped the housing boom,2022
10.1016/j.jfineco.2021.06.040,Stocks for the long run? Evidence from a broad sample of developed markets,2022
10.1016/j.jfineco.2021.06.041,The “7% solution” and IPO (under)pricing,2022
10.1016/j.jfineco.2021.06.042,Venture capital contracts,2022
10.1016/j.jfineco.2021.06.043,When Uncle Sam introduced Main Street to Wall Street: Liberty Bonds and the transformation of American finance,2022
10.1016/j.jfineco.2021.07.001,The missing risk premium in exchange rates,2022
10.1016/j.jfineco.2021.07.002,The cross section of the monetary policy announcement premium,2022
10.1016/j.jfineco.2021.07.003,"Local banks, credit supply, and house prices",2022
10.1016/j.jfineco.2021.07.004,Ambiguity about volatility and investor behavior,2022
10.1016/j.jfineco.2021.07.005,High-cost debt and perceived creditworthiness: Evidence from the UK,2021
10.1016/j.jfineco.2021.07.006,Do the right firms survive bankruptcy?,2022
10.1016/j.jfineco.2021.07.007,Skill versus reliability in venture capital,2022
10.1016/j.jfineco.2021.07.008,The maturity premium,2022
10.1016/j.jfineco.2021.07.009,Why does structural change accelerate in recessions? The credit reallocation channel,2022
10.1016/j.jfineco.2021.07.010,Democracy and the pricing of initial public offerings around the world,2022
10.1016/j.jfineco.2021.07.011,Regulatory transparency and the alignment of private and public enforcement: Evidence from the public disclosure of SEC comment letters,2022
10.1016/j.jfineco.2021.07.012,Fund manager skill in an era of globalization: Offshore concentration and fund performance,2022
10.1016/j.jfineco.2021.07.013,"Retail shareholder participation in the proxy process: Monitoring, engagement, and voting",2022
10.1016/j.jfineco.2021.07.014,"Signaling, instrumentation, and CFO decision-making",2022
10.1016/j.jfineco.2021.07.015,Does customer-base structure influence managerial risk-taking incentives?,2022
10.1016/j.jfineco.2021.07.016,Multivariate crash risk,2022
10.1016/j.jfineco.2021.07.017,The effect of media-linked directors on financing and external governance,2022
10.1016/j.jfineco.2021.07.018,The democratization of investment research and the informativeness of retail investor trading,2022
10.1016/j.jfineco.2021.08.001,Erratum to “Heterogeneous intermediary asset pricing” [Journal of Financial Economics 141/2 (2021) 505-532],2021
10.1016/j.jfineco.2021.08.002,News as sources of jumps in stock returns: Evidence from 21 million news articles for 9000 companies,2022
10.1016/j.jfineco.2021.08.003,"Cross-listings, antitakeover defenses, and the insulation hypothesis",2022
10.1016/j.jfineco.2021.08.004,What do you think about climate finance?,2021
10.1016/j.jfineco.2021.08.005,"Ripples into waves: Trade networks, economic activity, and asset prices",2022
10.1016/j.jfineco.2021.08.006,Short selling efficiency,2022
10.1016/j.jfineco.2021.08.007,Decomposing firm value,2022
10.1016/j.jfineco.2021.08.008,"The level, slope, and curve factor model for stocks",2022
10.1016/j.jfineco.2021.08.009,Have exchange-listed firms become less important for the economy?,2022
10.1016/j.jfineco.2021.08.010,Busy bankruptcy courts and the cost of credit,2022
10.1016/j.jfineco.2021.08.011,Geographic clustering of institutional investors,2022
10.1016/j.jfineco.2021.08.012,Silence is safest: Information disclosure when the audience’s preferences are uncertain,2022
10.1016/j.jfineco.2021.08.013,Sitting bucks: Stale pricing in fixed income funds,2022
10.1016/j.jfineco.2021.08.014,Music sentiment and stock returns around the world,2022
10.1016/j.jfineco.2021.08.015,When the local newspaper leaves town: The effects of local newspaper closures on corporate misconduct,2022
10.1016/j.jfineco.2021.08.016,Oil volatility risk,2022
10.1016/j.jfineco.2021.08.017,Machine learning in the Chinese stock market,2022
10.1016/j.jfineco.2021.08.018,Financial factors and the propagation of the Great Depression,2022
10.1016/j.jfineco.2021.08.019,Have risk premia vanished?,2022
10.1016/j.jfineco.2021.08.020,The value of intermediation in the stock market,2022
10.1016/j.jfineco.2021.08.021,"Separating equilibria, underpricing and security design",2022
10.1016/j.jfineco.2021.08.022,Strategic fragmented markets,2022
10.1016/j.jfineco.2021.08.023,How voluntary information sharing systems form: Evidence from a U.S. commercial credit bureau,2022
10.1016/j.jfineco.2021.09.001,Leverage,2022
10.1016/j.jfineco.2021.09.002,International asset pricing with strategic business groups,2022
10.1016/j.jfineco.2021.09.003,Good for your fiscal health? The effect of the affordable care act on healthcare borrowing costs,2022
10.1016/j.jfineco.2021.09.004,Listening in on investors’ thoughts and conversations,2022
10.1016/j.jfineco.2021.09.005,The international propagation of economic downturns through multinational companies: The real economy channel,2022
10.1016/j.jfineco.2021.09.006,Peer selection and valuation in mergers and acquisitions,2022
10.1016/j.jfineco.2021.09.007,Value creation in shareholder activism,2022
10.1016/j.jfineco.2021.09.008,The big bang: Stock market capitalization in the long run,2022
10.1016/j.jfineco.2021.09.009,Sustainable investing with ESG rating uncertainty,2022
10.1016/j.jfineco.2021.09.010,Executive stock options and systemic risk,2022
10.1016/j.jfineco.2021.09.011,"Gravity, counterparties, and foreign investment",2022
10.1016/j.jfineco.2021.09.012,Macro news and micro news: Complements or substitutes?,2022
10.1016/j.jfineco.2021.09.013,Biases in long-horizon predictive regressions,2022
10.1016/j.jfineco.2021.09.014,The rise of a network: Spillover of political patronage and cronyism to the private sector,2022
10.1016/j.jfineco.2021.09.015,Premium for heightened uncertainty: Explaining pre-announcement market returns,2022
10.1016/j.jfineco.2021.09.016,Millionaires speak: What drives their personal investment decisions?,2022
10.1016/j.jfineco.2021.09.017,"Young firms, old capital",2022
10.1016/j.jfineco.2021.09.018,Corporate actions and the manipulation of retail investors in China: An analysis of stock splits,2022
10.1016/j.jfineco.2021.09.019,"Overnight returns, daytime reversals, and future stock returns",2022
10.1016/j.jfineco.2021.09.020,Measuring the ex-ante incentive effects of creditor control rights during bankruptcy reorganization,2022
10.1016/j.jfineco.2021.09.021,To pool or not to pool? Security design in OTC markets,2022
10.1016/j.jfineco.2021.09.022,Financial education affects financial knowledge and downstream behaviors,2022
10.1016/j.jfineco.2021.09.023,What is CEO overconfidence? Evidence from executive assessments,2022
10.1016/j.jfineco.2021.09.024,The effects of disclosure and enforcement on payday lending in Texas,2022
10.1016/j.jfineco.2021.09.025,Endogenous inattention and risk-specific price underreaction in corporate bonds,2022
10.1016/j.jfineco.2021.09.026,Financially constrained mortgage servicers,2022
10.1016/j.jfineco.2021.10.001,A unified model of distress risk puzzles,2022
10.1016/j.jfineco.2021.10.002,Token-based platform finance,2022
10.1016/j.jfineco.2021.10.003,Industry asset revaluations around public and private acquisitions,2023
10.1016/j.jfineco.2021.10.004,"More informative disclosures, less informative prices? Portfolio and price formation around quarter-ends",2022
10.1016/j.jfineco.2021.10.005,Shielding firm value: Employment protection and process innovation,2022
10.1016/j.jfineco.2021.10.006,Market efficiency in the age of big data,2022
10.1016/j.jfineco.2021.10.007,Cyber risk and the U.S. financial system: A pre-mortem analysis,2022
10.1016/j.jfineco.2021.10.008,Flattening the curve: Pandemic-Induced revaluation of urban real estate,2022
10.1016/j.jfineco.2021.10.009,Asset pricing with return extrapolation,2022
10.1016/j.jfineco.2021.10.010,Salience theory and the cross-section of stock returns: International and further evidence,2022
10.1016/j.jfineco.2021.10.011,A frog in every pan: Information discreteness and the lead-lag returns puzzle,2022
10.1016/j.jfineco.2021.10.012,"Financing constraints, home equity and selection into entrepreneurship",2022
10.1016/j.jfineco.2021.10.013,"Patent quality, firm value, and investor underreaction: Evidence from patent examiner busyness",2022
10.1016/j.jfineco.2021.11.001,Credit cycles with market-based household leverage,2022
10.1016/j.jfineco.2021.11.002,Is there a home field advantage in global markets?,2022
10.1016/j.jfineco.2021.11.003,Intermediation in the interbank lending market,2022
10.1016/j.jfineco.2021.11.004,Expansionary yet different: Credit supply and real effects of negative interest rate policy,2022
10.1016/j.jfineco.2021.11.005,Employee output response to stock market wealth shocks,2022
10.1016/j.jfineco.2021.11.006,Let the rich be flooded: The distribution of financial aid and distress after hurricane harvey,2022
10.1016/j.jfineco.2021.12.001,Bank capital structure and regulation: Overcoming and embracing adverse selection,2022
10.1016/j.jfineco.2021.12.002,Does paycheck frequency matter? Evidence from micro data,2022
10.1016/j.jfineco.2021.12.003,Closing auctions: Nasdaq versus NYSE,2022
10.1016/j.jfineco.2021.12.004,Real-time price discovery via verbal communication: Method and application to Fedspeak,2022
10.1016/j.jfineco.2021.12.005,Erratum to “Equity tail risk and currency risk premia [Journal of Financial Economics 143/1 (2022) 484 –503],2022
10.1016/j.jfineco.2021.12.006,Price revelation from insider trading: Evidence from hacked earnings news,2022
10.1016/j.jfineco.2021.12.007,A factor model for option returns,2022
10.1016/j.jfineco.2021.12.008,Student debt and default: The role of for-profit colleges,2022
10.1016/j.jfineco.2021.12.009,Blood in the water: The value of antitakeover provisions during market shocks,2022
10.1016/j.jfineco.2021.12.010,Collateral and asymmetric information in lending markets,2022
10.1016/j.jfineco.2021.12.011,Launching with a parachute: The gig economy and new business formation,2022
10.1016/j.jfineco.2021.12.012,The rise of dual-class stock IPOs,2022
10.1016/j.jfineco.2021.12.013,Revealing corruption: Firm and worker level evidence from Brazil,2022
10.1016/j.jfineco.2022.01.001,Keeping options open: What motivates entrepreneurs?,2022
10.1016/j.jfineco.2022.01.002,Beyond the target: M&amp;A decisions and rival ownership,2022
10.1016/j.jfineco.2022.01.003,Bitcoin’s limited adoption problem,2022
10.1016/j.jfineco.2022.01.004,How much should we trust staggered difference-in-differences estimates?,2022
10.1016/j.jfineco.2022.01.005,Financing breakthroughs under failure risk,2022
10.1016/j.jfineco.2022.02.001,Competition and manipulation in derivative contract markets,2022
10.1016/j.jfineco.2022.02.002,The life of the counterparty: Shock propagation in hedge fund-prime broker credit networks,2022
10.1016/j.jfineco.2022.02.003,"Validity, tightness, and forecasting power of risk premium bounds",2022
10.1016/j.jfineco.2022.02.004,Social interactions and households’ flood insurance decisions,2022
10.1016/j.jfineco.2022.02.005,The Wall Street stampede: Exit as governance with interacting blockholders,2022
10.1016/j.jfineco.2022.03.001,It’s what you say and what you buy: A holistic evaluation of the corporate credit facilities,2022
10.1016/j.jfineco.2022.03.002,Does short-selling potential influence merger and acquisition payment choice?,2022
10.1016/j.jfineco.2022.03.003,Corporate flexibility in a time of crisis,2022
10.1016/j.jfineco.2022.03.004,Partisan residential sorting on climate change risk,2022
10.1016/j.jfineco.2022.03.005,The pass-through of uncertainty shocks to households,2022
10.1016/j.jfineco.2022.04.001,What moves treasury yields?,2022
10.1016/j.jfineco.2022.04.002,Paying for beta: Leverage demand and asset management fees,2022
10.1016/j.jfineco.2022.04.003,Time-varying risk of nominal bonds: How important are macroeconomic shocks?,2022
10.1016/j.jfineco.2022.04.004,Investment slumps during financial crises: The real effects of credit supply,2022
10.1016/j.jfineco.2022.04.005,Recovering the FOMC risk premium,2022
10.1016/j.jfineco.2022.04.006,Bubbles and the value of innovation,2022
10.1016/j.jfineco.2022.04.007,Financial transaction taxes and the informational efficiency of financial markets: A structural estimation,2022
10.1016/j.jfineco.2022.05.001,Voting and trading: The shareholder’s dilemma,2022
10.1016/j.jfineco.2022.05.002,Game on: Social networks and markets,2022
10.1016/j.jfineco.2022.05.003,Fire-sale risk in the leveraged loan market,2022
10.1016/j.jfineco.2022.05.004,Can FinTech reduce disparities in access to finance? Evidence from the Paycheck Protection Program,2022
10.1016/j.jfineco.2022.05.005,Sentiment and uncertainty,2022
10.1016/j.jfineco.2022.05.006,Did the paycheck protection program hit the target?,2022
10.1016/j.jfineco.2022.05.007,On index investing,2022
10.1016/j.jfineco.2022.06.001,Risk-adjusted capital allocation and misallocation,2022
10.1016/j.jfineco.2022.06.002,Why does the Fed move markets so much? A model of monetary policy and time-varying risk aversion,2022
10.1016/j.jfineco.2022.06.003,The cross-section of investment and profitability: Implications for asset pricing,2022
10.1016/j.jfineco.2022.06.004,Bucking the trend: Why do IPOs choose controversial governance structures and why do investors let them?,2022
10.1016/j.jfineco.2022.06.005,The secured credit premium and the issuance of secured debt,2022
10.1016/j.jfineco.2022.06.006,Personal finance education mandates and student loan repayment,2022
10.1016/j.jfineco.2022.07.001,Growth forecasts and news about monetary policy,2022
10.1016/j.jfineco.2022.07.002,Speculative dynamics of prices and volume,2022
10.1016/j.jfineco.2022.07.003,Sovereign risk premia and global macroeconomic conditions,2023
10.1016/j.jfineco.2022.07.004,Price-setting in the foreign exchange swap market: Evidence from order flow,2022
10.1016/j.jfineco.2022.07.005,On the information content of credit ratings and market-based measures of default risk,2022
10.1016/j.jfineco.2022.07.006,Debt dynamics with fixed issuance costs,2022
10.1016/j.jfineco.2022.07.007,Dissecting green returns,2022
10.1016/j.jfineco.2022.07.008,Corporate culture: Evidence from the field,2022
10.1016/j.jfineco.2022.07.009,Bank transparency and deposit flows,2022
10.1016/j.jfineco.2022.07.010,Size-adapted bond liquidity measures and their asset pricing implications,2022
10.1016/j.jfineco.2022.08.001,Overallocation and secondary market outcomes in corporate bond offerings,2022
10.1016/j.jfineco.2022.08.002,Retail trader sophistication and stock market quality: Evidence from brokerage outages,2022
10.1016/j.jfineco.2022.08.003,"Institutional investors, the dollar, and U.S. credit conditions",2023
10.1016/j.jfineco.2022.08.004,Count (and count-like) data in finance,2022
10.1016/j.jfineco.2022.08.005,Editor’s note,2022
10.1016/j.jfineco.2022.09.001,Measuring the welfare cost of asymmetric information in consumer credit markets,2022
10.1016/j.jfineco.2022.09.002,Do firms with specialized M&amp;A staff make better acquisitions?,2023
10.1016/j.jfineco.2022.09.003,Product market strategy and corporate policies,2022
10.1016/j.jfineco.2022.09.004,Liquidity in the global currency market,2022
10.1016/j.jfineco.2022.09.005,Monetary policy expectation errors,2022
10.1016/j.jfineco.2022.09.006,Capital forbearance in the bank recovery and resolution game,2022
10.1016/j.jfineco.2022.09.007,Small and vulnerable: SME productivity in the great productivity slowdown,2023
10.1016/j.jfineco.2022.09.008,Shale shocked: Cash windfalls and household debt repayment,2022
10.1016/j.jfineco.2022.09.009,What are the events that shake our world? Measuring and hedging global COVOL,2023
10.1016/j.jfineco.2022.09.010,Origins of international factor structures,2023
10.1016/j.jfineco.2022.10.001,What do outside CEOs really do? Evidence from plant-level data,2023
10.1016/j.jfineco.2022.10.002,Empirical evaluation of overspecified asset pricing models,2023
10.1016/j.jfineco.2022.10.003,The distributional effects of student loan forgiveness,2023
10.1016/j.jfineco.2022.10.004,Presidential economic approval rating and the cross-section of stock returns,2023
10.1016/j.jfineco.2022.10.005,Collateral quality and intervention traps,2023
10.1016/j.jfineco.2022.10.006,Mutual fund performance at long horizons,2023
10.1016/j.jfineco.2022.11.001,The fundamental-to-market ratio and the value premium decline,2023
10.1016/j.jfineco.2022.11.002,"Institutional investors, heterogeneous benchmarks and the comovement of asset prices",2023
10.1016/j.jfineco.2022.11.003,Automation and the displacement of labor by capital: Asset pricing theory and empirical evidence,2023
10.1016/j.jfineco.2022.11.004,Refusing the best price?,2023
10.1016/j.jfineco.2022.11.005,Dynamic asset (mis)pricing: Build-up versus resolution anomalies,2023
10.1016/j.jfineco.2022.11.006,The colour of finance words,2023
10.1016/j.jfineco.2022.12.001,"Mortgage prepayment, race, and monetary policy",2023
10.1016/j.jfineco.2022.12.002,Pirates without borders: The propagation of cyberattacks through firms’ supply chains,2023
10.1016/j.jfineco.2022.12.003,Open banking: Credit market competition when borrowers own the data,2023
10.1016/j.jfineco.2022.12.004,Common ownership and innovation efficiency,2023
10.1016/j.jfineco.2022.12.005,Volatility and informativeness,2023
10.1016/j.jfineco.2023.01.001,Financial markets and unemployment,2023
10.1016/j.jfineco.2023.01.002,From patriarchy to partnership: Gender equality and household finance,2023
10.1016/j.jfineco.2023.01.003,The negativity bias and perceived return distributions: Evidence from a pandemic,2023
10.1016/j.jfineco.2023.01.004,Supporting small firms through recessions and recoveries,2023
10.1016/j.jfineco.2023.01.005,The global factor structure of exchange rates,2023
10.1016/j.jfineco.2023.02.001,The Modern Mutual Fund Family,2023
10.1016/j.jfineco.2023.02.002,Set it and forget it? Financing retirement in an age of defaults,2023
10.1016/j.jfineco.2023.02.003,Loan spreads and credit cycles: The role of lenders’ personal economic experiences,2023
10.1016/j.jfineco.2023.02.004,Barking up the wrong tree: Return-chasing in 401(k) plans,2023
10.1016/j.jfineco.2023.02.005,Political ideology and international capital allocation,2023
10.1016/j.jfineco.2023.03.001,Flexibility costs of debt: Danish exporters during the cartoon crisis,2023
10.1016/j.jfineco.2023.03.002,Heterogeneous liquidity providers and night-minus-day return predictability,2023
10.1016/j.jfineco.2023.03.003,Insurance and portfolio decisions: Two sides of the same coin?,2023
10.1016/j.jfineco.2023.04.001,The Big Three and board gender diversity: The effectiveness of shareholder voice,2023
10.1016/j.jfineco.2023.04.002,Asset holders’ consumption risk and tests of conditional CCAPM,2023
10.1016/j.jfineco.2023.04.003,Why is dollar debt Cheaper? Evidence from Peru,2023
10.1016/j.jfineco.2023.04.004,Reaching for yield and the housing market: Evidence from 18th-century Amsterdam,2023
10.1016/j.jfineco.2023.04.005,Can the changes in fundamentals explain the attenuation of anomalies?,2023
10.1016/j.jfineco.2023.04.006,Micro uncertainty and asset prices,2023
10.1016/j.jfineco.2023.04.007,Market power in wholesale funding: A structural perspective from the triparty repo market,2023
10.1016/j.jfineco.2023.04.008,When can the market identify old news?,2023
10.1016/j.jfineco.2023.04.009,When and how are rule 10b5-1 plans used for insider stock sales?,2023
10.1016/j.jfineco.2023.04.010,What matters in a characteristic?,2023
10.1016/j.jfineco.2023.04.011,Product market competition with crypto tokens and smart contracts,2023
10.1016/j.jfineco.2023.04.012,Implicit guarantees and the rise of shadow banking: The case of trust products,2023
10.1016/j.jfineco.2023.04.013,"Loan guarantees, bank underwriting policies and financial stability",2023
10.1016/j.jfineco.2023.05.001,Angel investment and first impressions,2023
10.1016/j.jfineco.2023.05.002,Firm-bank linkages and optimal policies after a rare disaster,2023
10.1016/j.jfineco.2023.05.003,Economic uncertainty and investor attention,2023
10.1016/j.jfineco.2023.05.004,Financing the litigation arms race,2023
10.1016/j.jfineco.2023.05.005,The limits of multi-dealer platforms,2023
10.1016/j.jfineco.2023.05.006,Systematic default and return predictability in the stock and bond markets,2023
10.1016/j.jfineco.2023.05.007,Momentum turning points,2023
10.1016/j.jfineco.2023.06.001,"Creditor rights, collateral reuse, and credit supply",2023
10.1016/j.jfineco.2023.06.002,A credit-based theory of the currency risk premium,2023
10.1016/j.jfineco.2023.06.003,Index providers: Whales behind the scenes of ETFs,2023
10.1016/j.jfineco.2023.06.004,Deputizing financial institutions to fight elder abuse,2023
10.1016/j.jfineco.2023.06.005,Collateral competition: Evidence from central counterparties,2023
10.1016/j.jfineco.2023.06.006,Fire sale risk and expected stock returns,2023
10.1016/j.jfineco.2023.06.007,Debt dynamics and credit risk,2023
10.1016/j.jfineco.2023.07.001,"Cheapest-to-deliver pricing, optimal MBS securitization, and welfare implications",2023
10.1016/j.jfineco.2023.07.002,Temperature shocks and industry earnings news,2023
10.1016/j.jfineco.2023.07.003,Cleansing by tight credit: Rational cycles and endogenous lending standards,2023
10.1016/j.jfineco.2023.07.004,Machine-learning the skill of mutual fund managers,2023
10.1016/j.jfineco.2023.103705,The short- and long-run effects of remote work on U.S. housing markets,2023
10.1016/j.jfineco.2023.103706,Active trading and (poor) performance: The social transmission channel,2023
10.1016/j.jfineco.2023.103707,Priced risk in corporate bonds,2023
10.1016/j.jfineco.2023.103708,Self-imposed liquidity constraints via voluntary debt repayment,2023
10.1016/j.jfineco.2023.103709,When large traders create noise,2023
10.1016/j.jfineco.2023.103710,Competition and selection in credit markets,2023
10.1016/j.jfineco.2023.103711,International trade and the risk in bilateral exchange rates,2023
10.1016/j.jfineco.2023.103712,Disaster resilience and asset prices,2023
10.1016/j.jfineco.2023.103713,Dynamics of subjective risk premia,2023
10.1016/j.jfineco.2023.103715,Do the rich gamble in the stock market? Low risk anomalies and wealthy households,2023
10.1016/j.jfineco.2023.103716,Cross-stock momentum and factor momentum,2023
10.1016/j.jfineco.2023.103717,Partisanship in loan pricing,2023
10.1016/j.jfineco.2023.103718,CEO compensation: Evidence from the field,2023
10.1016/j.jfineco.2023.103719,Sorting out the effect of credit supply,2023
10.1016/j.jfineco.2023.103720,The labor effects of judicial bias in bankruptcy,2023
10.1016/j.jfineco.2023.103721,Retraction notice to “Common risk factors in the cross-section of corporate bond returns” [Journal of Financial Economics 131 (3) (2019) 619-642],2023
10.1016/j.jfineco.2023.103722,Intermediary balance sheets and the treasury yield curve,2023
10.1016/j.jfineco.2023.103723,The jump leverage risk premium,2023
10.1016/j.jfineco.2023.103724,Return predictability with endogenous growth,2023
10.1016/j.jfineco.2023.103736,Treasury option returns and models with unspanned risks,2023
10.1016/j.jfineco.2023.103737,Machine learning and fund characteristics help to select mutual funds with positive alpha,2023
10.1016/j.jfineco.2023.103738,Monetary policy transmission in segmented markets,2024
10.1016/j.jfineco.2023.103745,"Artificial intelligence, firm growth, and product innovation",2024
10.1016/j.jfineco.2023.103746,The use of asset growth in empirical asset pricing models,2024
10.1016/j.jfineco.2023.103747,Liquidity regulation and banks: Theory and evidence,2024
10.1016/j.jfineco.2023.103757,Delayed crises and slow recoveries,2024
10.1016/j.jfineco.2023.103758,Financial returns to household inventory management,2024
10.1016/j.jfineco.2023.103759,Learning about the consumption risk exposure of firms,2024
10.1016/j.jfineco.2023.103760,Stress tests and model monoculture,2024
10.1016/j.jfineco.2023.103761,Why did shareholder liability disappear?,2024
10.1016/j.jfineco.2023.103762,Disagreement about public information quality and informational price efficiency,2024
10.1016/j.jfineco.2023.103763,Quantifying the impact of red tape on investment: A survey data approach,2024
10.1016/j.jfineco.2023.103773,Independent regulators and financial stability evidence from gubernatorial election campaigns in the Progressive Era,2024
10.1016/j.jfineco.2023.103774,"Disagreement, information quality and asset prices",2024
10.1016/j.jfineco.2023.103775,Regulatory costs of being public: Evidence from bunching estimation,2024
10.1016/j.jfineco.2023.103776,Personality differences and investment decision-making,2024
10.1016/j.jfineco.2023.103777,Collateral eligibility of corporate debt in the Eurosystem,2024
10.1016/j.jfineco.2024.103778,Evergreening,2024
10.1016/j.jfineco.2024.103779,"Capital budgeting, uncertainty, and misallocation",2024
10.1016/j.jfineco.2024.103786,Delayed creative destruction: How uncertainty shapes corporate assets,2024
10.1016/j.jfineco.2024.103787,Harnessing the overconfidence of the crowd: A theory of SPACs,2024
10.1016/j.jfineco.2024.103790,Fearing the Fed: How wall street reads main street,2024
10.1016/j.jfineco.2024.103791,Charting by machines,2024
10.1016/j.jfineco.2024.103792,"RegTech: Technology-driven compliance and its effects on profitability, operations, and market structure",2024
10.1016/j.jfineco.2024.103793,Human capital risk and portfolio choices: Evidence from university admission discontinuities,2024
10.1016/j.jfineco.2024.103794,Causal effects of closing businesses in a pandemic,2024
10.1016/j.jfineco.2024.103795,Corporate responses to stock price fragility,2024
10.1016/j.jfineco.2024.103796,"Asset life, leverage, and debt maturity matching",2024
10.1016/j.jfineco.2024.103797,How does competition affect retail banking? Quasi-experimental evidence from bank mergers,2024
10.1016/j.jfineco.2024.103798,Motivating collusion,2024
10.1016/j.jfineco.2024.103805,Is it alpha or beta? Decomposing hedge fund returns when models are misspecified,2024
10.1016/j.jfineco.2024.103806,Investment when new capital is hard to find,2024
10.1016/j.jfineco.2024.103807,Siphoned apart: A portfolio perspective on order flow segmentation,2024
10.1016/j.jfineco.2024.103808,Persistent and transitory components of firm characteristics: Implications for asset pricing,2024
10.1016/j.jfineco.2024.103809,J'Accuse! Antisemitism and financial markets in the time of the Dreyfus Affair,2024
10.1016/j.jfineco.2024.103810,The proxy advisory industry: Influencing and being influenced,2024
10.1016/j.jfineco.2024.103811,Limited attention to detail in financial markets: Evidence from reduced-form and structural estimation,2024
10.1016/j.jfineco.2024.103812,Production complementarity and information transmission across industries,2024
10.1016/j.jfineco.2024.103813,The governance of director compensation,2024
10.1016/j.jfineco.2024.103814,Demand-and-supply imbalance risk and long-term swap spreads,2024
10.1016/j.jfineco.2024.103815,Missing values handling for machine learning portfolios,2024
10.1016/j.jfineco.2024.103816,Political polarization in financial news,2024
10.1016/j.jfineco.2024.103817,The effect of female leadership on contracting from Capitol Hill to Main Street,2024
10.1016/j.jfineco.2024.103818,"Price ceilings, market structure, and payout policies",2024
10.1016/j.jfineco.2024.103819,Aggregate lapsation risk,2024
10.1016/j.jfineco.2024.103829,Robo advisors and access to wealth management,2024
10.1016/j.jfineco.2024.103830,Trade credit and the stability of supply chains,2024
10.1016/j.jfineco.2024.103831,Sustainability or performance? Ratings and fund managers’ incentives,2024
10.1016/j.jfineco.2024.103832,The timing of voluntary delisting,2024
10.1016/j.jfineco.2024.103833,The pricing of U.S. Treasury floating rate notes,2024
10.1016/j.jfineco.2024.103834,Consumption smoothing or consumption binging? The effects of government-led consumer credit expansion in Brazil,2024
10.1016/j.jfineco.2024.103835,Shattered housing,2024
10.1016/j.jfineco.2024.103836,"Tiny trades, big questions: Fractional shares",2024
10.1016/j.jfineco.2024.103837,In-sample and out-of-sample Sharpe ratios of multi-factor asset pricing models,2024
10.1016/j.jfineco.2024.103838,Measuring macroeconomic tail risk,2024
10.1016/j.jfineco.2024.103839,Portfolio pumping in mutual fund families,2024
10.1016/j.jfineco.2024.103849,Ambiguity and private investors’ behavior after forced fund liquidations,2024
10.1016/j.jfineco.2024.103850,"When the markets get CO.V.I.D: COntagion, Viruses, and Information Diffusion",2024
10.1016/j.jfineco.2024.103851,Debtor income manipulation in consumer credit contracts,2024
10.1016/j.jfineco.2024.103852,Gradual information diffusion across commonly owned firms,2024
10.1016/j.jfineco.2024.103853,"Associative memory, beliefs and market interactions",2024
10.1016/j.jfineco.2024.103854,"Financial inclusion, economic development, and inequality: Evidence from Brazil",2024
10.1016/j.jfineco.2024.103855,"Financial constraints, cash flow timing patterns, and asset prices",2024
10.1016/j.jfineco.2024.103856,Intermediary-based equity term structure,2024
10.1016/j.jfineco.2024.103857,Regulatory arbitrage or random errors? Implications of race prediction algorithms in fair lending analysis,2024
10.1016/j.jfineco.2024.103858,Crowdsourcing peer information to change spending behavior,2024
10.1016/j.jfineco.2024.103859,When failure is an option: Fragile liquidity in over-the-counter markets,2024
10.1016/j.jfineco.2024.103860,The passive ownership share is double what you think it is,2024
10.1016/j.jfineco.2024.103868,Real effects of supplying safe private money,2024
10.1016/j.jfineco.2024.103869,The diversification and welfare effects of robo-advising,2024
10.1016/j.jfineco.2024.103870,The social signal,2024
10.1016/j.jfineco.2024.103871,"The death of a regulator: Strict supervision, bank lending, and business activity",2024
10.1016/j.jfineco.2024.103872,Discrimination in the payments chain,2024
10.1016/j.jfineco.2024.103873,Intermediation frictions in debt relief: Evidence from CARES Act forbearance,2024
10.1016/j.jfineco.2024.103874,Concealed carry,2024
10.1016/j.jfineco.2024.103875,Financial market concentration and misallocation,2024
10.1016/j.jfineco.2024.103876,Refinancing cross-subsidies in the mortgage market,2024
10.1016/j.jfineco.2024.103884,The short-termism trap: Catering to informed investors with limited horizons,2024
10.1016/j.jfineco.2024.103885,How do Treasury dealers manage their positions?,2024
10.1016/j.jfineco.2024.103886,Importance of transaction costs for asset allocation in foreign exchange markets,2024
10.1016/j.jfineco.2024.103887,The reserve supply channel of unconventional monetary policy,2024
10.1016/j.jfineco.2024.103894,The effects of policy interventions to limit illegal money lending,2024
10.1016/j.jfineco.2024.103897,Are cryptos different? Evidence from retail trading,2024
10.1016/j.jfineco.2024.103898,"Borrow now, pay even later: A quantitative analysis of student debt payment plans",2024
10.1016/j.jfineco.2024.103899,Monetary tightening and U.S. bank fragility in 2023: Mark-to-market losses and uninsured depositor runs?,2024
10.1016/j.jfineco.2024.103900,High-frequency trading in the stock market and the costs of options market making,2024
10.1016/j.jfineco.2024.103901,Block trade contracting,2024
10.1016/j.jfineco.2024.103902,Inflation and Disintermediation,2024
10.1016/j.jfineco.2024.103910,From Man vs. Machine to Man + Machine: The art and AI of stock analyses,2024
10.1016/j.jfineco.2024.103911,Racial disparities in the Paycheck Protection Program,2024
10.1016/j.jfineco.2024.103912,The cross-border effects of bank capital regulation,2024
10.1016/j.jfineco.2024.103913,Disclosing and cooling-off: An analysis of insider trading rules,2024
10.1016/j.jfineco.2024.103914,The credit supply channel of monetary policy tightening and its distributional impacts,2024
10.1016/j.jfineco.2024.103915,Uncertainty about what is in the price,2024
10.1016/j.jfineco.2024.103916,"Efficient estimation of bid–ask spreads from open, high, low, and close prices",2024
10.1016/j.jfineco.2024.103926,Modeling volatility in dynamic term structure models,2024
10.1016/j.jfineco.2024.103927,Do personal taxes affect investment decisions and stock returns?,2024
10.1016/j.jfineco.2024.103928,The risk and return of impact investing funds,2024
10.1016/j.jfineco.2024.103929,Systemic bank runs without aggregate risk: How a misallocation of liquidity may trigger a solvency crisis,2024
10.1016/j.jfineco.2024.103930,Specialization and performance in private equity: Evidence from the hotel industry,2024
10.1016/j.jfineco.2024.103931,Monetary policy and fragility in corporate bond mutual funds,2024
10.1016/j.jfineco.2024.103932,The risk and return of equity and credit index options,2024
10.1016/j.jfineco.2024.103933,Conditional risk,2024
10.1016/j.jfineco.2024.103934,Bank heterogeneity and financial stability,2024
10.1016/j.jfineco.2024.103944,Pricing of sustainability-linked bonds,2024
10.1016/j.jfineco.2024.103945,Estimating and testing investment-based asset pricing models,2024
10.1016/j.jfineco.2024.103946,Direct lenders in the U.S. middle market,2024
10.1016/j.jfineco.2024.103947,"Competition, Product differentiation and Crises: Evidence from 18 million securitized loans",2024
10.1016/j.jfineco.2024.103948,"Broken promises, competition, and capital allocation in the mutual fund industry",2024
10.1016/j.jfineco.2024.103949,Comparing factor models with price-impact costs,2024
10.1016/j.jfineco.2024.103951,Token-based platform governance,2024
10.1016/j.jfineco.2024.103952,"Macroeconomic perceptions, financial constraints, and anomalies",2024
10.1016/j.jfineco.2024.103953,Robustness and dynamic sentiment,2025
10.1016/j.jfineco.2024.103954,Sustainable finance versus environmental policy: Does greenwashing justify a taxonomy for sustainable investments?,2025
10.1016/j.jfineco.2024.103955,The moral preferences of investors: Experimental evidence,2025
10.1016/j.jfineco.2024.103956,Gig labor: Trading safety nets for steering wheels,2025
10.1016/j.jfineco.2024.103957,Information technology and lender competition,2025
10.1016/j.jfineco.2024.103958,Credit supply and house prices: Evidence from mortgage market segmentation,2025
10.1016/j.jfineco.2024.103966,From employee to entrepreneur: The role of unemployment risk,2025
10.1016/j.jfineco.2024.103967,Information sharing in financial markets,2025
10.1016/j.jfineco.2024.103968,Signals and stigmas from banking interventions: Lessons from the Bank Holiday of 1933,2025
10.1016/j.jfineco.2024.103969,Arbitrage-based recovery,2025
10.1016/j.jfineco.2024.103970,Aspirational utility and investment behavior,2025
10.1016/j.jfineco.2024.103971,CEO turnover and director reputation,2025
10.1016/j.jfineco.2024.103972,The impact of impact investing,2025
10.1016/j.jfineco.2024.103973,Household mobility and mortgage rate lock,2025
10.1016/j.jfineco.2024.103974,Strategic insider trading and its consequences for outsiders: Evidence from the eighteenth century,2025
10.1016/j.jfineco.2024.103975,Self-Declared benchmarks and fund manager intent: “Cheating” or competing?,2025
10.1016/j.jfineco.2024.103984,Four facts about ESG beliefs and investor portfolios,2025
10.1016/j.jfineco.2024.103985,Regulating inattention in fee-based financial advice,2025
10.1016/j.jfineco.2024.103986,Extracting extrapolative beliefs from market prices: An augmented present-value approach,2025
10.1016/j.jfineco.2024.103987,Biodiversity finance,2025
10.1016/j.jfineco.2024.103988,Fed information effects: Evidence from the equity term structure,2025
10.1016/j.jfineco.2024.103989,The SOFR discount,2025
10.1016/j.jfineco.2024.103990,"Q: Risk, rents, or growth?",2025
10.1016/j.jfineco.2024.103991,ESG: A panacea for market power?,2025
10.1016/j.jfineco.2024.103992,"JAQ of all trades: Job mismatch, firm productivity and managerial quality",2025
10.1016/j.jfineco.2025.103993,Yield drifts when issuance comes before macro news,2025
10.1016/j.jfineco.2025.103994,The volatility puzzle of the beta anomaly,2025
10.1016/j.jfineco.2025.103995,"Asymmetric information, disagreement, and the valuation of debt and equity",2025
10.1016/j.jfineco.2025.103996,Optimal illiquidity,2025
10.1016/s0304-405x(00)00038-6,Index,2000
10.1016/s0304-405x(00)00039-8,Controlling stockholders and the disciplinary role of corporate payout policy: a study of the Times Mirror Company,2000
10.1016/s0304-405x(00)00040-4,Is the abnormal return following equity issuances anomalous?,2000
10.1016/s0304-405x(00)00041-6,Seasoned public offerings: resolution of the ‘new issues puzzle’,2000
10.1016/s0304-405x(00)00042-8,"Investment bank market share, contingent fee payments, and the performance of acquiring firms",2000
10.1016/s0304-405x(00)00043-x,"‘Time to build, option value and investment decisions’: a comment",2000
10.1016/s0304-405x(00)00044-1,Comparing asset pricing models: an investment perspective,2000
10.1016/s0304-405x(00)00045-3,Speed of issuance and the adequacy of disclosure in the 144A high-yield debt market,2000
10.1016/s0304-405x(00)00046-5,A study towards a unified approach to the joint estimation of objective and risk neutral measures for the purpose of options valuation,2000
10.1016/s0304-405x(00)00047-7,Why firms issue targeted stock,2000
10.1016/s0304-405x(00)00048-9,From cradle to grave: How to loot a 401(k) plan,2000
10.1016/s0304-405x(00)00049-0,The value and incentive effects of nontraditional executive stock option plans,2000
10.1016/s0304-405x(00)00050-7,Indexed executive stock options,2000
10.1016/s0304-405x(00)00051-9,On the optimality of resetting executive stock options,2000
10.1016/s0304-405x(00)00052-0,Altering the terms of executive stock options,2000
10.1016/s0304-405x(00)00053-2,The `repricing’ of executive stock options,2000
10.1016/s0304-405x(00)00054-4,"Alternative flotation methods, adverse selection, and ownership structure: evidence from seasoned equity issuance in the U.K.",2000
10.1016/s0304-405x(00)00055-6,Corporate policies restricting trading by insiders,2000
10.1016/s0304-405x(00)00056-8,"Can book-to-market, size and momentum be risk factors that predict economic growth?",2000
10.1016/s0304-405x(00)00057-x,"Trade size, order imbalance, and the volatility–volume relation",2000
10.1016/s0304-405x(00)00058-1,Corporate governance proposals and shareholder activism: the role of institutional investors,2000
10.1016/s0304-405x(00)00059-3,Index,2000
10.1016/s0304-405x(00)00060-x,Special dividends and the evolution of dividend signaling,2000
10.1016/s0304-405x(00)00061-1,Financial flexibility and the choice between dividends and stock repurchases,2000
10.1016/s0304-405x(00)00062-3,The cash-flow permanence and information content of dividend increases versus repurchases,2000
10.1016/s0304-405x(00)00063-5,"Liquidity, investment ability, and mutual fund structure",2000
10.1016/s0304-405x(00)00064-7,Making markets for structured mortgage derivatives,2000
10.1016/s0304-405x(00)00065-9,Investor protection and corporate governance,2000
10.1016/s0304-405x(00)00066-0,Universal banking and the performance of German firms,2000
10.1016/s0304-405x(00)00067-2,The separation of ownership and control in East Asian Corporations,2000
10.1016/s0304-405x(00)00068-4,The balance of power in closely held corporations,2000
10.1016/s0304-405x(00)00069-6,Corporate governance in the Asian financial crisis,2000
10.1016/s0304-405x(00)00070-2,Financial markets and the allocation of capital,2000
10.1016/s0304-405x(00)00071-4,The information content of stock markets: why do emerging markets have synchronous stock price movements?,2000
10.1016/s0304-405x(00)00072-6,Finance and the sources of growth,2000
10.1016/s0304-405x(00)00073-8,Do stock market liberalizations cause investment booms?,2000
10.1016/s0304-405x(00)00074-x,Index,2000
10.1016/s0304-405x(00)00075-1,"Bankruptcy auctions: costs, debt recovery, and firm survival",2000
10.1016/s0304-405x(00)00076-3,Herding among security analysts,2000
10.1016/s0304-405x(00)00077-5,The term structure of very short-term rates: New evidence for the expectations hypothesis,2000
10.1016/s0304-405x(00)00078-7,Testing static tradeoff against pecking order models of capital structure: a critical comment,2000
10.1016/s0304-405x(00)00079-9,Index,2000
10.1016/s0304-405x(00)00080-5,Trading activity and expected stock returns,2001
10.1016/s0304-405x(00)00081-7,The capital gain lock-in effect and long-horizon return reversal,2001
10.1016/s0304-405x(00)00082-9,Pricing the strategic value of putable securities in liquidity crises,2001
10.1016/s0304-405x(00)00083-0,The structure of debt and active equity investors: The case of the buyout specialist,2001
10.1016/s0304-405x(00)00084-2,The portfolio flows of international investors,2001
10.1016/s0304-405x(00)00085-4,Aggregate price effects of institutional trading: a study of mutual fund flow and market returns,2001
10.1016/s0304-405x(00)00086-6,Stockholder gains from focusing versus diversifying bank mergers,2001
10.1016/s0304-405x(00)00087-8,Sixteenths: direct evidence on institutional execution costs,2001
10.1016/s0304-405x(00)00088-x,Predictable changes in yields and forward rates,2001
10.1016/s0304-405x(00)00089-1,Do investment banks compete in IPOs?: the advent of the “7% plus contract”,2001
10.1016/s0304-405x(00)00090-8,Do the individuals closest to internet firms believe they are overvalued,2001
10.1016/s0304-405x(00)00091-x,"Common factors in prices, order flows, and liquidity",2001
10.1016/s0304-405x(00)00092-1,"Direct foreign ownership, institutional investors, and firm characteristics",2001
10.1016/s0304-405x(00)00093-3,Exchange rate exposure and competition: evidence from the automotive industry,2001
10.1016/s0304-405x(00)00094-5,Leverage and internal capital markets: evidence from leveraged recapitalizations,2001
10.1016/s0304-405x(01)00038-1,Disappearing dividends: changing firm characteristics or lower propensity to pay?,2001
10.1016/s0304-405x(01)00039-3,Corporate payout policy and managerial stock incentives,2001
10.1016/s0304-405x(01)00040-x,The option to withdraw IPOs during the premarket: empirical analysis,2001
10.1016/s0304-405x(01)00041-1,Locking out rival bidders: The use of lockup options in corporate mergers,2001
10.1016/s0304-405x(01)00042-3,On the choice and replacement of chief financial officers,2001
10.1016/s0304-405x(01)00043-5,HBS-JFE conference volume: complementary research methods,2001
10.1016/s0304-405x(01)00044-7,The theory and practice of corporate finance: evidence from the field,2001
10.1016/s0304-405x(01)00045-9,Why do firms switch underwriters?,2001
10.1016/s0304-405x(01)00046-0,Where do merger gains come from? Bank mergers from the perspective of insiders and outsiders,2001
10.1016/s0304-405x(01)00047-2,Market reaction to public information: The atypical case of the Boston Celtics,2001
10.1016/s0304-405x(01)00048-4,The information content of litigation participation securities: the case of CalFed Bancorp,2001
10.1016/s0304-405x(01)00049-6,Managing foreign exchange risk with derivatives,2001
10.1016/s0304-405x(01)00050-2,"Cephalon, Inc. Taking risk management theory seriously",2001
10.1016/s0304-405x(01)00051-4,Credit enhancement through financial engineering: Freeport McMoRan's gold-denominated depositary shares,2001
10.1016/s0304-405x(01)00052-6,The market for catastrophe risk: a clinical examination,2001
10.1016/s0304-405x(01)00053-8,"Bond calls, credible commitment, and equity dilution: a theoretical and clinical analysis of simultaneous tender and call (STAC) offers",2001
10.1016/s0304-405x(01)00054-x,"Information production, dilution costs, and optimal security design",2001
10.1016/s0304-405x(01)00055-1,The distribution of realized stock return volatility,2001
10.1016/s0304-405x(01)00056-3,"Short-sellers, fundamental analysis, and stock returns",2001
10.1016/s0304-405x(01)00057-5,CEO compensation and bank mergers,2001
10.1016/s0304-405x(01)00058-7,Firm performance and executive compensation in the savings and loan industry,2001
10.1016/s0304-405x(01)00059-9,"Asset liquidity, capital structure, and secured debt",2001
10.1016/s0304-405x(01)00060-5,An examination of executive stock option repricing,2001
10.1016/s0304-405x(01)00061-7,Discretionary reductions in warrant exercise prices,2001
10.1016/s0304-405x(01)00062-9,Stock option plans for non-executive employees,2001
10.1016/s0304-405x(01)00063-0,Stealth-trading: Which traders' trades move stock prices?,2001
10.1016/s0304-405x(01)00064-2,Erratum to:‘The option to withdraw IPOs during the premarket: empirical analysis’,2001
10.1016/s0304-405x(01)00065-4,Capital budgeting and compensation with asymmetric information and moral hazard,2001
10.1016/s0304-405x(01)00066-6,"Forecasting crashes: trading volume, past returns, and conditional skewness in stock prices",2001
10.1016/s0304-405x(01)00067-8,Following the leader:,2001
10.1016/s0304-405x(01)00068-x,Managerial timing and corporate liquidity:,2001
10.1016/s0304-405x(01)00069-1,The duration of bank relationships,2001
10.1016/s0304-405x(01)00070-8,Editorial data,2001
10.1016/s0304-405x(01)00071-x,Index,2001
10.1016/s0304-405x(01)00072-1,Factor dependence of Bermudan swaptions: fact or fiction?,2001
10.1016/s0304-405x(01)00073-3,Throwing away a billion dollars: the cost of suboptimal exercise strategies in the swaptions market,2001
10.1016/s0304-405x(01)00074-5,Portfolio choice and equity characteristics: characterizing the hedging demands induced by return predictability,2001
10.1016/s0304-405x(01)00075-7,Pricing and hedging in incomplete markets,2001
10.1016/s0304-405x(01)00076-9,The optimal spread and offering price for underwritten securities,2001
10.1016/s0304-405x(01)00077-0,An equilibrium model of irreversible investment,2001
10.1016/s0304-405x(01)00078-2,Convergence trading with wealth effects: an amplification mechanism in financial markets,2001
10.1016/s0304-405x(01)00079-4,Extracting factors from heteroskedastic asset returns,2001
10.1016/s0304-405x(01)00080-0,Evaluating the specification errors of asset pricing models,2001
10.1016/s0304-405x(01)00081-2,The performance of professional market timers: daily evidence from executed strategies,2001
10.1016/s0304-405x(01)00082-4,Bankers on boards:,2001
10.1016/s0304-405x(01)00083-6,Pay for performance? Government regulation and the structure of compensation contracts,2001
10.1016/s0304-405x(01)00084-8,Linking pay to performance—compensation proposals in the S&amp;P 500,2001
10.1016/s0304-405x(01)00085-x,Understanding the determinants of managerial ownership and the link between ownership and performance: comment,2001
10.1016/s0304-405x(01)00086-1,Does Delaware law improve firm value?,2001
10.1016/s0304-405x(01)00087-3,Index,2001
10.1016/s0304-405x(01)00088-5,The jump-risk premia implicit in options: evidence from an integrated time-series study,2002
10.1016/s0304-405x(01)00089-7,Does diversification destroy value? Evidence from the industry shocks,2002
10.1016/s0304-405x(01)00090-3,Contracting in the investment management industry:,2002
10.1016/s0304-405x(01)00091-5,Agents watching agents?: evidence from pension fund ownership and firm value,2002
10.1016/s0304-405x(01)00092-7,Liquidity provision and specialist trading in NYSE-listed non-U.S. stocks,2002
10.1016/s0304-405x(01)00093-9,Simulated likelihood estimation of diffusions with an application to exchange rate dynamics in incomplete markets,2002
10.1016/s0304-405x(01)00094-0,"Resources, real options, and corporate strategy",2002
10.1016/s0304-405x(01)00095-2,When a buyback isn’t a buyback: open market repurchases and employee options,2002
10.1016/s0304-405x(01)00096-4,Depositor discipline and changing strategies for regulating thrift institutions,2002
10.1016/s0304-405x(01)00097-6,Corporate leverage and currency crises,2002
10.1016/s0304-405x(02)00064-8,Mutual fund performance and seemingly unrelated assets,2002
10.1016/s0304-405x(02)00065-x,Investing in equity mutual funds,2002
10.1016/s0304-405x(02)00066-1,Do after-tax returns affect mutual fund inflows?,2002
10.1016/s0304-405x(02)00067-3,"Expectation puzzles, time-varying risk premia, and affine models of the term structure",2002
10.1016/s0304-405x(02)00068-5,Asymmetric correlations of equity portfolios,2002
10.1016/s0304-405x(02)00069-7,"Asset liquidity, debt covenants, and managerial discretion in financial distress:",2002
10.1016/s0304-405x(02)00070-3,Growth opportunities and corporate debt policy: the case of the U.S. defense industry,2002
10.1016/s0304-405x(02)00071-5,Governance with poor investor protection: evidence from top executive turnover in Italy,2002
10.1016/s0304-405x(02)00072-7,Limited arbitrage in mergers and acquisitions,2002
10.1016/s0304-405x(02)00073-9,Divestitures and the liquidity of the market for corporate assets,2002
10.1016/s0304-405x(02)00074-0,Industry growth and capital allocation:,2002
10.1016/s0304-405x(02)00075-2,The value of durable bank relationships: evidence from Korean banking shocks,2002
10.1016/s0304-405x(02)00076-4,A cross-firm analysis of the impact of corporate governance on the East Asian financial crisis,2002
10.1016/s0304-405x(02)00077-6,Liquidity risk and specialness,2002
10.1016/s0304-405x(02)00078-8,A theory of strategic venture investing,2002
10.1016/s0304-405x(02)00084-3,Index,2002
10.1016/s0304-405x(02)00127-7,Performance consequences of mandatory increases in executive stock ownership,2002
10.1016/s0304-405x(02)00128-9,Empirical pricing kernels,2002
10.1016/s0304-405x(02)00129-0,Firm diversification and asymmetric information: evidence from analysts' forecasts and earnings announcements,2002
10.1016/s0304-405x(02)00130-7,How does the Internet affect trading? Evidence from investor behavior in 401(k) plans,2002
10.1016/s0304-405x(02)00131-9,Stock return predictability and model uncertainty,2002
10.1016/s0304-405x(02)00133-2,Building the IPO order book: underpricing and participation limits with costly information,2002
10.1016/s0304-405x(02)00134-4,Econometric models of limit-order executions,2002
10.1016/s0304-405x(02)00135-6,Short-term interest rate dynamics: a spatial approach,2002
10.1016/s0304-405x(02)00136-8,"Order imbalance, liquidity, and market returns",2002
10.1016/s0304-405x(02)00137-x,The dilution impact of daily fund flows on open-end mutual funds,2002
10.1016/s0304-405x(02)00138-1,IPO allocations: discriminatory or discretionary?,2002
10.1016/s0304-405x(02)00139-3,Dating the integration of world equity markets,2002
10.1016/s0304-405x(02)00140-x,Conditional performance measurement using portfolio weights: evidence for pension funds,2002
10.1016/s0304-405x(02)00141-1,Pricing and capital allocation in catastrophe insurance,2002
10.1016/s0304-405x(02)00142-3,Joint Editorial,2002
10.1016/s0304-405x(02)00143-5,Erratum to “Governance with poor investor protection: evidence from top executive turnover in Italy”,2002
10.1016/s0304-405x(02)00144-7,Litigation risk and IPO underpricing,2002
10.1016/s0304-405x(02)00145-9,Funding growth in bank-based and market-based financial systems: evidence from firm-level data,2002
10.1016/s0304-405x(02)00146-0,The ultimate ownership of Western European corporations,2002
10.1016/s0304-405x(02)00147-2,Predicting the next step of a random walk: experimental evidence of regime-shifting beliefs,2002
10.1016/s0304-405x(02)00148-4,Market efficiency in real time,2002
10.1016/s0304-405x(02)00149-6,Investor protection and equity markets,2002
10.1016/s0304-405x(02)00150-2,"CEO compensation, diversification, and incentives",2002
10.1016/s0304-405x(02)00151-4,"Protection of minority shareholder interests, cross-listings in the United States, and subsequent equity offerings",2002
10.1016/s0304-405x(02)00152-6,"Strategic IPO underpricing, information momentum, and lockup expiration selling",2002
10.1016/s0304-405x(02)00153-8,The impact of specialist firm acquisitions on market quality,2002
10.1016/s0304-405x(02)00162-9,Index,2002
10.1016/s0304-405x(02)00188-5,Editorial Board,2002
10.1016/s0304-405x(02)00194-0,Editorial Board,2002
10.1016/s0304-405x(02)00199-x,Index,2002
10.1016/s0304-405x(02)00206-4,The market for borrowing stock,2002
10.1016/s0304-405x(02)00207-6,The bond/old-bond spread,2002
10.1016/s0304-405x(02)00210-6,Editorial Board,2002
10.1016/s0304-405x(02)00219-2,Advert: Research in Banking,2002
10.1016/s0304-405x(02)00220-9,Advert: Science Direct,2002
10.1016/s0304-405x(02)00221-0,Advert: Contents Direct,2002
10.1016/s0304-405x(02)00222-2,Advert: Author Gateway,2002
10.1016/s0304-405x(02)00223-4,Breadth of ownership and stock returns,2002
10.1016/s0304-405x(02)00224-6,Short-sale constraints and stock returns,2002
10.1016/s0304-405x(02)00225-8,Stocks are special too: an analysis of the equity lending market,2002
10.1016/s0304-405x(02)00226-x,"Securities lending, shorting, and pricing",2002
10.1016/s0304-405x(02)00227-1,Synchronization risk and delayed arbitrage,2002
10.1016/s0304-405x(02)00228-3,Equilibrium and welfare in markets with financially constrained arbitrageurs,2002
10.1016/s0304-405x(02)00229-5,Who underreacts to cash-flow news? evidence from trading between individuals and institutions,2002
10.1016/s0304-405x(02)00230-1,Why does IPO volume fluctuate so much?,2003
10.1016/s0304-405x(02)00231-3,A multivariate model of strategic asset allocation,2003
10.1016/s0304-405x(02)00232-5,Firms and their distressed banks: lessons from the Norwegian banking crisis,2003
10.1016/s0304-405x(02)00233-7,Valuation effects of bank financing in acquisitions,2003
10.1016/s0304-405x(02)00234-9,Concealing and confounding adverse signals: insider wealth-maximizing behavior in the IPO process,2003
10.1016/s0304-405x(02)00237-4,Editorial Board,2002
10.1016/s0304-405x(02)00242-8,Index,2002
10.1016/s0304-405x(02)00245-3,Special Issue Contents,2002
10.1016/s0304-405x(02)00246-5,The personal-tax advantages of equity,2003
10.1016/s0304-405x(02)00247-7,Voting with their feet: institutional ownership changes around forced CEO turnover,2003
10.1016/s0304-405x(02)00248-9,News related to future GDP growth as a risk factor in equity returns,2003
10.1016/s0304-405x(02)00249-0,Capital structure choice: macroeconomic conditions and financial constraints,2003
10.1016/s0304-405x(02)00250-7,Allocation of initial public offerings and flipping activity,2003
10.1016/s0304-405x(02)00251-9,"Allocations, adverse selection, and cascades in IPOs: Evidence from the Tel Aviv Stock Exchange",2003
10.1016/s0304-405x(02)00252-0,Testing the pecking order theory of capital structure,2003
10.1016/s0304-405x(02)00253-2,How do family strategies affect fund performance? When performance-maximization is not the only game in town,2003
10.1016/s0304-405x(02)00254-4,"Executive rank, pay and project selection",2003
10.1016/s0304-405x(02)00255-6,Cronyism and capital controls: evidence from Malaysia,2003
10.1016/s0304-405x(02)00256-8,Do equity financing cycles matter? evidence from biotechnology alliances,2003
10.1016/s0304-405x(02)00257-x,Universal option valuation using quadrature methods,2003
10.1016/s0304-405x(02)00258-1,Paper millionaires: how valuable is stock to a stockholder who is restricted from selling it?,2003
10.1016/s0304-405x(02)00259-3,The economic value of volatility timing using “realized” volatility,2003
10.1016/s0304-405x(02)00260-x,A barrier option framework for corporate security valuation,2003
10.1016/s0304-405x(02)00269-6,Editorial Board,2003
10.1016/s0304-405x(02)00278-7,Publishers Note: Economics Journals Archive on Science Direct,2003
10.1016/s0304-405x(02)00279-9,Advert: Science Direct,2003
10.1016/s0304-405x(02)00280-5,Advert: Author Gateway,2003
10.1016/s0304-405x(02)00281-7,Corrigendum to “Equilibrium and welfare in markets with financially constrained arbitrageurs” [J. Financial Economics 66 (2002) 361],2003
10.1016/s0304-405x(02)00284-2,Editorial Board,2003
10.1016/s0304-405x(03)00064-3,Style investing,2003
10.1016/s0304-405x(03)00065-5,Long-horizon regressions: theoretical results and applications,2003
10.1016/s0304-405x(03)00066-7,CEO reputation and stock-based compensation,2003
10.1016/s0304-405x(03)00067-9,Founding family ownership and the agency cost of debt,2003
10.1016/s0304-405x(03)00068-0,Corporate governance and firm profitability: evidence from Korea before the economic crisis,2003
10.1016/s0304-405x(03)00069-2,The value of corporate voting rights and control: A cross-country analysis,2003
10.1016/s0304-405x(03)00070-9,Capital structure and product markets interactions: evidence from business cycles,2003
10.1016/s0304-405x(03)00071-0,Payment for order flow,2003
10.1016/s0304-405x(03)00072-2,The marketing role of IPOs: evidence from internet stocks,2003
10.1016/s0304-405x(03)00073-4,A closing call's impact on market quality at Euronext Paris,2003
10.1016/s0304-405x(03)00076-x,Editorial Board,2003
10.1016/s0304-405x(03)00081-3,Index,2003
10.1016/s0304-405x(03)00084-9,Call for Papers Review of Financial Economics,2003
10.1016/s0304-405x(03)00085-0,Advert: Science Direct,2003
10.1016/s0304-405x(03)00088-6,Editorial Board,2003
10.1016/s0304-405x(03)00097-7,Call for Papers: Corporate Governance,2003
10.1016/s0304-405x(03)00098-9,Advert: Science Direct,2003
10.1016/s0304-405x(03)00101-6,Editorial Board,2003
10.1016/s0304-405x(03)00108-9,Takeover bids and target directors’ incentives: the impact of a bid on directors’ wealth and board seats,2003
10.1016/s0304-405x(03)00109-0,Control as a motivation for underpricing: a comparison of dual and single-class IPOs,2003
10.1016/s0304-405x(03)00110-7,Governance and boards of directors in closed-end investment companies,2003
10.1016/s0304-405x(03)00111-9,"Executive stock option repricing, internal governance mechanisms, and management turnover",2003
10.1016/s0304-405x(03)00112-0,"Finance, investment, and growth",2003
10.1016/s0304-405x(03)00113-2,Debtor-in-possession financing and bankruptcy resolution: Empirical evidence,2003
10.1016/s0304-405x(03)00114-4,Discounting and underpricing in seasoned equity offers,2003
10.1016/s0304-405x(03)00115-6,Do dealer firms manage inventory on a stock-by-stock or a portfolio basis?,2003
10.1016/s0304-405x(03)00116-8,Arbitrage risk and the book-to-market anomaly,2003
10.1016/s0304-405x(03)00117-x,An examination of own account trading by dual traders in futures markets,2003
10.1016/s0304-405x(03)00118-1,Dynamic derivative strategies,2003
10.1016/s0304-405x(03)00119-3,Termination fees in mergers and acquisitions,2003
10.1016/s0304-405x(03)00120-x,Breaking up is hard to do? An analysis of termination fee provisions and merger outcomes,2003
10.1016/s0304-405x(03)00121-1,Earnings management and investor protection: an international comparison,2003
10.1016/s0304-405x(03)00125-9,The great reversals: the politics of financial development in the twentieth century,2003
10.1016/s0304-405x(03)00126-0,Control benefits and CEO discipline in automatic bankruptcy auctions,2003
10.1016/s0304-405x(03)00129-6,Editorial Board&gt;,2003
10.1016/s0304-405x(03)00134-x,Index,2003
10.1016/s0304-405x(03)00137-5,Advert: Backfiles Economics and business,2003
10.1016/s0304-405x(03)00138-7,Advert: Science Direct,2003
10.1016/s0304-405x(03)00140-5,"The choice among bank debt, non-bank private debt, and public debt: evidence from new corporate borrowings",2003
10.1016/s0304-405x(03)00141-7,The calendar structure of risk and expected returns on stocks and bonds,2003
10.1016/s0304-405x(03)00142-9,Divisional diversity and the conglomerate discount: evidence from spinoffs,2003
10.1016/s0304-405x(03)00143-0,Institutional trading and alternative trading systems,2003
10.1016/s0304-405x(03)00144-2,"Law, endowments, and finance",2003
10.1016/s0304-405x(03)00145-4,China share issue privatization: the extent of its success,2003
10.1016/s0304-405x(03)00146-6,Stock price reaction to news and no-news: drift and reversal after headlines,2003
10.1016/s0304-405x(03)00147-8,The maturity of debt issues and predictable variation in bond returns,2003
10.1016/s0304-405x(03)00150-8,Editorial Board,2003
10.1016/s0304-405x(03)00162-4,Special Issue Contents Page,2003
10.1016/s0304-405x(03)00165-x,Internal capital markets and investment policy: evidence from corporate spinoffs,2004
10.1016/s0304-405x(03)00166-1,Investibility and return volatility,2004
10.1016/s0304-405x(03)00167-3,Corporate governance and firm value: evidence from the Korean financial crisis,2004
10.1016/s0304-405x(03)00168-5,Quote-based competition and trade execution costs in NYSE-listed stocks,2003
10.1016/s0304-405x(03)00169-7,Modeling the bid/ask spread: measuring the inventory-holding premium,2004
10.1016/s0304-405x(03)00170-3,Boundaries of the firm: evidence from the banking industry,2003
10.1016/s0304-405x(03)00171-5,Time-changed Lévy processes and option pricing,2004
10.1016/s0304-405x(03)00172-7,The basis risk of catastrophic-loss index securities,2004
10.1016/s0304-405x(03)00173-9,"Culture, openness, and finance",2003
10.1016/s0304-405x(03)00174-0,Order preferencing and market quality on NASDAQ before and after decimalization,2004
10.1016/s0304-405x(03)00175-2,Order imbalance and individual stock returns: Theory and evidence,2004
10.1016/s0304-405x(03)00176-4,Predicting stock price movements from past returns: the role of consistency and tax-loss selling,2004
10.1016/s0304-405x(03)00177-6,The impact of stock market information production on internal resource allocation,2004
10.1016/s0304-405x(03)00178-8,Portfolio choice and health status,2004
10.1016/s0304-405x(03)00179-x,How much do firms hedge with derivatives?,2003
10.1016/s0304-405x(03)00180-6,Tax-loss trading and wash sales,2004
10.1016/s0304-405x(03)00181-8,Determinants of target capital structure: The case of dual debt and equity issues,2004
10.1016/s0304-405x(03)00182-x,"Earnings management, stock issues, and shareholder lawsuits",2004
10.1016/s0304-405x(03)00183-1,Why are foreign firms listed in the U.S. worth more?,2004
10.1016/s0304-405x(03)00184-3,Selling company shares to reluctant employees: France Telecom's experience,2004
10.1016/s0304-405x(03)00185-5,Market evidence on the opaqueness of banking firms’ assets,2004
10.1016/s0304-405x(03)00186-7,Are dividends disappearing? Dividend concentration and the consolidation of earnings,2004
10.1016/s0304-405x(03)00187-9,The role of syndicate structure in bank underwriting,2004
10.1016/s0304-405x(03)00188-0,The impact of illegal insider trading in dealer and specialist markets: evidence from a natural experiment,2004
10.1016/s0304-405x(03)00189-2,"Tick size, NYSE rule 118, and ex-dividend day stock price behavior",2004
10.1016/s0304-405x(03)00190-9,Management turnover in subsidiaries of conglomerates versus stand-alone firms,2004
10.1016/s0304-405x(03)00191-0,Bailout and conglomeration,2004
10.1016/s0304-405x(03)00194-6,Editorial Board,2003
10.1016/s0304-405x(03)00203-4,The illiquidity puzzle: theory and evidence from private equity,2004
10.1016/s0304-405x(03)00204-6,Modeling the term structure of interest rates: A new approach,2004
10.1016/s0304-405x(03)00205-8,Is the IPO pricing process efficient?,2004
10.1016/s0304-405x(03)00206-x,The illusory nature of momentum profits,2004
10.1016/s0304-405x(03)00207-1,Likelihood-based specification analysis of continuous-time models of the short-term interest rate,2003
10.1016/s0304-405x(03)00208-3,U.S. cross-listings and the private benefits of control: evidence from dual-class firms,2004
10.1016/s0304-405x(03)00209-5,Death spiral convertibles,2004
10.1016/s0304-405x(03)00210-1,Information and bank credit allocation,2004
10.1016/s0304-405x(03)00211-3,Stock market driven acquisitions,2003
10.1016/s0304-405x(03)00214-9,Editorial Board,2003
10.1016/s0304-405x(03)00219-8,Index Volume 69,2003
10.1016/s0304-405x(03)00226-5,Editorial Board,2003
10.1016/s0304-405x(03)00240-x,Smart investments by smart money: Evidence from seasoned equity offerings*1,2004
10.1016/s0304-405x(03)00250-2,Editorial Board,2003
10.1016/s0304-405x(03)00259-9,Editorial Board,2003
10.1016/s0304-405x(03)00264-2,Index,2003
10.1016/s0304-405x(03)00269-1,Editorial Board,2004
10.1016/s0304-405x(03)00282-4,Editorial Board,2004
10.1016/s0304-405x(04)00018-2,Editorial Board,2004
10.1016/s0304-405x(04)00023-6,Index,2004
10.1016/s0304-405x(04)00037-6,Editorial Board,2004
10.1016/s0304-405x(04)00057-1,Editorial Board,2004
10.1016/s0304-405x(04)00068-6,Predicting returns with financial ratios*1,2004
10.1016/s0304-405x(04)00083-2,Editorial Board,2004
10.1016/s0304-405x(04)00088-1,Index,2004
10.1016/s0304-405x(04)00103-5,Editorial Board,2004
10.1016/s0304-405x(04)00115-1,"An Increase in Submission Fees, a New Two-Stage Review Process, and Electronic Submissions",2004
10.1016/s0304-405x(04)00120-5,Editorial Board,2004
10.1016/s0304-405x(04)00139-4,Editorial Board,2004
10.1016/s0304-405x(04)00144-8,Index,2004
10.1016/s0304-405x(04)00160-6,Editorial Board,2004
10.1016/s0304-405x(04)00173-4,Editorial Board,2004
10.1016/s0304-405x(04)00189-8,Editorial Board,2004
10.1016/s0304-405x(04)00194-1,Index,2004
10.1016/s0304-405x(04)00208-9,Editorial Board,2005
10.1016/s0304-405x(05)00004-8,Editorial Board,2005
10.1016/s0304-405x(05)00024-3,Editorial Board,2005
10.1016/s0304-405x(05)00029-2,Index,2005
10.1016/s0304-405x(05)00039-5,Editorial Board,2005
10.1016/s0304-405x(05)00063-2,Editorial Board,2005
10.1016/s0304-405x(05)00083-8,Editorial Board,2005
10.1016/s0304-405x(05)00088-7,Index to volume 76,2005
10.1016/s0304-405x(05)00097-8,Editorial Board,2005
10.1016/s0304-405x(05)00124-8,Editorial Board,2005
10.1016/s0304-405x(05)00141-8,Editorial Board,2005
10.1016/s0304-405x(05)00146-7,Index to volume 77,2005
10.1016/s0304-405x(05)00161-3,Editorial Board,2005
10.1016/s0304-405x(05)00186-8,Editorial Board,2005
10.1016/s0304-405x(05)00197-2,Editorial Board,2005
10.1016/s0304-405x(05)00202-3,Author index to volume 78,2005
10.1016/s0304-405x(05)00225-4,Editorial Board,2006
10.1016/s0304-405x(06)00007-9,Editorial Board,2006
10.1016/s0304-405x(06)00034-1,Editorial Board,2006
10.1016/s0304-405x(06)00039-0,Author index to volume 79,2006
10.1016/s0304-405x(06)00051-1,Editorial Board,2006
10.1016/s0304-405x(06)00073-0,Editorial Board,2006
10.1016/s0304-405x(06)00084-5,Editorial Board,2006
10.1016/s0304-405x(06)00089-4,Author index to volume 80,2006
10.1016/s0304-405x(06)00102-4,Editorial Board,2006
10.1016/s0304-405x(06)00119-x,Editorial Board,2006
10.1016/s0304-405x(06)00128-0,Editorial Board,2006
10.1016/s0304-405x(06)00133-4,Author index to volume 81,2006
10.1016/s0304-405x(06)00152-8,Editorial Board,2006
10.1016/s0304-405x(06)00168-1,Editorial Board,2006
10.1016/s0304-405x(06)00185-1,Editorial Board,2006
10.1016/s0304-405x(06)00190-5,Author index to volume 82,2006
10.1016/s0304-405x(06)00226-1,Editorial Board,2007
10.1016/s0304-405x(07)00004-9,Editorial Board,2007
10.1016/s0304-405x(07)00020-7,Editorial Board,2007
10.1016/s0304-405x(07)00041-4,Editorial Board,2007
10.1016/s0304-405x(07)00067-0,Editorial Board,2007
10.1016/s0304-405x(07)00076-1,Editorial Board,2007
10.1016/s0304-405x(07)00094-3,Editorial Board,2007
10.1016/s0304-405x(07)00125-0,Editorial Board,2007
10.1016/s0304-405x(07)00146-8,Editorial Board,2007
10.1016/s0304-405x(07)00169-9,Editorial Board,2007
10.1016/s0304-405x(07)00186-9,Editorial Board,2007
10.1016/s0304-405x(07)00191-2,Editorial,2007
10.1016/s0304-405x(07)00203-6,Editorial Board,2007
10.1016/s0304-405x(07)00221-8,Editorial Board,2008
10.1016/s0304-405x(08)00032-9,Editorial Board,2008
10.1016/s0304-405x(08)00049-4,Editorial Board,2008
10.1016/s0304-405x(08)00066-4,Editorial Board,2008
10.1016/s0304-405x(08)00082-2,Editorial Board,2008
10.1016/s0304-405x(08)00105-0,Editorial Board,2008
10.1016/s0304-405x(08)00121-9,Editorial Board,2008
10.1016/s0304-405x(08)00134-7,Editorial Board,2008
10.1016/s0304-405x(08)00157-8,Editorial Board,2008
10.1016/s0304-405x(08)00172-4,Editorial Board,2008
10.1016/s0304-405x(08)00191-8,Editorial Board,2008
10.1016/s0304-405x(08)00214-6,Editorial Board,2009
10.1016/s0304-405x(09)00012-9,Editorial Board,2009
10.1016/s0304-405x(09)00028-2,Editorial Board,2009
10.1016/s0304-405x(09)00044-0,Editorial Board,2009
10.1016/s0304-405x(09)00069-5,Editorial Board,2009
10.1016/s0304-405x(09)00090-7,Editorial Board,2009
10.1016/s0304-405x(09)00109-3,Editorial Board,2009
10.1016/s0304-405x(09)00131-7,Editorial Board,2009
10.1016/s0304-405x(09)00153-6,Editorial Board,2009
10.1016/s0304-405x(09)00171-8,Editorial Board,2009
10.1016/s0304-405x(09)00182-2,Editorial Board,2009
10.1016/s0304-405x(09)00198-6,Editorial Board,2009
10.1016/s0304-405x(09)00215-3,Editorial Board,2010
10.1016/s0304-405x(09)00244-x,Editorial Board,2010
10.1016/s0304-405x(10)00005-x,Editorial Board,2010
10.1016/s0304-405x(10)00025-5,Editorial Board,2010
10.1016/s0304-405x(10)00059-0,Editorial Board,2010
10.1016/s0304-405x(10)00082-6,Editorial Board,2010
10.1016/s0304-405x(10)00096-6,Editorial Board,2010
10.1016/s0304-405x(10)00120-0,Editorial Board,2010
10.1016/s0304-405x(10)00138-8,Editorial Board,2010
10.1016/s0304-405x(10)00162-5,Editorial Board,2010
10.1016/s0304-405x(10)00197-2,Editorial Board,2010
10.1016/s0304-405x(10)00225-4,Editorial Board,2010
10.1016/s0304-405x(10)00259-x,Editorial Board,2011
10.1016/s0304-405x(10)00281-3,Editorial Board,2011
10.1016/s0304-405x(11)00004-3,Editorial Board,2011
10.1016/s0304-405x(11)00021-3,Editorial Board,2011
10.1016/s0304-405x(11)00055-9,Editorial Board,2011
10.1016/s0304-405x(11)00092-4,Editorial Board,2011
10.1016/s0304-405x(11)00104-8,Editorial Board,2011
10.1016/s0304-405x(11)00126-7,Editorial Board,2011
10.1016/s0304-405x(11)00152-8,Editorial Board,2011
10.1016/s0304-405x(11)00170-x,Editorial Board,2011
10.1016/s0304-405x(11)00202-9,Editorial Board,2011
10.1016/s0304-405x(11)00223-6,Editorial Board,2011
10.1016/s0304-405x(11)00247-9,Editorial Board,2012
10.1016/s0304-405x(11)00269-8,Editorial Board,2012
10.1016/s0304-405x(11)00289-3,Editorial Board,2012
10.1016/s0304-405x(12)00010-4,Editorial Board,2012
10.1016/s0304-405x(12)00028-1,Editorial Board,2012
10.1016/s0304-405x(12)00049-9,Editorial Board,2012
10.1016/s0304-405x(12)00084-0,Editorial Board,2012
10.1016/s0304-405x(12)00102-x,Editorial Board,2012
10.1016/s0304-405x(12)00122-5,Editorial Board,2012
10.1016/s0304-405x(12)00140-7,Editorial Board,2012
10.1016/s0304-405x(12)00169-9,Editorial Board,2012
10.1016/s0304-405x(12)00200-0,Editorial Board,2012
10.1016/s0304-405x(12)00227-9,Editorial Board,2013
10.1016/s0304-405x(13)00010-x,Editorial Board,2013
10.1016/s0304-405x(13)00035-4,Editorial Board,2013
10.1016/s0304-405x(13)00067-6,Editorial Board,2013
10.1016/s0304-405x(13)00099-8,Editorial Board,2013
10.1016/s0304-405x(13)00123-2,Editorial Board,2013
10.1016/s0304-405x(13)00146-3,Editorial Board,2013
10.1016/s0304-405x(13)00165-7,Editorial Board,2013
10.1016/s0304-405x(13)00181-5,Editorial Board,2013
10.1016/s0304-405x(13)00212-2,Editorial Board,2013
10.1016/s0304-405x(13)00235-3,Editorial Board,2013
10.1016/s0304-405x(13)00254-7,Editorial Board,2013
10.1016/s0304-405x(13)00284-5,Editorial Board,2014
10.1016/s0304-405x(13)00309-7,Editorial Board,2014
10.1016/s0304-405x(14)00004-x,Editorial Board,2014
10.1016/s0304-405x(14)00027-0,Editorial Board,2014
10.1016/s0304-405x(14)00051-8,Editorial Board,2014
10.1016/s0304-405x(14)00074-9,Editorial Board,2014
10.1016/s0304-405x(14)00099-3,Editorial Board,2014
10.1016/s0304-405x(14)00117-2,Editorial Board,2014
10.1016/s0304-405x(14)00141-x,Editorial Board,2014
10.1016/s0304-405x(14)00168-8,Editorial Board,2014
10.1016/s0304-405x(14)00196-2,Editorial Board,2014
10.1016/s0304-405x(14)00218-9,Editorial Board,2014
10.1016/s0304-405x(14)00240-2,Editorial Board,2015
10.1016/s0304-405x(14)00263-3,Editorial Board,2015
10.1016/s0304-405x(15)00010-0,Editorial Board,2015
10.1016/s0304-405x(15)00032-x,Editorial Board,2015
10.1016/s0304-405x(15)00052-5,Editorial Board,2015
10.1016/s0304-405x(15)00065-3,Editorial Board,2015
10.1016/s0304-405x(15)00080-x,Editorial Board,2015
10.1016/s0304-405x(15)00104-x,Editorial Board,2015
10.1016/s0304-405x(15)00129-4,Editorial Board,2015
10.1016/s0304-405x(15)00158-0,Editorial Board,2015
10.1016/s0304-405x(15)00180-4,Editorial Board,2015
10.1016/s0304-405x(15)00192-0,Richard c. Green,2015
10.1016/s0304-405x(15)00195-6,Editorial Board,2015
10.1016/s0304-405x(15)00206-8,Editorial Board,2016
10.1016/s0304-405x(16)00038-6,Editorial Board,2016
10.1016/s0304-405x(16)30018-6,Editorial Board,2016
10.1016/s0304-405x(16)30036-8,Editorial Board,2016
10.1016/s0304-405x(16)30051-4,Editorial Board,2016
10.1016/s0304-405x(16)30066-6,Editorial Board,2016
10.1016/s0304-405x(16)30087-3,Editorial Board,2016
10.1016/s0304-405x(16)30113-1,Editorial Board,2016
10.1016/s0304-405x(16)30130-1,Editorial Board,2016
10.1016/s0304-405x(16)30162-3,Editorial Board,2016
10.1016/s0304-405x(16)30182-9,Editorial Board,2016
10.1016/s0304-405x(16)30203-3,Editorial Board,2016
10.1016/s0304-405x(16)30220-3,Editorial Board,2017
10.1016/s0304-405x(17)30008-9,Editorial Board,2017
10.1016/s0304-405x(17)30028-4,Editorial Board,2017
10.1016/s0304-405x(17)30047-8,Editorial Board,2017
10.1016/s0304-405x(17)30064-8,Editorial Board,2017
10.1016/s0304-405x(17)30083-1,Editorial Board,2017
10.1016/s0304-405x(17)30106-x,Editorial Board,2017
10.1016/s0304-405x(17)30137-x,Editorial Board,2017
10.1016/s0304-405x(17)30219-2,Editorial Board,2017
10.1016/s0304-405x(17)30242-8,Editorial Board,2017
10.1016/s0304-405x(17)30260-x,Editorial Board,2017
10.1016/s0304-405x(17)30273-8,Editorial Board,2017
10.1016/s0304-405x(17)30300-8,Editorial Board,2018
10.1016/s0304-405x(18)30005-9,Editorial Board,2018
10.1016/s0304-405x(18)30030-8,Editorial Board,2018
10.1016/s0304-405x(18)30054-0,Editorial Board,2018
10.1016/s0304-405x(18)30084-9,Editorial Board,2018
10.1016/s0304-405x(18)30116-8,Editorial Board,2018
10.1016/s0304-405x(18)30138-7,Editorial Board,2018
10.1016/s0304-405x(18)30162-4,Editorial Board,2018
10.1016/s0304-405x(18)30190-9,Editorial Board,2018
10.1016/s0304-405x(18)30213-7,Editorial Board,2018
10.1016/s0304-405x(18)30263-0,Editorial Board,2018
10.1016/s0304-405x(18)30287-3,Editorial Board,2018
10.1016/s0304-405x(18)30325-8,Editorial Board,2019
10.1016/s0304-405x(19)30010-8,Editorial Board,2019
10.1016/s0304-405x(19)30029-7,Editorial Board,2019
10.1016/s0304-405x(19)30046-7,Editorial Board,2019
10.1016/s0304-405x(19)30069-8,Editorial Board,2019
10.1016/s0304-405x(19)30093-5,Editorial Board,2019
10.1016/s0304-405x(19)30127-8,Editorial Board,2019
10.1016/s0304-405x(19)30146-1,Editorial Board,2019
10.1016/s0304-405x(19)30155-2,AAA,2019
10.1016/s0304-405x(19)30183-7,Editorial Board,2019
10.1016/s0304-405x(19)30201-6,Editorial Board,2019
10.1016/s0304-405x(19)30233-8,Editorial Board,2019
10.1016/s0304-405x(19)30258-2,Editorial Board,2019
10.1016/s0304-405x(19)30273-9,Editorial Board,2020
10.1016/s0304-405x(20)30003-9,Editorial Board,2020
10.1016/s0304-405x(20)30022-2,Editorial Board,2020
10.1016/s0304-405x(20)30048-9,Editorial Board,2020
10.1016/s0304-405x(20)30067-2,Editorial Board,2020
10.1016/s0304-405x(20)30110-0,Editorial Board,2020
10.1016/s0304-405x(20)30136-7,Editorial Board,2020
10.1016/s0304-405x(20)30159-8,Editorial Board,2020
10.1016/s0304-405x(20)30211-7,Editorial Board,2020
10.1016/s0304-405x(20)30249-x,Editorial Board,2020
10.1016/s0304-405x(20)30267-1,Editorial Board,2020
10.1016/s0304-405x(20)30301-9,Editorial Board,2020
10.1016/s0304-405x(20)30334-2,Editorial Board,2021
10.1016/s0304-405x(21)00005-2,Editorial Board,2021
10.1016/s0304-405x(21)00044-1,Editorial Board,2021
10.1016/s0304-405x(21)00068-4,Editorial Board,2021
10.1016/s0304-405x(21)00115-x,Editorial Board,2021
10.1016/s0304-405x(21)00172-0,Editorial Board,2021
10.1016/s0304-405x(21)00213-0,Editorial Board,2021
10.1016/s0304-405x(21)00259-2,Editorial Board,2021
10.1016/s0304-405x(21)00320-2,Editorial Board,2021
10.1016/s0304-405x(21)00357-3,Editorial Board,2021
10.1016/s0304-405x(21)00415-3,Editorial Board,2021
10.1016/s0304-405x(21)00460-8,Editorial Board,2021
10.1016/s0304-405x(21)00496-7,Editorial Board,2022
10.1016/s0304-405x(21)00528-6,Editorial Board,2022
10.1016/s0304-405x(22)00008-3,Editorial Board,2022
10.1016/s0304-405x(22)00046-0,Editorial Board,2022
10.1016/s0304-405x(22)00066-6,Editorial Board,2022
10.1016/s0304-405x(22)00083-6,Editorial Board,2022
10.1016/s0304-405x(22)00100-3,Editorial Board,2022
10.1016/s0304-405x(22)00117-9,Editorial Board,2022
10.1016/s0304-405x(22)00131-3,Editorial Board,2022
10.1016/s0304-405x(22)00154-4,Editorial Board,2022
10.1016/s0304-405x(22)00177-5,Editorial Board,2022
10.1016/s0304-405x(22)00194-5,Editorial Board,2022
10.1016/s0304-405x(22)00213-6,Editorial Board,2022
10.1016/s0304-405x(22)00234-3,Editorial Board,2023
10.1016/s0304-405x(23)00003-x,Editorial Board,2023
10.1016/s0304-405x(23)00018-1,Editorial Board,2023
10.1016/s0304-405x(23)00038-7,Editorial Board,2023
10.1016/s0304-405x(23)00053-3,Editorial Board,2023
10.1016/s0304-405x(23)00074-0,Editorial Board,2023
10.1016/s0304-405x(23)00091-0,Editorial Board,2023
10.1016/s0304-405x(23)00106-x,Editorial Board,2023
10.1016/s0304-405x(23)00130-7,Editorial Board,2023
10.1016/s0304-405x(23)00148-4,Editorial Board,2023
10.1016/s0304-405x(23)00168-x,Editorial Board,2023
10.1016/s0304-405x(23)00172-1,Publisher's Note,2023
10.1016/s0304-405x(23)00191-5,Editorial Board,2023
10.1016/s0304-405x(23)00207-6,Editorial Board,2024
10.1016/s0304-405x(24)00006-0,Editorial Board,2024
10.1016/s0304-405x(24)00025-4,Editorial Board,2024
10.1016/s0304-405x(24)00046-1,Editorial Board,2024
10.1016/s0304-405x(24)00066-7,Editorial Board,2024
10.1016/s0304-405x(24)00088-6,Editorial Board,2024
10.1016/s0304-405x(24)00103-x,Editorial Board,2024
10.1016/s0304-405x(24)00114-4,Editorial Board,2024
10.1016/s0304-405x(24)00130-2,Editorial Board,2024
10.1016/s0304-405x(24)00144-2,Editorial Board,2024
10.1016/s0304-405x(24)00162-4,Editorial Board,2024
10.1016/s0304-405x(24)00186-7,Editorial Board,2024
10.1016/s0304-405x(24)00202-2,Editorial Board,2025
10.1016/s0304-405x(25)00008-x,Editorial Board,2025
10.1016/s0304-405x(25)00022-4,Editorial Board,2025
10.1016/s0304-405x(99)00043-4,Factors affecting investment bank initial public offering market share,2000
10.1016/s0304-405x(99)00044-6,The investment behavior and performance of various investor types: a study of Finland's unique data set,2000
10.1016/s0304-405x(99)00045-8,When an event is not an event: the curious case of an emerging market,2000
10.1016/s0304-405x(99)00046-x,"Value creation and corporate diversification: the case of Sears, Roebuck &amp; Co.",2000
10.1016/s0304-405x(99)00048-3,Abnormal returns to rivals of acquisition targets: A test of the `acquisition probability hypothesis',2000
10.1016/s0304-405x(99)00049-5,When is time continuous?,2000
10.1016/s0304-405x(99)00050-1,Spanning and derivative-security valuation,2000
10.1016/s0304-405x(99)00051-3,An empirical examination of the convexity bias in the pricing of interest rate swaps,2000
10.1016/s0304-405x(99)00052-5,Money chasing deals? The impact of fund inflows on private equity valuations,2000
10.1016/s0304-405x(99)00053-7,DOS Kapital: Has antitrust action against Microsoft created value in the computer industry?,2000
10.1016/s0304-405x(99)00054-9,Uniformly least powerful tests of market efficiency,2000
10.1016/s0304-405x(99)00055-0,Managerial discipline and corporate restructuring following performance declines,2000
10.1016/s0304-405x(99)00056-2,Can transparent markets survive?,2000
10.1016/s0304-405x(99)00057-4,Commonality in liquidity,2000
10.1016/s0304-405x(99)00058-6,Just another day in the inter-bank foreign exchange market,2000
10.1016/s0304-405x(99)00059-8,The costs and determinants of order aggressiveness,2000
10.1016/s0304-405x(99)00060-4,The relative pricing of U.S. Treasury STRIPS: empirical evidence,2000
10.1016/s0304-405x(99)00061-6,"Eighths, sixteenths, and market depth: changes in tick size and liquidity provision on the NYSE",2000
