DOI,Title,Published Date
10.1086/262109,Financial Contagion,2000
10.1086/262110,Sequential Voting Procedures in Symmetric Binary Elections,2000
10.1086/262111,Testing for Asymmetric Information in Insurance Markets,2000
10.1086/262112,Beyond Arbitrage: Good‐Deal Asset Price Bounds in Incomplete Markets,2000
10.1086/262113,Reform without Losers: An Interpretation of China's Dual‐Track Approach to Transition,2000
10.1086/262114,"Gain, Loss, and Asset Pricing",2000
10.1086/262115,Valuing Research leads: Bioprospecting and the Conservation of Genetic Resources,2000
10.1086/262116,"Book Review<i>Population Dynamics: A New Economic Approach</i>. By C. Y. Cyrus  Chu. New York: Oxford University Press, 1998. Pp. 226+xiv;$60.00.",2000
10.1086/262117,On the State of the Union,2000
10.1086/262118,Putting Auction Theory to Work: The Simultaneous Ascending Auction,2000
10.1086/262119,Do Incentives Matter? Managerial Contracts for Dual‐Purpose Funds,2000
10.1086/262120,Sustaining Fiscal Policy through Immigration,2000
10.1086/262121,"Equity, Bonds, and Bank Debt: Capital Structure and Financial Market Equilibrium under Asymmetric Information",2000
10.1086/262122,What Happens When You Tax the Rich? Evidence from Executive Compensation,2000
10.1086/262123,Effects of Air Quality Regulations on Polluting Industries,2000
10.1086/262124,Redistribution in a Decentralized Economy: Growth and Inflation in China under Reform,2000
10.1086/262125,What Did Smith Mean by the Invisible Hand?,2000
10.1086/262126,Prices Rise Faster than They Fall,2000
10.1086/262127,Estimating Preferences under Risk: The Case of Racetrack Bettors,2000
10.1086/262128,The Dynamics of Political Compromise,2000
10.1086/262129,Let's Agree That All Dictatorships Are Equally Bad,2000
10.1086/262130,A Market Test for Discrimination in the English Professional Soccer Leagues,2000
10.1086/262131,Does Entrepreneurship Pay? An Empirical Analysis of the Returns to Self‐Employment,2000
10.1086/262132,Intellectual Collaboration,2000
10.1086/316096,Balladurette and Juppette: A Discrete Analysis of Scrapping                         Subsidies,2000
10.1086/316097,Is Child Labor Inefficient?,2000
10.1086/316098,In Sickness and in Health: Risk Sharing within Households in Rural Ethiopia,2000
10.1086/316099,Age and the Quality of Work: The Case of Modern American Painters,2000
10.1086/316100,The Making of an Oligopoly: Firm Survival and Technological Change in the Evolution of the U.S. Tire Industry,2000
10.1086/316101,Earnings within Education Groups and Overall Productivity Growth,2000
10.1086/316102,Homework in Development Economics: Household Production and the Wealth of Nations,2000
10.1086/316103,Equilibrium Price Dispersion in Retail Markets for Prescription Drugs,2000
10.1086/316104,Journal of Political Economy,2000
10.1086/316105,Optimal Size of Government,2000
10.1086/317668,Luxuries Are Easier to Postpone: A Proof,2000
10.1086/317669,Federal Mandates by Popular Demand,2000
10.1086/317670,Measurement Error and the Relationship between Investment and<i>q</i>,2000
10.1086/317671,Hierarchies and the Organization of Knowledge in Production,2000
10.1086/317672,"Are Invisible Hands Good Hands? Moral Hazard, Competition, and the Second‐Best in Health Care Markets",2000
10.1086/317673,Putty‐Clay and Investment: A Business Cycle Analysis,2000
10.1086/317674,An Alternative Approach to Search Frictions,2000
10.1086/317675,"Risk Sharing, Sorting, and Early Contracting",2000
10.1086/317676,Extensive Margins and the Demand for Money at Low Interest Rates,2000
10.1086/317677,Estimating a Bargaining Model with Asymmetric Information: Evidence from Medical Malpractice Disputes,2000
10.1086/317678,Journal of Political Economy,2000
10.1086/317679,Muhammad on Price Controls,2000
10.1086/317680,Redistributing Income under Proportional Representation,2000
10.1086/317681,Sulfur Dioxide Control by Electric Utilities: What Are the Gains from Trade?,2000
10.1086/317682,Disability Insurance Benefits and Labor Supply,2000
10.1086/317683,Parental Benefits from Intergenerational Coresidence: Empirical Evidence from Rural Pakistan,2000
10.1086/317684,"A Ricardian Model with a Continuum of Goods under Nonhomothetic Preferences: Demand Complementarities, Income Distribution, and North‐South Trade",2000
10.1086/317685,Charity and the Bequest Motive: Evidence from Seventeenth‐Century Wills,2000
10.1086/317686,Comparative Politics and Public Finance,2000
10.1086/317687,A Model of Bimetallism,2000
10.1086/317688,The Marriage Squeeze Interpretation of Dowry Inflation: A Comment,2000
10.1086/317689,The Marriage Squeeze Interpretation of Dowry Inflation: Response,2000
10.1086/317690,Journal of Political Economy,2000
10.1086/317691,Cobb and Douglas Visit the South of France,2000
10.1086/318599,The Identification of Unobservable Independent and Spousal Leisure,2001
10.1086/318600,"Inequality, Control Rights, and Rent Seeking: Sugar Cooperatives in Maharashtra",2001
10.1086/318601,Endogenous Enfranchisement When Groups’ Preferences Conflict,2001
10.1086/318602,Public versus Private Initiative in Arctic Exploration: The Effects of Incentives and Organizational Structure,2001
10.1086/318603,Racial Bias in Motor Vehicle Searches: Theory and Evidence,2001
10.1086/318604,"On the Distribution of Income and Worker Assignment under Intrafirm Spillovers, with an Application to Ideas and Networks",2001
10.1086/318605,How Much Did the Liberty Shipbuilders Learn? New Evidence for an Old Case Study,2001
10.1086/318606,Journal of Political Economy,2001
10.1086/318607,Keynes on Taxation,2001
10.1086/319550,Competitive Fair Division,2001
10.1086/319551,Shareholder Wealth and Wages: Evidence for White‐Collar Workers,2001
10.1086/319552,"Liquidity Risk, Liquidity Creation, and Financial Fragility: A Theory of Banking",2001
10.1086/319553,Any Non‐welfarist Method of Policy Assessment Violates the Pareto Principle,2001
10.1086/319554,Political Correctness,2001
10.1086/319555,Intercountry Differences in the Relationship between Relative Price                     Variability and Average Prices,2001
10.1086/319556,An Incentive Model of the Effect of Parental Income on Children,2001
10.1086/319557,Testing for Evidence of Adverse Selection in the Automobile Insurance Market: A Comment,2001
10.1086/319558,Information and Competition in U.S. Forest Service Timber Auctions,2001
10.1086/319559,Journal of Political Economy,2001
10.1086/319560,Impatience and Precommitment,2001
10.1086/321014,"The Dynamics of Educational Attainment for Black, Hispanic, and White                         Males",2001
10.1086/321015,The U.S. Structural Transformation and Regional Convergence: A Reinterpretation,2001
10.1086/321016,The Effect of Welfare Payments on the Marriage and Fertility Behavior of Unwed Mothers: Results from a Twins Experiment,2001
10.1086/321017,On Strategic Community Development,2001
10.1086/321018,A Theory of Conservatism,2001
10.1086/321019,Group Loyalty and the Taste for Redistribution,2001
10.1086/321020,"Social Approval, Values, and AFDC: A Reexamination of the Illegitimacy Debate",2001
10.1086/321021,An Empirical Investigation of the Strategic Use of Debt,2001
10.1086/321022,Journal of Political Economy,2001
10.1086/321023,A Nash Equilibrium in Mixed Strategies,2001
10.1086/322083,Why Would Nature Give Individuals Utility Functions?,2001
10.1086/322084,Adverse Specialization,2001
10.1086/322085,War and Democracy,2001
10.1086/322086,"Micro Data, Heterogeneity, and the Evaluation of Public Policy: Nobel Lecture",2001
10.1086/322087,Walras Retrouvé: Decentralized Trading Mechanisms and the Competitive Price,2001
10.1086/322088,The Geography of Investment: Informed Trading and Asset Prices,2001
10.1086/322089,Human Capital versus Signaling Models: University Access and High School Dropouts,2001
10.1086/322828,Displaced Capital: A Study of Aerospace Plant Closings,2001
10.1086/322829,Home Production Meets Time to Build,2001
10.1086/322830,"Teachers, Growth, and Convergence",2001
10.1086/322831,Globalization and the Rate of Technological Progress: What Track and Field Records Show,2001
10.1086/322832,Least‐Present‐Value‐of‐Revenue Auctions and Highway Franchising,2001
10.1086/322833,"More Guns, More Crime",2001
10.1086/322834,"<i>Famous First Bubbles: The Fundamentals of Early Manias</i>. By Peter M.  Garber. Cambridge, Mass.: MIT Press, 2000. Pp. xi+163. $24.95 (cloth); $13.95 (paper).",2001
10.1086/322835,Pricing and Matching with Frictions,2001
10.1086/322836,Consequences of Employment Protection? The Case of the Americans with Disabilities Act,2001
10.1086/323271,Prospective Deficits and the Asian Currency Crisis,2001
10.1086/323272,"Durable Goods, Coasian Dynamics, and Uncertainty: Theory and Experiments",2001
10.1086/323275,Coalitional Power and Public Goods,2001
10.1086/323279,Estimating Real Income in the United States from 1888 to 1994: Correcting CPI Bias Using Engel Curves,2001
10.1086/323281,How Dangerous Are Drinking Drivers?,2001
10.1086/323282,Resurrecting the (C)CAPM: A Cross‐Sectional Test When Risk Premia Are Time‐Varying,2001
10.1086/323283,"<i>Warming the World: Economic Models of Global Warming</i>. By William D.  Nordhaus and Joseph  Boyer. Cambridge, Mass.: MIT Press, 2000. Pp. 232+xii. $35.00.",2001
10.1086/323620,Journal of Political Economy,2001
10.1086/323621,Mark Twain's Marginal Utility of Jodling,2001
10.1086/324385,"Marriage Market, Divorce Legislation, and Household Labor Supply",2002
10.1086/324386,Putting Out the Fires: Will Higher Taxes Reduce the Onset of Youth                         Smoking?,2002
10.1086/324387,The Role of Leasing under Adverse Selection,2002
10.1086/324388,"<i>Creative Industries: Contracts between Art and Commerce</i>. By Richard E.  Caves. Cambridge, Mass.: Harvard University Press, 2000. Pp. 454+ix. $45.00.",2002
10.1086/324389,"Money, Interest Rates, and Exchange Rates with Endogenously Segmented Markets",2002
10.1086/324390,A Theory of Prostitution,2002
10.1086/324391,Order Flow and Exchange Rate Dynamics,2002
10.1086/324392,The Effects of Seed Money and Refunds on Charitable Giving: Experimental Evidence from a University Capital Campaign,2002
10.1086/324393,Endogenous Policy Decentralization: Testing the Central Tenet of Economic Federalism,2002
10.1086/338090,Journal of Political Economy,2001
10.1086/338091,An Early Example of the “Winner's Curse” in an Auction,2001
10.1086/338742,A Theory of Inalienable Property Rights,2002
10.1086/338743,"The Demand for Money, Financial Innovation, and the Welfare Cost of Inflation: An Analysis with Household Data",2002
10.1086/338744,Empowerment and Efficiency: Tenancy Reform in West Bengal,2002
10.1086/338745,"Comment on “Rotten Kids, Purity, and Perfection”",2002
10.1086/338746,On Theories Explaining the Success of the Gravity Equation,2002
10.1086/338747,Getting Income Shares Right,2002
10.1086/338748,Bidder Behavior in Multiunit Auctions: Evidence from Swedish Treasury Auctions,2002
10.1086/338749,Market Microstructure and Incentives to Invest,2002
10.1086/338750,Altruistic and Joy‐of‐Giving Motivations in Charitable Behavior,2002
10.1086/339334,Journal of Political Economy,2002
10.1086/339335,The Bible Meets Science Fiction: A Solution to the Principal‐Agent Problem,2002
10.1086/339336,Journal of Political Economy,2002
10.1086/339337,Why Experimental Economics Never Caught On,2002
10.1086/339712,Endogenous Matching and the Empirical Determinants of Contract Form,2002
10.1086/339713,Avoiding Liquidity Traps,2002
10.1086/339714,Does the Internet Make Markets More Competitive? Evidence from the Life Insurance Industry,2002
10.1086/339717,"Information Aggregation, Security Design, and Currency Swaps",2002
10.1086/339721,An Economic Analysis of the Protestant Reformation,2002
10.1086/339724,Consumption and Aggregate Constraints: Evidence from U.S. States and                     Canadian Provinces,2002
10.1086/339729,Competing Premarital Investments,2002
10.1086/339744,The Political Economy of Employment Protection,2002
10.1086/339746,Is Lumpy Investment Relevant for the Business Cycle?,2002
10.1086/339747,Journal of Political Economy,2002
10.1086/339748,Back Cover Quote,2002
10.1086/341867,Political Intervention in Debt Contracts,2002
10.1086/341868,The Slowdown of the Economics Publishing Process,2002
10.1086/341871,Evolving Standards for Academic Publishing: A                         <i>q</i>‐<i>r</i> Theory,2002
10.1086/341872,A Model of the Federal Funds Rate Target,2002
10.1086/341873,The Rise of Mass Consumption Societies,2002
10.1086/341874,The Tenuous Trade‐off between Risk and Incentives,2002
10.1086/341875,Skill and the Value of Life,2002
10.1086/342804,Districting and Government Overspending,2002
10.1086/342805,Response,2002
10.1086/342806,Catching Up with the Joneses: Heterogeneous Preferences and the Dynamics of Asset Prices,2002
10.1086/342807,Employed 40 Hours or Not Employed 39: Lessons from the 1982 Mandatory Reduction of the Workweek,2002
10.1086/342808,The Impacts of Environmental Regulations on Industrial Activity: Evidence from the 1970 and 1977 Clean Air Act Amendments and the Census of Manufactures,2002
10.1086/342809,Comment on “The U.S. Structural Transformation and Regional Convergence: A Reinterpretation”,2002
10.1086/342810,Evaluating the Effect of Teachers’ Group Performance Incentives on Pupil Achievement,2002
10.1086/342811,Journal of Political Economy,2002
10.1086/342812,The Laffer Curve Strikes Again?,2002
10.1086/343744,Optimal Taxation without State‐Contingent Debt,2002
10.1086/343745,Turnover of Used Durables in a Stationary Equilibrium: Are Older Goods Traded More?,2002
10.1086/344194,Journal of Political Economy,2002
10.1086/344195,Galileo on the Diamond/Water Paradox,2002
10.1086/344800,An Equilibrium Conflict Model of Land Tenure in Hunter‐Gatherer Societies,2003
10.1086/344801,Inference with an Incomplete Model of English Auctions,2003
10.1086/344802,Are Regional Trading Partners “Natural”?,2003
10.1086/344803,Equilibrium Bank Runs,2003
10.1086/344804,Commercial Policy with Altruistic Voters,2003
10.1086/344805,Can Vertical Specialization Explain the Growth of World Trade?,2003
10.1086/367679,Why Dowry Payments Declined with Modernization in Europe but Are Rising in India,2003
10.1086/367680,<i>La Crema:</i>A Case Study of Mutual Fire Insurance,2003
10.1086/367681,A Spatial Analysis of Sectoral Complementarity,2003
10.1086/367682,Delaying the Inevitable: Interest Rate Defense and Balance of Payments Crises,2003
10.1086/367683,Can the Market Add and Subtract? Mispricing in Tech Stock Carve‐outs,2003
10.1086/367684,Middlemen versus Market Makers: A Theory of Competitive Exchange,2003
10.1086/367685,"<i>The Big Problem of Small Change</i>. By Thomas J.  Sargent and François R.  Velde. Princeton, N.J.: Princeton University Press, 2002. Pp. 432. $39.50.",2003
10.1086/367966,Journal of Political Economy,2003
10.1086/367967,Galileo on the Diamond/Water Paradox,2003
10.1086/368262,Griliches Prize in Empirical Economics,2003
10.1086/373884,Journal of Political Economy,2003
10.1086/373885,Optimal Risk Sharing in the Trenches,2003
10.1086/374179,<i>Relative</i> Factor Abundance and Trade,2003
10.1086/374180,Is More Information Better? The Effects of “Report Cards” on Health Care Providers,2003
10.1086/374181,Welfare Dynamics under Time Limits,2003
10.1086/374182,Team Incentives and Worker Heterogeneity: An Empirical Analysis of the Impact of Teams on Productivity and Participation,2003
10.1086/374183,A Theory of Involuntary Unrequited International Transfers,2003
10.1086/374184,Liquidity Risk and Expected Stock Returns,2003
10.1086/374185,"Schooling, Family Background, and Adoption: Is It Nature or Is It Nurture?",2003
10.1086/374187,Social Learning and Coordination Conventions in Intergenerational Games: An Experimental Study,2003
10.1086/375378,"The Substantial Bias from Ignoring General Equilibrium Effects in Estimating Excess Burden, and a Practical Solution",2003
10.1086/375379,Equilibrium Cross Section of Returns,2003
10.1086/375380,Who Affects Whom in Daily Newspaper Markets?,2003
10.1086/375381,Equity and Resources: An Analysis of Education Finance Systems,2003
10.1086/375382,Accounting for the U.S. Earnings and Wealth Inequality,2003
10.1086/375383,Bequests as Signals: An Explanation for the Equal Division Puzzle,2003
10.1086/375384,Bertrand and Walras Equilibria under Moral Hazard,2003
10.1086/375400,Journal of Political Economy,2003
10.1086/375401,Neoclassical Economic Theory: Foot Soldier for Capitalism?,2003
10.1086/376399,Notice,2003
10.1086/376950,Enjoying the Quiet Life? Corporate Governance and Managerial Preferences,2003
10.1086/376951,Capture by Threat,2003
10.1086/376953,Can Free Entry Be Inefficient? Fixed Commissions and Social Waste in the Real Estate Industry,2003
10.1086/376954,Subjective Discounting in an Exchange Economy,2003
10.1086/376955,"Income Inequality in France, 1901–1998",2003
10.1086/376956,The Limits of Bureaucratic Efficiency,2003
10.1086/377086,Trading and Voting,2003
10.1086/377505,Journal of Political Economy,2003
10.1086/377506,Sherlock Holmes Advocates Free Trade,2003
10.1086/378059,Notice,2003
10.1086/378525,Hot Money,2003
10.1086/378526,The Correlation of Wealth across Generations,2003
10.1086/378527,A Note on Convergence of Adaptive Satisficing to Optimal Stopping,2003
10.1086/378528,Trade Expansion and Contract Enforcement,2003
10.1086/378529,The Trick Is to Live: Is the Estate Tax Social Security for the Rich?,2003
10.1086/378530,Unraveling Reduces Mobility in a Labor Market: Gastroenterology with and without a Centralized Match,2003
10.1086/378531,Overconfidence and Speculative Bubbles,2003
10.1086/378532,Gold into Base Metals: Productivity Growth in the People’s Republic of China during the Reform Period,2003
10.1086/378533,Any Non‐welfarist Method of Policy Assessment Violates the Pareto Principle: A Comment,2003
10.1086/378534,Testing the Barten Model of Economies of Scale in Household Consumption: Toward Resolving a Paradox of Deaton and Paxson,2003
10.1086/378535,Engel’s What? A Response to Gan and Vernon,2003
10.1086/379878,Journal of Political Economy,2003
10.1086/379879,George Soros Crowds Out Government Spending,2003
10.1086/379932,Using Mandated Speed Limits to Measure the Value of a Statistical Life,2004
10.1086/379933,Capital Structure and Stock Returns,2004
10.1086/379934,Understanding Predictability,2004
10.1086/379935,The Distribution of Talent and the Pattern and Consequences of International Trade,2004
10.1086/379936,Adverse Selection in Insurance Markets: Policyholder Evidence from                     the U.K. Annuity Market,2004
10.1086/379937,Estimation of Educational Borrowing Constraints Using Returns to                         Schooling,2004
10.1086/379938,Rotten Parents and Child Labor,2004
10.1086/379939,Differentiated Products Demand Systems from a Combination of Micro and Macro Data: The New Car Market,2004
10.1086/379940,The Measured Black‐White Wage Gap among Women Is Too Small,2004
10.1086/379941,Delegating Decisions to Experts,2004
10.1086/379942,Life Earnings and Rural‐Urban Migration,2004
10.1086/379943,The Peter Principle: A Theory of Decline,2004
10.1086/379944,A Direct Test of the Theory of Comparative Advantage: The Case of Japan,2004
10.1086/379945,The Control of Externalities in Sports Leagues: An Analysis of Restrictions in the National Hockey League,2004
10.1086/379946,The Engineering Labor Market,2004
10.1086/379947,Identification and Estimation of Hedonic Models,2004
10.1086/380084,"Entry, Pricing, and Product Design in an Initially Monopolized Market",2004
10.1086/380085,Save More Tomorrow™: Using Behavioral Economics to Increase Employee Saving,2004
10.1086/380948,The Economics of Has‐beens,2004
10.1086/381378,Journal of Political Economy,2003
10.1086/381379,Incentives at Cambridge in 1574,2003
10.1086/381474,Political Jurisdictions in Heterogeneous Communities,2004
10.1086/381475,Do the Rich Save More?,2004
10.1086/381476,Tax Rates and Tax Evasion: Evidence from “Missing Imports” in China,2004
10.1086/381477,Marriage and Consumption Insurance: What’s Love Got to Do with                         It?,2004
10.1086/381478,"Liquidity Constraints, Household Wealth, and Entrepreneurship",2004
10.1086/381479,"Strikes, Scabs, and Tread Separations: Labor Strife and the Production of Defective Bridgestone/Firestone Tires",2004
10.1086/381480,Judicial Checks and Balances,2004
10.1086/381865,Any Non‐welfarist Method of Policy Assessment Violates the Pareto Principle: Reply,2004
10.1086/383099,Global Sourcing,2004
10.1086/383100,"Women, War, and Wages: The Effect of Female Labor Supply on the Wage Structure at Midcentury",2004
10.1086/383101,Religious Intermarriage and Socialization in the United States,2004
10.1086/383102,"Small Farms, Externalities, and the Dust Bowl of the 1930s",2004
10.1086/383103,Coase and Hotelling: A Meeting of the Minds,2004
10.1086/383104,An <i>sS</i> Model with Adverse Selection,2004
10.1086/383105,Cyclical Dynamics in Idiosyncratic Labor Market Risk,2004
10.1086/383482,Perfect Competition and the Water‐Toothpaste Paradox,2004
10.1086/383483,Journal of Political Economy,2004
10.1086/383484,Journal of Political Economy,2004
10.1086/392521,Journal of Political Economy,2004
10.1086/392522,Social Norms and Imperfect Monitoring,2004
10.1086/421167,Willpower and Personal Rules,2004
10.1086/421168,The Factor Content of Bilateral Trade: An Empirical Test,2004
10.1086/421169,New Deal Policies and the Persistence of the Great Depression: A General Equilibrium Analysis,2004
10.1086/421170,Aggregate Consequences of Limited Contract Enforceability,2004
10.1086/421171,On Group Stability in Hierarchies and Networks,2004
10.1086/421172,Physician Incentives in Health Maintenance Organizations,2004
10.1086/421173,Utilitarian Aggregation of Beliefs and Tastes,2004
10.1086/421174,Economic Shocks and Civil Conflict: An Instrumental Variables Approach,2004
10.1086/421175,Does Child Labor Decrease When Parental Incomes Rise?,2004
10.1086/421434,OSHA's Mission Statement: Suggestions from Lewis Carroll,2004
10.1086/421711,Erratum: “Equilibrium Cross Section of Returns”,2004
10.1086/421964,Journal of Political Economy,2004
10.1086/421965,An Early Example of “Sniping” in an Auction,2004
10.1086/422559,Some Evidence on the Importance of Sticky Prices,2004
10.1086/422560,"Migration, the Life Cycle, and State Benefits: How Low Is the                         Bottom?",2004
10.1086/422561,Lemons and Leases in the Used Business Aircraft Market,2004
10.1086/422562,Shipping the Good Apples Out? An Empirical Confirmation of the Alchian‐Allen Conjecture,2004
10.1086/422563,Innovating Firms and Aggregate Innovation,2004
10.1086/422564,Testing Neoclassical Competitive Theory in Multilateral Decentralized                         Markets,2004
10.1086/422565,Asset Prices and Trading Volume under Fixed Transactions Costs,2004
10.1086/422566,The Effect of Adolescent Experience on Labor Market Outcomes: The Case of Height,2004
10.1086/423630,Journal of Political Economy,2004
10.1086/423631,Bargaining without Commitment,2004
10.1086/424737,"Beyond the Median: Voter Preferences, District Heterogeneity, and Political Representation",2004
10.1086/424738,Using Asset Prices to Measure the Cost of Business Cycles,2004
10.1086/424739,Mutual Fund Flows and Performance in Rational Markets,2004
10.1086/424740,The Social Discount Rate,2004
10.1086/424741,Distribution of Ability and Earnings in a Hierarchical Job Assignment Model,2004
10.1086/424742,Inequality and Segregation,2004
10.1086/424743,Market Structure and Productivity: A Concrete Example,2004
10.1086/425345,Journal of Political Economy,2004
10.1086/425346,Not if You Want to Get Published in <i>JPE</i>,2004
10.1086/426036,Selection on Observed and Unobserved Variables: Assessing the Effectiveness of Catholic Schools,2005
10.1086/426037,David Hume’s Monetary Theory Revisited: Was He Really a Quantity Theorist and an Inflationist?,2005
10.1086/426038,Nominal Rigidities and the Dynamic Effects of a Shock to Monetary                         Policy,2005
10.1086/426039,Welfare‐Improving Asymmetric Information in Dynamic Insurance Markets,2005
10.1086/426040,Is Tomorrow Another Day? The Labor Supply of New York City                         Cabdrivers,2005
10.1086/426041,Water for Life: The Impact of the Privatization of Water Services on Child Mortality,2005
10.1086/426042,Consumption Risk and the Cross Section of Expected Returns,2005
10.1086/426891,Journal of Political Economy,2004
10.1086/426892,"The World According to Arthur Laffer, circa 1861",2004
10.1086/427462,Does Air Quality Matter? Evidence from the Housing Market,2005
10.1086/427463,The Equilibrium Distribution of Income and the Market for Status,2005
10.1086/427464,"International Migration, Self‐Selection, and the Distribution of Wages: Evidence from Mexico and the United States",2005
10.1086/427465,Urban Decline and Durable Housing,2005
10.1086/427466,Bond Yields and the Federal Reserve,2005
10.1086/427467,"Comparative Advantage, Relative Wages, and the Accumulation of Human Capital",2005
10.1086/428474,Journal of Political Economy,2005
10.1086/428475,Chekhov on Opportunity Cost,2005
10.1086/429135,The Location of Sales Offices and the Attraction of Cities,2005
10.1086/429136,Dynamic Processes of Social and Economic Interactions: On the Persistence of Inefficiencies,2005
10.1086/429137,Exchange Rates and Fundamentals,2005
10.1086/429279,What Determines Productivity? Lessons from the Dramatic Recovery of the U.S. and Canadian Iron Ore Industries Following Their Early 1980s Crisis,2005
10.1086/429280,Comment on “A Theory of Involuntary Unrequited International Transfers”,2005
10.1086/429700,Risky Business: The Market for Unprotected Commercial Sex,2005
10.1086/429804,A Unified Framework for Monetary Theory and Policy Analysis,2005
10.1086/430333,"Hiring Policies, Labor Market Institutions, and Labor Market Flows",2005
10.1086/430365,Journal of Political Economy,2005
10.1086/430366,Ancient Babylonian Stock Markets,2005
10.1086/430804,The Great Leap Forward: Anatomy of a Central Planning Disaster,2005
10.1086/430853,Aggregation of Heterogeneous Time Preferences,2005
10.1086/430887,Procurement via Sequential Search,2005
10.1086/430889,Journal of Political Economy,2005
10.1086/430890,Galileo the Economist,2005
10.1086/431254,Large Devaluations and the Real Exchange Rate,2005
10.1086/431288,How (Not) to Raise Money,2005
10.1086/431289,Modeling and Measuring Organization Capital,2005
10.1086/431290,"<b><i>JPE</i></b> <b>Data on Time to First Decision, 2001–2004</b>",2005
10.1086/431794,On the Design of Hierarchies: Coordination versus Specialization,2005
10.1086/432136,Insurance within the Firm,2005
10.1086/432137,Consumption Taxes and Economic Efficiency with Idiosyncratic Wage Shocks,2005
10.1086/432138,Are Structural Estimates of Auction Models Reasonable? Evidence from Experimental Data,2005
10.1086/432166,Unbundling Institutions,2005
10.1086/432963,Journal of Political Economy,2005
10.1086/432964,Stanley Kubrick on Team Incentives in Production,2005
10.1086/444405,Electoral Competition in Heterogeneous Districts,2005
10.1086/444551,The Assignment of Workers to Jobs in an Economy with Coordination Frictions,2005
10.1086/444552,Is Bigger Better? Customer Base Expansion through                     Word‐of‐Mouth Reputation,2005
10.1086/491589,Collective Labor Supply with Children,2005
10.1086/491590,Consumption versus Expenditure,2005
10.1086/497999,Modes of Communication,2005
10.1086/498049,"Polygyny, Fertility, and Savings",2005
10.1086/498123,"The Condition of the Working Class in England, 1209–2004",2005
10.1086/498585,Who Marries Whom and Why,2006
10.1086/498586,Demand Estimation with Heterogeneous Consumers and Unobserved Product                     Characteristics: A Hedonic Approach,2005
10.1086/498587,The Behavioralist Meets the Market: Measuring Social Preferences and Reputation Effects in Actual Transactions,2006
10.1086/498588,Hepatitis B and the Case of the Missing Women,2005
10.1086/498917,Distinguishing Limited Liability from Moral Hazard in a Model of                         Entrepreneurship,2006
10.1086/498918,The Market for Illegal Goods: The Case of Drugs,2006
10.1086/499414,Media Bias and Reputation,2006
10.1086/499547,"The Productivity Effects of Privatization: Longitudinal Estimates                     from Hungary, Romania, Russia, and Ukraine",2006
10.1086/500058,Journal of Political Economy,2005
10.1086/500059,Coase in Paris,2005
10.1086/500278,The Political Economy of Corporate Control and Labor Rents,2006
10.1086/500279,Identifying Placebo Effects with Data from Clinical Trials,2006
10.1086/500549,Designing Optimal Disability Insurance: A Case for Asset Testing,2006
10.1086/500990,Economics: An Emerging Small World,2006
10.1086/501170,Coordination and Experimentation in M‐Form and U‐Form Organizations,2006
10.1086/501171,Do Firms Maximize? Evidence from Professional Football,2006
10.1086/501172,On the Weights of Nations: Assigning Voting Weights in a Heterogeneous Union,2006
10.1086/502705,Journal of Political Economy,2005
10.1086/502779,Journal of Political Economy,2006
10.1086/502780,M1 in the Afterlife,2006
10.1086/502781,Utilitarian Calculus among the Literati,2005
10.1086/502782,"<b><i>JPE</i></b> <b>Data on Time to First Decision, 2001–2004</b>",2006
10.1086/503205,Nobel Lecture: The Transformation of Macroeconomic Policy and Research,2006
10.1086/503550,How Basic Are Behavioral Biases? Evidence from Capuchin Monkey Trading Behavior,2006
10.1086/503579,Selling Labor Low: Wage Responses to Productivity Shocks in Developing Countries,2006
10.1086/503754,Efficient Competitive Equilibria with Adverse Selection,2006
10.1086/503755,Private International Debt with Risk of Repudiation,2006
10.1086/503756,"Simon Rottenberg and Baseball, Then and Now: A Fiftieth Anniversary Retrospective",2006
10.1086/503757,Journal of Political Economy,2006
10.1086/503758,Darth Vader and the Holdup Problem,2006
10.1086/504901,Signaling in a Global Game: Coordination and Policy Traps,2006
10.1086/505048,The Dynamic Effects of Neutral and Investment‐Specific                     Technology Shocks,2006
10.1086/505231,Firms as Clubs in Walrasian Markets with Private Information,2006
10.1086/505656,Journal of Political Economy,2006
10.1086/505657,Conditional versus Unconditional Means in Baseball,2006
10.1086/506334,Ownership Dynamics and Asset Pricing with a Large Shareholder,2006
10.1086/506335,Are Americans Saving “Optimally” for Retirement?,2006
10.1086/506336,The Impact of an Abortion Ban on Socioeconomic Outcomes of Children: Evidence from Romania,2006
10.1086/506337,Green Markets and Private Provision of Public Goods,2006
10.1086/506923,Dynamic Pricing of New Experience Goods,2006
10.1086/507154,Is the 1918 Influenza Pandemic Over? Long‐Term Effects of <i>In Utero</i> Influenza Exposure in the Post‐1940 U.S. Population,2006
10.1086/507155,How Much Is a Seat on the Security Council Worth? Foreign Aid and Bribery at the United Nations,2006
10.1086/508030,The Accident Externality from Driving,2006
10.1086/508031,Adaptive Organizations,2006
10.1086/508032,"Entrepreneurship, Frictions, and Wealth",2006
10.1086/508033,The Value of Health and Longevity,2006
10.1086/508239,"Learning, Private Information, and the Economic Evaluation of                     Randomized Experiments",2006
10.1086/508240,Journal of Political Economy,2006
10.1086/508241,The Marriage Market in Babylonia according to Herodotus Histories,2006
10.1086/508379,Inflation and the Redistribution of Nominal Wealth,2006
10.1086/509547,,2007
10.1086/509548,,2007
10.1086/509549,,2007
10.1086/509550,,2007
10.1086/509551,,2007
10.1086/509552,,2007
10.1086/509727,Journal of Political Economy,2006
10.1086/509728,Signaling and the Congressional Medal of Honor,2006
10.1086/509816,Incomplete Wage Posting,2006
10.1086/510440,The Marriage Model with Search Frictions,2006
10.1086/510562,"Rewarding Sequential Innovators: Prizes, Patents, and Buyouts",2006
10.1086/511283,Emerging Market Business Cycles: The Cycle Is the Trend,2007
10.1086/511316,Journal of Political Economy,2006
10.1086/511317,Real Estate Prices Determine the Sizes of Paintings,2006
10.1086/511759,Index to Volume 114,2006
10.1086/511994,Why Does Household Investment Lead Business Investment over the                     Business Cycle?,2007
10.1086/511995,The Effect of File Sharing on Record Sales: An Empirical Analysis,2007
10.1086/511996,The Evolution of Common Law,2007
10.1086/512249,Productivity Spillovers in Health Care: Evidence from the Treatment of Heart Attacks,2007
10.1086/512625,Menu Costs and Phillips Curves,2007
10.1086/512658,Journal of Political Economy,2001
10.1086/512659,Franklin on Rent Seeking,2001
10.1086/513453,Journal of Political Economy,2007
10.1086/513454,Voltaire on Labor Markets and Monetary Policy,2007
10.1086/513721,"<b><i>JPE</i></b> <b>Data on Time to First Decision, 2001–2005</b>",2007
10.1086/514347,"Cementing Relationships: Vertical Integration, Foreclosure, Productivity, and Prices",2007
10.1086/516737,Evolutionary Efficiency and Happiness,2007
10.1086/517935,Monitoring Corruption: Evidence from a Field Experiment in Indonesia,2007
10.1086/518010,Contests for Status,2007
10.1086/518723,Journal of Political Economy,2007
10.1086/518724,Two out of Three Ain't Bad,2007
10.1086/518741,Inequality and Social Discounting,2007
10.1086/518810,Crime on the Court: A Correction,2007
10.1086/519249,On the Interpretation of Giving in Dictator Games,2007
10.1086/519749,Equilibrium Default Cycles,2007
10.1086/519927,"Moral Rules, the Moral Sentiments, and Behavior: Toward a Theory of an Optimal Moral System",2007
10.1086/520065,Private Profits and Public Health: Does Advertising of Smoking Cessation Products Encourage Smokers to Quit?,2007
10.1086/520066,"Crime on the Court, Another Look: Reply to Hutchinson and Yates",2007
10.1086/520646,"Intergenerational Risk Sharing in the Spirit of Arrow, Debreu, and Rawls, with Applications to Social Security Design",2007
10.1086/521412,Journal of Political Economy,2007
10.1086/521413,Tolstoy on Correlation vs. Causality,2007
10.1086/521529,Immigration and Prices,2007
10.1086/521966,International Financial Adjustment,2007
10.1086/521967,On the Segmentation of Markets,2007
10.1086/522381,A Unified Framework for Measuring Preferences for Schools and                         Neighborhoods,2007
10.1086/522871,Chutes or Ladders? A Longitudinal Analysis of Immigrant Earnings,2007
10.1086/522872,Comment on “Bertrand and Walras Equilibria under Moral                         Hazard”,2007
10.1086/523657,Sorting It Out: International Trade with Heterogeneous Workers,2007
10.1086/523713,Erratum: “The Accident Externality from Driving”,2007
10.1086/523904,Cicero on the Ethics of Information Asymmetry,2007
10.1086/523905,Journal of Political Economy,2007
10.1086/523906,"<b><i>JPE</i></b> <b>Data on Time to First Decision, 2001–2006</b>",2007
10.1086/524203,A Model of Job and Worker Flows,2007
10.1086/524204,Down or Out: Assessing the Welfare Costs of Household Investment                         Mistakes,2007
10.1086/524826,Index to Volume 109,2001
10.1086/524827,Index to Volume 110,2002
10.1086/524964,Index to Volume 111,2003
10.1086/524965,Index to Volume 112,2004
10.1086/524966,Index to Volume 113,2005
10.1086/525544,A Theory of Partially Directed Search,2007
10.1086/526403,An‐<i>arrgh</i>‐chy: The Law and Economics of Pirate Organization,2007
10.1086/526487,Index to Volume 108,2000
10.1086/527495,"Corruption, Norms, and Legal Enforcement: Evidence from Diplomatic Parking Tickets",2007
10.1086/527504,Journal of Political Economy,2007
10.1086/527505,Thomas Hardy on “Crowding Out”,2007
10.1086/528721,The Reaction of Consumer Spending and Debt to Tax Rebates—Evidence from Consumer Credit Data,2007
10.1086/528759,Structuring and Restructuring Sovereign Debt: The Role of a Bankruptcy Regime,2007
10.1086/528999,Voter Influence and Big Policy Change: The Positive Political Economy of the New Deal,2008
10.1086/529000,Disease and Development: The Effect of Life Expectancy on Economic Growth,2007
10.1086/529034,,2008
10.1086/529035,,2008
10.1086/529397,On the Optimality of the Friedman Rule with Heterogeneous Agents and Nonlinear Income Taxation,2008
10.1086/529398,The Effect of Driving Restrictions on Air Quality in Mexico City,2008
10.1086/529409,Birth Control and Female Empowerment: An Equilibrium Analysis,2008
10.1086/533504,Optimal Fiscal and Monetary Policy: Equivalence Results,2008
10.1086/587085,Journal of Political Economy,2007
10.1086/587086,Effect of Punishment on Crime on the Intensive Margin—Pirate of the China Seas in the Middle Ages,2007
10.1086/587087,Index to Volume 115,2007
10.1086/587623,Sources of Advantageous Selection: Evidence from the Medigap                     Insurance Market,2008
10.1086/587624,Vote Buying: General Elections,2008
10.1086/587816,Journal of Political Economy,2008
10.1086/587817,Signaling in the Qin Dynasty,2008
10.1086/588029,Structural Transformation and the Deterioration of European Labor Market Outcomes,2008
10.1086/588200,Consumption Strikes Back? Measuring Long‐Run Risk,2008
10.1086/588585,Moral Hazard versus Liquidity and Optimal Unemployment Insurance,2008
10.1086/589463,"<b><i>JPE</i></b> <b>Data on Time to First Decision, 2002–2007</b>",2008
10.1086/589522,A Phillips Curve with an <b><i>Ss</i></b> Foundation,2008
10.1086/589523,Capital Deepening and Nonbalanced Economic Growth,2008
10.1086/589524,"Stature and Status: Height, Ability, and Labor Market Outcomes",2008
10.1086/589543,,2008
10.1086/589675,Journal of Political Economy,2008
10.1086/589676,Sam Spade and Self‐Interest,2008
10.1086/589756,The Effect of Low‐Skilled Immigration on U.S. Prices: Evidence from CPI Data,2008
10.1086/589891,Spatial Competition with Heterogeneous Firms,2008
10.1086/589908,,2008
10.1086/590216,Child Protection and Adult Crime: Using Investigator Assignment to Estimate Causal Effects of Foster Care,2008
10.1086/591152,Journal of Political Economy,2008
10.1086/591153,The Distortionary Effects of Regulation and Rent Seeking,2008
10.1086/591804,The Depressing Effect of Agricultural Institutions on the Prewar Japanese Economy,2008
10.1086/591805,Measuring Illegal Activity and the Effects of Regulatory Innovation: Tax Evasion and the Dyeing of Untaxed Diesel,2008
10.1086/591908,"Universal Child Care, Maternal Labor Supply, and Family Well‐Being",2008
10.1086/591909,Intertemporal Cost Allocation and Investment Decisions,2008
10.1086/591910,Inefficient Unemployment Dynamics under Asymmetric Information,2008
10.1086/591918,,2008
10.1086/591947,An Economic Index of Riskiness,2008
10.1086/592415,The Small World of Investing: Board Connections and Mutual Fund Returns,2008
10.1086/592778,,2008
10.1086/592779,,2009
10.1086/592780,,2009
10.1086/592822,Journal of Political Economy,2008
10.1086/592823,Protectionism through Prostitution,2008
10.1086/592827,"<b><i>JPE</i></b> <b>Data on Time to First Decision, 2003–2008</b>",2008
10.1086/593073,Prejudice and Wages: An Empirical Assessment of Becker’s <i>The Economics of Discrimination</i>,2008
10.1086/593333,"Early Marriage, Age of Menarche, and Female Schooling Attainment in Bangladesh",2008
10.1086/595014,Input and Technology Choices in Regulated Industries: Evidence from the Health Care Sector,2008
10.1086/595015,Debt Enforcement around the World,2008
10.1086/595016,Strategic Ambiguity and Arms Proliferation,2008
10.1086/595561,The Profits of Power: Land Rights and Agricultural Investment in Ghana,2008
10.1086/595968,Journal of Political Economy,2008
10.1086/595969,Purification of a Mixed Strategy Equilibrium,2008
10.1086/595975,Place of Work and Place of Residence: Informal Hiring Networks and Labor Market Outcomes,2008
10.1086/596102,The Demographic Transition and the Sexual Division of Labor,2008
10.1086/596751,Journal of Political Economy,2008
10.1086/596752,Bentham and Marx Meet in the Tropics,2008
10.1086/597025,Erratum: Moral Hazard versus Liquidity and Optimal Unemployment Insurance,2008
10.1086/597150,Index to Volume 116,2008
10.1086/597301,"Brand History, Geography, and the Persistence of Brand Shares",2009
10.1086/597302,Unemployment Fluctuations with Staggered Nash Wage Bargaining,2009
10.1086/597328,Does Competition Reduce Price Dispersion? New Evidence from the Airline Industry,2009
10.1086/597597,Coalition‐Proof Trade and the Friedman Rule in the Lagos‐Wright Model,2009
10.1086/598177,,2009
10.1086/598178,,2009
10.1086/598179,,2009
10.1086/598180,,2009
10.1086/598688,The Incidence of U.S. Agricultural Subsidies on Farmland Rental Rates,2009
10.1086/598958,Journal of Political Economy,2009
10.1086/598959,Behavioral Biases in Golf,2009
10.1086/599014,The Conquest of South American Inflation,2009
10.1086/599015,Branch Banking as a Device for Discipline: Competition and Bank Survivorship during the Great Depression,2009
10.1086/599022,Reconciling Cyclical Movements in the Marginal Value of Time and the Marginal Product of Labor,2009
10.1086/599283,Information and the Skewness of Music Sales,2009
10.1086/599286,The Deterrent Effects of Prison: Evidence from a Natural Experiment,2009
10.1086/599706,"Financial Integration, Financial Development, and Global Imbalances",2009
10.1086/599707,The Simple Economics of Extortion: Evidence from Trucking in Aceh,2009
10.1086/599760,Myth and Reality of Flat Tax Reform: Micro Estimates of Tax Evasion Response and Welfare Effects in Russia,2009
10.1086/599761,Asset Pricing Implications of Pareto Optimality with Private Information,2009
10.1086/600050,Journal of Political Economy,2009
10.1086/600051,Moral Hazard of the Russian Peasant,2009
10.1086/600076,Is the Allocation of Resources within the Household Efficient? New Evidence from a Randomized Experiment,2009
10.1086/604734,Journal of Political Economy,2009
10.1086/604735,Property Rights and Botticelli's Solution to the Problem of Social Cost,2009
10.1086/605130,Chronicle of a Deflation Unforetold,2009
10.1086/605309,The Unequal Geographic Burden of Federal Taxation,2009
10.1086/605358,How Much Is a Dollar Worth? Tipping versus Equilibrium Coexistence on Competing Online Auction Sites,2009
10.1086/605583,Trade and Capital Flows: A Financial Frictions Perspective,2009
10.1086/605604,The Performance and Competitive Effects of School Autonomy,2009
10.1086/606066,Journal of Political Economy,2009
10.1086/606067,Shakespeare and the Neuroeconomics of Self‐Control,2009
10.1086/644791,Efficiency of Simultaneous Search,2009
10.1086/644840,An Operational Measure of Riskiness,2009
10.1086/648432,Opinions as Incentives,2009
10.1086/648671,Firm‐Specific Human Capital: A Skill‐Weights Approach,2009
10.1086/648882,Durability of Output and Expected Stock Returns,2009
10.1086/648995,Why Is Consumption More Log Normal than Income? Gibrat’s Law Revisited,2009
10.1086/649563,Opening the Black Box of Intrahousehold Decision Making: Theory and Nonparametric Empirical Tests of General Collective Consumption Models,2009
10.1086/649603,"Monetary Intervention Mitigated Banking Panics during the Great Depression: Quasi‐Experimental Evidence from a Federal Reserve District Border, 1929–1933",2009
10.1086/649760,Investment‐Based Expected Stock Returns,2009
10.1086/649770,Journal of Political Economy,2009
10.1086/649771,Abraham Lincoln on the Perils of Debt Deflection,2009
10.1086/649800,Reconsidering Racial Bias in Motor Vehicle Searches: Theory and Evidence,2009
10.1086/649801,(Mixed) Strategy in Oligopoly Pricing: Evidence from Gasoline Price Cycles Before and Under a Timing Regulation,2009
10.1086/650305,Cost Benefit Analyses versus Referenda,2010
10.1086/650315,"Altruism, Favoritism, and Guilt in the Allocation of Family Resources: Sophie’s Choice in Mao’s Mass Send‐Down Movement",2010
10.1086/650402,,2010
10.1086/650403,,2010
10.1086/650404,,2010
10.1086/650405,,2010
10.1086/650477,Journal of Political Economy,2009
10.1086/650478,Perils of Giving Gifts Instead of Charging Prices,2009
10.1086/650500,Index to Volume 117,2009
10.1086/651513,How Well Does the U.S. Social Insurance System Provide Social Insurance?,2010
10.1086/651673,"Cyclicality, Mortality, and the Value of Time: The Case of Coffee Price Fluctuations and Child Survival in Colombia",2010
10.1086/651674,Why Do the Elderly Save? The Role of Medical Expenses,2010
10.1086/652462,Club Goods and Group Identity: Evidence from Islamic Resurgence during the Indonesian Financial Crisis,2010
10.1086/652463,Order in Product Customization Decisions: Evidence from Field Experiments,2010
10.1086/652705,Marlat Prices for Seminars,2010
10.1086/652706,Journal of Political Economy,2010
10.1086/652903,Press Coverage and Political Accountability,2010
10.1086/653093,Bargaining and Majority Rules: A Collective Search Perspective,2010
10.1086/653137,Can Pay Regulation Kill? Panel Data Evidence on the Effect of Labor Markets on Hospital Performance,2010
10.1086/653138,Housing Externalities,2010
10.1086/653452,Competition and the Structure of Vertical Relationships in Capital Markets,2010
10.1086/653690,"Innovation, Firm Dynamics, and International Trade",2010
10.1086/653714,Identifying Agglomeration Spillovers: Evidence from Winners and Losers of Large Plant Openings,2010
10.1086/653808,Does Professor Quality Matter? Evidence from Random Assignment of Students to Professors,2010
10.1086/655418,Journal of Political Economy,2010
10.1086/655844,Explaining the Favorite–Long Shot Bias: Is it Risk-Love or Misperceptions?,2010
10.1086/655858,Matching and Inequality in the World Economy,2010
10.1086/655976,Quality Matters: The Expulsion of Professors and the Consequences for PhD Student Outcomes in Nazi Germany,2010
10.1086/656513,Assessing Risky Social Situations,2010
10.1086/656632,The Macroeconomic Implications of Rising Wage Inequality in the United States,2010
10.1086/657576,Journal of Political Economy,2010
10.1086/657922,Optimal Information Disclosure,2010
10.1086/657923,Learning from Prices: Public Communication and Welfare,2010
10.1086/657948,Mechanism Choice and Strategic Bidding in Divisible Good Auctions: An Empirical Analysis of the Turkish Treasury Auction Market,2010
10.1086/657949,Market Penetration Costs and the New Consumers Margin in International Trade,2010
10.1086/657996,Capital Taxation and Ownership When Markets Are Incomplete,2010
10.1086/658160,When Does Labor Scarcity Encourage Innovation?,2010
10.1086/658161,Dynamic Merger Review,2010
10.1086/658371,Should the Personal Computer Be Considered a Technological Revolution? Evidence from U.S. Metropolitan Areas,2010
10.1086/658372,Momentum and Social Learning in Presidential Primaries,2010
10.1086/658496,Erratum: Measurement Error and the Relationship between Investment and <i>q</i>,2010
10.1086/658497,Competitive Markets without Commitment,2010
10.1086/659223,Journal of Political Economy,2010
10.1086/659224,Han Fei Tzŭ (280–233 BC) and Optimal Deterrence,2010
10.1086/659238,Risks for the Long Run and the Real Exchange Rate,2011
10.1086/659311,Sectoral versus Aggregate Shocks: A Structural Factor Analysis of Industrial Production,2011
10.1086/659312,When Is the Government Spending Multiplier Large?,2011
10.1086/659371,A “New Trade” Theory of GATT/WTO Negotiations,2011
10.1086/659637,Journal of Political Economy,2010
10.1086/659638,Intellectual Property and Tax Subsidies as Incentives in Ancient Greece,2010
10.1086/659655,Teacher Performance Pay: Experimental Evidence from India,2011
10.1086/659756,Index to Volume 118,2010
10.1086/660083,Can Health Care Information Technology Save Babies?,2011
10.1086/660087,Journal of Political Economy,2011
10.1086/660088,Rolling Stones Down the Laffer Curve,2011
10.1086/660124,The Allocative Cost of Price Ceilings in the U.S. Residential Market for Natural Gas,2011
10.1086/660298,Factions and Political Competition,2011
10.1086/660730,Leasing and Secondary Markets: Theory and Evidence from Commercial Aircraft,2011
10.1086/660731,Overcoming Ideological Bias in Elections,2011
10.1086/660817,Determinacy and Identification with Taylor Rules,2011
10.1086/660842,The Demarcation of Land and the Role of Coordinating Property Institutions,2011
10.1086/660864,Efficient Search on the Job and the Business Cycle,2011
10.1086/660887,The Competitive Saving Motive: Evidence from Rising Sex Ratios and Savings Rates in China,2011
10.1086/660897,Journal of Political Economy,2011
10.1086/660898,Maskin's Mechanism in the Old West,2011
10.1086/660902,Managing Strategic Buyers,2011
10.1086/661259,Journal of Political Economy,2011
10.1086/661536,Rent Dissipation in the Nevada Territory,2011
10.1086/661983,Can Hearts and Minds Be Bought? The Economics of Counterinsurgency in Iraq,2011
10.1086/662074,Erratum: The Competitive Saving Motive: Evidence from Rising Sex Ratios and Savings Rates in China,2011
10.1086/662221,Investment Shocks and Asset Prices,2011
10.1086/662222,Comparing Risks by Acceptance and Rejection,2011
10.1086/662627,Filtered Social Learning,2011
10.1086/662628,"Income Distribution, Product Quality, and International Trade",2011
10.1086/662720,Heterogeneity and Tests of Risk Sharing,2011
10.1086/662721,Waiting to Imitate: On the Dynamic Pricing of Knowledge,2011
10.1086/662961,Arresting Banking Panics: Federal Reserve Liquidity Provision and the Forgotten Panic of 1929,2011
10.1086/662962,The Impact of Rosenwald Schools on Black Achievement,2011
10.1086/663010,Journal of Political Economy,2011
10.1086/663011,The Role of Middlemen and Money in Exchange,2011
10.1086/663306,Quitters Never Win: The (Adverse) Incentive Effects of Competing with Superstars,2011
10.1086/663868,Journal of Political Economy,2011
10.1086/663869,Stigler's Theory of Optimal Law Enforcement in Thomas More's <i>Utopia</i>,2011
10.1086/664613,The Combinatorial Assignment Problem: Approximate Competitive Equilibrium from Equal Incomes,2011
10.1086/664614,On the Optimal Burden of Proof,2011
10.1086/664615,Does AMD Spur Intel to Innovate More?,2011
10.1086/664820,Do Powerful Politicians Cause Corporate Downsizing?,2011
10.1086/665011,The Money Pump as a Measure of Revealed Preference Violations,2011
10.1086/665405,Buy Coal! A Case for Supply-Side Environmental Policy,2012
10.1086/665415,"Nobel Lecture: United States Then, Europe Now",2012
10.1086/665416,"Regulated Prices, Rent Seeking, and Consumer Surplus",2012
10.1086/665520,Journal of Political Economy,2011
10.1086/665521,Shortages Raise Prices: Military Edition,2011
10.1086/665527,Index to Volume 119,2011
10.1086/665662,What Can Survey Forecasts Tell Us about Information Rigidities?,2012
10.1086/665800,Ethnic Diversity and Preferences for Redistribution,2012
10.1086/665825,"Endogenous Entry, Product Variety, and Business Cycles",2012
10.1086/666101,Journal of Political Economy,2012
10.1086/666102,Flaubert on Trade-off,2012
10.1086/666526,The Aggregate Demand for Treasury Debt,2012
10.1086/666527,On the Valuation of Long-Dated Assets,2012
10.1086/666588,Moving Back Home: Insurance against Labor Market Risk,2012
10.1086/666589,Default and the Maturity Structure in Sovereign Bonds,2012
10.1086/666590,"Rich Dad, Smart Dad: Decomposing the Intergenerational Transmission of Income",2012
10.1086/666655,A Theory of Rational Jurisprudence,2012
10.1086/666669,"Illiquid Banks, Financial Stability, and Interest Rate Policy",2012
10.1086/666746,"The Schooling Decision: Family Preferences, Intergenerational Conflict, and Moral Hazard in the Brazilian <i>Favelas</i>",2012
10.1086/666747,Capital Taxation: Quantitative Explorations of the Inverse Euler Equation,2012
10.1086/666971,Journal of Political Economy,2012
10.1086/666972,Plunkitt: Won Auctioneers: $2.50,2012
10.1086/667224,Journal of Political Economy,2012
10.1086/667225,A Roman TARP Program,2012
10.1086/667941,Fatter Attraction: Anthropometric and Socioeconomic Matching on the Marriage Market,2012
10.1086/667987,On the Size of the Active Management Industry,2012
10.1086/667988,Competitive Equilibrium in Markets for Votes,2012
10.1086/668501,The African Growth Miracle,2012
10.1086/668502,"Interim Rank, Risk Taking, and Performance in Dynamic Tournaments",2012
10.1086/668836,Managerial Turnover in a Changing World,2012
10.1086/668837,Tax Smoothing in Frictional Labor Markets,2012
10.1086/668838,Mixed Motives and the Optimal Size of Voting Bodies,2012
10.1086/668839,A Model of Moral-Hazard Credit Cycles,2012
10.1086/668864,Liquidity and the Threat of Fraudulent Assets,2012
10.1086/668965,Journal of Political Economy,2012
10.1086/668966,Adam Smith: Early Public-Choice Theorist,2012
10.1086/669160,A Model of Persuasion with Boundedly Rational Agents,2012
10.1086/669161,"Country Size, International Trade, and Aggregate Fluctuations in Granular Economies",2012
10.1086/669253,From the Lab to the Field: Cooperation among Fishermen,2012
10.1086/669254,Dynamic Pricing Behavior in Perishable Goods Markets: Evidence from Secondary Markets for Major League Baseball Tickets,2012
10.1086/669540,Dynamics of Consumer Demand for New Durable Goods,2012
10.1086/669672,Journal of Political Economy,2012
10.1086/669673,Progress: A Bumpy Road,2012
10.1086/669681,Moneyspots: Extraneous Attributes and the Coexistence of Money and Interest-Bearing Nominal Bonds,2013
10.1086/669706,Intellectual Property Rights and Innovation: Evidence from the Human Genome,2013
10.1086/669786,Criminal Recidivism after Prison and Electronic Monitoring,2013
10.1086/669877,The Margins of Multinational Production and the Role of Intrafirm Trade,2013
10.1086/669915,Bidding for Army Career Specialties: Improving the ROTC Branching Mechanism,2013
10.1086/670054,Journal of Political Economy,2012
10.1086/670055,Career Concerns in a Fire Sale,2012
10.1086/670056,Index to Volume 120,2012
10.1086/670136,"Trade, Multinational Production, and the Gains from Openness",2013
10.1086/670137,Rebel Tactics,2013
10.1086/670138,Does International Child Sponsorship Work? A Six-Country Study of Impacts on Adult Life Outcomes,2013
10.1086/670271,Financial Frictions and the Persistence of History: A Quantitative Exploration,2013
10.1086/670272,How Important Is the New Goods Margin in International Trade?,2013
10.1086/670359,On the Market for Venture Capital,2013
10.1086/670380,Optimal Apportionment,2013
10.1086/670401,Pass-Through as an Economic Tool: Principles of Incidence under Imperfect Competition,2013
10.1086/670740,Deconstructing Life Cycle Expenditure,2013
10.1086/670741,"The Origins of Inequality: Insiders, Outsiders, Elites, and Commoners",2013
10.1086/670773,Journal of Political Economy,2013
10.1086/670774,K-Level Thinking: Holmes vs. Moriarty,2013
10.1086/671111,Journal of Political Economy,2013
10.1086/671112,The (Short) Monetary History of the Republic of Texas,2013
10.1086/671137,Toward an Understanding of Learning by Doing: Evidence from an Automobile Assembly Plant,2013
10.1086/671179,Smooth Ambiguity Aversion toward Small Risks and Continuous-Time Recursive Utility,2013
10.1086/671180,Valuing Diversity,2013
10.1086/671799,What Ties Return Volatilities to Price Valuations and Fundamentals?,2013
10.1086/671819,Journal of Political Economy,2013
10.1086/671820,Diminishing Marginal Utility,2013
10.1086/672370,Comment on “Moneyspots: Extraneous Attributes and the Coexistence of Money and Interest-Bearing Nominal Bonds” by Ricardo Lagos,2013
10.1086/673166,Moneyspots and Coexistence in the Pure Theory of Money: A Reply to Neil Wallace,2013
10.1086/673402,Stability and Competitive Equilibrium in Trading Networks,2013
10.1086/673472,Endogenous Credit Cycles,2013
10.1086/673867,"Discounting, Values, and Decisions",2013
10.1086/673885,Salience and Consumer Choice,2013
10.1086/673886,The Asymmetric Effects of Financial Frictions,2013
10.1086/674015,Journal of Political Economy,2013
10.1086/674016,Gul and Pesendorfer’s Theory on Temptation and Self-Control in <i>Two and a Half Men</i>,2013
10.1086/674077,The Money Pump as a Measure of Revealed Preference Violations: A Comment,2013
10.1086/674134,How Do Competitive Pressures Affect Incentives to Innovate When There Is a Market for Inventions?,2013
10.1086/674135,Taxation and Redistribution of Residual Income Inequality,2013
10.1086/674142,Credit Shocks and Aggregate Fluctuations in an Economy with Production Heterogeneity,2013
10.1086/674143,The International Diversification Puzzle Is Not as Bad as You Think,2013
10.1086/674362,Equilibrium Imitation and Growth,2014
10.1086/674363,Knowledge Growth and the Allocation of Time,2014
10.1086/674409,Why Blame?,2013
10.1086/674425,A Theory of Capital Controls as Dynamic Terms-of-Trade Manipulation,2014
10.1086/674549,"Labor Hiring, Investment, and Stock Return Predictability in the Cross Section",2014
10.1086/674550,An Efficient and Incentive Compatible Dynamic Auction for Multiple Complements,2014
10.1086/674633,"An Alternative Theory of the Plant Size Distribution, with Geography and Intra- and International Trade",2014
10.1086/674968,Efficient Responses to Targeted Cash Transfers,2014
10.1086/674988,Chiefs: Economic Development and Elite Control of Civil Society in Sierra Leone,2014
10.1086/675238,The Signaling Value of a High School Diploma,2014
10.1086/675374,Journal of Political Economy,2013
10.1086/675375,Arbitraging Nonlinear Sales Taxes,2013
10.1086/675451,Index to Volume 121,2013
10.1086/675503,"Equilibrium Tuition, Applications, Admissions, and Enrollment in the College Market",2014
10.1086/675534,"Productive Cities: Sorting, Selection, and Agglomeration",2014
10.1086/675535,The Nature of Countercyclical Income Risk,2014
10.1086/675536,"Housing Market Spillovers: Evidence from the End of Rent Control in Cambridge, Massachusetts",2014
10.1086/675724,Journal of Political Economy,2013
10.1086/675725,On the Warm-Glow vs. Pure Altruism Motivations for Charitable Giving,2013
10.1086/675805,A Nation of Immigrants: Assimilation and Economic Outcomes in the Age of Mass Migration,2014
10.1086/675910,Aligning Learning Incentives of Students and Teachers: Results from a Social Experiment in Mexican High Schools,2015
10.1086/675923,"<i>JPE</i> Data on Time to First Decision, 2009–2013",2014
10.1086/676119,Comment on the Campbell-Cochrane Habit Model,2015
10.1086/676141,Spatial Sorting,2014
10.1086/676316,Implications of an Economic Theory of Conflict: Hindu-Muslim Violence in India,2014
10.1086/676333,“A” Business by Any Other Name: Firm Name Choice as a Signal of Firm Quality,2014
10.1086/676334,The Private Returns to Public Office,2014
10.1086/676404,"Communication in Federal Politics: Universalism, Policy Uniformity, and the Optimal Allocation of Fiscal Authority",2014
10.1086/676405,Extensive and Intensive Investment over the Business Cycle,2014
10.1086/676455,Journal of Political Economy,2014
10.1086/676456,The Theory of Marriage: More Evidence,2014
10.1086/676557,"Coagglomeration, Clusters, and the Scale and Composition of Cities",2014
10.1086/676597,Implementing the “Wisdom of the Crowd”,2014
10.1086/676931,Mechanism Design with Communication Constraints,2014
10.1086/676932,Crime and the Depenalization of Cannabis Possession: Evidence from a Policing Experiment,2014
10.1086/677072,Dynamic Inputs and Resource (Mis)Allocation,2014
10.1086/677185,Journal of Political Economy,2014
10.1086/677186,Delegation and Opportunity Costs in the White House,2014
10.1086/677189,Disease and Development Revisited,2014
10.1086/677190,"Disease and Development: A Reply to Bloom, Canning, and Fink",2014
10.1086/677191,Personality Traits and the Marriage Market,2014
10.1086/677253,Competing for Consumer Inattention,2014
10.1086/677254,Misconceptions and Game Form Recognition: Challenges to Theories of Revealed Preference and Framing,2014
10.1086/677255,Racial Disparity in Federal Criminal Sentences,2014
10.1086/677349,Leverage and the Foreclosure Crisis,2015
10.1086/677350,Suspense and Surprise,2015
10.1086/677660,Journal of Political Economy,2014
10.1086/677661,The Role of Religion in Economic Trust,2014
10.1086/677756,Measuring Returns to Hospital Care: Evidence from Ambulance Referral Patterns,2015
10.1086/678191,Journal of Political Economy,2014
10.1086/678192,A Literary Theory of Games and Economic Behavior by William Shakespeare,2014
10.1086/678456,Nobel Lecture: Uncertainty Outside and Inside Economic Models,2014
10.1086/679283,Asset Pricing and Asymmetric Reasoning,2015
10.1086/679284,The Origins of Savings Behavior,2015
10.1086/679333,Journal of Political Economy,2014
10.1086/679334,It Takes More than Economics to Be a Great Economist,2014
10.1086/679496,Linear Social Interactions Models,2015
10.1086/679497,Estimating the Cream Skimming Effect of School Choice,2015
10.1086/679498,The Generalized Roy Model and the Cost-Benefit Analysis of Social Programs,2015
10.1086/679626,How Effective Is the Minimum Wage at Supporting the Poor?,2015
10.1086/679627,A Flying Start? Maternity Leave Benefits and Long-Run Outcomes of Children,2015
10.1086/680169,Index to Volume 122,2014
10.1086/680337,Journal of Political Economy,2014
10.1086/680338,Business Cycles May Have Been Solutions to the Problem of the Social Planner for a Long Time,2014
10.1086/680415,Preface,2015
10.1086/680452,JPE Submissions,2015
10.1086/680685,Robust Comparative Statics in Large Dynamic Economies,2015
10.1086/680686,"Women and Power: Unpopular, Unwilling, or Held Back?",2015
10.1086/680936,Environmental Regulations and Corruption: Automobile Emissions in Mexico City,2015
10.1086/680968,Journal of Political Economy,2015
10.1086/680969,Do You Expect to Understand Advances in Economics Easily?,2015
10.1086/680995,Standard-Essential Patents,2015
10.1086/680996,"Young, Old, Conservative, and Bold: The Implications of Heterogeneity and Finite Lives for Asset Pricing",2015
10.1086/681241,Uncertainty and Disagreement in Equilibrium Models,2015
10.1086/681575,Economic Effects of Runs on Early “Shadow Banks”: Trust Companies and the Impact of the Panic of 1907,2015
10.1086/681592,Poultry in Motion: A Study of International Trade Finance Practices,2015
10.1086/681593,Adverse Selection in the Annuity Market and the Role for Social Security,2015
10.1086/681595,Journal of Political Economy,2015
10.1086/681596,Back Cover,2015
10.1086/681640,The Fragile Benefits of Endowment Destruction,2015
10.1086/681641,The Anatomy of French Production Hierarchies,2015
10.1086/682270,Journal of Political Economy,2015
10.1086/682271,Back Cover,2015
10.1086/682367,<i>Capital in the Twenty-First Century:</i>A Review Essay,2015
10.1086/682574,Is Piketty’s “Second Law of Capitalism” Fundamental?,2015
10.1086/682584,Strategic Mass Killings,2015
10.1086/682678,"Entrepreneurs, Risk Aversion, and Dynamic Firms",2015
10.1086/682679,Political Economy in a Changing World,2015
10.1086/682718,The Medium-Term Impacts of High-Achieving Charter Schools,2015
10.1086/682729,The Double Power Law in Consumption and Implications for Testing Euler Equations,2015
10.1086/683368,Journal of Political Economy,2015
10.1086/683369,Back Cover,2015
10.1086/683822,Self-Control at Work,2015
10.1086/683836,An Endowment Effect for Risk: Experimental Tests of Stochastic Reference Points,2015
10.1086/683838,A Measure of Rationality and Welfare,2015
10.1086/683839,Those Who Know Most: Insider Trading in Eighteenth-Century Amsterdam,2015
10.1086/683849,Production versus Revenue Efficiency with Limited Tax Capacity: Theory and Evidence from Pakistan,2015
10.1086/683989,Micro- and Macroeconomic Implications of Heterogeneity in the Production of Human Capital,2015
10.1086/684478,Participation and Duration of Environmental Agreements,2016
10.1086/684484,Market-Based Emissions Regulation and Industry Dynamics,2016
10.1086/684511,Transition to Clean Technology,2016
10.1086/684536,Journal of Political Economy,2015
10.1086/684537,Back Cover,2015
10.1086/684581,"Carbon Taxes, Path Dependency, and Directed Technical Change: Evidence from the Auto Industry",2016
10.1086/684582,Adapting to Climate Change: The Remarkable Decline in the US Temperature-Mortality Relationship over the Twentieth Century,2016
10.1086/684718,Explaining Cross-Country Productivity Differences in Retail Trade,2016
10.1086/684719,Evolving Comparative Advantage and the Impact of Climate Change in Agricultural Markets: Evidence from 1.7 Million Fields around the World,2016
10.1086/684750,Life and Growth,2016
10.1086/684836,Index to Volume 123,2015
10.1086/684853,"Bonus Culture: Competitive Pay, Screening, and Multitasking",2016
10.1086/684990,Journal of Political Economy,2015
10.1086/684991,Back Cover,2015
10.1086/685299,Self-Targeting: Evidence from a Field Experiment in Indonesia,2016
10.1086/685300,Ethnic Inequality,2016
10.1086/685475,Booms and Banking Crises,2016
10.1086/685599,JPE Submissions,2016
10.1086/685753,Erratum: Production versus Revenue Efficiency with Limited Tax Capacity: Theory and Evidence from Pakistan,2016
10.1086/685909,Shopping Externalities and Self-Fulfilling Unemployment Fluctuations,2016
10.1086/685910,Teamwork and Moral Hazard: Evidence from the Emergency Department,2016
10.1086/685943,Journal of Political Economy,2016
10.1086/685944,Back Cover,2016
10.1086/686010,The Social Effects of Ethnic Diversity at the Local Level: A Natural Experiment with Exogenous Residential Allocation,2016
10.1086/686034,"Capabilities, Wealth, and Trade",2016
10.1086/686035,Gender Roles and Medical Progress,2016
10.1086/686245,Labor Market Returns to the GED Using Regression Discontinuity Analysis,2016
10.1086/686713,Revenue Management with Forward-Looking Buyers,2016
10.1086/686732,Understanding Booms and Busts in Housing Markets,2016
10.1086/686733,Intermittency and the Value of Renewable Energy,2016
10.1086/686734,The Pass-Through of Sovereign Risk,2016
10.1086/686746,The Runner-Up Effect,2016
10.1086/686747,Dynamic Collective Choice with Endogenous Status Quo,2016
10.1086/686748,Marriage as a Rat Race: Noisy Premarital Investments with Assortative Matching,2016
10.1086/687071,Masthead,2016
10.1086/687072,Journal of Political Economy,2016
10.1086/687073,Back Cover,2016
10.1086/687476,A Supply and Demand Framework for Two-Sided Matching Markets,2016
10.1086/687572,Masthead,2016
10.1086/687573,Journal of Political Economy,2016
10.1086/687574,Back Cover,2016
10.1086/688081,Debt Dilution and Sovereign Default Risk,2016
10.1086/688082,Decentralized College Admissions,2016
10.1086/688175,"Downward Nominal Wage Rigidity, Currency Pegs, and Involuntary Unemployment",2016
10.1086/688176,Text-Based Network Industries and Endogenous Product Differentiation,2016
10.1086/688177,Something to Talk About: Social Spillovers in Movie Consumption,2016
10.1086/688178,Politicians’ Luck of the Draw: Evidence from the Spanish Christmas Lottery,2016
10.1086/688672,Masthead,2016
10.1086/688673,Journal of Political Economy,2016
10.1086/688674,Back Cover,2016
10.1086/688849,"Cognitive Ability, Character Skills, and Learning to Play Equilibrium: A Level-<i>k</i>Analysis",2016
10.1086/688850,Why the Referential Treatment? Evidence from Field Experiments on Referrals,2016
10.1086/688874,Selling Information,2016
10.1086/688875,"Market Transparency, Adverse Selection, and Moral Hazard",2016
10.1086/688876,The Cyclicality of the Opportunity Cost of Employment,2016
10.1086/688877,Monopsony Power in Migrant Labor Markets: Evidence from the United Arab Emirates,2016
10.1086/688878,A Year of Transition: Faculty Recruiting at Chicago in 1946,2016
10.1086/689394,Masthead,2016
10.1086/689395,Journal of Political Economy,2016
10.1086/689396,Back Cover,2016
10.1086/689606,"The Macroeconomic Effects of Housing Wealth, Housing Finance, and Limited Risk Sharing in General Equilibrium",2017
10.1086/689607,Nonlinear Effects of Taxation on Growth,2017
10.1086/689608,"Matching, Sorting, and the Distributional Effects of International Trade",2017
10.1086/689772,In the Shadow of a Giant: Medicare’s Influence on Private Physician Payments,2017
10.1086/689773,Chinese College Admissions and School Choice Reforms: A Theoretical Analysis,2017
10.1086/689774,Stochastic Choice and Preferences for Randomization,2017
10.1086/689869,Unbalanced Random Matching Markets: The Stark Effect of Competition,2017
10.1086/690135,Index to Volume 124,2016
10.1086/690276,Masthead,2016
10.1086/690277,Journal of Political Economy,2016
10.1086/690278,Back Cover,2016
10.1086/690828,Drought of Opportunities: Contemporaneous and Long-Term Impacts of Rainfall Shocks on Human Capital,2017
10.1086/690829,Credit Access and College Enrollment,2017
10.1086/690830,"Economic Uncertainty, Parental Selection, and Children’s Educational Outcomes",2017
10.1086/690949,Bowling for Fascism: Social Capital and the Rise of the Nazi Party,2017
10.1086/690950,Optimal Financial Knowledge and Wealth Inequality,2017
10.1086/690951,Curriculum and Ideology,2017
10.1086/690952,The Career Costs of Children,2017
10.1086/691150,Masthead,2017
10.1086/691151,Journal of Political Economy,2017
10.1086/691152,Back Cover,2017
10.1086/691154,Lucas Prize in Dynamic Economics,2017
10.1086/691450,Asset Return Dynamics under Habits and Bad Environment–Good Environment Fundamentals,2017
10.1086/691465,Every Breath You Take—Every Dollar You’ll Make: The Long-Term Consequences of the Clean Air Act of 1970,2017
10.1086/691524,"Estimating the Innovator’s Dilemma: Structural Analysis of Creative Destruction in the Hard Disk Drive Industry, 1981–1998",2017
10.1086/691700,Emotions and Political Unrest,2017
10.1086/691701,Policy Intervention in Debt Renegotiation: Evidence from the Home Affordable Modification Program,2017
10.1086/691702,"Admitting Students to Selective Education Programs: Merit, Profiling, and Affirmative Action",2017
10.1086/691703,"Avoiding the Ask: A Field Experiment on Altruism, Empathy, and Charitable Giving",2017
10.1086/692061,JPE Submissions,2017
10.1086/692287,Masthead,2017
10.1086/692288,Journal of Political Economy,2017
10.1086/692289,Back Cover,2017
10.1086/692694,"Alcohol Availability, Prenatal Conditions, and Long-Term Economic Outcomes",2017
10.1086/692695,"Globalization, Markups, and US Welfare",2017
10.1086/692711,Partisan Interactions: Evidence from a Field Experiment in the United States,2017
10.1086/692712,Beyond LATE with a Discrete Instrument,2017
10.1086/692713,Pathways to Education: An Integrated Approach to Helping At-Risk High School Students,2017
10.1086/692714,A Pari-Mutuel-Like Mechanism for Information Aggregation: A Field Test inside Intel,2017
10.1086/692808,Unobserved Preference Heterogeneity in Demand Using Generalized Random Coefficients,2017
10.1086/692965,Masthead,2017
10.1086/692966,Journal of Political Economy,2017
10.1086/692967,Back Cover,2017
10.1086/693037,Precommitments for Financial Self-Control? Micro Evidence from the 2003 Korean Credit Crisis,2017
10.1086/693038,Asymmetric Growth and Institutions in an Interdependent World,2017
10.1086/693039,On the Democratic Weights of Nations,2017
10.1086/693040,Contests for Experimentation,2017
10.1086/693137,Does Transparency Lead to Pay Compression?,2017
10.1086/693372,Delayed Overshooting: Is It an ’80s Puzzle?,2017
10.1086/693373,"International Trade, Technology, and the Skill Premium",2017
10.1086/693393,Taxation and the Allocation of Talent,2017
10.1086/693394,"Smoking, Expectations, and Health: A Dynamic Stochastic Model of Lifetime Smoking Behavior",2017
10.1086/693686,Gender Gaps in Performance: Evidence from Young Lawyers,2017
10.1086/693973,Masthead,2017
10.1086/693975,Journal of Political Economy,2017
10.1086/693976,Back Cover,2017
10.1086/694203,Reply: Do Powerful Politicians Really Cause Corporate Downsizing?,2017
10.1086/694204,Do Powerful Politicians Really Cause Corporate Downsizing?,2017
10.1086/694205,The Determinants of Racial Differences in Parenting Practices,2018
10.1086/694288,The Design of Debt-Clearing Markets: Clearinghouse Mechanisms in Preindustrial Europe,2017
10.1086/694289,"Macroprudential Policy, Countercyclical Bank Capital Buffers, and Credit Supply: Evidence from the Spanish Dynamic Provisioning Experiments",2017
10.1086/694290,Uncertainty Shocks and Balance Sheet Recessions,2017
10.1086/694291,Optimal Taxation and Human Capital Policies over the Life Cycle,2017
10.1086/694292,The Gravity Equation in International Trade: An Explanation,2018
10.1086/694293,The Power of Abortion Policy: Reexamining the Effects of Young Women’s Access to Reproductive Control,2017
10.1086/694294,Collective Commitment,2018
10.1086/694566,Financial Constraints and Moral Hazard: The Case of Franchising,2017
10.1086/694617,"Economic Growth: The Past, the Present, and the Future",2017
10.1086/694619,Monetary Economics,2017
10.1086/694620,Keeping the ECON in Econometrics: (Micro-)Econometrics in the <i>Journal of Political Economy</i>,2017
10.1086/694621,Asset Pricing: Models and Empirical Evidence,2017
10.1086/694622,Banking and the Evolving Objectives of Bank Regulation,2017
10.1086/694623,Finance at the University of Chicago,2017
10.1086/694624,Economic History,2017
10.1086/694625,Time-Series Econometrics in Macroeconomics and Finance,2017
10.1086/694626,Chicago Labor Economics,2017
10.1086/694627,"Auctions in the <i>Journal of Political Economy</i>, 1894–2017",2017
10.1086/694628,Information Economics,2017
10.1086/694629,"Inequality, Heterogeneity, and Consumption in the <i>Journal of Political Economy</i>",2017
10.1086/694630,The Economics of Crime,2017
10.1086/694631,Experimental Economics in the <i>Journal of Political Economy</i>,2017
10.1086/694632,Memories of Friedman and Patinkin,2017
10.1086/694633,The Human Capital Approach to Intergenerational Mobility,2017
10.1086/694634,Political Economics in the <i>Journal of Political Economy</i>: Six Landmark Papers,2017
10.1086/694635,Agency Issues,2017
10.1086/694636,Assignment Problems,2017
10.1086/694637,Labor Markets,2017
10.1086/694638,Chicago and the Origins of Modern General Equilibrium,2017
10.1086/694639,Aggregative Fiscal Policy,2017
10.1086/694640,Behavioral Economics,2017
10.1086/694641,Health Economics: A Selective Historical Review for the 125th Anniversary of the <i>Journal of Political Economy</i>,2017
10.1086/694642,Business Cycles and International Trade,2017
10.1086/694643,Corporate Finance,2017
10.1086/694645,The Continuing Impact of Sherwin Rosen’s “Hedonic Prices and Implicit Markets: Product Differentiation in Pure Competition”,2017
10.1086/694690,Life Cycle Wage Dyamics and Labor Mobility,2017
10.1086/694751,Introduction,2017
10.1086/695312,Masthead,2017
10.1086/695313,Journal of Political Economy,2017
10.1086/695314,Back Cover,2017
10.1086/695474,"Dynamic Natural Monopoly Regulation: Time Inconsistency, Moral Hazard, and Political Environments",2018
10.1086/695475,Positive Spillovers and Free Riding in Advertising of Prescription Pharmaceuticals: The Case of Antidepressants,2018
10.1086/695476,Retail Globalization and Household Welfare: Evidence from Mexico,2018
10.1086/695477,Get Rid of Unanimity Rule: The Superiority of Majority Rules with Veto Power,2018
10.1086/695504,Monotone Stochastic Choice Models: The Case of Risk and Time Preferences,2018
10.1086/695505,Firm Wage Differentials and Labor Market Sorting: Reconciling Theory and Evidence,2018
10.1086/695528,Public Insurance and Mortality: Evidence from Medicaid Implementation,2018
10.1086/695529,Auctions versus Posted Prices in Online Markets,2018
10.1086/696136,Index to Volume 125,2017
10.1086/696154,The Impact of Consulting Services on Small and Medium Enterprises: Evidence from a Randomized Trial in Mexico,2018
10.1086/696225,Life Cycle Wage Growth across Countries,2018
10.1086/696226,Tangible Information and Citizen Empowerment: Identification Cards and Food Subsidy Programs in Indonesia,2018
10.1086/696228,Can Words Get in the Way? The Effect of Deliberation in Collective Decision Making,2018
10.1086/696229,Quality Predictability and the Welfare Benefits from New Products: Evidence from the Digitization of Recorded Music,2018
10.1086/696272,How Much Do Idiosyncratic Bank Shocks Affect Investment? Evidence from Matched Bank-Firm Loan Data,2018
10.1086/696273,A Mechanism Design Approach to the Tiebout Hypothesis,2018
10.1086/696277,Government Spending Multipliers in Good Times and in Bad: Evidence from US Historical Data,2018
10.1086/696279,Global Imbalances and Structural Change in the United States,2018
10.1086/696280,Optimal Time-Consistent Macroprudential Policy,2018
10.1086/696327,Masthead,2017
10.1086/696330,Journal of Political Economy,2017
10.1086/696331,Back Cover,2017
10.1086/697084,The Geography of Development,2018
10.1086/697085,Cooperation in WTO’s Tariff Waters?,2018
10.1086/697086,Social Ties and Favoritism in Chinese Science,2018
10.1086/697202,Attack When the World Is Not Watching? US News and the Israeli-Palestinian Conflict,2018
10.1086/697203,Hotelling under Pressure,2018
10.1086/697204,Measuring the Bias of Technological Change,2018
10.1086/697205,Intermediation and Resale in Networks,2018
10.1086/697206,Post-Schooling Human Capital Investments and the Life Cycle of Earnings,2018
10.1086/697207,House Price Momentum and Strategic Complementarity,2018
10.1086/697265,Masthead,2018
10.1086/697266,Recent Referees,2018
10.1086/697267,Back Cover,2018
10.1086/697739,Wage Dispersion and Search Behavior: The Importance of Nonwage Job Values,2018
10.1086/697740,Unobserved Heterogeneity in Matching Games,2018
10.1086/697741,Parametric Recoverability of Preferences,2018
10.1086/697742,Rent Seeking in Elite Networks,2018
10.1086/697901,Growth through Heterogeneous Innovations,2018
10.1086/697902,Multiproduct Pricing Made Simple,2018
10.1086/697903,Why Do Firms Hire Using Referrals? Evidence from Bangladeshi Garment Factories,2018
10.1086/697942,JPE Submissions,2018
10.1086/698106,Debt and the Response to Household Income Shocks: Validation and Application of Linked Financial Account Data,2018
10.1086/698107,Media Power,2018
10.1086/698128,Masthead,2018
10.1086/698129,Recent Referees,2018
10.1086/698130,Back Cover,2018
10.1086/698136,Incentives in Experiments: A Theoretical Analysis,2018
10.1086/698748,"The Marriage Market, Labor Supply, and Education Choice",2018
10.1086/698749,Social Norms in Social Insurance,2018
10.1086/698750,Demographics and Entrepreneurship,2018
10.1086/698751,Gary Becker Remembered,2018
10.1086/698752,"Children, Time Allocation, and Consumption Insurance",2018
10.1086/698759,A Theory of Intergenerational Mobility,2018
10.1086/698760,"Returns to Education: The Causal Effects of Education on Earnings, Health, and Smoking",2018
10.1086/698865,Masthead,2018
10.1086/698866,Recent Referees,2018
10.1086/698867,Back Cover,2018
10.1086/699007,Fostering Patience in the Classroom: Results from Randomized Educational Intervention,2018
10.1086/699018,What Do Test Scores Miss? The Importance of Teacher Effects on Non–Test Score Outcomes,2018
10.1086/699186,Income and Consumption: A Micro Semistructural Analysis with Pervasive Heterogeneity,2018
10.1086/699188,"Making Corruption Harder: Asymmetric Information, Collusion, and Crime",2018
10.1086/699189,"Slow to Hire, Quick to Fire: Employment Dynamics with Asymmetric Responses to News",2018
10.1086/699190,A Schumpeterian Model of Top Income Inequality,2018
10.1086/699209,Do Government Audits Reduce Corruption? Estimating the Impacts of Exposing Corrupt Politicians,2018
10.1086/699210,"“No Hatred or Malice, Fear or Affection”: Media and Sentencing",2018
10.1086/699211,Competitive Information Disclosure in Search Markets,2018
10.1086/699945,Masthead,2018
10.1086/699946,Recent Referees,2018
10.1086/699947,Back Cover,2018
10.1086/699973,Potential Unemployment Insurance Duration and Labor Supply: The Individual and Market-Level Response to a Benefit Cut,2018
10.1086/699974,Reserve Design: Unintended Consequences and the Demise of Boston’s Walk Zones,2018
10.1086/699975,Maintaining Privacy in Cartels,2018
10.1086/699976,Predicting Experimental Results: Who Knows What?,2018
10.1086/699977,Accounting for Mathematics Performance of High School Students in Mexico: Estimating a Coordination Game in the Classroom,2018
10.1086/699978,Structural Analysis of Nonlinear Pricing,2018
10.1086/699979,Who Benefits from Universal Child Care? Estimating Marginal Returns to Early Child Care Attendance,2018
10.1086/699980,The Demand for Effective Charter Schools,2018
10.1086/700072,Informational Requirements of Nudging,2018
10.1086/700073,The Economic Effects of Social Networks: Evidence from the Housing Market,2018
10.1086/700074,Influencing Connected Legislators,2018
10.1086/700729,“Nash-in-Nash” Bargaining: A Microfoundation for Applied Work,2019
10.1086/700730,Screening and Adverse Selection in Frictional Markets,2019
10.1086/700731,Equilibrium Search with Multiple Attributes and the Impact of Equal Opportunities for Women,2019
10.1086/700732,Monopolistic Competition and Optimum Product Diversity under Firm Heterogeneity,2019
10.1086/700733,Redistributing Income under Proportional Representation: A Correction,2019
10.1086/700734,Private Outsourcing and Competition: Subsidized Food Distribution in Indonesia,2019
10.1086/700735,The Market for Financial Adviser Misconduct,2019
10.1086/700760,Culture and Taxes,2019
10.1086/700761,Dispute Resolution Institutions and Strategic Militarization,2019
10.1086/700762,Random Choice and Learning,2019
10.1086/700763,Temporary Migration and Endogenous Risk Sharing in Village India,2019
10.1086/700764,"Production Networks, Geography, and Firm Performance",2019
10.1086/700765,On the Intergenerational Transmission of Economic Status,2019
10.1086/700766,"Watersheds in Child Mortality: The Role of Effective Water and Sewerage Infrastructure, 1880–1920",2019
10.1086/700862,Masthead,2018
10.1086/700864,Masthead,2018
10.1086/700865,Recent Referees,2018
10.1086/700866,Back Cover,2018
10.1086/700935,Internalizing Global Value Chains: A Firm-Level Analysis,2019
10.1086/700936,Democracy Does Cause Growth,2019
10.1086/701029,Is It Harder for Older Workers to Find Jobs? New and Improved Evidence from a Field Experiment,2019
10.1086/701030,Land Reform and Sex Selection in China,2019
10.1086/701031,The Friendship Paradox and Systematic Biases in Perceptions and Social Norms,2019
10.1086/701032,A Network Approach to Public Goods,2019
10.1086/701033,Counterparty Risk and the Establishment of the New York Stock Exchange Clearinghouse,2019
10.1086/701034,Network Contagion and Interbank Amplification during the Great Depression,2019
10.1086/701035,Research Proximity and Productivity: Long-Term Evidence from Agriculture,2019
10.1086/701354,Who Wants Affordable Housing in Their Backyard? An Equilibrium Analysis of Low-Income Property Development,2019
10.1086/701355,"Intelligence, Personality, and Gains from Cooperation in Repeated Interactions",2019
10.1086/701356,Uncertainty Aversion and Systemic Risk,2019
10.1086/701357,State Taxation and the Reallocation of Business Activity: Evidence from Establishment-Level Data,2019
10.1086/701358,Two-Sided Matching via Balanced Exchange,2019
10.1086/701421,Are Negative Supply Shocks Expansionary at the Zero Lower Bound?,2019
10.1086/701422,"House Prices, Local Demand, and Retail Prices",2019
10.1086/701423,An Empirical Analysis of Racial Differences in Police Use of Force,2019
10.1086/701424,Tax Cuts for Whom? Heterogeneous Effects of Income Tax Changes on Growth and Employment,2019
10.1086/701425,Religion and Depression in Adolescence,2019
10.1086/701440,Credit Supply and the Housing Boom,2019
10.1086/701441,"Erasing Ethnicity? Propaganda, Nation Building, and Identity in Rwanda",2019
10.1086/701585,"JPE Turnaround Times, Previous Two Years",2018
10.1086/701604,Muddled Information,2019
10.1086/701605,Moral Incentives in Credit Card Debt Repayment: Evidence from a Field Experiment,2019
10.1086/701606,Early Life Circumstance and Adult Mental Health,2019
10.1086/701607,Exporting and Plant-Level Efficiency Gains: It’s in the Measure,2019
10.1086/701608,Debt Constraints and Employment,2019
10.1086/701646,Masthead,2018
10.1086/701647,Recent Referees,2018
10.1086/701648,Back Cover,2018
10.1086/701649,Index to Volume 126,2018
10.1086/701679,The Sad Truth about Happiness Scales,2019
10.1086/701680,How Segregated Is Urban Consumption?,2019
10.1086/701681,Experimenting with Measurement Error: Techniques with Applications to the Caltech Cohort Study,2019
10.1086/701682,"Exit, Voice, and Political Change: Evidence from Swedish Mass Migration to the United States",2019
10.1086/701683,A Demand System Approach to Asset Pricing,2019
10.1086/701684,Search Frictions and Market Power in Negotiated-Price Markets,2019
10.1086/701699,On the Empirical Content of Cheap-Talk Signaling: An Application to Bargaining,2019
10.1086/701788,The Gender Gap between Earnings Distributions,2019
10.1086/701789,The Neolithic Agricultural Revolution and the Origins of Private Property,2019
10.1086/701790,Shocks versus Responsiveness: What Drives Time-Varying Dispersion?,2019
10.1086/701791,Efficiency and Stability in Large Matching Markets,2019
10.1086/701792,Financial Frictions and Fluctuations in Volatility,2019
10.1086/701807,"Trouble in the Tails? What We Know about Earnings Nonresponse 30 Years after Lillard, Smith, and Welch",2019
10.1086/701808,"University Choice: The Role of Expected Earnings, Nonpecuniary Outcomes, and Financial Constraints",2019
10.1086/701809,Employment Hysteresis from the Great Recession,2019
10.1086/701810,The Aggregate Productivity Effects of Internal Migration: Evidence from Indonesia,2019
10.1086/701811,"Overlapping Ownership, R&amp;D Spillovers, and Antitrust Policy",2019
10.1086/701812,Collusion in Auctions with Constrained Bids: Theory and Evidence from Public Procurement,2019
10.1086/701813,The Simple Economics of Optimal Persuasion,2019
10.1086/701823,Aggregate Implications of Innovation Policy,2019
10.1086/701890,The Social Cost of Carbon with Economic and Climate Risks,2019
10.1086/701891,"Liquidity, Business Cycles, and Monetary Policy",2019
10.1086/702014,Price Caps as Welfare-Enhancing Coopetition,2019
10.1086/702018,Educational Assortative Mating and Household Income Inequality,2019
10.1086/702020,Costly Concessions: An Empirical Framework for Matching with Imperfectly Transferable Utility,2019
10.1086/702171,The Value of Flexible Work: Evidence from Uber Drivers,2019
10.1086/702172,Marginal Treatment Effects from a Propensity Score Perspective,2019
10.1086/702173,Merger Review for Markets with Buyer Power,2019
10.1086/702238,The Value of Medicaid: Interpreting Results from the Oregon Health Insurance Experiment,2019
10.1086/702241,Education Policy and Intergenerational Transfers in Equilibrium,2019
10.1086/702725,JPE Turnaround Times,2019
10.1086/702872,Masthead,2019
10.1086/702873,Recent Referees,2019
10.1086/702874,Back Cover,2019
10.1086/703048,Erratum: The Demand for Effective Charter Schools,2019
10.1086/703195,"JPE Turnaround Times, Previous Two Years",2019
10.1086/703847,Masthead,2019
10.1086/703848,Recent Referees,2019
10.1086/703849,Back Cover,2019
10.1086/703989,On the Origins of the State: Stationary Bandits and Taxation in Eastern Congo,2020
10.1086/703990,The Role of Quality in Internet Service Markets,2020
10.1086/704069,Internal versus External Growth in Industries with Scale Economies: A Computational Model of Optimal Merger Policy,2020
10.1086/704071,"Labor Supply in the Past, Present, and Future: A Balanced-Growth Perspective",2020
10.1086/704072,Survival and Long-Run Dynamics with Heterogeneous Beliefs under Recursive Preferences,2020
10.1086/704073,Social Insurance and the Marriage Market,2020
10.1086/704074,Clock Auctions and Radio Spectrum Reallocation,2020
10.1086/704075,Cognitive and Noncognitive Costs of Day Care at Age 0–2 for Children in Advantaged Families,2020
10.1086/704076,Comparing the Chosen: Selection Bias When Selection Is Competitive,2020
10.1086/704278,"JPE Turnaround Times, Previous Two Years",2019
10.1086/704385,Universal Gravity,2020
10.1086/704386,The Formation of Prosociality: Causal Evidence on the Role of Social Environment,2020
10.1086/704387,Moving the Goalposts,2020
10.1086/704544,"Political Booms, Financial Crises",2020
10.1086/704572,Bride Price and Female Education,2020
10.1086/704573,Structural Estimation of a Model of School Choices: The Boston Mechanism versus Its Alternatives,2020
10.1086/704574,Information Design in the Holdup Problem,2020
10.1086/704575,On the Optimality of Financial Repression,2020
10.1086/704610,The Political Economy of Weak Treaties,2020
10.1086/704611,Like Attract Like? A Structural Comparison of Homogamy across Same-Sex and Different-Sex Households,2020
10.1086/704616,Knowing When to Ask: The Cost of Leaning In,2020
10.1086/704619,"Left Behind: Creative Destruction, Inequality, and the Stock Market",2020
10.1086/704687,Masthead,2019
10.1086/704688,Recent Referees,2019
10.1086/704689,Back Cover,2019
10.1086/704754,Lying and Deception in Games,2020
10.1086/704755,A New Approach to Estimating Equilibrium Models for Metropolitan Housing Markets,2020
10.1086/704756,Upcoding: Evidence from Medicare on Squishy Risk Adjustment,2020
10.1086/704758,Optimal Monetary Policy with Informational Frictions,2020
10.1086/704759,"Early and Late Human Capital Investments, Borrowing Constraints, and the Family",2020
10.1086/704760,A Model of Dynamic Limit Pricing with an Application to the Airline Industry,2020
10.1086/704761,Thickness and Information in Dynamic Matching Markets,2020
10.1086/705013,"JPE Turnaround Times, Previous Two Years",2019
10.1086/705329,Transparency and Negotiated Prices: The Value of Information in Hospital-Supplier Bargaining,2020
10.1086/705330,"Incarceration, Recidivism, and Employment",2020
10.1086/705331,CEO Behavior and Firm Performance,2020
10.1086/705332,On Information Design in Games,2020
10.1086/705373,Ben-Porath Meets Lazear: Microfoundations for Dynamic Skill Formation,2020
10.1086/705374,Eliciting and Utilizing Willingness to Pay: Evidence from Field Trials in Northern Ghana,2020
10.1086/705375,The Impact of Management Practices on Employee Productivity: A Field Experiment with Airline Captains,2020
10.1086/705415,Genetic Endowments and Wealth Inequality,2020
10.1086/705417,Experimental Evidence on the Economics of Rural Electrification,2020
10.1086/705418,Innovation in the Global Firm,2020
10.1086/705489,"Erratum: Children, Time Allocation, and Consumption Insurance",2019
10.1086/705549,When Fair Isn’t Fair: Understanding Choice Reversals Involving Social Preferences,2020
10.1086/705550,Subsidy Design in Privately Provided Social Insurance: Lessons from Medicare Part D,2020
10.1086/705551,Cutthroat Capitalism versus Cuddly Socialism: Are Americans More Meritocratic and Efficiency-Seeking than Scandinavians?,2020
10.1086/705552,Games of Love and Hate,2020
10.1086/705553,The Use of Regression Statistics to Analyze Imperfect Pricing Policies,2020
10.1086/705554,Willingness to Pay for Clean Air: Evidence from Air Purifier Markets in China,2020
10.1086/705555,Stochastic Dominance under Independent Noise,2020
10.1086/705557,Masthead,2019
10.1086/705558,Recent Referees,2019
10.1086/705559,Back Cover,2019
10.1086/705668,Information Aversion,2020
10.1086/705669,"Women and Power: Unpopular, Unwilling, or Held Back? A Comment",2020
10.1086/705670,Turning Up the Heat: The Discouraging Effect of Competition in Contests,2020
10.1086/705671,Cooperation and Community Responsibility,2020
10.1086/705688,International Currencies  and Capital Allocation,2020
10.1086/705707,"The First 2,000 Days and Child Skills",2020
10.1086/705715,Supervisors and Performance Management Systems,2020
10.1086/705716,Robots and Jobs: Evidence from US Labor Markets,2020
10.1086/705717,Secular Labor Reallocation and Business Cycles,2020
10.1086/705718,Quantifying the Life-Cycle Benefits of an Influential Early-Childhood Program,2020
10.1086/705719,A Model of Fickle Capital Flows and Retrenchment,2020
10.1086/705720,Segmentation versus Agglomeration: Competition between Platforms with Competitive Sellers,2020
10.1086/705908,"JPE Turnaround Times, Previous Two Years",2019
10.1086/706686,Long-Term-Care Utility and Late-in-Life Saving,2020
10.1086/706687,Persuading the Principal to Wait,2020
10.1086/706772,Masthead,2019
10.1086/706773,Recent Referees,2019
10.1086/706774,Back Cover,2019
10.1086/706858,The Effect of Early-Childhood Education on Social Preferences,2020
10.1086/706859,Domestic Trade Frictions and Agriculture,2020
10.1086/706860,Revealed-Preference Analysis with Framing Effects,2020
10.1086/706861,A Random Attention Model,2020
10.1086/706862,Debates: Voting and Expenditure Responses to Political Communication,2020
10.1086/706983,Why Are Older Women Missing in India? The Age Profile of Bargaining Power and Poverty,2020
10.1086/707011,Queens,2020
10.1086/707024,Technology and Time Inconsistency,2020
10.1086/707025,Improving College Instruction through Incentives,2020
10.1086/707240,"JPE Turnaround Times, Previous Two Years",2019
10.1086/707359,Index to Volume 127,2019
10.1086/707484,Masthead,2019
10.1086/707485,Recent Referees,2019
10.1086/707486,Back Cover,2019
10.1086/707543,"JPE Turnaround Times, Previous Two Years",2020
10.1086/707709,"JPE Turnaround Times, Previous Two Years",2020
10.1086/707735,The Tail That Wags the Economy: Beliefs and Persistent Stagnation,2020
10.1086/707736,On the Identification of Gross Output Production Functions,2020
10.1086/707764,Immigration and Wage Dynamics: Evidence from the Mexican Peso Crisis,2020
10.1086/707765,Trust in State and Nonstate Actors: Evidence from Dispute Resolution in Pakistan,2020
10.1086/707766,Macroeconomic Drivers of Bond and Equity Risks,2020
10.1086/707767,The Strategy and Technology of Conflict,2020
10.1086/708017,Recent Referees,2020
10.1086/708018,Back Cover,2020
10.1086/708019,Masthead,2020
10.1086/708456,"JPE Turnaround Times, Previous Two Years",2020
10.1086/708480,Masthead,2020
10.1086/708481,Recent Referees,2020
10.1086/708482,Back Cover,2020
10.1086/708724,Sharp Bounds and Testability of a Roy Model of STEM Major Choices,2020
10.1086/708725,Understanding How Low Levels of Early Lead Exposure Affect Children’s Life Trajectories,2020
10.1086/708736,Credit Market Disruptions and Liquidity Spillover Effects in the Supply Chain,2020
10.1086/708759,Masthead,2020
10.1086/708760,Recent Referees,2020
10.1086/708761,Back Cover,2020
10.1086/708815,"Income and Wealth Inequality in America, 1949–2016",2020
10.1086/708816,The Housing Boom and Bust: Model Meets Evidence,2020
10.1086/708817,Self-Fulfilling Runs: Evidence from the US Life Insurance Industry,2020
10.1086/708818,"Vertical Integration, Supplier Behavior, and Quality Upgrading among Exporters",2020
10.1086/708819,Surprise! Out-of-Network Billing for Emergency Care in the United States,2020
10.1086/708820,Intergenerational Redistribution in the Great Recession,2020
10.1086/708837,"JPE Turnaround Times, Previous Two Years",2020
10.1086/708856,Experience of Communal Conflicts and Intergroup Lending,2020
10.1086/708857,Moral Values and Voting,2020
10.1086/709101,Front Matter,2020
10.1086/709102,Recent Referees,2020
10.1086/709103,Back Cover,2020
10.1086/709120,"JPE Turnaround Times, Previous Two Years",2020
10.1086/709252,Erratum,2020
10.1086/709571,"JPE Turnaround Times, Previous Two Years",2020
10.1086/709827,Front Matter,2020
10.1086/709828,Recent Referees,2020
10.1086/709829,Back Cover,2020
10.1086/709953,Collusion in Markets with Syndication,2020
10.1086/709970,Identification in Auction Models with Interdependent Costs,2020
10.1086/709971,Motivated False Memory,2020
10.1086/709993,The Economic Origins of Conflict in Africa,2020
10.1086/710026,"Common Values, Unobserved Heterogeneity, and Endogenous Entry in US Offshore Oil Lease Auctions",2020
10.1086/710032,Front Matter,2020
10.1086/710033,Recent Referees,2020
10.1086/710034,Back Cover,2020
10.1086/710174,"JPE Turnaround Times, Previous Two Years",2020
10.1086/710334,How Do Doctors Respond to Incentives? Unintended Consequences of Paying Doctors to Reduce Costs,2020
10.1086/710345,Firm Volatility in Granular Networks,2020
10.1086/710457,Front Matter,2020
10.1086/710458,Recent Referees,2020
10.1086/710459,Back Cover,2020
10.1086/710532,Political Cycles and Stock Returns,2020
10.1086/710533,Productivity and Organization in Portuguese Firms,2020
10.1086/710534,Copyrights and Creativity: Evidence from Italian Opera in the Napoleonic Age,2020
10.1086/710535,Equilibrium Labor Market Search and Health Insurance Reform,2020
10.1086/710554,Erratum: Chinese College Admissions and School Choice Reforms: A Theoretical Analysis,2020
10.1086/710555,Occupational Licensing and Maternal Health: Evidence from Early Midwifery Laws,2020
10.1086/710558,What Goes Up May Not Come Down: Asymmetric Incidence of Value-Added Taxes,2020
10.1086/710559,Ex Ante Returns and Occupational Choice,2020
10.1086/710560,Commitment versus Flexibility with Costly Verification,2020
10.1086/710561,Welfare Analysis with Heterogeneous Risk Preferences,2020
10.1086/710607,A/B Testing with Fat Tails,2020
10.1086/710656,"JPE Turnaround Times, Previous Two Years",2020
10.1086/710838,Erratum: Fatter Attraction: Anthropometric and Socioeconomic Matching on the Marriage Market,2020
10.1086/710975,"Declining Search Frictions, Unemployment, and Growth",2020
10.1086/710976,An Empirical Analysis of Racial Differences in Police Use of Force: A Comment,2020
10.1086/710977,An Empirical Analysis of Racial Differences in Police Use of Force: A Response,2020
10.1086/711134,Front Matter,2020
10.1086/711135,"JPE Turnaround Times, Previous Two Years",2020
10.1086/711136,Recent Referees,2020
10.1086/711137,Back Cover,2020
10.1086/711347,Local Distortions in Parental Beliefs over Child Skill,2021
10.1086/711348,"Pass-Through as an Economic Tool: On Exogenous Competition, Social Incidence, and Price Discrimination",2021
10.1086/711369,"Heterogeneity, Measurement Error, and Misallocation: Evidence from African Agriculture",2021
10.1086/711401,Gender Differences in Recognition for Group Work,2021
10.1086/711402,Sequential Auctions with Synergy and Affiliation across Auctions,2021
10.1086/711403,Curbing Shocks to Corporate Liquidity: The Role of Trade Credit,2021
10.1086/711409,"People Management Skills, Employee Attrition, and Manager Rewards: An Empirical Analysis",2021
10.1086/711410,Parent-Child Information Frictions and Human Capital Investment: Evidence from a Field Experiment,2021
10.1086/711483,Front Matter,2020
10.1086/711484,Recent Referees,2020
10.1086/711485,Back Cover,2020
10.1086/711573,"JPE Turnaround Times, Previous Two Years",2020
10.1086/711762,Dynamic Tournament Design: Evidence from Prediction Contests,2021
10.1086/711915,The Effects of Fluoride in Drinking Water,2021
10.1086/711916,Leisure Luxuries and the Labor Supply of Young Men,2021
10.1086/711917,Multiproduct Intermediaries,2021
10.1086/711951,Can Health Insurance Competition Work? Evidence from Medicare Advantage,2021
10.1086/711952,Optimal Need-Based Financial Aid,2021
10.1086/711953,Startups and Upstarts: Disadvantageous Information in R&amp;D,2021
10.1086/711954,Taking Orders and Taking Notes: Dealer Information Sharing in Treasury Auctions,2021
10.1086/712048,"JPE Turnaround Times, Previous Two Years",2020
10.1086/712198,Front Matter,2020
10.1086/712199,Recent Referees,2020
10.1086/712200,Back Cover,2020
10.1086/712443,Intergenerational Mobility and the Timing of Parental Income,2021
10.1086/712444,Granular Comparative Advantage,2021
10.1086/712445,An Experimental Investigation of Price Dispersion and Cycles,2021
10.1086/712446,Why Do Wealthy Parents Have Wealthy Children?,2021
10.1086/712447,Identification of Hedonic Equilibrium and Nonseparable Simultaneous Equations,2021
10.1086/712481,"JPE Turnaround Times, Previous Two Years",2020
10.1086/712482,Index to Volume 128,2020
10.1086/712506,Killer Acquisitions,2021
10.1086/712507,Supply and Demand in a Two-Sector Matching Model,2021
10.1086/712589,Erratum: “Unbalanced Random Matching Markets: The Stark Effect of Competition”,2021
10.1086/712594,Front Matter,2020
10.1086/712595,Recent Referees,2020
10.1086/712596,Back Cover,2020
10.1086/712597,Front Matter,2020
10.1086/712598,Recent Referees,2020
10.1086/712599,Back Cover,2020
10.1086/712638,The Impact of Peer Personality on Academic Achievement,2021
10.1086/712733,Securing Property Rights,2021
10.1086/712735,A Theory of Auctions with Endogenous Valuations,2021
10.1086/712736,Asset Classes,2021
10.1086/712761,How Do We Choose Our Identity? A Revealed Preference Approach Using Food Consumption,2021
10.1086/712762,"Upstream, Downstream: Diffusion and Impacts of the Universal Product Code",2021
10.1086/712786,The Economic Structure of International Trade-in-Services Agreements,2021
10.1086/712787,A Market-Based Solution for Fire Sales and Other Pecuniary Externalities,2021
10.1086/712888,"JPE Turnaround Times, Previous Two Years",2021
10.1086/713093,"JPE Turnaround Times, Previous Two Years",2021
10.1086/713096,How to Improve Tax Compliance? Evidence from Population-Wide Experiments in Belgium,2021
10.1086/713097,An Investment-and-Marriage Model with Differential Fecundity: On the College Gender Gap,2021
10.1086/713098,Recent Trends in US Income Distributions in Tax Record Data Using More Comprehensive Measures of Income Including Real Accrued Capital Gains,2021
10.1086/713099,"Search, Liquidity, and Retention: Screening Multidimensional Private Information",2021
10.1086/713100,Human Capital Investments and Expectations about Career and Family,2021
10.1086/713101,East-Side Story: Historical Pollution and Persistent Neighborhood Sorting,2021
10.1086/713190,Impure Impact Giving: Theory and Evidence,2021
10.1086/713191,Optimal Fiscal Policy without Commitment: Revisiting Lucas-Stokey,2021
10.1086/713192,Exposure to Grocery Prices and Inflation Expectations,2021
10.1086/713243,2021 Lucas Prize Announcement,2021
10.1086/713345,Front Matter,2021
10.1086/713346,Recent Referees,2021
10.1086/713347,Back Cover,2021
10.1086/713658,"JPE Turnaround Times, Previous Two Years",2021
10.1086/713729,Hysteresis and the Welfare Effect of Corrective Policies: Theory and Evidence from an Energy-Saving Program,2021
10.1086/713730,Dual Decision Processes: Retrieving Preferences When Some Choices Are Automatic,2021
10.1086/713731,Cheap Trade Credit and Competition in Downstream Markets,2021
10.1086/713732,Time Will Tell: Recovering Preferences When Choices Are Noisy,2021
10.1086/713733,The Impact of Temperature on Productivity and Labor Supply: Evidence from Indian Manufacturing,2021
10.1086/713745,Taxation under Learning by Doing,2021
10.1086/713814,Front Matter,2021
10.1086/713815,Recent Referees,2021
10.1086/713816,Back Cover,2021
10.1086/714078,"JPE Turnaround Times, Previous Two Years",2021
10.1086/714090,Asset Pricing with Omitted Factors,2021
10.1086/714093,On the Direction of Innovation,2021
10.1086/714118,Steps of Reasoning in Children and Adolescents,2021
10.1086/714119,Planning Ahead for Better Neighborhoods: Long-Run Evidence from Tanzania,2021
10.1086/714120,Are Bigger Banks Better? Firm-Level Evidence from Germany,2021
10.1086/714133,Privacy as a Public Good: A Case for Electronic Cash,2021
10.1086/714169,Front Matter,2021
10.1086/714170,Recent Referees,2021
10.1086/714171,Back Cover,2021
10.1086/714442,Difference-in-Differences Hedonics,2021
10.1086/714443,"Search, Information, and Prices",2021
10.1086/714444,Two Blades of Grass: The Impact of the Green Revolution,2021
10.1086/714445,An Equilibrium Model of the Market for Bitcoin Mining,2021
10.1086/714446,On Bunching and Identification of the Taxable Income Elasticity,2021
10.1086/714447,Exchange Rate Disconnect in General Equilibrium,2021
10.1086/714580,"JPE Turnaround Times, Previous Two Years",2021
10.1086/714586,Front Matter,2021
10.1086/714587,Recent Referees,2021
10.1086/714588,Back Cover,2021
10.1086/714862,"JPE Turnaround Times, Previous Two Years",2021
10.1086/714992,Socioeconomic Status and Inequalities in Children’s IQ and Economic Preferences,2021
10.1086/714993,Feasible Joint Posterior Beliefs,2021
10.1086/714994,"Discrimination, Managers, and Firm Performance: Evidence from “Aryanizations” in Nazi Germany",2021
10.1086/715021,Systematic Bias in the Progress of Research,2021
10.1086/715022,"Social Insurance, Information Revelation, and Lack of Commitment",2021
10.1086/715023,Communication and Community Enforcement,2021
10.1086/715046,Front Matter,2021
10.1086/715047,Back Cover,2021
10.1086/715074,Liquidity Rules and Credit Booms,2021
10.1086/715075,Do Environmental Markets Improve on Open Access? Evidence from California Groundwater Rights,2021
10.1086/715076,The Production Function for Housing: Evidence from France,2021
10.1086/715144,The Interaction of Bankers’ Asset and Liability Management with Liquidity Concerns,2021
10.1086/715415,Understanding Disparities in Punishment: Regulator Preferences and Expertise,2021
10.1086/715416,The Transmission of Monetary Policy under the Microscope,2021
10.1086/715417,The Path to College Education: The Role of Math and Verbal Skills,2021
10.1086/715534,Recent Referees,2021
10.1086/715535,Front Matter,2021
10.1086/715536,Recent Referees,2021
10.1086/715537,Back Cover,2021
10.1086/715584,"JPE Turnaround Times, Previous Two Years",2021
10.1086/715839,"JPE Turnaround Times, Previous Two Years",2021
10.1086/715848,Market Structure and Competition in Airline Markets,2021
10.1086/715849,Directed Technical Change as a Response to Natural Resource Scarcity,2021
10.1086/715850,The Power of Referential Advice,2021
10.1086/715851,Optimal Income Taxation: Mirrlees Meets Ramsey,2021
10.1086/715937,Front Matter,2021
10.1086/715938,Recent Referees,2021
10.1086/715939,Back Cover,2021
10.1086/716104,Comparison of Decisions under Unknown Experiments,2021
10.1086/716105,Coalition Formation in Legislative Bargaining,2021
10.1086/716447,"JPE Turnaround Times, Previous Two Years",2021
10.1086/716559,Forecast Hedging and Calibration,2021
10.1086/716560,Goods and Factor Market Integration: A Quantitative Assessment of the EU Enlargement,2021
10.1086/716561,How Does Incarceration Affect Reoffending? Estimating the Dose-Response Function,2021
10.1086/716562,"Child’s Gender, Young Fathers’ Crime, and Spillover Effects in Criminal Behavior",2021
10.1086/716563,Efficiency and Foreclosure Effects of Vertical Rebates: Empirical Evidence,2021
10.1086/716564,Financial Development and International Trade,2021
10.1086/716707,Front Matter,2021
10.1086/716708,Recent Referees,2021
10.1086/716709,Back Cover,2021
10.1086/716772,Front Matter,2021
10.1086/716773,Recent Referees,2021
10.1086/716774,Back Cover,2021
10.1086/716775,"JPE Turnaround Times, Previous Two Years",2021
10.1086/717041,Tolerance and Compromise in Social Networks,2022
10.1086/717042,Cooperative Property Rights and Development: Evidence from Land Reform in El Salvador,2022
10.1086/717043,The Mortgage Rate Conundrum,2022
10.1086/717044,"Improving Business Practices and the Boundary of the Entrepreneur: A Randomized Experiment Comparing Training, Consulting, Insourcing, and Outsourcing",2022
10.1086/717045,Rationing the Commons,2022
10.1086/717046,Management and Shocks to Worker Productivity,2022
10.1086/717171,Front Matter,2021
10.1086/717172,Recent Referees,2021
10.1086/717173,Back Cover,2021
10.1086/717276,"JPE Turnaround Times, Previous Two Years",2021
10.1086/717349,Intermediation and Competition in Search Markets: An Empirical Case Study,2022
10.1086/717350,Learning before Trading: On the Inefficiency of Ignoring Free Information,2022
10.1086/717351,Demand for Online News under Government Control: Evidence from Russia,2022
10.1086/717453,The Effects of Banking Competition on Growth and Financial Stability: Evidence from the National Banking Era,2022
10.1086/717454,Equilibrium Bid-Price Dispersion,2022
10.1086/717455,Elite Capture of Foreign Aid: Evidence from Offshore Bank Accounts,2022
10.1086/717570,"JPE Turnaround Times, Previous Two Years",2021
10.1086/717571,Index to Volume 129,2021
10.1086/717631,Front Matter,2021
10.1086/717632,Recent Referees,2021
10.1086/717633,Back Cover,2021
10.1086/717890,"Are There Too Many Farms in the World? Labor Market Transaction Costs, Machine Capacities, and Optimal Farm Size",2022
10.1086/717891,How Much Does Your Boss Make? The Effects of Salary Comparisons,2022
10.1086/717892,Ordinary Least Squares Estimation of the Intrahousehold Distribution of Expenditure,2022
10.1086/717893,Welfare Reform and the Intergenerational Transmission of Dependence,2022
10.1086/717894,"Monopoly Pricing, Optimal Randomization, and Resale",2022
10.1086/717895,Why Does Education Reduce Crime?,2022
10.1086/718191,Ordinal Centrality,2022
10.1086/718200,Cause and Effect in Political Polarization: A Dynamic Analysis,2022
10.1086/718224,Front Matter,2021
10.1086/718225,Recent Referees,2021
10.1086/718226,Back Cover,2021
10.1086/718311,"JPE Turnaround Times, Previous Two Years",2022
10.1086/718370,Good Reverberations? Teacher Influence in Music Composition since 1450,2022
10.1086/718371,Measuring the Completeness of Economic Models,2022
10.1086/718372,The Origin of the State: Land Productivity or Appropriability?,2022
10.1086/718378,Cost-Benefit Analysis in Reasoning,2022
10.1086/718791,"JPE Turnaround Times, Previous Two Years",2022
10.1086/718792,Front Matter,2022
10.1086/718793,Recent Referees,2022
10.1086/718794,Back Cover,2022
10.1086/718913,Detecting Large-Scale Collusion in Procurement Auctions,2022
10.1086/718914,The Gravity Equation in International Trade: A Response,2022
10.1086/718915,"Trade, Structural Transformation, and Development: Evidence from Argentina 1869–1914",2022
10.1086/718916,Bidding and Drilling under Uncertainty: An Empirical Analysis of Contingent Payment Auctions,2022
10.1086/718917,The Gravity Equation in International Trade: A Note,2022
10.1086/718934,"Self-Fulfilling Debt Crises, Revisited",2022
10.1086/718964,When Harry Fired Sally: The Double Standard in Punishing Misconduct,2022
10.1086/718982,Monetary Policy Communications and Their Effects on Household Inflation Expectations,2022
10.1086/718983,Preference Discovery in University Admissions: The Case for Dynamic Multioffer Mechanisms,2022
10.1086/718984,Signaling in Online Credit Markets,2022
10.1086/718985,"Organizational Capital, Corporate Leadership, and Firm Dynamics",2022
10.1086/719054,"JPE Turnaround Times, Previous Two Years",2022
10.1086/719113,Front Matter,2022
10.1086/719114,Recent Referees,2022
10.1086/719115,Back Cover,2022
10.1086/719276,Rationally Inattentive Behavior: Characterizing and Generalizing Shannon Entropy,2022
10.1086/719277,The Dynamics and Spillovers of Management Interventions: Evidence from the Training within Industry Program,2022
10.1086/719562,Front Matter,2022
10.1086/719563,Recent Referees,2022
10.1086/719564,Back Cover,2022
10.1086/719649,JPE Turnaround Times,2022
10.1086/719757,Reevaluating the Long-Term Impact of In Utero Exposure to the 1918 Influenza Pandemic,2022
10.1086/719758,"Bail-Ins and Bailouts: Incentives, Connectivity, and Systemic Stability",2022
10.1086/719759,The Origins of Firm Heterogeneity: A Production Network Approach,2022
10.1086/719760,Estimating an Equilibrium Model of Horizontal Competition in Education,2022
10.1086/719856,The Causal Impact of Removing Children from Abusive and Neglectful Homes,2022
10.1086/719908,Measuring the Private and Social Returns to R&amp;D: Unintended Spillovers versus Technology Markets,2022
10.1086/720072,Designing Incentives for Heterogeneous Researchers,2022
10.1086/720118,JPE Turnaround Times,2022
10.1086/720139,Asymmetric Information and Sovereign Debt: Theory Meets Mexican Data,2022
10.1086/720140,Sorting or Steering: The Effects of Housing Discrimination on Neighborhood Choice,2022
10.1086/720141,Instrumental Variable Identification of Dynamic Variance Decompositions,2022
10.1086/720145,Front Matter,2022
10.1086/720146,Recent Referees,2022
10.1086/720147,Back Cover,2022
10.1086/720332,The Allocation of Food to Food Banks,2022
10.1086/720393,The Economic Effects of Long-Term Climate Change: Evidence from the Little Ice Age,2022
10.1086/720394,Taxing Top Incomes in a World of Ideas,2022
10.1086/720395,Economic Preferences across Generations and Family Clusters: A Large-Scale Experiment in a Developing Country,2022
10.1086/720396,Dissecting the Equity Premium,2022
10.1086/720397,Minimum Wage and Individual Worker Productivity: Evidence from a Large US Retailer,2022
10.1086/720398,Child Development in Parent-Child Interactions,2022
10.1086/720399,Behavioral Foundations of Nested Stochastic Choice and Nested Logit,2022
10.1086/720457,Central Bank Digital Currency: Welfare and Policy Implications,2022
10.1086/720458,How Much Should We Trust the Dictator’s GDP Growth Estimates?,2022
10.1086/720459,"Caring or Pretending to Care? Social Impact, Firms’ Objectives, and Welfare",2022
10.1086/720460,"Cognitive Skills, Strategic Sophistication, and Life Outcomes",2022
10.1086/720461,Mismatch Cycles,2022
10.1086/720462,Persuasion via Weak Institutions,2022
10.1086/720463,Equilibrium Trade in Automobiles,2022
10.1086/720464,Non-Bayesian Persuasion,2022
10.1086/720465,Within-Firm Productivity Dispersion: Estimates and Implications,2022
10.1086/720466,Poor and Rational: Decision-Making under Scarcity,2022
10.1086/720467,The Effects of High-Skilled Immigration Policy on Firms: Evidence from Visa Lotteries,2022
10.1086/720514,Electoral Accountability and Control in US Cities,2022
10.1086/720515,Asset Management Contracts and Equilibrium Prices,2022
10.1086/720516,Exit versus Voice,2022
10.1086/720522,JPE Turnaround Times,2022
10.1086/720544,JPE Turnaround Times,2022
10.1086/720630,The Comparative Advantage of Firms,2022
10.1086/720631,Vertical Contracts with Endogenous Product Selection: An Empirical Analysis of Vendor Allowance Contracts,2022
10.1086/720754,Front Matter,2022
10.1086/720755,Recent Referees,2022
10.1086/720756,Back Cover,2022
10.1086/720763,Aggregate Implications of Changing Sectoral Trends,2022
10.1086/720764,Breaking the Cycle? Intergenerational Effects of an Antipoverty Program in Early Childhood,2022
10.1086/720793,Personalized Pricing and Consumer Welfare,2023
10.1086/720889,Optimal Cooperative Taxation in the Global Economy,2023
10.1086/720890,The Mechanics of the Industrial Revolution,2023
10.1086/720982,A Semistructural Methodology for Policy Counterfactuals,2023
10.1086/720984,Attraction versus Persuasion: Information Provision in Search Markets,2023
10.1086/720986,Collective Brand Reputation,2023
10.1086/720994,Front Matter,2022
10.1086/720995,Recent Referees,2022
10.1086/720996,Back Cover,2022
10.1086/721153,Getting Dynamic Implementation to Work,2023
10.1086/721230,The Performance of School Assignment Mechanisms in Practice,2023
10.1086/721271,Erratum: Self-Control at Work,2022
10.1086/721275,Front Matter,2022
10.1086/721276,Recent Referees,2022
10.1086/721277,Back Cover,2022
10.1086/721618,Costless Information and Costly Verification: A Case for Transparency,2023
10.1086/721619,Large-Scale Education Reform in General Equilibrium: Regression Discontinuity Evidence from India,2023
10.1086/721648,JPE Turnaround Times,2022
10.1086/721657,Sources of Wage Growth,2023
10.1086/721702,Consumption and Income Inequality in the United States since the 1960s,2023
10.1086/721732,Progressive Random Choice,2023
10.1086/721734,Mixture Choice Data: Revealing Preferences and Cognition,2023
10.1086/721735,What Do Employee Referral Programs Do? Measuring the Direct and Overall Effects of a Management Practice,2023
10.1086/721801,When Parents Decide: Gender Differences in Competitiveness,2023
10.1086/721827,Front Matter,2022
10.1086/721828,Recent Referees,2022
10.1086/721829,Back Cover,2022
10.1086/722088,Risk-Sharing Externalities,2023
10.1086/722089,Informationally Simple Incentives,2023
10.1086/722090,Social Networks with Unobserved Links,2023
10.1086/722092,"Race, Representation, and Local Governments in the US South: The Effect of the Voting Rights Act",2023
10.1086/722093,Distinctively Black Names and Educational Outcomes,2023
10.1086/722104,JPE Turnaround Times,2022
10.1086/722214,"Self-Fulfilling Prophecies, Quasi Nonergodicity, and Wealth Inequality",2023
10.1086/722224,Heterogeneity and Asset Prices: An Intergenerational Approach,2023
10.1086/722225,Asset Safety versus Asset Liquidity,2023
10.1086/722227,The Multidimensional Impact of Teachers on Students,2023
10.1086/722302,Front Matter,2022
10.1086/722303,Recent Referees,2022
10.1086/722304,Back Cover,2022
10.1086/722394,US Inequality and Fiscal Progressivity: An Intragenerational Accounting,2023
10.1086/722413,Tax Smoothing in Frictional Labor Markets:  A Comment,2023
10.1086/722414,"Common Ownership, Competition, and Top Management Incentives",2023
10.1086/722415,Partial Identification in Matching Models for the Marriage Market,2023
10.1086/722416,Tax Smoothing in Frictional Labor Markets: A Reply,2023
10.1086/722479,JPE Turnaround Times,2022
10.1086/722517,Bank Market Power and Central Bank Digital Currency: Theory and Quantitative Assessment,2023
10.1086/722765,Front Matter,2022
10.1086/722766,Recent Referees,2022
10.1086/722767,Back Cover,2022
10.1086/722926,JPE Turnaround Times,2022
10.1086/722930,Voluntary Interaction and the Principle of Mutual Benefit,2023
10.1086/722932,Pareto-Improving Segmentation of Multiproduct Markets,2023
10.1086/722933,The Mainstreaming of Marx: Measuring the Effect of the Russian Revolution on Karl Marx’s Influence,2023
10.1086/722934,Partial Default,2023
10.1086/722935,The Equilibrium Existence Duality,2023
10.1086/722936,The Lasting Effects of Early-Childhood Education on Promoting the Skills and Social Mobility of Disadvantaged African Americans and Their Children,2023
10.1086/722983,Learning and Money Adoption,2023
10.1086/722985,Keeping the Listener Engaged: A Dynamic Model of Bayesian Persuasion,2023
10.1086/722986,How Costly Are Markups?,2023
10.1086/723187,Front Matter,2022
10.1086/723188,Recent Referees,2022
10.1086/723189,Back Cover,2022
10.1086/723278,JPE Turnaround Times,2022
10.1086/723279,Index to Volume 130,2022
10.1086/723418,Front Matter,2022
10.1086/723419,Recent Referees,2022
10.1086/723420,Back Cover,2022
10.1086/723631,Recipes and Economic Growth: A Combinatorial March Down an Exponential Tail,2023
10.1086/723633,Optimal Deposit Insurance,2023
10.1086/723634,Determinacy without the Taylor Principle,2023
10.1086/723635,Pareto-Improving Optimal Capital and Labor Taxes,2023
10.1086/723636,Patent Publication and Innovation,2023
10.1086/723637,The Conservation Multiplier,2023
10.1086/723888,JPE Turnaround Times,2023
10.1086/724112,"Dynamic Bank Expansion: Spatial Growth, Financial Access, and Inequality",2023
10.1086/724113,Understanding Cross-Country Differences in Health Status and Expenditures: Health Prices Matter,2023
10.1086/724114,Identifying the Effect of Persuasion,2023
10.1086/724168,Front Matter,2023
10.1086/724169,Recent Referees,2023
10.1086/724170,Back Cover,2023
10.1086/724289,What Happened to US Business Dynamism?,2023
10.1086/724314,Firm-Embedded Productivity and Cross-Country Income Differences,2023
10.1086/724316,No Kin in the Game: Moral Hazard and War in the US Congress,2023
10.1086/724317,Fiscal Stimulus under Sovereign Risk,2023
10.1086/724318,The Stakeholder Corporation and Social Welfare,2023
10.1086/724319,"Trade, Technology, and Agricultural Productivity",2023
10.1086/724320,Returns to On-the-Job Soft Skills Training,2023
10.1086/724321,Collective Progress: Dynamics of Exit Waves,2023
10.1086/724322,Local Evidence and Diversity in Minipublics,2023
10.1086/724427,2023 Lucas Prize Announcement,2023
10.1086/724433,JPE Turnaround Times,2023
10.1086/724571,Sovereign Debt Ratchets and Welfare Destruction,2023
10.1086/724573,Multiproduct Cost Pass-Through: Edgeworth’s Paradox Revisited,2023
10.1086/724574,Multidimensional Premarital Investments with Imperfect Commitment,2023
10.1086/724575,"Information Acquisition, Efficiency, and Nonfundamental Volatility",2023
10.1086/724576,Incentives and Performance with Optimal Money Management Contracts,2023
10.1086/724738,Front Matter,2023
10.1086/724739,Recent Referees,2023
10.1086/724740,Back Cover,2023
10.1086/724802,JPE Turnaround Times,2023
10.1086/724852,Labor Market Conflict and the Decline of the Rust Belt,2023
10.1086/724860,Educational Attainment and Intergenerational Mobility: A Polygenic Score Analysis,2023
10.1086/725073,Front Matter,2023
10.1086/725074,Recent Referees,2023
10.1086/725075,Back Cover,2023
10.1086/725093,JPE Turnaround Times,2023
10.1086/725234,Erratum: Cooperative Property Rights and Development: Evidence from Land Reform in El Salvador,2023
10.1086/725235,Cooperative Property Rights and Development: Evidence from Land Reform in El Salvador: A Comment,2023
10.1086/725403,Front Matter,2023
10.1086/725404,Recent Referees,2023
10.1086/725405,Back Cover,2023
10.1086/725703,O-Ring Production Networks,2024
10.1086/725705,Evaluating the Success of the War on Poverty since 1963 Using an Absolute Full-Income Poverty Measure,2024
10.1086/725706,Spatial Influences in Upward Mobility,2024
10.1086/725707,Market Segmentation and Competition in Health Insurance,2024
10.1086/725723,JPE Turnaround Times,2023
10.1086/725792,Nobel Lecture: Multiple Equilibria,2023
10.1086/725793,Nobel Lecture: Financial Intermediaries and Financial Crises,2023
10.1086/726058,Front Matter,2023
10.1086/726059,Recent Referees,2023
10.1086/726171,JPE Turnaround Times,2023
10.1086/726230,The Finance Uncertainty Multiplier,2024
10.1086/726232,"Estimation of a Life-Cycle Model with Human Capital, Labor Supply, and Retirement",2024
10.1086/726234,The Global Distribution of College Graduate Quality,2024
10.1086/726235,Foreign Shocks as Granular Fluctuations,2024
10.1086/726236,Piercing through Opacity: Relationships and Credit Card Lending to Consumers and Small Businesses during Normal Times and the COVID-19 Crisis,2024
10.1086/726237,Investing with the Government: A Field Experiment in China,2024
10.1086/726238,The Human Capital–Reproductive Capital Trade-Off in Marriage Market Matching,2024
10.1086/726239,Cultural Values and Productivity,2024
10.1086/726348,Front Matter,2023
10.1086/726349,Recent Referees,2023
10.1086/726350,Front Matter,2023
10.1086/726395,JPE Turnaround Times,2023
10.1086/726703,Beyond the Balance Sheet Model of Banking: Implications for Bank Regulation and Monetary Policy,2024
10.1086/726704,The Life Cycle of Products: Evidence and Implications,2024
10.1086/726705,When It Rains It Pours: Cascading Uncertainty Shocks,
10.1086/726735,Recent Referees,2023
10.1086/726902,"Social Interactions, Mechanisms, and Equilibrium: Evidence from a Model of Study Time and Academic Achievement",2024
10.1086/726904,<i>Q</i>-Monetary Transmission,2024
10.1086/726905,Can Mentoring Alleviate Family Disadvantage in Adolescence? A Field Experiment to Improve Labor Market Prospects,2024
10.1086/726906,Algorithmic Pricing and Competition: Empirical Evidence from the German Retail Gasoline Market,2024
10.1086/726907,Plants in Space,2024
10.1086/726908,Are Economists’ Preferences Psychologists’ Personality Traits? A Structural Approach,2024
10.1086/726909,Optimal Bank Regulation in the Presence of Credit and Run Risk,2024
10.1086/727027,JPE Turnaround Times,2023
10.1086/727282,Persuasion for the Long Run,2024
10.1086/727284,A Theory of Stock Exchange Competition and Innovation: Will the Market Fix the Market?,2024
10.1086/727285,Improving the Organization of Knowledge in Production by Screening Problems,2024
10.1086/727286,Repricing Avalanches,2024
10.1086/727287,The Supply-Side Effects of Monetary Policy,2024
10.1086/727288,Impacts of a Large-Scale Parenting Program: Experimental Evidence from Chile,2024
10.1086/727289,The ABCs of Firm Heterogeneity When Firms Sort into Markets: The Case of Exporters,2024
10.1086/727351,Front Matter,2023
10.1086/727352,Recent Referees,2023
10.1086/727467,JPE Turnaround Times,2023
10.1086/727707,Mr. Keynes Meets the Classics: Government Spending and the Real Exchange Rate,2024
10.1086/727709,Competition and Information Leakage,2024
10.1086/727710,Mediated Collusion,2024
10.1086/727711,On the Joint Evolution of Culture and Political Institutions: Elites and Civil Society,2024
10.1086/727712,Financial Innovation in the Twenty-First Century: Evidence from US Patents,2024
10.1086/727713,Belief Overreaction and Stock Market Puzzles,2024
10.1086/727716,Front Matter,2023
10.1086/727717,Recent Referees,2023
10.1086/728106,Unobserved Inputs in Household Production,2024
10.1086/728108,"Consumer Search, Steering, and Choice Overload",2024
10.1086/728109,Augmenting State Capacity for Child Development: Experimental Evidence from India,2024
10.1086/728110,The Microgeography of Housing Supply,2024
10.1086/728111,Redistributive Allocation Mechanisms,2024
10.1086/728112,"Foreign Debt, Capital Controls, and Secondary Markets: Theory and Evidence from Nazi Germany",2024
10.1086/728386,Front Matter,2023
10.1086/728387,Recent Referees,2023
10.1086/728453,The Value of Arbitrage,2024
10.1086/728454,Careers in Firms: The Role of Learning about Ability and Human Capital Acquisition,2024
10.1086/728697,Are Older People Aware of Their Cognitive Decline? Misperception and Financial Decision-Making,2024
10.1086/728698,"Childcare Markets, Parental Labor Supply, and Child Development",2024
10.1086/728741,Income Inequality in the United States: Using Tax Data to Measure Long-Term Trends,2024
10.1086/728743,Granular Instrumental Variables,2024
10.1086/728744,Preschool Quality and Child Development,2024
10.1086/728745,Credible Persuasion,2024
10.1086/729065,"Credit Markets, Property Rights, and the Commons",2024
10.1086/729066,Tax Evasion and Capital Taxation,2024
10.1086/729067,Persuasion and Welfare,2024
10.1086/729068,Aftermarket Frictions and the Cost of Off-Platform Options in Centralized Assignment Mechanisms,2024
10.1086/729108,JPE Turnaround Times,2024
10.1086/729400,Front Matter,2024
10.1086/729401,Recent Referees,2024
10.1086/729443,The Effect of Incentives in Nonroutine Analytical Team Tasks,2024
10.1086/729445,The Morality of Markets,2024
10.1086/729446,A Ramsey Theory of Financial Distortions,2024
10.1086/729447,Bottlenecks for Evidence Adoption,2024
10.1086/729448,Consensus and Disagreement: Information Aggregation under (Not So) Naive Learning,2024
10.1086/729449,"Expectations, Infections, and Economic Activity",2024
10.1086/729450,The Effects of Combat Deployments on Veterans’ Outcomes,2024
10.1086/729578,"Strength in Numbers? Gender Composition, Leadership, and Women’s Influence in Teams",2024
10.1086/729580,Organizing for Collective Action: Olson Revisited,2024
10.1086/729581,Unbundling Quantitative Easing: Taking a Cue from Treasury Auctions,2024
10.1086/729582,Interpreting Trends in Intergenerational Mobility,2024
10.1086/729583,Can the Unemployed Borrow? Implications for Public Insurance,2024
10.1086/729748,JPE Turnaround Times,2024
10.1086/730066,Front Matter,2024
10.1086/730067,Recent Referees,2024
10.1086/730108,JPE Turnaround Times,2024
10.1086/730199,Is Money Essential? An Experimental Approach,2024
10.1086/730200,Misfortune and Mistake: The Financial Conditions and Decision-Making Ability of High-Cost Loan Borrowers,2024
10.1086/730201,"Strategic Inattention, Inflation Dynamics, and the Nonneutrality of Money",2024
10.1086/730203,Reputation Effects under Short Memories,2024
10.1086/730204,Out of the Darkness and into the Light? Development Effects of Rural Electrification,2024
10.1086/730205,Technology Adoption and Productivity Growth: Evidence from Industrialization in France,2024
10.1086/730206,Intergenerational Insurance,2024
10.1086/730207,Learning about the Long Run,2024
10.1086/730208,Clubs and Networks in Economics Reviewing,2024
10.1086/730318,Front Matter,2024
10.1086/730319,Recent Referees,2024
10.1086/730381,Prices and Policies in Opioid Markets,2024
10.1086/730383,Funding of Clinical Trials and Reported Drug Efficacy,2024
10.1086/730426,Big <i>G</i>,2024
10.1086/730544,Inferring Trade-Offs in University Admissions: Evidence from Cambridge,2024
10.1086/730546,Regulation of Organ Transplantation and Procurement: A Market-Design Lab Experiment,2024
10.1086/730547,Safe Assets,2024
10.1086/730548,Growth Off the Rails: Aggregate Productivity Growth in Distorted Economies,2024
10.1086/730549,Private Monopoly and Restricted Entry—Evidence from the Notary Profession,2024
10.1086/730550,The Network Origins of Entry,2024
10.1086/730551,Cadasters and Economic Growth: A Long-Run Cross-Country Panel,2024
10.1086/730561,Efficient Allocation of Indivisible Goods in Pseudomarkets with Constraints,2024
10.1086/730619,JPE Turnaround Times,2024
10.1086/730935,Front Matter,2024
10.1086/730936,Recent Referees,2024
10.1086/730939,JPE Turnaround Times,2024
10.1086/731409,Detecting Drivers of Behavior at an Early Age: Evidence from a Longitudinal Field Experiment,2024
10.1086/731411,Heterogeneity and Aggregate Fluctuations,2024
10.1086/731412,Selective-Memory Equilibrium,2024
10.1086/731413,(Near-)Substitute Preferences and Equilibria with Indivisibilities,2024
10.1086/731420,JPE Turnaround Times,2024
10.1086/731475,Front Matter,2024
10.1086/731476,Recent Referees,2024
10.1086/731721,Front Matter,2024
10.1086/731722,Recent Referees,2024
10.1086/731754,JPE Turnaround Times,2024
10.1086/732077,Front Matter,2024
10.1086/732078,Recent Referees,2024
10.1086/732218,Not a Flying Start after All? A Comment,2024
10.1086/732220,Still Flying: Reply to “Not a Flying Start after All?” by Lillebø et al.,2024
10.1086/732514,JPE Turnaround Times,2024
10.1086/732515,JPE Turnaround Times,2024
10.1086/732522,Endogenous Liquidity and Capital Reallocation,2025
10.1086/732524,The Bank of Amsterdam and the Limits of Fiat Money,2024
10.1086/732525,The Value of Information in Competitive Markets: Evidence from Small and Medium-Sized Enterprises,2025
10.1086/732526,College Attrition and the Dynamics of Information Revelation,2025
10.1086/732527,Mobility for All: Representative Intergenerational Mobility Estimates over the Twentieth Century,2025
10.1086/732528,Bubble Necessity Theorem,2025
10.1086/732529,Disequilibrium Play in Tennis,2025
10.1086/732530,"Occupational Choice, Matching, and Earnings Inequality",2025
10.1086/732531,The Intertemporal Keynesian Cross,2024
10.1086/732532,The Impact of Divorce Laws on the Equilibrium in the Marriage Market,2024
10.1086/732792,Front Matter,2024
10.1086/732793,Recent Referees,2024
10.1086/732884,The Impact of Working-Memory Training on Children’s Cognitive and Noncognitive Skills,2025
10.1086/732886,Enhancing Human Capital in Children: A Case Study on Scaling,2025
10.1086/732887,Long-Term Care Insurance and the Family,2025
10.1086/732888,Insider Imitation,2025
10.1086/732889,Contiguous Search: Exploration and Ambition on Uncharted Terrain,2025
10.1086/732890,Are Tax Cuts Contractionary at the Zero Lower Bound? Evidence from a Century of Data,2025
10.1086/732891,Sorting with Teams,2025
10.1086/732892,Borda’s Rule and Arrow’s Independence Condition,2025
10.1086/732893,Targeting Precision Medicine: Evidence from Prenatal Screening,2025
10.1086/733032,Front Matter,2024
10.1086/733033,Recent Referees,2024
10.1086/733134,JPE Turnaround Times,2024
10.1086/733236,Front Matter,2024
10.1086/733237,Recent Referees,2024
10.1086/733352,JPE Turnaround Times,2024
10.1086/733396,Estimating the Technology of Children’s Skill Formation,2025
10.1086/733398,Scooped! Estimating Rewards for Priority in Science,2025
10.1086/733419,The Effect of Gender Discrimination on Labor Supply,2025
10.1086/733420,Trade Policy Dynamics: Evidence from 60 Years of US-China Trade,2025
10.1086/733421,Why Do Couples and Singles Save during Retirement? Household Heterogeneity and Its Aggregate Implications,2025
10.1086/733422,Financial Product Design in Decentralized Markets,2025
10.1086/733423,Dissecting Mechanisms of Financial Crises: Intermediation and Sentiment,2025
10.1086/733424,Organizing Modular Production,2025
10.1086/733566,Front Matter,2024
10.1086/733567,Recent Referees,2024
10.1086/733588,Index to Volume 132,2024
10.1086/733974,JPE Turnaround Times,2024
10.1086/734078,Front Matter,2024
10.1086/734079,Recent Referees,2024
10.1086/734089,How the Wealth Was Won: Factor Shares as Market Fundamentals,
10.1086/734091,The Incredible Taylor Principle: A Comment,
10.1086/734092,Labor Market Returns to Personality: A Job Search Approach to Understanding Gender Gaps,
10.1086/734093,There’s More to Marriage Than Love: The Effect of Legal Status and Cultural Distance on Intermarriages and Separations,
10.1086/734094,Dynamic Gains from Trade Agreements with Intellectual Property Provisions,
10.1086/734125,Persuasion with Multiple Actions,
10.1086/734130,Subversive Conversations,
10.1086/734131,A Theory of Fiscal Responsibility and Irresponsibility,
10.1086/734132,"Market Structure, Investment, and Technical Efficiencies in Mobile Telecommunications",
10.1086/734133,Misconduct and Reputation under Imperfect Information,
10.1086/734134,Ambulance Taxis: The Impact of Regulation and Litigation on Health Care Fraud,
10.1086/734312,JPE Turnaround Times,2025
10.1086/734341,2025 Lucas Prize Announcement,2025
10.1086/734541,JPE Turnaround Times,2025
10.1086/734663,Front Matter,2025
10.1086/734664,Recent Referees,2025
10.1086/734722,Estimating an Auction Platform Game with Two-sided Entry,
10.1086/734724,Estimating Discrete Games with Many Firms and Many Decisions An Application to Merger and Product Variety,
10.1086/734725,"Climate Change, The Food Problem, and the Challenge of Adaptation through Sectoral Reallocation",
10.1086/734778,Induced Automation Innovation: Evidence from Firm-level Patent Data,
10.1086/734779,Policy Uncertainty in the Market for Coal Electricity: The Case of Air Toxics Standards,
10.1086/734780,Colluding Against Workers,
10.1086/734781,German Long-Term Health Insurance: Theory Meets Evidence,
10.1086/734870,Inattentive Economies,
10.1086/734872,Asymmetric Information Sharing in Oligopoly: A Natural Experiment in Retail Gasoline,
10.1086/734873,Policy Experimentation in China: The Political Economy of Policy Learning,
10.1086/734874,"More Laws, More Growth? Evidence from U.S. States",
10.1086/734875,Panics and Early Warnings,
10.1086/734876,The Welfare Effects of Gender-Inclusive Intellectual Property Creation: Evidence from Books,
10.1086/734877,Optimal Fiscal Policy With Heterogeneous Agents and Capital: Should We Increase or Decrease Public Debt and Capital Taxes?,
10.1086/734950,JPE Turnaround Times,2025
10.1086/735053,Front Matter,2025
10.1086/735054,Recent Referees,2025
10.1086/735506,"Soil Heterogeneity, Social Learning, and the Formation of Close-knit Communities",
10.1086/735508,Combating Political Corruption with Policy Bundles,
10.1086/735509,Bidding for Firms: Subsidy Competition in the U.S.,
10.1086/735510,Rising Markups and the Role of Consumer Preferences,
10.1086/735511,The Allocation of Incentives in Multi-Layered Organizations: Evidence from a Community Health Program in Sierra Leone,
10.1086/735512,Dynamic Pricing Regulation and Welfare in Insurance Markets,
10.1086/735513,Factor Models for Conditional Asset Pricing,
10.1086/735546,Front Matter,2025
10.1086/735547,Recent Referees,2025
10.1086/jpe.2002.110.issue-1,,2002
10.1086/jpe.2003.111.issue-5,,2003
10.1086/jpe.2003.111.issue-6,,2003
10.1086/jpe.2004.112.issue-1,,2004
10.1086/jpe.2004.112.issue-2,,2004
10.1086/jpe.2004.112.issue-3,,2004
10.1086/jpe.2004.112.issue-4,,2004
10.1086/jpe.2004.112.issue-5,,2004
10.1086/jpe.2004.112.issue-6,,2004
10.1086/jpe.2004.112.issue-s1,,2004
10.1086/jpe.2006.114.issue-2,,2006
10.1086/jpe.2006.114.issue-4,,2006
10.1086/686734
10.1086/686746
10.1086/686748
10.1086/686713
10.1086/686732
10.1086/686747
10.1086/686733
10.1086/687476
10.1086/688178
10.1086/688082
10.1086/688081
10.1086/688176
10.1086/688175
10.1086/688874
10.1086/688876
10.1086/688849
10.1086/688875
10.1086/688878
10.1086/688877
10.1086/688850
