DOI,Title,Published Date
10.1093/qje/115.1.i,Announcement,2000
10.1093/qje/115.3.iii,Announcement of the Winners of the Griliches Prize in Empirical Economics,2000
10.1093/qje/120.2.424,The Gift of the Dying: The Tragedy of AIDS and the Welfare of Future African Generations,2005
10.1093/qje/120.2.467,"Sexually Transmitted Infections, Sexual Behavior, and the HIV/AIDS Epidemic",2005
10.1093/qje/120.2.517,The Shape of Production Functions and the Direction of Technical Change,2005
10.1093/qje/120.2.551,"An Economic Analysis of ""Acting White""",2005
10.1093/qje/120.2.585,A Model of Add-On Pricing,2005
10.1093/qje/120.2.639,Money Illusion in the Stock Market: The Modigliani-Cohn Hypothesis,2005
10.1093/qje/120.2.669,The More the Merrier? The Effect of Family Size and Birth Order on Children's Education,2005
10.1093/qje/120.2.701,Competition and Innovation: an Inverted-U Relationship,2005
10.1093/qje/120.2.729,Ownership and Control in Outsourcing to China: Estimating the Property-Rights Theory of the Firm,2005
10.1093/qje/120.2.763,Owner-Occupied Housing as a Hedge Against Rent Risk,2005
10.1093/qje/120.3.1003,Air Pollution and Infant Health: What Can We Learn from California's Recent Experience?,2005
10.1093/qje/120.3.1031,The Costs of Low Birth Weight,2005
10.1093/qje/120.3.1085,"Precautionary Savings and Self-Selection: Evidence from the German Reunification ""Experiment""",2005
10.1093/qje/120.3.1121,Do Liquidation Values Affect Financial Contracts? Evidence from Commercial Loan Contracts and Zoning Regulation,2005
10.1093/qje/120.3.1155,"Partisan Competition, Growth, and the Franchise",2005
10.1093/qje/120.3.791,Dividend Taxes and Corporate Behavior: Evidence from the 2003 Dividend Tax Cut,2005
10.1093/qje/120.3.835,Do Leaders Matter? National Leadership and Growth Since World War II,2005
10.1093/qje/120.3.865,International Trade and Macroeconomic Dynamics with Heterogeneous Firms,2005
10.1093/qje/120.3.917,Social Preferences and the Response to Incentives: Evidence from Personnel Data,2005
10.1093/qje/120.3.963,Neighbors as Negatives: Relative Earnings and Well-Being,2005
10.1093/qje/121.1.1,The Distortionary Effects of Government Procurement: Evidence from Medicaid Prescription Drug Purchasing,2006
10.1093/qje/121.1.121,Emotional Agency,2006
10.1093/qje/121.1.157,"Earnings Manipulation, Pension Assumptions, and Managerial Investment Decisions",2006
10.1093/qje/121.1.197,Do Ads Influence Editors? Advertising and Bias in the Financial Media,2006
10.1093/qje/121.1.229,A Theory of Financing Constraints and Firm Dynamics,2006
10.1093/qje/121.1.267,Bargaining in the Shadow of the Law: Divorce Laws and Family Distress,2006
10.1093/qje/121.1.289,More Power to the Pill: The Impact of Contraceptive Freedom on Women's Life Cycle Labor Supply,2006
10.1093/qje/121.1.31,Offshoring in a Knowledge Economy,2006
10.1093/qje/121.1.79,How Do Friendships Form?,2006
10.1093/qje/121.4.1133,A Model of Reference-Dependent Preferences,2006
10.1093/qje/121.4.1167,Politics and Efficiency of Separating Capital and Ordinary Government Budgets,2006
10.1093/qje/121.4.1211,"Did Iraq Cheat the United Nations? Underpricing, Bribes, and the Oil for Food Program",2006
10.1093/qje/121.4.1249,How Elections Matter: Theory and Evidence from Environmental Policy,2006
10.1093/qje/121.4.1283,The Uncertainty Effect: When a Risky Prospect is Valued Less than its Worst Possible Outcome,2006
10.1093/qje/121.4.1311,Saving Incentives for Low- and Middle-Income Families: Evidence from a Field Experiment with H&amp;R Block,2006
10.1093/qje/121.4.1347,Fairness Perceptions and Reservation Wages--the Behavioral Effects of Minimum Wage Laws,2006
10.1093/qje/121.4.1383,Organization and Inequality in a Knowledge Economy,2006
10.1093/qje/121.4.1437,The Persistence of Early Childhood Maturity: International Evidence of Long-Run Age Effects,2006
10.1093/qje/121.4.1473,"Raising Children to Work Hard: Altruism, Work Norms, and Social Insurance",2006
10.1093/qje/qjaa001,"Optimal Spatial Policies, Geography, and Sorting*",2020
10.1093/qje/qjaa002,Acknowledgement of Referees,2020
10.1093/qje/qjaa003,Sequential Bargaining in the Field: Evidence from Millions of Online Bargaining Interactions*,2020
10.1093/qje/qjaa004,The Fall of the Labor Share and the Rise of Superstar Firms*,2020
10.1093/qje/qjaa005,Income Segregation and Intergenerational Mobility Across Colleges in the United States*,2020
10.1093/qje/qjaa006,A Unified Welfare Analysis of Government Policies*,2020
10.1093/qje/qjaa007,"Memory, Attention, and Choice*",2020
10.1093/qje/qjaa008,A Risk-Centric Model of Demand Recessions and Speculation*,2020
10.1093/qje/qjaa009,Financial Market Risk Perceptions and the Macroeconomy*,2020
10.1093/qje/qjaa010,Optimal Timing of Policy Announcements in Dynamic Election Campaigns*,2020
10.1093/qje/qjaa011,"Rational Inattention, Competitive Supply, and Psychometrics*",2020
10.1093/qje/qjaa012,What You See Is All There Is*,2020
10.1093/qje/qjaa013,Workplace Knowledge Flows*,2020
10.1093/qje/qjaa014,The Making of the Modern Metropolis: Evidence from London*,2020
10.1093/qje/qjaa015,God Insures those Who Pay? Formal Insurance and Religious Offerings in Ghana*,2020
10.1093/qje/qjaa016,Wages and the Value of Nonemployment*,2020
10.1093/qje/qjaa017,Quantifying the Gap Between Equilibrium and Optimum under Monopolistic Competition*,2020
10.1093/qje/qjaa018,Distortions in Production Networks*,2020
10.1093/qje/qjaa019,The Participation Dividend of Taxation: How Citizens in Congo Engage More with the State When it Tries to Tax Them*,2020
10.1093/qje/qjaa020,Misallocation in the Market for Inputs: Enforcement and the Organization of Production*,2020
10.1093/qje/qjaa021,"Earnings Dynamics, Changing Job Skills, and STEM Careers*",2020
10.1093/qje/qjaa022,Identifying Modern Macro Equations with Old Shocks*,2020
10.1093/qje/qjaa023,Randomizing Religion: the Impact of Protestant Evangelism on Economic Outcomes*,2020
10.1093/qje/qjaa024,Watering Down Environmental Regulation in China*,2020
10.1093/qje/qjaa025,The Effect of the Credit Crunch on Output Price Dynamics: The Corporate Inventory and Liquidity Management Channel*,2020
10.1093/qje/qjaa026,Rational Groupthink,2020
10.1093/qje/qjaa027,The Effects of Police Violence on Inner-City Students*,2020
10.1093/qje/qjaa028,Capital Obsolescence and Agricultural Productivity*,2020
10.1093/qje/qjaa029,Health Insurance and Mortality: Experimental Evidence from Taxpayer Outreach,2020
10.1093/qje/qjaa030,Anatomy of Corporate Borrowing Constraints*,2020
10.1093/qje/qjaa031,Minimum Wages and Racial Inequality*,2020
10.1093/qje/qjaa032,Crimes Against Morality: Unintended Consequences of Criminalizing Sex Work*,2020
10.1093/qje/qjaa033,Gender Differences in Job Search: Trading off COMMUTE AGAINST WAGE*,2020
10.1093/qje/qjaa034,Banking Crises Without Panics*,2020
10.1093/qje/qjaa035,The Use and Misuse of Coordinated Punishments*,2020
10.1093/qje/qjaa036,"Banking, Trade, and the Making of a Dominant Currency",2021
10.1093/qje/qjaa037,Unemployment Insurance and Job Search Behavior,2021
10.1093/qje/qjaa038,Labor in the Boardroom,2021
10.1093/qje/qjaa039,Building Resilient Health Systems: Experimental Evidence from Sierra Leone and The 2014 Ebola Outbreak*,2021
10.1093/qje/qjaa040,3G Internet and Confidence in Government,2021
10.1093/qje/qjaa041,Sweat Equity in U.S. Private Business*,2021
10.1093/qje/qjaa042,The Environmental Bias of Trade Policy*,2021
10.1093/qje/qjaa043,"Belief Movement, Uncertainty Reduction, and Rational Updating",2021
10.1093/qje/qjaa044,Supply Chain Disruptions: Evidence from the Great East Japan Earthquake*,2021
10.1093/qje/qjaa045,Managing Expectations: Instruments Versus Targets,2021
10.1093/qje/qjaa046,Who Gets a Second Chance? Effectiveness and Equity in Supervision of Criminal Offenders,2021
10.1093/qje/qjaa047,Does Integration Change Gender Attitudes? The Effect of Randomly Assigning Women to Traditionally Male Teams,2021
10.1093/qje/qjaa048,Competition and Relational Contracts in the Rwanda Coffee Chain,2021
10.1093/qje/qjab001,"Acknowledgement, The <i>Quarterly Journal of Economics</i> ,gratefully acknowledges the help of the people listed below who refereed four or more papers in 2020",2021
10.1093/qje/qjab002,The Micro-Level Anatomy of the Labor Share Decline*,2021
10.1093/qje/qjab003,Folklore,2021
10.1093/qje/qjab004,Medicaid and Mortality: New Evidence From Linked Survey and Administrative Data,2021
10.1093/qje/qjab005,Do You Know that I Know that You Know…? Higher-Order Beliefs in Survey Data,2021
10.1093/qje/qjab006,"O Brother, Where Start Thou? Sibling Spillovers on College and Major Choice in Four Countries",2021
10.1093/qje/qjab007,Indebted Demand,2021
10.1093/qje/qjab008,What do Consumers Consider Before They Choose? Identification from Asymmetric Demand Responses,2021
10.1093/qje/qjab009,Building Social Cohesion in Ethnically Mixed Schools: An Intervention on Perspective Taking,2021
10.1093/qje/qjab010,"Ownership, Learning, and Beliefs",2021
10.1093/qje/qjab011,Rate-Amplifying Demand and the Excess Sensitivity of Long-Term Rates,2021
10.1093/qje/qjab012,Unions and Inequality over the Twentieth Century: New Evidence from Survey Data,2021
10.1093/qje/qjab013,The Economic Consequences of Increasing Sleep Among the Urban Poor,2021
10.1093/qje/qjab014,Redrawing the Map of Global Capital Flows: The Role of Cross-Border Financing and Tax Havens,2021
10.1093/qje/qjab015,The Effects of Foreign Multinationals on Workers and Firms in the United States,2021
10.1093/qje/qjab016,Measuring the Equilibrium Impacts of Credit: Evidence from the Indian Microfinance Crisis,2021
10.1093/qje/qjab017,Mortality Effects and Choice Across Private Health Insurance Plans,2021
10.1093/qje/qjab018,Would Eliminating Racial Disparities in Motor Vehicle Searches have Efficiency Costs?,2021
10.1093/qje/qjab019,"Strict Id Laws Don’t Stop Voters: Evidence from a U.S. Nationwide Panel, 2008–2018",2021
10.1093/qje/qjab020,"The Investment Network, Sectoral Comovement, and the Changing U.S. Business Cycle",2021
10.1093/qje/qjab021,"Concessions, Violence, and Indirect Rule: Evidence from the Congo Free State",2021
10.1093/qje/qjab022,Taxation and Innovation in the Twentieth Century,2021
10.1093/qje/qjab023,Hall of Mirrors: Corporate Philanthropy and Strategic Advocacy,2021
10.1093/qje/qjab024,How to Sell Hard Information,2021
10.1093/qje/qjab025,Monetary Independence and Rollover Crises,2021
10.1093/qje/qjab026,"Flexible Wages, Bargaining, and the Gender Gap",2021
10.1093/qje/qjab027,"Affirmative Action, Mismatch, and Economic Mobility after California’s Proposition 209",2021
10.1093/qje/qjab028,Reallocation Effects of the Minimum Wage,2021
10.1093/qje/qjab029,The Allocation of Authority in Organizations: A Field Experiment with Bureaucrats,2021
10.1093/qje/qjab030,The Long-Run Impact of the Dissolution of the English Monasteries,2021
10.1093/qje/qjab031,Efficient Coding and Risky Choice,2021
10.1093/qje/qjab032,Quantifying the High-Frequency Trading “Arms Race”,2021
10.1093/qje/qjab033,Understanding Tax Policy: How do People Reason?,2021
10.1093/qje/qjab034,"Identity, Beliefs, and Political Conflict",2021
10.1093/qje/qjab035,Voluntary Regulation: Evidence from Medicare Payment Reform,2021
10.1093/qje/qjab036,"Brahmin Left Versus Merchant Right: Changing Political Cleavages in 21 Western Democracies, 1948–2020",2021
10.1093/qje/qjab039,Evidence on Job Search Models from a Survey of Unemployed Workers in Germany,2022
10.1093/qje/qjab040,The Costs of Employment Segregation: Evidence from the Federal Government Under Woodrow Wilson,2022
10.1093/qje/qjab041,Correlation Made Simple: Applications to Salience and Regret Theory,2022
10.1093/qje/qjab042,The Macroeconomics of Sticky Prices with Generalized Hazard Functions,2022
10.1093/qje/qjab043,Origins of the Opioid Crisis and its Enduring Impacts,2022
10.1093/qje/qjab045,Why Do People Stay Poor?,2022
10.1093/qje/qjab046,Diagnosing Physician Error: A Machine Learning Approach to Low-Value Health Care,2022
10.1093/qje/qjab047,Old Boys’ Clubs and Upward Mobility Among the Educational Elite,2022
10.1093/qje/qjab048,Selection with Variation in Diagnostic Skill: Evidence from Radiologists,2022
10.1093/qje/qjab049,Firm Organization with Multiple Establishments,2022
10.1093/qje/qjab050,Marginal Effects of Merit Aid for Low-Income Students,2022
10.1093/qje/qjac001,"War, Socialism, and the Rise of Fascism: an Empirical Exploration",2022
10.1093/qje/qjac002,Multinational Banks and Financial Stability,2022
10.1093/qje/qjac003,The Gender Gap in Self-Promotion,2022
10.1093/qje/qjac004,Dominant Currencies: How Firms Choose Currency Invoicing and Why it Matters,2022
10.1093/qje/qjac005,Hours and Wages,2022
10.1093/qje/qjac006,The Effects of Joining Multinational Supply Chains: New Evidence from Firm-to-Firm Linkages,2022
10.1093/qje/qjac007,Sovereign Bonds Since Waterloo,2022
10.1093/qje/qjac008,On the Effects of the Availability of Means of Payments: The Case of Uber,2022
10.1093/qje/qjac009,The Assessment Gap: Racial Inequalities in Property Taxation,2022
10.1093/qje/qjac010,The Slope of the Phillips Curve: Evidence from U.S. States,2022
10.1093/qje/qjac011,Acknowledgment of Referees,2022
10.1093/qje/qjac012,"Imports, Exports, and Earnings Inequality: Measures of Exposure and Estimates of Incidence",2022
10.1093/qje/qjac013,Smart Matching Platforms and Heterogeneous Beliefs in Centralized School Choice,2022
10.1093/qje/qjac014,The Quality and Efficiency of Public and Private Firms: Evidence from Ambulance Services,2022
10.1093/qje/qjac015,Competing Models,2022
10.1093/qje/qjac016,Reshaping Global Trade: The Immediate and Long-Run Effects of Bank Failures,2022
10.1093/qje/qjac017,Does Welfare Prevent Crime? the Criminal Justice Outcomes of Youth Removed from Ssi,2022
10.1093/qje/qjac018,Sexual Harassment and Gender Inequality in the Labor Market,2022
10.1093/qje/qjac019,Improving Management Through Worker Evaluations: Evidence from Auto Manufacturing,2022
10.1093/qje/qjac020,Valuing the Global Mortality Consequences of Climate Change Accounting for Adaptation Costs and Benefits,2022
10.1093/qje/qjac021,Price Discrimination by Negotiation: a Field Experiment in Retail Electricity,2022
10.1093/qje/qjac022,Labor Market Returns and the Evolution of Cognitive Skills: Theory and Evidence,2022
10.1093/qje/qjac023,Investing in Infants: the Lasting Effects of Cash Transfers to New Families,2022
10.1093/qje/qjac024,Systemic Discrimination Among Large U.S. Employers,2022
10.1093/qje/qjac025,Predictable Effects of Visual Salience in Experimental Decisions and Games,2022
10.1093/qje/qjac026,Army Service in the All-Volunteer Era,2022
10.1093/qje/qjac027,Economic Agents as Imperfect Problem Solvers,2022
10.1093/qje/qjac028,"New Deal, New Patriots: How 1930s Government Spending Boosted Patriotism During World War II",2022
10.1093/qje/qjac029,Increasing the Demand for Workers with a Criminal Record,2022
10.1093/qje/qjac030,Asset Specificity of Nonfinancial Firms,2022
10.1093/qje/qjac031,Memory and Probability,2022
10.1093/qje/qjac032,Corruption in Customs,2022
10.1093/qje/qjac033,Top Wealth in America: New Estimates Under Heterogeneous Returns,2022
10.1093/qje/qjac034,Improving Workplace Climate in Large Corporations: A Clustered Randomized Intervention,2022
10.1093/qje/qjac035,The Evolution of Access to Public Accommodations in the United States,2022
10.1093/qje/qjac036,The Long-Term Effects of Universal Preschool in Boston,2022
10.1093/qje/qjac037,Inflammatory Political Campaigns and Racial Bias in Policing,2022
10.1093/qje/qjac038,When Should You Adjust Standard Errors for Clustering?,2022
10.1093/qje/qjac039,Does Directed Innovation Mitigate Climate Damage? Evidence from U.S. Agriculture,2023
10.1093/qje/qjac040,Why do Borrowers Default on Mortgages?,2023
10.1093/qje/qjac041,Web of Power: How Elite Networks Shaped War and Politics in China,2023
10.1093/qje/qjac042,Welfare and Output With Income Effects and Taste Shocks,2023
10.1093/qje/qjac043,"Globalization, Trade Imbalances, and Labor Market Adjustment",2023
10.1093/qje/qjac044,Let the Worst One Fail: A Credible Solution to the Too-Big-To-Fail Conundrum,2023
10.1093/qje/qjac045,Learning from Shared News: When Abundant Information Leads to Belief Polarization,2023
10.1093/qje/qjac046,"Cutting the Innovation Engine: How Federal Funding Shocks Affect University Patenting, Entrepreneurship, and Publications",2023
10.1093/qje/qjac047,Use It or Lose It: Efficiency and Redistributional Effects of Wealth Taxation,2023
10.1093/qje/qjad001,The Refugee’s Dilemma: Evidence from Jewish Migration out of Nazi Germany,2023
10.1093/qje/qjad002,How do Campaigns Shape Vote Choice? Multicountry Evidence from 62 Elections and 56 TV Debates,2023
10.1093/qje/qjad003,The Fractured-Land Hypothesis,2023
10.1093/qje/qjad004,Market Power and Spatial Competition in Rural India,2023
10.1093/qje/qjad005,Misdemeanor Prosecution,2023
10.1093/qje/qjad006,The Political Economics of Green Transitions,2023
10.1093/qje/qjad007,Justifying Dissent,2023
10.1093/qje/qjad008,ACKNOWLEDGMENT OF REFEREES,2023
10.1093/qje/qjad009,Overreaction in Expectations: Evidence and Theory,2023
10.1093/qje/qjad010,The Geography of Unemployment,2023
10.1093/qje/qjad011,Visual Inference and Graphical Representation in Regression Discontinuity Designs,2023
10.1093/qje/qjad012,AI-tocracy,2023
10.1093/qje/qjad013,Imperfect Risk Sharing and the Business Cycle,2023
10.1093/qje/qjad014,The Other Great Migration: Southern Whites and the New Right,2023
10.1093/qje/qjad015,Cultural Distance and Conflict-Related Sexual Violence,2023
10.1093/qje/qjad016,Regulating Untaxable Externalities: Are Vehicle Air Pollution Standards Effective and Efficient?,2023
10.1093/qje/qjad017,Gender Differences in Job Search and the Earnings Gap: Evidence from the Field and Lab,2023
10.1093/qje/qjad018,Economic Consequences of Kinship: Evidence From U.S. Bans on Cousin Marriage,2023
10.1093/qje/qjad019,Labor Market Dynamics and Development,2023
10.1093/qje/qjad020,Seeing What is Representative,2023
10.1093/qje/qjad021,Children’s Indirect Exposure to the U.S. Justice System: Evidence From Longitudinal Links between Survey and Administrative Data,2023
10.1093/qje/qjad022,An Economic Framework for Vaccine Prioritization,2024
10.1093/qje/qjad023,Search Frictions and Efficiency in Decentralized Transport Markets,2023
10.1093/qje/qjad024,A Quantity-Driven Theory of Term Premia and Exchange Rates,2023
10.1093/qje/qjad025,Cognitive Uncertainty,2023
10.1093/qje/qjad026,Buyers’ Sourcing Strategies and Suppliers’ Markups in Bangladeshi Garments,2023
10.1093/qje/qjad027,A Fiscal Theory of Persistent Inflation,2023
10.1093/qje/qjad028,What We Teach About Race and Gender: Representation in Images and Text of Children’s Books,2023
10.1093/qje/qjad029,The Damages and Distortions from Discrimination in the Rental Housing Market,2023
10.1093/qje/qjad031,Predicting and Preventing Gun Violence: An Experimental Evaluation of READI Chicago,2024
10.1093/qje/qjad032,Trading Nontradables: The Implications of Europe’s Job-Posting Policy,2024
10.1093/qje/qjad035,A Denial a Day Keeps the Doctor Away,2024
10.1093/qje/qjad036,Representation and Extrapolation: Evidence from Clinical Trials,2024
10.1093/qje/qjad037,Measuring Welfare and Inequality with Incomplete Price Information,2024
10.1093/qje/qjad038,Measuring Welfare by Matching Households across Time,2024
10.1093/qje/qjad039,Measuring Growth in Consumer Welfare with Income-Dependent Preferences: Nonparametric Methods and Estimates for the United States,2024
10.1093/qje/qjad040,Does Taxing Business Owners Affect Employees? Evidence From A Change in the Top Marginal Tax Rate,2024
10.1093/qje/qjad041,"New Pricing Models, Same Old Phillips Curves?",2024
10.1093/qje/qjad042,Eviction and Poverty in American Cities,2024
10.1093/qje/qjad043,Inference on Winners,2024
10.1093/qje/qjad044,"Wealth of Two Nations: The U.S. Racial Wealth Gap, 1860–2020",2024
10.1093/qje/qjad045,Violence against Women at Work,2024
10.1093/qje/qjad046,"Grantmaking, Grading on a Curve, and the Paradox of Relative Evaluation in Nonmarkets",2024
10.1093/qje/qjad047,The Evolution of Market Power in the U.S. Automobile Industry,2024
10.1093/qje/qjad048,The Economic Impacts of COVID-19: Evidence from a New Public Database Built Using Private Sector Data,2024
10.1093/qje/qjad049,Monitoring for Waste: Evidence from Medicare Audits,2024
10.1093/qje/qjad050,A Retrieved-Context Theory of Financial Decisions,2024
10.1093/qje/qjad051,Organizational Structure and Pricing: Evidence from a Large U.S. Airline,2024
10.1093/qje/qjad052,The Impact of Public School Choice: Evidence from Los Angeles’s Zones of Choice,2024
10.1093/qje/qjad053,How Americans Respond to Idiosyncratic and Exogenous Changes in Household Wealth and Unearned Income,2024
10.1093/qje/qjad054,Logs with Zeros? Some Problems and Solutions,2024
10.1093/qje/qjad055,Machine Learning as a Tool for Hypothesis Generation,2024
10.1093/qje/qjae001,Worker Beliefs About Outside Options,2024
10.1093/qje/qjae002,Acknowledgment of Referees,2024
10.1093/qje/qjae003,Digital Collateral,2024
10.1093/qje/qjae004,The Role of the Ask Gap in Gender Pay Inequality,2024
10.1093/qje/qjae005,Answering the Call of Automation: How the Labor Market Adjusted to Mechanizing Telephone Operation,2024
10.1093/qje/qjae006,How the 1963 Equal Pay Act and 1964 Civil Rights Act Shaped the Gender Gap in Pay,2024
10.1093/qje/qjae007,Discrimination in Multiphase Systems: Evidence from Child Protection,2024
10.1093/qje/qjae008,"New Frontiers: The Origins and Content of New Work, 1940–2018",2024
10.1093/qje/qjae009,Understanding Markets with Socially Responsible Consumers,2024
10.1093/qje/qjae010,Land Security and Mobility Frictions,2024
10.1093/qje/qjae011,The Mortgage Piggy Bank: Building Wealth Through Amortization,2024
10.1093/qje/qjae012,The Ant and the Grasshopper: Seasonality and the Invention of Agriculture,2024
10.1093/qje/qjae013,Identifying Prediction Mistakes in Observational Data,2024
10.1093/qje/qjae014,Crowding in Private Quality: The Equilibrium Effects of Public Spending in Education,2024
10.1093/qje/qjae015,The Health Costs of Cost Sharing,2024
10.1093/qje/qjae016,The Lifetime Impacts of the New Deal's Youth Employment Program,2024
10.1093/qje/qjae017,Global Firms in Large Devaluations,2024
10.1093/qje/qjae018,Using Divide-and-Conquer to Improve Tax Collection,2024
10.1093/qje/qjae019,Evolution vs. Creationism in the Classroom: The Lasting Effects of Science Education,2024
10.1093/qje/qjae020,"Stories, Statistics, and Memory",2024
10.1093/qje/qjae021,Perceptions About Monetary Policy,2024
10.1093/qje/qjae022,The Dynamics of Abusive Relationships,2024
10.1093/qje/qjae023,Jim Crow and Black Economic Progress after Slavery,2024
10.1093/qje/qjae024,Optimal Resilience in Multitier Supply Chains,2024
10.1093/qje/qjae025,Social Signaling and Childhood Immunization: A Field Experiment in Sierra Leone,2024
10.1093/qje/qjae026,Present Bias Amplifies the Household Balance-Sheet Channels of Macroeconomic Policy,2025
10.1093/qje/qjae027,Measuring and Mitigating Racial Disparities in Tax Audits,2025
10.1093/qje/qjae028,Costs of Financing U.S. Federal Debt Under a Gold Standard: 1791-1933,2025
10.1093/qje/qjae029,"Mandatory Notice of Layoff, Job Search, and Efficiency",2025
10.1093/qje/qjae030,Believed Gender Differences in Social Preferences,2025
10.1093/qje/qjae031,The Long-Run Impacts of Public Industrial Investment on Local Development and Economic Mobility: Evidence from World War II,2025
10.1093/qje/qjae032,Overinference from Weak Signals and Underinference from Strong Signals,2025
10.1093/qje/qjae033,Trust at Scale: The Economic Limits of Cryptocurrencies and Blockchains,2025
10.1093/qje/qjae034,Reserves Were Not So Ample After All,2025
10.1093/qje/qjae035,LinkedOut? A Field Experiment on Discrimination in Job Network Formation,2025
10.1093/qje/qjae036,"War Reparations, Structural Change, and Intergenerational Mobility",2025
10.1093/qje/qjae037,A Welfare Analysis of Tax Audits Across the Income Distribution,2025
10.1093/qje/qjae038,Do Financial Concerns Make Workers Less Productive?,2025
10.1093/qje/qjae039,A Cognitive View of Policing,2025
10.1093/qje/qjae040,"The Global Race for Talent: Brain Drain, Knowledge Transfer, and Growth",2025
10.1093/qje/qjae041,Putting Quantitative Models to the Test: An Application to the U.S.-China Trade War,
10.1093/qje/qjae042,Teacher Labor Market Policy and the Theory of the Second Best,
10.1093/qje/qjae043,Cognitive Endurance as Human Capital,
10.1093/qje/qjae044,Generative AI at Work,
10.1093/qje/qjae045,The Effects of Medical Debt Relief: Evidence from Two Randomized Experiments,
10.1093/qje/qjae046,When Did Growth Begin? New Estimates of Productivity Growth in England from 1250 to 1870,
10.1093/qje/qjaf001,The Earnings and Labor Supply of U.S. Physicians,
10.1093/qje/qjaf002,The Diffusion of New Technologies,
10.1093/qje/qjaf004,Officer-Involved: The Media Language of Police Killings,
10.1093/qje/qjaf005,“Something Works” in U.S. Jails: Misconduct and Recidivism Effects of the IGNITE Program,
10.1093/qje/qjaf006,The Impact of Being Denied a Wanted Abortion on Women and Their Children,
10.1093/qje/qjaf007,Exploitation Through Racialization,
10.1093/qje/qjaf008,Wage Hysteresis and Entitlement Effects: The Persistent Impacts of a Temporary Overtime Policy,
10.1093/qje/qjaf009,Can Pollution Markets Work in Developing Countries? Experimental Evidence from India,
10.1093/qje/qjaf010,Race to the Bottom: Competition and Quality in Science,
10.1093/qje/qjaf011,The Long-Run Effects of America’s Largest Residential Racial Desegregation Program: Gautreaux,
10.1093/qje/qjaf012,A Monetary-Fiscal Theory of Sudden Inflations,
10.1093/qje/qjaf013,What Works and for Whom? Effectiveness and Efficiency of School Capital Investments Across the U.S.,
10.1093/qje/qjaf014,"The Race Between Education, Technology, and the Minimum Wage",
10.1093/qje/qjaf015,Micro MPCs and Macro Counterfactuals: The Case of the 2008 Rebates,
10.1093/qje/qje027,Reshaping Institutions: Evidence on Aid Impacts Using a Preanalysis Plan*,2012
10.1093/qje/qje029,The Organization of Firms Across Countries*,2012
10.1093/qje/qjq001,Comparing open and Sealed Bid Auctions: Evidence from Timber Auctions*,2011
10.1093/qje/qjq002,Macroeconomic Effects From Government Purchases and Taxes *,2011
10.1093/qje/qjq003,Estimating Cross-Country Differences in Product Quality*,2011
10.1093/qje/qjq004,Depression Babies: Do Macroeconomic Experiences Affect Risk Taking?*,2011
10.1093/qje/qjq005,The Role of Dispute Settlement Procedures in International Trade Agreements*,2011
10.1093/qje/qjq006,Financial Contracting Under Imperfect Enforcement,2011
10.1093/qje/qjq007,Outside and Inside Liquidity,2011
10.1093/qje/qjq008,Identifying Government Spending Shocks: It's all in the Timing*,2011
10.1093/qje/qjq009,The Real Costs of Credit Access: Evidence from the Payday Lending Market*,2011
10.1093/qje/qjq010,"Spring Cleaning: Rural Water Impacts, Valuation, and Property Rights Institutions*",2011
10.1093/qje/qjr001,Family Violence and Football: The Effect of Unexpected Emotional Cues on Violent Behavior*,2011
10.1093/qje/qjr002,"Identity, Morals, and Taboos: Beliefs as Assets *",2011
10.1093/qje/qjr008,Home Computer Use and the Development of Human Capital *,2011
10.1093/qje/qjr009,The Potato's Contribution to Population and Urbanization: Evidence From A Historical Experiment,2011
10.1093/qje/qjr011,"Immigration, Skill Mix, and Capital Skill Complementarity",2011
10.1093/qje/qjr012,"Fear of Fire Sales, Illiquidity Seeking, and Credit Freezes *",2011
10.1093/qje/qjr013,"Adjustment Costs, Firm Responses, and Micro vs. Macro Labor Supply Elasticities: Evidence from Danish Tax Records",2011
10.1093/qje/qjr014,Learning Self-Control *,2011
10.1093/qje/qjr015,Growth in the Shadow of Expropriation *,2011
10.1093/qje/qjr016,Legislative Bargaining with Reconsideration,2011
10.1093/qje/qjr017,Accountability and Flexibility in Public Schools: Evidence from Boston's Charters And Pilots,2011
10.1093/qje/qjr018,Social Structure and Development: A Legacy of the Holocaust in Russia,2011
10.1093/qje/qjr019,Intermediated Trade *,2011
10.1093/qje/qjr020,On the Long-Run Evolution of Inheritance: France 1820–2050 *,2011
10.1093/qje/qjr021,Multiproduct Firms and Trade Liberalization,2011
10.1093/qje/qjr022,Judicial Ingroup Bias in the Shadow of Terrorism *,2011
10.1093/qje/qjr025,The Logic of Political Violence,2011
10.1093/qje/qjr026,Procurement Contracting With Time Incentives: Theory and Evidence *,2011
10.1093/qje/qjr028,Position Auctions with Consumer Search,2011
10.1093/qje/qjr029,Why Do Mothers Breastfeed Girls Less than Boys? Evidence and Implications for Child Health in India,2011
10.1093/qje/qjr030,"Coups, Corporations, and Classified Information",2011
10.1093/qje/qjr031,Competition and Product Quality in the Supermarket Industry,2011
10.1093/qje/qjr032,Cash or Condition? Evidence from a Cash Transfer Experiment,2011
10.1093/qje/qjr033,Exports and Financial Shocks,2011
10.1093/qje/qjr034,Expectations as Endowments: Evidence on Reference-Dependent Preferences from Exchange and Valuation Experiments *,2011
10.1093/qje/qjr035,Information Technology and Economic Change: The Impact of The Printing Press *,2011
10.1093/qje/qjr036,"Better Schools, Less Crime? *",2011
10.1093/qje/qjr037,"The Role of Hospital Heterogeneity in Measuring Marginal Returns to Medical Care: A Reply to Barreca, Guldi, Lindo, and Waddell",2011
10.1093/qje/qjr038,Self-Enforcing Democracy,2011
10.1093/qje/qjr039,Learning by Drilling: Interfirm Learning and Relationship Persistence in the Texas Oilpatch *,2011
10.1093/qje/qjr041,How Does Your Kindergarten Classroom Affect Your Earnings? Evidence from Project Star,2011
10.1093/qje/qjr042,Saving Babies? Revisiting the effect of very low birth weight classification,2011
10.1093/qje/qjr043,Optimal Price Setting With Observation and Menu Costs,2011
10.1093/qje/qjr044,Ideological Segregation Online and Offline *,2011
10.1093/qje/qjr045,Financial Incentives and Student Achievement: Evidence from Randomized Trials *,2011
10.1093/qje/qjr046,The Geographic Concentration of Enterprise in Developing Countries,2011
10.1093/qje/qjr047,Erratum,2011
10.1093/qje/qjr048,A Dynamic Theory of Resource Wars,2012
10.1093/qje/qjr049,The Changing of the Boards: The Impact on Firm Valuation of Mandated Female Board Representation *,2012
10.1093/qje/qjr050,Testing for Altruism and Social Pressure in Charitable Giving,2012
10.1093/qje/qjr051,Export Prices Across Firms and Destinations,2012
10.1093/qje/qjr052,Earnings Determination and Taxes: Evidence From a Cohort-Based Payroll Tax Reform in Greece,2012
10.1093/qje/qjr053,Price Competition Under Limited Comparability,2012
10.1093/qje/qjr054,Monetary Policy as Financial Stability Regulation,2012
10.1093/qje/qjr055,Comparison Friction: Experimental Evidence from Medicare Drug Plans,2012
10.1093/qje/qjr056,Incentives and the De Soto Effect,2012
10.1093/qje/qjr057,How do Different Exporters React to Exchange Rate Changes?,2012
10.1093/qje/qjr058,"Long-Run Impacts of Unions on Firms: New Evidence from Financial Markets, 1961–1999 *",2012
10.1093/qje/qjs001,Variable Rare Disasters: An Exactly Solved Framework for Ten Puzzles in Macro-Finance *,2012
10.1093/qje/qjs002,Do Labor Market Opportunities Affect Young Women's Work and Family Decisions? Experimental Evidence from India *,2012
10.1093/qje/qjs003,Urbanization and Structural Transformation,2012
10.1093/qje/qjs008,How large is the Government Spending Multiplier? Evidence from World Bank Lending,2012
10.1093/qje/qjs009,A General Equilibrium Model of Sovereign Default and Business Cycles,2012
10.1093/qje/qjs010,The Effects of Extended Unemployment Insurance Over the Business Cycle: Evidence from Regression Discontinuity Estimates Over 20 Years,2012
10.1093/qje/qjs011,Portage and Path Dependence *,2012
10.1093/qje/qjs012,The Political Economy of Indirect Control *,2012
10.1093/qje/qjs013,The CMS Auction: Experimental Studies of a Median-Bid Procurement Auction with Nonbinding Bids,2012
10.1093/qje/qjs014,The Impact of Jury Race in Criminal Trials,2012
10.1093/qje/qjs015,The Collapse of the Soviet Union and the Productivity of American Mathematicians*,2012
10.1093/qje/qjs016,The Impact of Trade on Organization and Productivity*,2012
10.1093/qje/qjs017,The Role of Application Assistance and Information in College Decisions: Results from the H&amp;R Block Fafsa Experiment*,2012
10.1093/qje/qjs018,Salience Theory of Choice Under Risk,2012
10.1093/qje/qjs019,Persecution Perpetuated: The Medieval Origins of Anti-Semitic Violence in Nazi Germany*,2012
10.1093/qje/qjs020,The Oregon Health Insurance Experiment: Evidence from the First Year*,2012
10.1093/qje/qjs021,How Homophily Affects the Speed of Learning and Best-Response Dynamics,2012
10.1093/qje/qjs022,Capital Taxation During the U.S. Great Depression,2012
10.1093/qje/qjs023,"Debt, Deleveraging, and the Liquidity Trap: A Fisher-Minsky-Koo Approach*",2012
10.1093/qje/qjs024,The Effects of Fiscal Stimulus: Evidence from the 2009 Cash for Clunkers Program*,2012
10.1093/qje/qjs025,Dynamic Games with Asymmetric Information: A Framework for Empirical Work*,2012
10.1093/qje/qjs026,Subgame-Perfect Implementation Under Information Perturbations*,2012
10.1093/qje/qjs028,Hatred and Profits: Under the Hood of the Ku Klux Klan*,2012
10.1093/qje/qjs030,Wages and Human Capital in the U.S. Finance Industry: 1909–2006*,2012
10.1093/qje/qjs031,Reputation with Analogical Reasoning*,2012
10.1093/qje/qjs032,Market Power Screens Willingness-to-Pay*,2012
10.1093/qje/qjs033,Organization and Information: Firms’ Governance Choices in Rational-Expectations Equilibrium*,2012
10.1093/qje/qjs034,The Political Economy of Deforestation in the Tropics*,2012
10.1093/qje/qjs043,"A Revealed Preference Ranking of U.S. Colleges and Universities
*",2013
10.1093/qje/qjs044,"Does Management Matter? Evidence from India
*",2013
10.1093/qje/qjs045,Veiling*,2013
10.1093/qje/qjs046,Gender Discrimination in Job Ads: Evidence from China *,2013
10.1093/qje/qjs047,"Unconditional Convergence in Manufacturing
*",2013
10.1093/qje/qjs048,Long-Term Effects of Class Size *,2013
10.1093/qje/qjs049,A Model of Focusing in Economic Choice*,2013
10.1093/qje/qjs050,Human Capital and Regional Development *,2013
10.1093/qje/qjs051,Instantaneous Gratification *,2013
10.1093/qje/qjs052,How should inmates be released from prison? An assessment of parole versus fixed-sentence regimes *,2013
10.1093/qje/qjs053,Editorial Board,2013
10.1093/qje/qjs054,Editorial Board,2013
10.1093/qje/qjs055,Editorial Board,2013
10.1093/qje/qjs056,Editorial Board,2013
10.1093/qje/qjs057,The Quarterly Journal of Economics Volume 128 February 2013 Issue 1 - Front Cover,2013
10.1093/qje/qjs058,The Quarterly Journal of Economics Volume 128 May 2013 Issue 2 - Front Cover,2013
10.1093/qje/qjs059,The Quarterly Journal of Economics Volume 128 August 2013 Issue 3 - Front Cover,2013
10.1093/qje/qjs060,The Quarterly Journal of Economics Volume 128 November 2013 Issue 4 - Front Cover,2013
10.1093/qje/qjs065,Subscription Page,2013
10.1093/qje/qjs066,Subscription Page,2013
10.1093/qje/qjs067,Subscription Page,2013
10.1093/qje/qjs068,Subscription Page,2013
10.1093/qje/qjs069,Table of Content,2013
10.1093/qje/qjs070,Table of Content,2013
10.1093/qje/qjs071,Table of Content,2013
10.1093/qje/qjs072,Table of Content,2013
10.1093/qje/qjs073,"Proximity and Investment: Evidence from Plant-Level Data
*",2013
10.1093/qje/qjs074,Cooperation in Strategic Games Revisited*,2013
10.1093/qje/qjs075,A Price Theory of Vertical and Lateral Integration*,2013
10.1093/qje/qjs076,Redistributive Taxation in the Roy Model*,2013
10.1093/qje/qjs077,"A Political Theory of Populism
*",2013
10.1093/qje/qjt001,Do Labor Market Policies have Displacement Effects? Evidence from a Clustered Randomized Experiment *,2013
10.1093/qje/qjt002,"The Establishment-Level Behavior of Vacancies and Hiring
*",2013
10.1093/qje/qjt003,Monopolizing Violence and Consolidating Power*,2013
10.1093/qje/qjt004,"Using Notches to Uncover Optimization Frictions and Structural Elasticities: Theory and Evidence from Pakistan
*",2013
10.1093/qje/qjt005,"On the Origins of Gender Roles: Women and the Plough
*",2013
10.1093/qje/qjt006,Workplace Heterogeneity and the Rise of West German Wage Inequality*,2013
10.1093/qje/qjt007,Speculation and Risk Sharing with New Financial Assets*,2013
10.1093/qje/qjt008,Strengthening State Capabilities: The Role of Financial Incentives in the Call to Public Service*,2013
10.1093/qje/qjt009,The Economic Impact of Social Ties: Evidence from German Reunification*,2013
10.1093/qje/qjt010,How Safe Are Money Market Funds?*,2013
10.1093/qje/qjt011,Marriage Institutions and Sibling Competition: Evidence from South Asia*,2013
10.1093/qje/qjt012,The Missing Wealth of Nations: Are Europe and the U.S. net Debtors or net Creditors?*,2013
10.1093/qje/qjt013,Rules with Discretion and Local Information*,2013
10.1093/qje/qjt014,The Emergence of Political Accountability*,2013
10.1093/qje/qjt015,Duration Dependence and Labor Market Conditions: Evidence from a Field Experiment*,2013
10.1093/qje/qjt016,Do terms-of-trade effects matter for trade agreements? Theory and evidence from WTO Countries*,2013
10.1093/qje/qjt017,External Economies and International Trade Redux: Comment*,2013
10.1093/qje/qjt018,Fungibility and Consumer Choice: Evidence from Commodity Price Shocks*,2013
10.1093/qje/qjt019,Matching with Couples: Stability and Incentives in Large Markets*,2013
10.1093/qje/qjt020,"Household Balance Sheets, Consumption, and the Economic Slump*",2013
10.1093/qje/qjt021,Do Political Protests Matter? Evidence from the Tea Party Movement*,2013
10.1093/qje/qjt022,The Transitional Costs of Sectoral Reallocation: Evidence From the Clean Air Act and the Workforce*,2013
10.1093/qje/qjt023,Managerial Miscalibration*,2013
10.1093/qje/qjt024,Truth-telling by Third-party Auditors and the Response of Polluting Firms: Experimental Evidence from India*,2013
10.1093/qje/qjt025,"Inequality, the Urban-Rural Gap, and Migration*",2013
10.1093/qje/qjt026,"School Segregation, Educational Attainment, and Crime: Evidence from the End of Busing in Charlotte-Mecklenburg *",2014
10.1093/qje/qjt027,"Inflation Dynamics and Time-Varying Volatility: New Evidence and an Ss Interpretation
*",2014
10.1093/qje/qjt028,Valuing the Vote: The Redistribution of Voting Rights and State Funds following the Voting Rights Act of 1965 *,2014
10.1093/qje/qjt029,National Institutions and Subnational Development in Africa *,2014
10.1093/qje/qjt030,"Optimal money creation in “pure currency” economies: a conjecture
*",2014
10.1093/qje/qjt031,"The Employment Effects of Credit Market Disruptions: Firm-level Evidence from the 2008–9 Financial Crisis
*",2014
10.1093/qje/qjt032,The Global Decline of the Labor Share*,2014
10.1093/qje/qjt033,"Migration and Wage Effects of Taxing Top Earners: Evidence from the Foreigners’ Tax Scheme in Denmark
*",2014
10.1093/qje/qjt034,"Local Economic Development, Agglomeration Economies, and the Big Push: 100 Years of Evidence from the Tennessee Valley Authority *",2014
10.1093/qje/qjt035,“Last-Place Aversion”: Evidence and Redistributive Implications *,2014
10.1093/qje/qjt036,Editorial Board,2014
10.1093/qje/qjt037,The Quarterly Journal of Economics Volume 129 February 2014 Issue 1 - Front Cover,2014
10.1093/qje/qjt039,Subscription Page,2014
10.1093/qje/qjt040,Table of Content,2014
10.1093/qje/qjt041,Editorial Board,2014
10.1093/qje/qjt042,The Quarterly Journal of Economics Volume 129 May 2014 Issue 2 - Front Cover,2014
10.1093/qje/qjt044,Subscription Page,2014
10.1093/qje/qjt045,Table of Content,2014
10.1093/qje/qjt046,Editorial Board,2014
10.1093/qje/qjt047,The Quarterly Journal of Economics Volume 129 August 2014 Issue 3 - Front Cover,2014
10.1093/qje/qjt049,Subscription Page,2014
10.1093/qje/qjt050,Table of Content,2014
10.1093/qje/qjt051,Editorial Board,2014
10.1093/qje/qjt052,The Quarterly Journal of Economics Volume 129 November 2014 Issue 4 - Front Cover,2014
10.1093/qje/qjt054,Subscription Page,2014
10.1093/qje/qjt055,Table of Content,2014
10.1093/qje/qjt056,The Agricultural Productivity Gap *,2014
10.1093/qje/qjt057,"Generating Skilled Self-Employment in Developing Countries: Experimental Evidence from Uganda
*",2014
10.1093/qje/qju001,"International Prices and Endogenous Quality
*",2014
10.1093/qje/qju002,Agricultural Decisions after Relaxing Credit and Risk Constraints *,2014
10.1093/qje/qju003,"Inconsistent Regulators: Evidence from Banking
*",2014
10.1093/qje/qju004,"Regional Favoritism
*",2014
10.1093/qje/qju005,"Public Health Insurance, Labor Supply, and Employment Lock *",2014
10.1093/qje/qju006,International Trade and Institutional Change: Medieval Venice’s Response to Globalization*,2014
10.1093/qje/qju007,"Medieval Universities, Legal Institutions, and the Commercial Revolution *",2014
10.1093/qje/qju008,"Currency Unions, Product Introductions, and the Real Exchange Rate",2014
10.1093/qje/qju009,"Gender, Competitiveness, and Career Choices *",2014
10.1093/qje/qju010,"International Trade Puzzles: A Solution Linking Production and Preferences
*",2014
10.1093/qje/qju011,"Injecting Charter School Best Practices into Traditional Public Schools: Evidence from Field Experiments
*",2014
10.1093/qje/qju012,"Finance and the Preservation of Wealth
*",2014
10.1093/qje/qju013,"Active vs. Passive Decisions and Crowd-Out in Retirement Savings Accounts: Evidence from Denmark
*",2014
10.1093/qje/qju014,The Life Cycle of Plants in India and Mexico *,2014
10.1093/qje/qju015,"Learning Through Noticing: Theory and Evidence from a Field Experiment
*",2014
10.1093/qje/qju016,"Trade and the Topography of the Spatial Economy
*",2014
10.1093/qje/qju017,Axiomatization and Measurement of Quasi-Hyperbolic Discounting *,2014
10.1093/qje/qju018,Capital is Back: Wealth-Income Ratios in Rich Countries 1700–2010 *,2014
10.1093/qje/qju019,"Family Welfare Cultures
*",2014
10.1093/qje/qju020,Propaganda and Conflict: Evidence from the Rwandan Genocide *,2014
10.1093/qje/qju021,Extensive Imitation is Irrational and Harmful*,2014
10.1093/qje/qju022,Where is the land of Opportunity? The Geography of Intergenerational Mobility in the United States *,2014
10.1093/qje/qju023,"Evidence on Self-Stereotyping and the Contribution of Ideas
*",2014
10.1093/qje/qju024,A Sparsity-Based Model of Bounded Rationality *,2014
10.1093/qje/qju025,A Welfare Criterion For Models With Distorted Beliefs*,2014
10.1093/qje/qju026,"Trade Adjustment: Worker-Level Evidence
*",2014
10.1093/qje/qju027,Tax me if you can! Optimal Nonlinear Income Tax Between Competing Governments*,2014
10.1093/qje/qju028,"Ethnic Divisions and Production in Firms
*",2014
10.1093/qje/qju029,"Patents and Cumulative Innovation: Causal Evidence from the Courts
*",2015
10.1093/qje/qju030,"The Impact of Housing Assistance on Child Outcomes: Evidence from a Randomized Housing Lottery
*",2015
10.1093/qje/qju031,Do Markets Erode Social Responsibility? *,2015
10.1093/qje/qju032,"Does Working from Home Work? Evidence from a Chinese Experiment
*",2015
10.1093/qje/qju033,"The Psychological Effect of Weather on Car Purchases
*",2015
10.1093/qje/qju034,Optimal Regulation in the Presence of Reputation Concerns *,2015
10.1093/qje/qju035,"Waves in Ship Prices and Investment
*",2015
10.1093/qje/qju036,Very Long-Run Discount Rates *,2015
10.1093/qje/qju037,"Regulating Consumer Financial Products: Evidence from Credit Cards
*",2015
10.1093/qje/qju038,The Geography of Interstate Resource Wars *,2015
10.1093/qje/qju039,Editorial Board,2015
10.1093/qje/qju040,The Quarterly Journal of Economics Volume 130 February 2015 Issue 1 - Front Cover,2015
10.1093/qje/qju042,Subscription Page,2015
10.1093/qje/qju043,Table of Content,2015
10.1093/qje/qju044,Editorial Board,2015
10.1093/qje/qju045,The Quarterly Journal of Economics Volume 130 May 2015 Issue 2 - Front Cover,2015
10.1093/qje/qju047,Subscription Page,2015
10.1093/qje/qju048,Table of Content,2015
10.1093/qje/qju049,Editorial Board,2015
10.1093/qje/qju050,The Quarterly Journal of Economics Volume 130 August 2015 Issue 3 - Front Cover,2015
10.1093/qje/qju052,Subscription Page,2015
10.1093/qje/qju053,Table of Content,2015
10.1093/qje/qju054,Editorial Board,2015
10.1093/qje/qju055,The Quarterly Journal of Economics Volume 130 November 2015 Issue 4 - Front Cover,2015
10.1093/qje/qju057,Subscription Page,2015
10.1093/qje/qju058,Table of Content,2015
10.1093/qje/qjv001,"Gender Identity and Relative Income within Households
*",2015
10.1093/qje/qjv002,Does Religion Affect Economic Growth and Happiness? Evidence from Ramadan *,2015
10.1093/qje/qjv003,"Juvenile Incarceration, Human Capital, and Future Crime: Evidence from Randomly Assigned Judges *",2015
10.1093/qje/qjv004,"Education and Human Capital Externalities: Evidence from Colonial Benin
*",2015
10.1093/qje/qjv005,The Response of Drug Expenditure to Nonlinear Contract Design: Evidence from Medicare Part D *,2015
10.1093/qje/qjv006,"Aggregate Demand, Idle Time, and Unemployment *",2015
10.1093/qje/qjv007,"Comparative Advantage and Optimal Trade Policy
*",2015
10.1093/qje/qjv008,Experimentation in Federal Systems *,2015
10.1093/qje/qjv009,"Erratum: Note on Proposition 1(a-b) in Dal Bo, Finan and Rossi (2013)--Strengthening State Capabilities: The Role of Financial Incentives in the Call to Public Service, The Quarterly Journal of Economics 128 (3): 1169-1218",2015
10.1093/qje/qjv010,The Value of Hiring through Employee Referrals *,2015
10.1093/qje/qjv011,"Spending-Biased Legislators: Discipline Through Disagreement
*",2015
10.1093/qje/qjv012,Preventives Versus Treatments *,2015
10.1093/qje/qjv013,The Aggregate Effect of School Choice: Evidence from a Two-Stage Experiment in India *,2015
10.1093/qje/qjv014,Property Rights over Marital Transfers *,2015
10.1093/qje/qjv015,"Site Selection Bias in Program Evaluation
*",2015
10.1093/qje/qjv016,"International Liquidity and Exchange Rate Dynamics
*",2015
10.1093/qje/qjv017,Dollar Funding and the Lending Behavior of Global Banks*,2015
10.1093/qje/qjv018,"Price Coherence and Excessive Intermediation
*",2015
10.1093/qje/qjv019,"Financial Asset Holdings and Political Attitudes: Evidence from Revolutionary England
*",2015
10.1093/qje/qjv020,"Working over Time: Dynamic Inconsistency in Real Effort Tasks
*",2015
10.1093/qje/qjv021,How Does Peer Pressure Affect Educational Investments?,2015
10.1093/qje/qjv022,Coordination and Crisis in Monetary Unions*,2015
10.1093/qje/qjv023,"The Unfavorable Economics of Measuring the Returns to Advertising
*",2015
10.1093/qje/qjv024,Do Pharmacists Buy Bayer? Informed Shoppers and the Brand Premium *,2015
10.1093/qje/qjv025,Human Capital and Industrialization: Evidence from the Age of Enlightenment *,2015
10.1093/qje/qjv026,Why you Can’t Find a Taxi in the Rain and Other Labor Supply Lessons from Cab Drivers*,2015
10.1093/qje/qjv027,The High-Frequency Trading Arms Race: Frequent Batch Auctions as a Market Design Response *,2015
10.1093/qje/qjv028,The Skill Complementarity of Broadband Internet *,2015
10.1093/qje/qjv029,"Behavioral Hazard in Health Insurance
*",2015
10.1093/qje/qjv030,"Radio and the Rise of The Nazis in Prewar Germany
*",2015
10.1093/qje/qjv031,"Risk, Returns, and Multinational Production
*",2015
10.1093/qje/qjv032,"Dynamic Selection: An Idea Flows Theory of Entry, Trade, and Growth
            *",2016
10.1093/qje/qjv033,"Efficiency, Welfare, and Political Competition
            *",2016
10.1093/qje/qjv034,"The Effects of Youth Employment: Evidence from New York City Lotteries
            *",2016
10.1093/qje/qjv035,Political Centralization and Government Accountability *,2016
10.1093/qje/qjv036,The Effects of School Spending on Educational and Economic Outcomes: Evidence from School Finance Reforms *,2016
10.1093/qje/qjv037,"Learning from Inflation Experiences
            *",2016
10.1093/qje/qjv038,"Bargaining, Sorting, and the Gender Wage Gap: Quantifying the Impact of Firms on the Relative Pay of Women *",2016
10.1093/qje/qjv039,"A Unified Theory of Firm Selection and Growth
            *",2016
10.1093/qje/qjv040,"Rare Disasters and Exchange Rates
            *",2016
10.1093/qje/qjv041,Ghost-House Busters: The Electoral Response to a Large Anti–Tax Evasion Program *,2016
10.1093/qje/qjv042,"Tax Farming Redux: Experimental Evidence on Performance Pay for Tax Collectors
            *",2016
10.1093/qje/qjv043,The Quarterly Journal of Economics Volume 131 February 2016 Issue 1 - Front Cover,2016
10.1093/qje/qjv044,Editorial Board,2016
10.1093/qje/qjv045,Subscription Page,2016
10.1093/qje/qjv046,Table of Contents,2016
10.1093/qje/qjv047,Title Page,2016
10.1093/qje/qjv048,The Quarterly Journal of Economics Volume 131 May 2016 Issue 2 - Front Cover,2016
10.1093/qje/qjv049,Editorial Board,2016
10.1093/qje/qjv050,Subscription Page,2016
10.1093/qje/qjv051,Table of Contents,2016
10.1093/qje/qjv052,Title Page,2016
10.1093/qje/qjv053,The Quarterly Journal of Economics Volume 131 August 2016 Issue 3 - Front Cover,2016
10.1093/qje/qjv054,Editorial Board,2016
10.1093/qje/qjv055,Subscription Page,2016
10.1093/qje/qjv056,Table of Contents,2016
10.1093/qje/qjv057,Title Page,2016
10.1093/qje/qjv058,The Quarterly Journal of Economics Volume 131 November 2016 Issue 4 - Front Cover,2016
10.1093/qje/qjv059,Editorial Board,2016
10.1093/qje/qjv060,Subscription Page,2016
10.1093/qje/qjv061,Table of Contents,2016
10.1093/qje/qjv062,Title Page,2016
10.1093/qje/qjw001,"Wealth, Health, and Child Development: Evidence from Administrative Data on Swedish Lottery Players *",2016
10.1093/qje/qjw002,"Railroads and American Economic Growth: A “Market Access” Approach
*",2016
10.1093/qje/qjw003,"Lights, Camera … Income! Illuminating the National Accounts-Household Surveys Debate *",2016
10.1093/qje/qjw004,Wealth Inequality in the United States since 1913: Evidence from Capitalized Income Tax Data *,2016
10.1093/qje/qjw005,Economic Activity and the Spread of Viral Diseases: Evidence from High Frequency Data *,2016
10.1093/qje/qjw006,"Information, Misallocation, and Aggregate Productivity
*",2016
10.1093/qje/qjw007,"Product Design in Selection Markets
            *",2016
10.1093/qje/qjw008,A Typology of Players: Between Instinctive and Contemplative *,2016
10.1093/qje/qjw009,Measuring Income Tax Evasion Using Bank Credit: Evidence from Greece *,2016
10.1093/qje/qjw010,Rethinking the Effects of Financial Globalization *,2016
10.1093/qje/qjw011,Bayesian Networks and Boundedly Rational Expectations *,2016
10.1093/qje/qjw012,"Quantifying the Sources of Firm Heterogeneity
            *",2016
10.1093/qje/qjw013,"Measuring the Unequal Gains from Trade
            *",2016
10.1093/qje/qjw014,"Shocking Behavior: Random Wealth in Antebellum Georgia and Human Capital Across Generations
*",2016
10.1093/qje/qjw015,"Court Enforcement, Bank Loans, and Firm Investment: Evidence from a Bankruptcy Reform in Brazil
*",2016
10.1093/qje/qjw016,"Teacher Quality and Learning Outcomes in Kindergarten
*",2016
10.1093/qje/qjw017,"Decision Making Under the Gambler’s Fallacy: Evidence from Asylum Judges, Loan Officers, and Baseball Umpires
*",2016
10.1093/qje/qjw018,"Input Specificity and the Propagation of Idiosyncratic Shocks in Production Networks
*",2016
10.1093/qje/qjw019,"Field of Study, Earnings, and Self-Selection*",2016
10.1093/qje/qjw020,"Earthquakes, Religion, and Transition to Self-Government in Italian Cities*",2016
10.1093/qje/qjw021,Movers and Shakers*,2016
10.1093/qje/qjw022,Worms at Work: Long-run Impacts of a Child Health Investment*,2016
10.1093/qje/qjw023,"Sources of Geographic Variation in Health Care: Evidence From Patient
Migration*",2016
10.1093/qje/qjw024,Measuring Economic Policy Uncertainty*,2016
10.1093/qje/qjw025,"The Short-term Impact of Unconditional Cash Transfers to the Poor: Experimental
Evidence from Kenya*",2016
10.1093/qje/qjw026,"Adam Smith, Watch Prices, and the Industrial Revolution *",2016
10.1093/qje/qjw027,"Evaluating Public Programs with Close Substitutes: The Case of Head
Start*",2016
10.1093/qje/qjw028,The Liquidity Premium of Near-Money Assets*,2016
10.1093/qje/qjw029,Stereotypes*,2016
10.1093/qje/qjw030,News Shocks in Open Economies: Evidence from Giant Oil Discoveries*,2017
10.1093/qje/qjw031,The Real Effects of Liquidity During the Financial Crisis: Evidence from Automobiles*,2017
10.1093/qje/qjw032,"Labor Supply Shocks, Native Wages, and the Adjustment of Local Employment*",2017
10.1093/qje/qjw033,"Thinking, Fast and Slow? Some Field Experiments to Reduce Crime and Dropout in Chicago*",2017
10.1093/qje/qjw034,What is the Expected Return on the Market?*,2017
10.1093/qje/qjw035,"Firm Leverage, Consumer Demand, and Employment Losses During the Great Recession*",2017
10.1093/qje/qjw036,The Taxation of Superstars*,2017
10.1093/qje/qjw037,Global Production with Export Platforms*,2017
10.1093/qje/qjw038,Optimal Time-Consistent Government Debt Maturity*,2017
10.1093/qje/qjw039,Public Protests and Policy Making*,2017
10.1093/qje/qjw041,Fiscal Policy and Debt Management with Incomplete Markets*,2017
10.1093/qje/qjw042,Naïveté-Based Discrimination*,2017
10.1093/qje/qjw043,Multinational Firms and International Business Cycle Transmission*,2017
10.1093/qje/qjw044,Smart and Illicit: Who Becomes an Entrepreneur and Do They Earn More?*,2017
10.1093/qje/qjx008,The Rise of Domestic Outsourcing and the Evolution of the German Wage Structure*,2017
10.1093/qje/qjx011,Choose to Lose: Health Plan Choices from a Menu with Dominated Option*,2017
10.1093/qje/qjx012,Party Polarization in Legislatures with Office-Motivated Candidates*,2017
10.1093/qje/qjx013,"What does a Deductible Do? The Impact of Cost-Sharing on Health Care Prices, Quantities, and Spending Dynamics*",2017
10.1093/qje/qjx014,Credit-Market Sentiment and the Business Cycle*,2017
10.1093/qje/qjx015,Reference-Dependent Job Search: Evidence from Hungary*,2017
10.1093/qje/qjx016,Who Becomes A Politician?*,2017
10.1093/qje/qjx017,Household Debt and Business Cycles Worldwide*,2017
10.1093/qje/qjx018,Optimal Tax Progressivity: An Analytical Framework*,2017
10.1093/qje/qjx019,The Deposits Channel of Monetary Policy*,2017
10.1093/qje/qjx020,The Benefits of Forced Experimentation: Striking Evidence from the London Underground Network*,2017
10.1093/qje/qjx021,Uncertainty Traps*,2017
10.1093/qje/qjx022,The Growing Importance of Social Skills in the Labor Market*,2017
10.1093/qje/qjx023,Measuring the Sensitivity of Parameter Estimates to Estimation Moments*,2017
10.1093/qje/qjx024,Capital Allocation and Productivity in South Europe*,2017
10.1093/qje/qjx025,"Erratum to “Field of Study, Earnings, and Self-Selection”",2017
10.1093/qje/qjx026,"Clans, Guilds, and Markets: Apprenticeship Institutions and Growth in the Preindustrial Economy*",2018
10.1093/qje/qjx027,Do Banks Pass through Credit Expansions to Consumers Who want to Borrow?*,2018
10.1093/qje/qjx028,"Ban the Box, Criminal Records, and Racial Discrimination: A Field Experiment*",2018
10.1093/qje/qjx029,Tuskegee and the Health of Black Men*,2018
10.1093/qje/qjx030,"The Global Distribution of Economic Activity: Nature, History, and the Role of Trade1",2018
10.1093/qje/qjx031,A Model of the International Monetary System*,2018
10.1093/qje/qjx032,Human Decisions and Machine Predictions*,
10.1093/qje/qjx033,Cooperation in the Finitely Repeated Prisoner’s Dilemma*,2018
10.1093/qje/qjx034,Excess Volatility: Beyond Discount Rates*,2018
10.1093/qje/qjx035,"Preference for the Workplace, Investment in Human Capital, and Gender*",2018
10.1093/qje/qjx036,Erratum to “Leveraging Lotteries for School Value-Added: Testing and Estimation”,2017
10.1093/qje/qjx037,Nation Building Through Foreign Intervention: Evidence from Discontinuities in Military Strategies*,2018
10.1093/qje/qjx038,Social Mobility and Stability of Democracy: Reevaluating De Tocqueville*,2018
10.1093/qje/qjx039,Erratum to “The Short-Term Impact of Unconditional Cash Transfers to the Poor: Experimental Evidence from Kenya”,2017
10.1093/qje/qjx040,Double for Nothing? Experimental Evidence on an Unconditional Teacher Salary Increase in Indonesia*,2018
10.1093/qje/qjx041,The Morale Effects of Pay Inequality*,2018
10.1093/qje/qjx042,Discretion in Hiring*,2018
10.1093/qje/qjx043,Distributional National Accounts: Methods and Estimates for the United States*,2018
10.1093/qje/qjx044,Recommender Systems as Mechanisms for Social Learning*,2018
10.1093/qje/qjx045,Transparency and Deliberation Within the FOMC: A Computational Linguistics Approach*,2018
10.1093/qje/qjx046,Frontier Knowledge and Scientific Production: Evidence from the Collapse of International Science*,2018
10.1093/qje/qjx047,Human Capital and Development Accounting: New Evidence from Wage Gains at Migration*,2018
10.1093/qje/qjx048,Status Goods: Experimental Evidence from Platinum Credit Cards*,2018
10.1093/qje/qjx049,Interfirm Relationships and Business Performance*,2018
10.1093/qje/qjx050,Long-Range Growth: Economic Development in the Global Network of Air Links*,2018
10.1093/qje/qjy001,Ranking Firms Using Revealed Preference*,2018
10.1093/qje/qjy002,The Macroeconomic Effects of Government Asset Purchases: Evidence from Postwar U.S. Housing Credit Policy*,2018
10.1093/qje/qjy003,Divergent Paths: A New Perspective on Earnings Differences Between Black and White Men Since 1940,2018
10.1093/qje/qjy004,High-Frequency Identification of Monetary Non-Neutrality: The Information Effect*,2018
10.1093/qje/qjy005,Do Energy Efficiency Investments Deliver? Evidence from the Weatherization Assistance Program*,2018
10.1093/qje/qjy006,The Impacts of Neighborhoods on Intergenerational Mobility II: County-Level Estimates*,2018
10.1093/qje/qjy007,The Impacts of Neighborhoods on Intergenerational Mobility I: Childhood Exposure Effects*,2018
10.1093/qje/qjy008,Marginal Tax Rates and Income: New Time Series Evidence*,2018
10.1093/qje/qjy009,Should Buyers or Sellers Organize Trade in a Frictional Market?*,2018
10.1093/qje/qjy010,Political Advertising and Election Results*,2018
10.1093/qje/qjy011,Religious Competition and Reallocation: the Political Economy of Secularization in the Protestant Reformation*,2018
10.1093/qje/qjy012,Racial Bias in Bail Decisions*,2018
10.1093/qje/qjy013,Global Evidence on Economic Preferences*,2018
10.1093/qje/qjy014,Excess Sensitivity of High-Income Consumers*,2018
10.1093/qje/qjy015,What do Exporters Know?*,2018
10.1093/qje/qjy016,Missed Sales and the Pricing of Ancillary Goods*,2018
10.1093/qje/qjy017,The Elusive Costs of Inflation: Price Dispersion during the U.S. Great Inflation*,2018
10.1093/qje/qjy018,The Macro Effects of Unemployment Benefit Extensions: a Measurement Error Approach*,2019
10.1093/qje/qjy019,Consequences of the Clean Water Act and the Demand for Water Quality*,2019
10.1093/qje/qjy020,The Price Ain’t Right? Hospital Prices and Health Spending on the Privately Insured*,2019
10.1093/qje/qjy021,Regional Heterogeneity and the Refinancing Channel of Monetary Policy*,2019
10.1093/qje/qjy022,From Hyperinflation to Stable Prices: Argentina’s Evidence on Menu Cost Models*,2019
10.1093/qje/qjy023,Moral Hazard: Experimental Evidence from Tenancy Contracts*,2019
10.1093/qje/qjy024,"The Mission: Human Capital Transmission, Economic Persistence, and Culture in South America*",2019
10.1093/qje/qjy025,Firming Up Inequality*,2019
10.1093/qje/qjy026,Forward and Spot Exchange Rates in a Multi-Currency World*,2019
10.1093/qje/qjy027,Busting the “Princelings”: The Campaign Against Corruption in China’s Primary Land Market*,2019
10.1093/qje/qjy028,Who Becomes an Inventor in America? The Importance of Exposure to Innovation*,2019
10.1093/qje/qjy029,Channeling Fisher: Randomization Tests and the Statistical Insignificance of Seemingly Significant Experimental Results*,2019
10.1093/qje/qjy031,The Unequal Gains from Product Innovations: Evidence from the U.S. Retail Sector*,2019
10.1093/qje/qjy032,Household Time Use among Older Couples: Evidence and Implications for Labor Supply Parameters*,2019
10.1093/qje/qjy033,Exchange Arrangements Entering the Twenty-First Century: Which Anchor will Hold?*,2019
10.1093/qje/qjy034,Sell Low and Buy High: Arbitrage and Local Price Effects in Kenyan Markets*,2019
10.1093/qje/qjz001,"Kinship, Cooperation, and the Evolution of Moral Systems*",2019
10.1093/qje/qjz002,Protests as Strategic Games: Experimental Evidence from Hong Kong's Antiauthoritarian Movement*,2019
10.1093/qje/qjz003,"The More We Die, The More We Sell? A Simple Test of the Home-Market Effect*",2019
10.1093/qje/qjz004,Strategic Default in the International Coffee Market*,2019
10.1093/qje/qjz005,Industry Input in Policy Making: Evidence from Medicare*,2019
10.1093/qje/qjz006,"Ever Failed, Try Again, Succeed Better: Results from a Randomized Educational Intervention on Grit*",
10.1093/qje/qjz007,Acknowledgements,2019
10.1093/qje/qjz008,Implicit Stereotypes: Evidence from Teachers’ Gender Bias*,2019
10.1093/qje/qjz009,"Trade, Merchants, and the Lost Cities of the Bronze Age*",2019
10.1093/qje/qjz010,"Inputs, Incentives, and Complementarities in Education: Experimental Evidence from Tanzania*",2019
10.1093/qje/qjz011,Who Profits from Patents? Rent-Sharing at Innovative Firms*,2019
10.1093/qje/qjz012,"The Rate of Return on Everything, 1870–2015*",2019
10.1093/qje/qjz013,Take-Up and Targeting: Experimental Evidence from SNAP,2019
10.1093/qje/qjz014,The Effect of Minimum Wages on Low-Wage Jobs*,2019
10.1093/qje/qjz015,Food Deserts and the Causes of Nutritional Inequality*,2019
10.1093/qje/qjz017,"Regressive Sin Taxes, with an Application to the Optimal Soda Tax*",2019
10.1093/qje/qjz018,Liquidity Affects Job Choice: Evidence from Teach for America*,2019
10.1093/qje/qjz019,Uniform Pricing in U.S. Retail Chains*,2019
10.1093/qje/qjz020,Capitalists in the Twenty-First Century*,2019
10.1093/qje/qjz021,Firm-Level Political Risk: Measurement and Effects*,2019
10.1093/qje/qjz022,Promotions and the Peter Principle*,2019
10.1093/qje/qjz023,What do Workplace Wellness Programs do? Evidence from the Illinois Workplace Wellness Study*,2019
10.1093/qje/qjz024,Industrial Policies in Production Networks*,2019
10.1093/qje/qjz025,Shift-Share Designs: Theory and Inference*,2019
10.1093/qje/qjz026,How Wide Is the Firm Border?*,2019
10.1093/qje/qjz027,Cash and the Economy: Evidence from India’s Demonetization*,2020
10.1093/qje/qjz028,Diversification Through Trade*,2020
10.1093/qje/qjz029,Inflation Expectations and Firm Decisions: New Causal Evidence*,2020
10.1093/qje/qjz030,Productivity and Misallocation in General Equilibrium,2020
10.1093/qje/qjz031,Measuring Aggregate Price Indices with Taste Shocks: Theory and Evidence for CES Preferences*,2020
10.1093/qje/qjz032,Wealth Taxation and Wealth Accumulation: Theory and Evidence From Denmark*,2020
10.1093/qje/qjz033,Complementary Information and Learning Traps*,2020
10.1093/qje/qjz034,How Acquisitions Affect Firm Behavior and Performance: Evidence from the Dialysis Industry*,2020
10.1093/qje/qjz035,Are Referees and Editors in Economics Gender Neutral?*,2020
10.1093/qje/qjz036,The Return to Protectionism*,2020
10.1093/qje/qjz037,Combining Life and Health Insurance*,2020
10.1093/qje/qjz038,The Institutional Foundations of Religious Politics: Evidence from Indonesia*,2020
10.1093/qje/qjz039,Negotiating a Better Future: How Interpersonal Skills Facilitate Intergenerational Investment*,2020
10.1093/qje/qjz040,Identifying Sources of Inefficiency in Healthcare*,2020
10.1093/qje/qjz041,The Rise of Market Power and the Macroeconomic Implications*,2020
10.1093/qje/qjz042,Race and Economic Opportunity in the United States: an Intergenerational Perspective*,2020
10.1093/qje/qjz043,Choice Simplification: A Theory of Mental Budgeting and Naive Diversification*,2020
10.1093/qje/qjz044,Capital Accumulation and Structural Transformation*,2020
10.1162/003355300554656,What Marshall Didn't Know: On the Twentieth Century's Contributions to Economics*,2000
10.1162/003355300554665,Policy Boards and Policy Smoothing*,2000
10.1162/003355300554674,Causal Parameters and Policy Analysis in Economics: A Twentieth Century Retrospective*,2000
10.1162/003355300554683,Economic Imperialism,2000
10.1162/003355300554692,Monetary Policy Rules and Macroeconomic Stability: Evidence and Some Theory*,2000
10.1162/003355300554700,Rational Debate and One-Dimensional Conflict*,2000
10.1162/003355300554719,The Dynamics of Reorganization in Matching Markets: A Laboratory Experiment Motivated by A Natural Experiments*,2000
10.1162/003355300554728,Economic Profitability Versus Ecological Entropy*,2000
10.1162/003355300554737,The Nonneutrality of Monetary Policy with Large Price or Wage Setters*,2000
10.1162/003355300554746,Resolving Indeterminacy in Dynamic Settings: The Role of Shocks*,2000
10.1162/003355300554755,Efficient Auctions,2000
10.1162/003355300554764,Substitution and Dropout Bias in Social Experiments: A Study of an Influential Social Experiment,2000
10.1162/003355300554773,Investment-Cash Flow Sensitivities are Useful: A Comment on Kaplan and Zingales,2000
10.1162/003355300554782,Investment-Cash Flow Sensitivities Are Not Valid Measures of Financing Constraints,2000
10.1162/003355300554791,Erratum,2000
10.1162/003355300554809,"Land Reform, Poverty Reduction, and Growth: Evidence from India",2000
10.1162/003355300554818,Estimating the Labor Market Signaling Value of the GED,2000
10.1162/003355300554827,"Ability-Biased Technological Transition, Wage Inequality, and Economic Growth",2000
10.1162/003355300554836,Electoral Competition Under the Threat of Political Unrest,2000
10.1162/003355300554845,The Demand for Monitoring Technologies: The Case of Trucking,2000
10.1162/003355300554854,In a World Without Borders: The Impact of Taxes on Internet Commerce,2000
10.1162/003355300554863,Is Hospital Competition Socially Wasteful?,2000
10.1162/003355300554872,Are Recessions Good for Your Health?,2000
10.1162/003355300554881,Economics and Identity*,2000
10.1162/003355300554890,Work Environment and Individual Background: Explaining Regional Shirking Differentials in a Large Italian Firm*,2000
10.1162/003355300554908,An Economic Analysis of a Drug-Selling Gang's Finances*,2000
10.1162/003355300554917,Pay Enough or Don't Pay at All*,2000
10.1162/003355300554926,Measuring Trust*,2000
10.1162/003355300554935,Participation in Heterogeneous Communities*,2000
10.1162/003355300554944,"Sect, Subsidy, and Sacrifice: An Economist's View of Ultra-Orthodox Jews*",2000
10.1162/003355300554953,"""Beyond the Melting Pot"": Cultural Transmission, Marriage, and the Evolution of Ethnic and Religious Traits*",2000
10.1162/003355300554962,Reputation Effects and the Limits of Contracting: A Study of the Indian Software Industry*,2000
10.1162/003355300554971,Network Effects and Welfare Cultures*,2000
10.1162/003355300554980,Announcement,2000
10.1162/003355300554999,What Do We Know about Macroeconomics that Fisher and Wicksell Did Not?,2000
10.1162/003355300555006,Walrasian Economics in Retrospect,2000
10.1162/003355300555015,The Contributions of the Economics of Information to Twentieth Century Economics,2000
10.1162/003355300555024,The Razor's Edge: Distortions and Incremental Reform in the People's Republic of China,2000
10.1162/003355300555033,Current Accounts in Debtor and Creditor Countries,2000
10.1162/003355300555042,"Why Did the West Extend the Franchise? Democracy, Inequality, and Growth in Historical Perspective",2000
10.1162/003355300555051,Creative Destruction and Firm Organization Choice,2000
10.1162/003355300555060,The Effects of Class Size on Student Achievement: New Evidence from Population Variation,2000
10.1162/003355300555079,"Power Couples: Changes in the Locational Choice of the College Educated, 1940-1990",2000
10.1162/003355300555088,Different Paths to Free Trade: The Gains from Regionalism,2000
10.1162/003355300555097,Hospital Ownership and Public Medical Spending,2000
10.1162/00335530151144050,The Impact of Legalized Abortion on Crime,2001
10.1162/00335530151144069,Welfare and Macroeconomic Interdependence,2001
10.1162/00335530151144078,Social Mobility and the Demand for Redistribution: The Poum Hypothesis,2001
10.1162/00335530151144087,A Model of Financial Crises in Emerging Markets,2001
10.1162/00335530151144096,"Domestic Policies, National Sovereignty, and International Economic Institutions",2001
10.1162/00335530151144104,Productivity Differences,2001
10.1162/00335530151144113,Moving to Opportunity in Boston: Early Results of a Randomized Mobility Experiment,2001
10.1162/00335530151144122,Urban Poverty and Juvenile Crime: Evidence from a Randomized Housing-Mobility Experiment,2001
10.1162/00335530151144131,Peer Effects with Random Assignment: Results for Dartmouth Roommates,2001
10.1162/00335530151144140,Can Falling Supply Explain the Rising Return to College for Younger Men? A Cohort-Based Analysis,2001
10.1162/00335530151144159,A Model of Expertise,2001
10.1162/00335530152466232,Educational Production,2001
10.1162/00335530152466241,The Firm as a Dedicated Hierarchy: A Theory of the Origins and Growth of Firms,2001
10.1162/00335530152466250,Coase Versus the Coasians,2001
10.1162/00335530152466269,Are CEOs Rewarded for Luck? The Ones Without Principals Are,2001
10.1162/00335530152466278,"Elections, Governments, and Parliaments in Proportional Representation Systems",2001
10.1162/00335530152466287,The Impact of Young Workers on the Aggregate Labor Market,2001
10.1162/00335530152466296,Do Mergers Increase Product Variety? Evidence from Radio Broadcasting,2001
10.1162/00335530152466304,Competition among Exchanges,2001
10.1162/00335530152466313,"Welfare, the Earned Income Tax Credit, and the Labor Supply of Single Mothers",2001
10.1162/00335530152466322,Short-Run Expectational Coordination: Fixed Versus Flexible Wages,2001
10.1162/003355301556310,Prospect Theory and Asset Prices,2001
10.1162/003355301556329,Employer Learning and Statistical Discrimination,2001
10.1162/003355301556338,Discrimination in a Segmented Society: An Experimental Approach,2001
10.1162/003355301556347,Psychological Expected Utility Theory and Anticipatory Feelings,2001
10.1162/003355301556356,A Cue-Theory of Consumption,2001
10.1162/003355301556365,Choice and Procrastination,2001
10.1162/003355301556374,Status in Markets,2001
10.1162/003355301556383,A Simple Model of Voice,2001
10.1162/003355301556392,Institutional Investors and Equity Prices,2001
10.1162/003355301556400,"Boys will be Boys: Gender, Overconfidence, and Common Stock Investment",2001
10.1162/003355301556419,Which is the Fair Sex? Gender Differences in Altruism,2001
10.1162/003355301753265543,The Power of Suggestion: Inertia in 401(k) Participation and Savings Behavior,2001
10.1162/003355301753265552,All School Finance Equalizations are Not Created Equal,2001
10.1162/003355301753265561,Loss Aversion and Seller Behavior: Evidence from the Housing Market,2001
10.1162/003355301753265570,"Is Addiction ""Rational""? Theory and Evidence",2001
10.1162/003355301753265589,Sorting and Long-Run Inequality,2001
10.1162/003355301753265598,Government Versus Private Ownership of Public Goods,2001
10.1162/003355301753265606,The Impact of Mass Migration on the Israeli Labor Market,2001
10.1162/003355301753265615,Why Do Temporary Help Firms Provide Free General Skills Training?,2001
10.1162/003355301753265624,Skill-Biased Organizational Change? Evidence from A Panel of British and French Establishments,2001
10.1162/003355301753265633,Compensation Inequality,2001
10.1162/003355302320935007,Natural Selection and the Origin of Economic Growth,2002
10.1162/003355302320935016,Legal Origins,2002
10.1162/003355302320935025,Reversal of Fortune: Geography and Institutions in the Making of the Modern World Income Distribution,2002
10.1162/003355302320935034,Sticky Information versus Sticky Prices: A Proposal to Replace the New Keynesian Phillips Curve,2002
10.1162/003355302320935043,An Empirical Characterization of the Dynamic Effects of Changes in Government Spending and Taxes on Output,2002
10.1162/003355302320935052,Does Entry Regulation Hinder Job Creation? Evidence from the French Retail Industry,2002
10.1162/003355302320935061,The Political Economy of Government Responsiveness: Theory and Evidence from India,2002
10.1162/003355302320935070,Parties as Political Intermediaries,2002
10.1162/003355302320935089,Estimating the Payoff to Attending a More Selective College: An Application of Selection on Observables and Unobservables,2002
10.1162/003355302320935098,Competitive Pooling: Rothschild-Stiglitz Reconsidered,2002
10.1162/003355302753399436,The Regulation of Entry,2002
10.1162/003355302753399445,Relational Contracts and the Theory of the Firm,2002
10.1162/003355302753399454,Integration versus Outsourcing in Industry Equilibrium,2002
10.1162/003355302753399463,Ferreting out Tunneling: An Application to Indian Business Groups,2002
10.1162/003355302753399472,Do Liquidity Constraints and Interest Rates Matter for Consumer Behavior? Evidence from Credit Card Data,2002
10.1162/003355302753399481,Monotone Comparative Statics under Uncertainty,2002
10.1162/003355302753399490,"The Schooling of Southern Blacks: The Roles of Legal Activism and Private Philanthropy, 1910-1960",2002
10.1162/003355302753399508,Junior Can't Borrow: A New Perspective on the Equity Premium Puzzle,2002
10.1162/003355302753399517,"Technological Acceleration, Skill Transferability, and the Rise in Residual Inequality",2002
10.1162/003355302753399526,"Information Technology, Workplace Organization, and the Demand for Skilled Labor: Firm-Level Evidence",2002
10.1162/003355302753399535,Erratum,2002
10.1162/003355302753650274,Fear of Floating,2002
10.1162/003355302753650283,Currency Unions,2002
10.1162/003355302753650292,An Estimate of the Effect of Common Currencies on Trade and Income,2002
10.1162/003355302753650300,"Dollarization, Bailouts, and the Stability of the Banking System",2002
10.1162/003355302753650319,Global Implications of Self-Oriented National Monetary Rules,2002
10.1162/003355302753650328,Noise Trading and Exchange Rate Regimes,2002
10.1162/003355302753650337,A Theory of Insidious Regionalism,2002
10.1162/003355302753650346,Electoral Systems and Public Spending,2002
10.1162/003355302753650355,The World Income Distribution,2002
10.1162/003355302753650364,Emerging Market Spreads: Then versus Now,2002
10.1162/003355302760193887,A Memory-Based Model of Bounded Rationality,2002
10.1162/003355302760193896,Inference by Believers in the Law of Small Numbers,2002
10.1162/003355302760193904,Understanding Social Preferences with Simple Tests,2002
10.1162/003355302760193913,Self-Confidence and Personal Motivation,2002
10.1162/003355302760193922,Why Have Women Become Left-Wing? The Political Gender Gap and the Decline in Marriage,2002
10.1162/003355302760193931,The Economics of Roscas and Intrahousehold Resource Allocation,2002
10.1162/003355302760193940,How Do Sex Ratios Affect Marriage and Labor Markets? Evidence from America's Second Generation,2002
10.1162/003355302760193959,Optimal Income Transfer Programs: Intensive versus Extensive Labor Supply Responses,2002
10.1162/003355302760193968,Multilateral Contracting and the Employment Relationship,2002
10.1162/003355302760193977,Fiscal Policy with Noncontingent Debt and the Optimal Maturity Structure,2002
10.1162/003355303321675419,"The Rise and Fall of World Trade, 1870-1939",2003
10.1162/003355303321675428,The Effect of Information on Product Quality: Evidence from Restaurant Hygiene Grade Cards,2003
10.1162/003355303321675437,Courts,2003
10.1162/003355303321675446,Cowards and Heroes: Group Loyalty in the American Civil War,2003
10.1162/003355303321675455,Networks in the Modern Economy: Mexican Migrants in the U. S. Labor Market,2003
10.1162/003355303321675464,Economic Growth and the Rise of Forests,2003
10.1162/003355303321675473,Measuring The Reaction of Monetary Policy to the Stock Market,2003
10.1162/003355303321675482,College Education and the Midcentury GI Bills,2003
10.1162/003355303321675491,Human Capital Risk and Economic Growth,2003
10.1162/003355303321675509,Time-Inconsistent Preferences and Social Security,2003
10.1162/003355303322552775,Managing with Style: The Effect of Managers on Firm Policies,2003
10.1162/003355303322552784,Projection Bias in Predicting Future Utility,2003
10.1162/003355303322552793,Knife-Edge or Plateau: When Do Market Models Tip?,2003
10.1162/003355303322552801,The Skill Content of Recent Technological Change: An Empirical Exploration,2003
10.1162/003355303322552810,The Labor Demand Curve is Downward Sloping: Reexamining the Impact of Immigration on the Labor Market,2003
10.1162/003355303322552829,"Firms, Contracts, and Trade Structure",2003
10.1162/003355303322552838,The Case for Restricting Fiscal Policy Discretion,2003
10.1162/003355303322552847,Household Risk Management and Optimal Mortgage Choice,2003
10.1162/003355303322552856,Mother's Education and the Intergenerational Transmission of Human Capital: Evidence from College Openings,2003
10.1162/003355303322552865,The Long-Run Consequences of Living in a Poor Neighborhood,2003
10.1162/00335530360535135,"Income Inequality in the United States, 1913-1998",2003
10.1162/00335530360535144,Does Market Experience Eliminate Market Anomalies?,2003
10.1162/00335530360535153,"""Coherent Arbitrariness"": Stable Demand Curves Without Stable Preferences",2003
10.1162/00335530360535162,Corporate Governance and Equity Prices,2003
10.1162/00335530360535171,The Rise in the Disability Rolls and the Decline in Unemployment,2003
10.1162/00335530360535180,Who Must Pay Bribes and How Much? Evidence from a Cross Section of Firms,2003
10.1162/00335530360535199,Related Lending,2003
10.1162/00335530360535207,Macroeconomic Expectations of Households and Professional Forecasters,2003
10.1162/00335530360535216,The Role of Commitment in Dynamic Contracts: Evidence from Life Insurance,2003
10.1162/00335530360535225,Ethnic Enclaves and the Economic Success of Immigrants--Evidence from a Natural Experiment,2003
10.1162/00335530360698423,Bad Reputation,2003
10.1162/00335530360698432,The Role of Information and Social Interactions in Retirement Plan Decisions: Evidence from a Randomized Experiment,2003
10.1162/00335530360698441,Rotten Apples: An Investigation of the Prevalence and Predictors of Teacher Cheating,2003
10.1162/00335530360698450,Macroeconomic Effects of Regulation and Deregulation in Goods and Labor Markets,2003
10.1162/00335530360698469,"Persuasion Bias, Social Influence, and Unidimensional Opinions",2003
10.1162/00335530360698478,When Does the Market Matter? Stock Prices and the Investment of Equity-Dependent Firms,2003
10.1162/00335530360698487,Wealth Accumulation and the Propensity to Plan,2003
10.1162/00335530360698496,Performance in Competitive Environments: Gender Differences,2003
10.1162/00335530360698504,Social Security and Households' Saving,2003
10.1162/00335530360698513,The Impact of Air Pollution on Infant Mortality: Evidence from Geographic Variation in Pollution Shocks Induced by a Recession,2003
10.1162/0033553041382111,Contract Design and Self-Control: Theory and Evidence,2004
10.1162/0033553041382120,Local Capture: Evidence from a Central Government Transfer Program in Uganda,2004
10.1162/0033553041382139,Trade and Productivity,2004
10.1162/0033553041382148,Endogenous Political Institutions,2004
10.1162/0033553041382157,Kidney Exchange,2004
10.1162/0033553041382166,Static and Dynamic Effects of Health Policy: Evidence from the Vaccine Industry,2004
10.1162/0033553041382175,"Why did the Elites Extend the Suffrage? Democracy and the Scope of Government, with an Application to Britain's ""Age of Reform""",2004
10.1162/0033553041382184,"Product Differentiation, Search Costs, and Competition in the Mutual Fund Industry: A Case Study of S&amp;P 500 Index Funds",2004
10.1162/0033553041382193,Immigrating to Opportunity: Estimating the Effect of School Quality Using a Natural Experiment on Ethiopians in Israel,2004
10.1162/0033553041382201,Across-Product Versus Within-Product Specialization in International Trade,2004
10.1162/0033553041502135,Measuring Factor Adjustment Costs,2004
10.1162/0033553041502144,Market Size in Innovation: Theory and Evidence from the Pharmaceutical Industry,2004
10.1162/0033553041502153,Do Voters Affect or Elect Policies? Evidence from the U. S. House,2004
10.1162/0033553041502162,Does Local Financial Development Matter?,2004
10.1162/0033553041502171,"Investor Protection, Optimal Incentives, and Economic Growth",2004
10.1162/0033553041502180,The Causes and Consequences of Distinctively Black Names,2004
10.1162/0033553041502199,Getting Closer or Drifting Apart?,2004
10.1162/0033553041502207,Choosing How to Choose: Self-Stable Majority Rules and Constitutions,2004
10.1162/0033553041502216,"Booms, Busts, and Babies' Health",2004
10.1162/0033553041502225,A Cognitive Hierarchy Model of Games,2004
10.1162/0033553042476125,"Baby Booms and Drug Busts: Trends in Youth Drug use in the United States, 1975-2000",2004
10.1162/0033553042476134,Erratum,2004
10.1162/0033553042476143,"An Annual Index of U. S. Industrial Production, 1790-1915",2004
10.1162/0033553042476152,Contractibility and Asset Ownership: On-Board Computers and Governance in U. S. Trucking,2004
10.1162/0033553042476161,Bank Integration and State Business Cycles,2004
10.1162/0033553042476170,"Monetary Discretion, Pricing Complementarity, and Dynamic Multiple Equilibria",2004
10.1162/0033553042476189,Economic Impacts of New Unionization on Private Sector Employers: 1984-2001,2004
10.1162/0033553042476198,Tender Offers and Leverage,2004
10.1162/0033553042476206,Opportunistic Political Cycles: Test in a Young Democracy Setting,2004
10.1162/0033553042476215,The Regulation of Labor,2004
10.1162/0033553042476224,Mothers and Sons: Preference Formation and Female Labor Force Dynamics,2004
10.1162/003355304772839515,The Modern History of Exchange Rate Arrangements: A Reinterpretation,2004
10.1162/003355304772839524,The Nature and Extent of Discrimination in the Marketplace: Evidence from the Field,2004
10.1162/003355304772839533,Can Labor Regulation Hinder Economic Performance? Evidence from India,2004
10.1162/003355304772839542,Liquidity and Financial Market Runs,2004
10.1162/003355304772839551,Bundling as an Entry Barrier,2004
10.1162/003355304772839560,Radio's Impact on Public Spending,2004
10.1162/003355304772839579,Waiting to Persuade,2004
10.1162/003355304772839588,How Much Should We Trust Differences-In-Differences Estimates?,2004
10.1162/003355304772839597,The Fiscal Myth of the Price Level,2004
10.1162/003355304772839605,The Effect of Fixed Exchange Rates on Monetary Policy,2004
10.1162/0033553053327434,The Political Economy of Hatred,2005
10.1162/0033553053327443,Does Legal Enforcement Affect Financial Transactions? The Contractual Channel in Private Equity,2005
10.1162/0033553053327452,Measuring the Effects of Monetary Policy: A Factor-Augmented Vector Autoregressive (FAVAR) Approach,2005
10.1162/0033553053327461,"Fiscal Shenanigans, Targeted Federal Health Care Funds, and Patient Mortality",2005
10.1162/0033553053327470,Neighborhood Effects on Crime for Female and Male Youth: Evidence from a Randomized Housing Voucher Experiment,2005
10.1162/0033553053327489,Why are Most Funds Open-End? Competition and the Limits of Arbitrage,2005
10.1162/0033553053327498,Love and Money: A Theoretical and Empirical Analysis of Household Sorting and Inequality,2005
10.1162/0033553053327506,Profit Sharing and the Role of Professional Partnerships,2005
10.1162/0033553053327515,The Effect of Financial Development on Convergence: Theory and Evidence,2005
10.1162/0033553053327524,PPP Strikes Back: Aggregation And the Real Exchange Rate,2005
10.1162/0033553053970133,Money Illusion in the Stock Market: The Modigliani-Cohn Hypothesis*,2005
10.1162/0033553053970142,The Shape of Production Functions and the Direction of Technical Change*,2005
10.1162/0033553053970151,A Model of Add-On Pricing*,2005
10.1162/0033553053970160,"Sexually Transmitted Infections, Sexual Behavior, and The HIV/AIDS Epidemic*",2005
10.1162/0033553053970179,The More the Merrier? The Effect of Family Size and Birth Order on Children's Education*,2005
10.1162/0033553053970188,Ownership and Control in Outsourcing To China: Estimating the Property-Rights Theory Of the Firm*,2005
10.1162/0033553053970197,Owner-Occupied Housing as a Hedge Against Rent Risk*,2005
10.1162/0033553053970205,"An Economic Analysis of ""Acting White""*",2005
10.1162/0033553053970214,Competition and Innovation: An Inverted-U Relationship*,2005
10.1162/0033553053970223,The Gift of the Dying: The Tragedy of AIDS and the Welfare of Future African Generations*,2005
10.1162/003355305774268165,Do Leaders Matter? National Leadership and Growth Since World War II*,2005
10.1162/003355305774268174,Dividend Taxes and Corporate Behavior: Evidence From the 2003 Dividend Tax Cut*,2005
10.1162/003355305774268183,"Precautionary Savings and Self-Selection: Evidence from the German Reunification ""Experiment""*",2005
10.1162/003355305774268192,Social Preferences and the Response to Incentives: Evidence from Personnel Data*,2005
10.1162/003355305774268200,Do Liquidation Values Affect Financial Contracts? Evidence from Commercial Loan Contracts and Zoning Regulation*,2005
10.1162/003355305774268219,Air Pollution and Infant Health: What Can We Learn From California's Recent Experience?*,2005
10.1162/003355305774268228,The Costs of Low Birth Weight*,2005
10.1162/003355305774268237,"Partisan Competition, Growth, and the Franchise*",2005
10.1162/003355305774268246,International Trade and Macroeconomic Dynamics with Heterogeneous Firms*,2005
10.1162/003355305774268255,Neighbors as Negatives: Relative Earnings and Well-Being*,2005
10.1162/003355305775097489,The Politics of Public Provision of Education,2005
10.1162/003355305775097498,A Protectionist Bias in Majoritarian Politics,2005
10.1162/003355305775097506,The Politics of Bank Failures: Evidence from Emerging Markets,2005
10.1162/003355305775097515,Which Countries Have State Religions?,2005
10.1162/003355305775097524,Do Lenders Favor Politically Connected Firms? Rent Provision in an Emerging Financial Market,2005
10.1162/003355305775097533,Strategic Extremism: Why Republicans and Democrats Divide on Religious Values,2005
10.1162/003355305775097542,A Measure of Media Bias,2005
10.1162/003355305775097551,Majority Rules and Incentives,2005
10.1162/003355305775097560,Rent Destruction and the Political Viability of Free Trade Agreements,2005
10.1162/003355305775097579,The Extent of the Market and the Supply of Regulation,2005
10.1162/003355306776083482,Do Stronger Intellectual Property Rights Increase International Technology Transfer? Empirical Evidence from U. S. Firm-Level Panel Data,2006
10.1162/003355306776083491,More Power to the Pill: The Impact of Contraceptive Freedom on Women's Life Cycle Labor Supply,2006
10.1162/003355306776083509,Do Ads Influence Editors? Advertising and Bias in the Financial Media,2006
10.1162/003355306776083518,"Earnings Manipulation, Pension Assumptions, and Managerial Investment Decisions",2006
10.1162/003355306776083527,Offshoring in a Knowledge Economy,2006
10.1162/003355306776083536,The Distortionary Effects of Government Procurement: Evidence from Medicaid Prescription Drug Purchasing,2006
10.1162/003355306776083545,A Theory of Financing Constraints and Firm Dynamics,2006
10.1162/003355306776083554,Emotional Agency,2006
10.1162/003355306776083563,How Do Friendships Form?,2006
10.1162/003355306776083572,Bargaining in the Shadow of the Law: Divorce Laws and Family Distress,2006
10.1162/qjec.121.1.73,Disease and Development: Evidence from Hookworm Eradication in the American South,2007
10.1162/qjec.121.3.1029,"Speeding, Terrorism, and Teaching to the Test*",2006
10.1162/qjec.121.3.1063,HIV Breakthroughs and Risky Sexual Behavior*,2006
10.1162/qjec.121.3.1103,Menu Costs at Work: Restaurant Prices and the Introduction of the Euro*,2006
10.1162/qjec.121.3.783,"Pay, Reference Points, and Police Performance*",2006
10.1162/qjec.121.3.823,Rare Disasters and Asset Markets in the Twentieth Century*,2006
10.1162/qjec.121.3.867,Why Inflation Rose and Fell: Policy-Makers' Beliefs and U. S. Postwar Stabilization Policy*,2006
10.1162/qjec.121.3.903,Coalitional Rationalizability*,2006
10.1162/qjec.121.3.931,Television and Voter Turnout*,2006
10.1162/qjec.121.3.973,How Black Candidates Affect Voter Turnout*,2006
10.1162/qjec.121.3.999,The Origins of Intergenerational Associations: Lessons from Swedish Adoption Data*,2006
10.1162/qjec.121.4.0rf5,CONTENTS FOR VOLUME CXXI,2006
10.1162/qjec.121.4.1133,A Model of Reference-Dependent Preferences*,2006
10.1162/qjec.121.4.1167,Politics and Efficiency of Separating Capital and Ordinary Government Budgets*,2006
10.1162/qjec.121.4.1211,"Did Iraq Cheat the United Nations? Underpricing, Bribes, and the Oil for Food Program*",2006
10.1162/qjec.121.4.1249,How Elections Matter: Theory and Evidence from Environmental Policy*,2006
10.1162/qjec.121.4.1283,The Uncertainty Effect: When a Risky Prospect Is Valued Less Than Its Worst Possible Outcome,2006
10.1162/qjec.121.4.1311,Saving Incentives for Low- and Middle-Income Families: Evidence from a Field Experiment with H&amp;R Block,2006
10.1162/qjec.121.4.1347,Fairness Perceptions and Reservation Wages?The Behavioral Effects of Minimum Wage Laws*,2006
10.1162/qjec.121.4.1383,Organization and Inequality in a Knowledge Economy*,2006
10.1162/qjec.121.4.1437,The Persistence of Early Childhood Maturity: International Evidence of Long-Run Age Effects*,2006
10.1162/qjec.121.4.1473,"Raising Children to Work Hard: Altruism, Work Norms, and Social Insurance*",2006
10.1162/qjec.121.4.rf10,Referee,2006
10.1162/qjec.122.1.1,The Aggregate Effects of Health Insurance: Evidence from the Introduction of Medicare,2007
10.1162/qjec.122.1.119,How Large are the Effects from Changes in Family Environment? A Study of Korean American Adoptees,2007
10.1162/qjec.122.1.159,Does Head Start Improve Children's Life Chances? Evidence from a Regression Discontinuity Design,2007
10.1162/qjec.122.1.209,The Formation of Beliefs: Evidence from the Allocation of Land Titles to Squatters,2007
10.1162/qjec.122.1.243,Volatility and Development,2007
10.1162/qjec.122.1.289,Do Sunk Costs of Exporting Matter for Net Export Dynamics?,2007
10.1162/qjec.122.1.337,On Committees of Experts,2007
10.1162/qjec.122.1.373,Language and the Theory of the Firm,2007
10.1162/qjec.122.1.39,The Value of Life and the Rise in Health Spending,2007
10.1162/qjec.122.1.409,From the Cradle to the Labor Market? The Effect of Birth Weight on Adult Outcomes,2007
10.1162/qjec.122.2.441,A Measure of Segregation Based on Social Interactions,2007
10.1162/qjec.122.2.487,Optimal Taxation with Endogenous Insurance Markets,2007
10.1162/qjec.122.2.535,The Marginal Product of Capital,2007
10.1162/qjec.122.2.569,"Relationship-Specificity, Incomplete Contracts, and the Pattern of Trade",2007
10.1162/qjec.122.2.601,Dams,2007
10.1162/qjec.122.2.647,Inside the Family Firm: The Role of Families in Succession Decisions and Performance,2007
10.1162/qjec.122.2.693,"News Droughts, News Floods, and U. S. Disaster Relief",2007
10.1162/qjec.122.2.729,Incentives for Managers and Inequality among Workers: Evidence from a Firm-Level Experiment,2007
10.1162/qjec.122.2.775,Did Highways Cause Suburbanization?,2007
10.1162/qjec.122.2.807,Partisan Impacts on the Economy: Evidence from Prediction Markets and Close Elections,2007
10.1162/qjec.122.2.831,Consumption Commitments and Risk Preferences,2007
10.1162/qjec.122.3.1007,The Illusion of Sustainability,2007
10.1162/qjec.122.3.1067,Do Women Shy Away From Competition? Do Men Compete Too Much?,2007
10.1162/qjec.122.3.1103,"Selection, Growth, and the Size Distribution of Firms",2007
10.1162/qjec.122.3.1145,Reservation Wages and Unemployment Insurance,2007
10.1162/qjec.122.3.1187,The Fox News Effect: Media Bias and Voting,2007
10.1162/qjec.122.3.1235,Remedying Education: Evidence from Two Randomized Experiments in India,2007
10.1162/qjec.122.3.1265,Accounting for the Effect Of Health on Economic Growth,2007
10.1162/qjec.122.3.1307,"Price Discrimination, Copyright Law, and Technological Innovation: Evidence from the Introduction of DVDs",2007
10.1162/qjec.122.3.879,"The Digital Provide: Information (Technology), Market Performance, and Welfare in the South Indian Fisheries Sector",2007
10.1162/qjec.122.3.925,Optimal Fiscal Policy with Redistribution,2007
10.1162/qjec.122.3.969,Measuring Trends in Leisure: The Allocation of Time Over Five Decades,2007
10.1162/qjec.2000.115.issue-1,,2000
10.1162/qjec.2000.115.issue-2,,2000
10.1162/qjec.2000.115.issue-3,,2000
10.1162/qjec.2000.115.issue-4,,2000
10.1162/qjec.2001.116.issue-1,,2001
10.1162/qjec.2001.116.issue-2,,2001
10.1162/qjec.2001.116.issue-3,,2001
10.1162/qjec.2001.116.issue-4,,2001
10.1162/qjec.2002.117.issue-1,,2002
10.1162/qjec.2002.117.issue-2,,2002
10.1162/qjec.2002.117.issue-3,,2002
10.1162/qjec.2002.117.issue-4,,2002
10.1162/qjec.2003.118.issue-1,,2003
10.1162/qjec.2003.118.issue-2,,2003
10.1162/qjec.2003.118.issue-3,,2003
10.1162/qjec.2003.118.issue-4,,2003
10.1162/qjec.2004.119.issue-1,,2004
10.1162/qjec.2004.119.issue-2,,2004
10.1162/qjec.2004.119.issue-3,,2004
10.1162/qjec.2004.119.issue-4,,2004
10.1162/qjec.2005.120.1.1,PPP Strikes Back: Aggregation and the Real Exchange Rate*,2005
10.1162/qjec.2005.120.1.131,Profit Sharing And The Role Of Professional Partnerships*,2005
10.1162/qjec.2005.120.1.173,The Effect of Financial Development on Convergence: Theory and Evidence*,2005
10.1162/qjec.2005.120.1.223,Does Legal Enforcement Affect Financial Transactions? The Contractual Channel In Private Equity*,2005
10.1162/qjec.2005.120.1.247,Why Are Most Funds Open-End? Competition and the Limits of Arbitrage*,2005
10.1162/qjec.2005.120.1.273,Love and Money: A Theoretical and Empirical Analysis of Household Sorting and Inequality*,2005
10.1162/qjec.2005.120.1.345,"Fiscal Shenanigans, Targeted Federal Health Care Funds, and Patient Mortality*",2005
10.1162/qjec.2005.120.1.387,Measuring the Effects of Monetary Policy: A Factor-Augmented Vector Autoregressive (FAVAR) Approach*,2005
10.1162/qjec.2005.120.1.45,The Political Economy of Hatred*,2005
10.1162/qjec.2005.120.1.87,Neighborhood Effects on Crime for Female and Male Youth: Evidence From a Randomized Housing Voucher Experiment*,2005
10.1162/qjec.2005.120.issue-1,,2005
10.1162/qjec.2005.120.issue-2,,2005
10.1162/qjec.2005.120.issue-3,,2005
10.1162/qjec.2005.120.issue-4,,2005
10.1162/qjec.2006.121.1.1,The Distortionary Effects of Government Procurement: Evidence from Medicaid Prescription Drug Purchasing*,2006
10.1162/qjec.2006.121.1.121,Emotional Agency*,2006
10.1162/qjec.2006.121.1.157,"Earnings Manipulation, Pension Assumptions, and Managerial Investment Decisions*",2006
10.1162/qjec.2006.121.1.197,Do Ads Influence Editors? Advertising and Bias in the Financial Media*,2006
10.1162/qjec.2006.121.1.229,A Theory of Financing Constraints and Firm Dynamics*,2006
10.1162/qjec.2006.121.1.289,More Power to the Pill: The Impact of Contraceptive Freedom on Women's Life Cycle Labor Supply*,2006
10.1162/qjec.2006.121.1.31,Offshoring in a Knowledge Economy*,2006
10.1162/qjec.2006.121.1.321,Do Stronger Intellectual Property Rights Increase International Technology Transfer? Empirical Evidence from U. S. Firm-Level Panel Data*,2006
10.1162/qjec.2006.121.1.79,How do Friendships Form?*,2006
10.1162/qjec.2006.121.2.351,"The World Distribution of Income: Falling Poverty and ... Convergence, Period",2006
10.1162/qjec.2006.121.2.399,"Mandated Disclosure, Stock Returns, and the 1964 Securities Acts Amendments",2006
10.1162/qjec.2006.121.2.461,Institutional Investors and Stock Market Volatility,2006
10.1162/qjec.2006.121.2.505,"Shrouded Attributes, Consumer Myopia, and Information Suppression in Competitive Markets",2006
10.1162/qjec.2006.121.2.541,Globalization and the Gains From Variety,2006
10.1162/qjec.2006.121.2.587,Causes of Sprawl: A Portrait from Space,2006
10.1162/qjec.2006.121.2.635,Tying Odysseus to the Mast: Evidence From a Commitment Savings Product in the Philippines,2006
10.1162/qjec.2006.121.2.673,Gender Differences in Mate Selection: Evidence From a Speed Dating Experiment,2006
10.1162/qjec.2006.121.2.699,Belief in a Just World and Redistributive Politics,2006
10.1162/qjec.2006.121.2.747,Toward an Understanding of the Economics of Charity: Evidence from a Field Experiment,2006
10.1162/qjec.2006.121.issue-1,,2006
10.1162/qjec.2006.121.issue-2,,2006
10.1162/qjec.2006.121.issue-3,,2006
10.1162/qjec.2006.121.issue-4,,2006
10.1162/qjec.2007.122.4.1351,Measuring and Explaining Management Practices Across Firms and Countries,2007
10.1162/qjec.2007.122.4.1409,Socially Optimal Districting: A Theoretical and Empirical Exploration,2007
10.1162/qjec.2007.122.4.1473,Electoral Bias and Policy Choice: Theory and Evidence,2007
10.1162/qjec.2007.122.4.1511,Cash-on-Hand and Competing Models of Intertemporal Behavior: New Evidence from the Labor Market,2007
10.1162/qjec.2007.122.4.1561,Entitled to Work: Urban Property Rights and Labor Supply in Peru,2007
10.1162/qjec.2007.122.4.1603,What Do Parents Value in Education? An Empirical Investigation of Parents' Revealed Preferences for Teachers,2007
10.1162/qjec.2007.122.4.1639,Obtaining a Driver's License in India: An Experimental Approach to Studying Corruption,2007
10.1162/qjec.2007.122.4.1677,Does Social Security Privatization Produce Efficiency Gains?,2007
10.1162/qjec.2007.122.4.1721,"How Does Information Technology Affect Productivity? Plant-Level Comparisons of Product Innovation, Process Improvement, and Worker Skills",2007
10.1162/qjec.2007.122.4.1759,"Technology, Information, and the Decentralization of the Firm",2007
10.1162/qjec.2007.122.4.1801,Bequest and Tax Planning: Evidence from Estate Tax Returns,2007
10.1162/qjec.2007.122.4.ix,Referee List,2007
10.1162/qjec.2007.122.4.v,Contents for Volume CXXII,2007
10.1162/qjec.2007.122.issue-1,,2007
10.1162/qjec.2007.122.issue-2,,2007
10.1162/qjec.2007.122.issue-3,,2007
10.1162/qjec.2007.122.issue-4,,2007
10.1162/qjec.2008.123.1.1,Contracts as Reference Points<sup>*</sup>,2008
10.1162/qjec.2008.123.1.101,Betting on Hitler—The Value of Political Connections in Nazi Germany*,2008
10.1162/qjec.2008.123.1.139,The Long-Term Effects of Africa's Slave Trades<sup>*</sup>,2008
10.1162/qjec.2008.123.1.177,Tipping and the Dynamics of Segregation<sup>*</sup>,2008
10.1162/qjec.2008.123.1.219,Does Job Testing Harm Minority Workers? Evidence from Retail Establishments<sup>*</sup>,2008
10.1162/qjec.2008.123.1.279,Preschool Television Viewing and Adolescent Test Scores: Historical Evidence from the Coleman Study<sup>*</sup>,2008
10.1162/qjec.2008.123.1.325,Electoral Rules and Minority Representation in U.S. Cities<sup>*</sup>,2008
10.1162/qjec.2008.123.1.359,Systemic Crises and Growth<sup>*</sup>,2008
10.1162/qjec.2008.123.1.407,The Impact of Legalized Abortion on Crime: Comment<sup>*</sup>,2008
10.1162/qjec.2008.123.1.425,"Measurement Error, Legalized Abortion, and the Decline in Crime: A Response to Foote and Goetz<sup>*</sup>",2008
10.1162/qjec.2008.123.1.49,Why Has CEO Pay Increased So Much?<sup>*</sup>,2008
10.1162/qjec.2008.123.2.441,Estimating Trade Flows: Trading Partners and Trading Volumes<sup>*</sup>,2008
10.1162/qjec.2008.123.2.489,"Trade, Quality Upgrading, and Wage Inequality in the Mexican Manufacturing Sector<sup>*</sup>",2008
10.1162/qjec.2008.123.2.531,Sticky Borders<sup>*</sup>,2008
10.1162/qjec.2008.123.2.577,Coarse Thinking and Persuasion<sup>*</sup>,2008
10.1162/qjec.2008.123.2.621,Strategic Firms and Endogenous Consumer Emulation<sup>*</sup>,2008
10.1162/qjec.2008.123.2.663,"Dopamine, Reward Prediction Error, and Economics<sup>*</sup>",2008
10.1162/qjec.2008.123.2.703,Exposing Corrupt Politicians: The Effects of Brazil's Publicly Released Audits on Electoral Outcomes<sup>*</sup>,2008
10.1162/qjec.2008.123.2.747,Occupational Choice and the Spirit of Capitalism<sup>*</sup>,2008
10.1162/qjec.2008.123.2.795,First Do No Harm? Tort Reform and Birth Outcomes<sup>*</sup>,2008
10.1162/qjec.2008.123.2.831,The Church versus the Mall: What Happens When Religion Faces Increased Secular Competition?<sup>*</sup>,2008
10.1162/qjec.2008.123.3.1005,Investigating Inflation Persistence Across Monetary Regimes<sup>*</sup>,2008
10.1162/qjec.2008.123.3.1061,"Selection, Investment, and Women's Relative Wages Over Time<sup>*</sup>",2008
10.1162/qjec.2008.123.3.1111,The Limits of Equality: Insights from the Israeli Kibbutz<sup>*</sup>,2008
10.1162/qjec.2008.123.3.1161,Parental Guidance and Supervised Learning<sup>*</sup>,2008
10.1162/qjec.2008.123.3.1197,Economics and Politics of Alternative Institutional Reforms<sup>*</sup>,2008
10.1162/qjec.2008.123.3.1251,Missing Women and the Price of Tea in China: The Effect of Sex-Specific Earnings on Sex Imbalance<sup>*</sup>,2008
10.1162/qjec.2008.123.3.1287,"Women's Suffrage, Political Responsiveness, and Child Survival in American History<sup>*</sup>",2008
10.1162/qjec.2008.123.3.863,State-Dependent or Time-Dependent Pricing: Does It Matter for Recent U.S. Inflation?<sup>*</sup>,2008
10.1162/qjec.2008.123.3.905,The Scope of Cooperation: Values and Incentives<sup>*</sup>,2008
10.1162/qjec.2008.123.3.951,Does Hazardous Waste Matter? Evidence from the Housing Market and the Superfund Program<sup>*</sup>,2008
10.1162/qjec.2008.123.4.1329,Returns to Capital in Microenterprises: Evidence from a Field Experiment<sup>*</sup>,2008
10.1162/qjec.2008.123.4.1373,"Information, School Choice, and Academic Achievement: Evidence from Two Experiments<sup>*</sup>",2008
10.1162/qjec.2008.123.4.1415,Five Facts about Prices: A Reevaluation of Menu Cost Models<sup>*</sup>,2008
10.1162/qjec.2008.123.4.1465,Luther and Suleyman<sup>*</sup>,2008
10.1162/qjec.2008.123.4.1495,Cross-Border Returns Differentials<sup>*</sup>,2008
10.1162/qjec.2008.123.4.1531,Does Regionalism Affect Trade Liberalization toward NonMembers?<sup>*</sup>,2008
10.1162/qjec.2008.123.4.1577,Impacts of Entry by Counterfeiters<sup>*</sup>,2008
10.1162/qjec.2008.123.4.1611,How do Incumbents Respond to the Threat of Entry? Evidence from the Major Airlines<sup>*</sup>,2008
10.1162/qjec.2008.123.4.1635,Liquidation Values and the Credibility of Financial Contract Renegotiation: Evidence from U.S. Airlines<sup>*</sup>,2008
10.1162/qjec.2008.123.4.1679,Competing with the New York Stock Exchange<sup>*</sup>,2008
10.1162/qjec.2008.123.4.v,Contents for Volume CXXIII,2008
10.1162/qjec.2008.123.4.viii,Referee List,2008
10.1162/qjec.2008.123.issue-1,,2008
10.1162/qjec.2008.123.issue-3,,2008
10.1162/qjec.2008.123.issue-4,,2008
10.1162/qjec.2009.124.1.1,Performance Pay and Wage Inequality<sup>*</sup>,2009
10.1162/qjec.2009.124.1.105,Building Criminal Capital behind Bars: Peer Effects in Juvenile Corrections<sup>*</sup>,2009
10.1162/qjec.2009.124.1.149,"Foreign Know-How, Firm Control, and the Income of Developing Countries<sup>*</sup>",2009
10.1162/qjec.2009.124.1.197,Learning and Visceral Temptation in Dynamic Saving Experiments<sup>*</sup>,2009
10.1162/qjec.2009.124.1.233,Repeated Games with Frequent Signals<sup>*</sup>,2009
10.1162/qjec.2009.124.1.267,"Hold-Up, Asset Ownership, and Reference Points<sup>*</sup>",2009
10.1162/qjec.2009.124.1.301,Fight Or Flight? Portfolio Rebalancing by Individual Investors<sup>*</sup>,2009
10.1162/qjec.2009.124.1.349,Life Expectancy and Human Capital Investments: Evidence from Maternal Mortality Declines<sup>*</sup>,2009
10.1162/qjec.2009.124.1.399,Do Political Parties Matter? Evidence from U.S. Cities<sup>*</sup>,2009
10.1162/qjec.2009.124.1.423,Erratum,2009
10.1162/qjec.2009.124.1.51,Beyond Revealed Preference: Choice-Theoretic Foundations for Behavioral Welfare Economics<sup>*</sup>,2009
10.1162/qjec.2009.124.2.425,Conspicuous Consumption and Race<sup>*</sup>,2009
10.1162/qjec.2009.124.2.469,The Diffusion of Development<sup>*</sup>,2009
10.1162/qjec.2009.124.2.531,Was Weber Wrong? A Human Capital Theory of Protestant Economic History<sup>*</sup>,2009
10.1162/qjec.2009.124.2.597,Does Medicare Save Lives?<sup>*</sup>,2009
10.1162/qjec.2009.124.2.637,Do Higher Prices for New Goods Reflect Quality Growth or Inflation?<sup>*</sup>,2009
10.1162/qjec.2009.124.2.677,Does Movie Violence Increase Violent Crime?<sup>*</sup>,2009
10.1162/qjec.2009.124.2.735,Power to the People: Evidence from a Randomized Field Experiment on Community-Based Monitoring in Uganda<sup>*</sup>,2009
10.1162/qjec.2009.124.2.771,Explaining International Fertility Differences<sup>*</sup>,2009
10.1162/qjec.2009.124.2.809,Genetic Variation in Preferences for Giving and Risk Taking<sup>*</sup>,2009
10.1162/qjec.2009.124.2.843,Revisiting the German Wage Structure<sup>*</sup>,2009
10.1162/qjec.2009.124.2.883,The Vulnerability of Auctions to Bidder Collusion<sup>*</sup>,2009
10.1162/qjec.2009.124.3.1011,The Bond Market's<i>q</i><sup>*</sup>,2009
10.1162/qjec.2009.124.3.1057,The Power of TV: Cable Television and Women's Status in India<sup>*</sup>,2009
10.1162/qjec.2009.124.3.1095,Cultural Biases in Economic Exchange?<sup>*</sup>,2009
10.1162/qjec.2009.124.3.1133,Estimating the Impact of the Hajj: Religion and Tolerance in Islam's Global Gathering<sup>*</sup>,2009
10.1162/qjec.2009.124.3.1171,"Multinational Firms, FDI Flows, and Imperfect Capital Markets<sup>*</sup>",2009
10.1162/qjec.2009.124.3.1221,Price Setting During Low and High Inflation: Evidence from Mexico<sup>*</sup>,2009
10.1162/qjec.2009.124.3.1265,Job Displacement and Mortality: An Analysis Using Administrative Data<sup>*</sup>,2009
10.1162/qjec.2009.124.3.1307,Trust and Social Collateral<sup>*</sup>,2009
10.1162/qjec.2009.124.3.1363,How does Parental Leave Affect Fertility and Return to Work? Evidence from Two Natural Experiments<sup>*</sup>,2009
10.1162/qjec.2009.124.3.911,Sluggish Responses of Prices and Inflation to Monetary Shocks in an Inventory Model of Money Demand<sup>*</sup>,2009
10.1162/qjec.2009.124.3.969,<i>E-ZTAX</i>: Tax Salience and Tax Rates<sup>*</sup>,2009
10.1162/qjec.2009.124.4.1403,Misallocation and Manufacturing TFP in China and India<sup>*</sup>,2009
10.1162/qjec.2009.124.4.1449,The Consequences of Mortgage Credit Expansion: Evidence from the U.S. Mortgage Default Crisis<sup>*</sup>,2009
10.1162/qjec.2009.124.4.1497,Powerful Women: Does Exposure Reduce Bias?<sup>*</sup>,2009
10.1162/qjec.2009.124.4.1541,Women's Liberation: What's in It for Men?<sup>*</sup>,2009
10.1162/qjec.2009.124.4.1593,Superstar CEOs<sup>*</sup>,2009
10.1162/qjec.2009.124.4.1639,Optimal Defaults and Active Decisions<sup>*</sup>,2009
10.1162/qjec.2009.124.4.1675,Harvests and Business Cycles in Nineteenth-Century America<sup>*</sup>,2009
10.1162/qjec.2009.124.4.1729,Chernobyl's Subclinical Legacy: Prenatal Exposure to Radioactive Fallout and School Outcomes in Sweden<sup>*</sup>,2009
10.1162/qjec.2009.124.4.1773,How Robust Is the Folk Theorem?<sup>*</sup>,2009
10.1162/qjec.2009.124.4.1815,Directed Altruism and Enforced Reciprocity in Social Networks<sup>*</sup>,2009
10.1162/qjec.2009.124.4.1853,Are Durable Goods Consumers Forward-Looking? Evidence from College Textbooks<sup>*</sup>,2009
10.1162/qjec.2009.124.4.ix,"The<i>Quarterly Journal of Economics</i>gratefully acknowledges the help of the people listed below who refereed two or more papers between August 1, 2008, and July 31, 2009",2009
10.1162/qjec.2009.124.4.v,Contents for Volume CXXIV,2009
10.1162/qjec.2010.125.1.1,Free Distribution or Cost-Sharing? Evidence from a Randomized Malaria Prevention Experiment<sup>*</sup>,2010
10.1162/qjec.2010.125.1.129,The Role of the Structural Transformation in Aggregate Productivity<sup>*</sup>,2010
10.1162/qjec.2010.125.1.175,"Teacher Quality in Educational Production: Tracking, Decay, and Student Achievement<sup>*</sup>",2010
10.1162/qjec.2010.125.1.215,The Value of School Facility Investments: Evidence from a Dynamic Regression Discontinuity Design<sup>*</sup>,2010
10.1162/qjec.2010.125.1.263,What's Advertising Content Worth? Evidence from a Consumer Credit Marketing Field Experiment<sup>*</sup>,2010
10.1162/qjec.2010.125.1.307,Did Securitization Lead to Lax Screening? Evidence from Subprime Loans<sup>*</sup>,2010
10.1162/qjec.2010.125.1.363,"Monetary Policy by Committee: Consensus, Chairman Dominance, or Simple Majority?<sup>*</sup>",2010
10.1162/qjec.2010.125.1.417,Was Postwar Suburbanization “White Flight”? Evidence from the Black Migration<sup>*</sup>,2010
10.1162/qjec.2010.125.1.445,Paying for Progress: Conditional Grants and the Desegregation of Southern Schools<sup>*</sup>,2010
10.1162/qjec.2010.125.1.47,Sophisticated Monetary Policies<sup>*</sup>,2010
10.1162/qjec.2010.125.1.91,Earnings Inequality and Mobility in the United States: Evidence from Social Security Data since 1937<sup>*</sup>,2010
10.1162/qjec.2010.125.2.483,A Theory of Firm Scope<sup>*</sup>,2010
10.1162/qjec.2010.125.2.515,The (Perceived) Returns to Education and the Demand for Schooling<sup>*</sup>,2010
10.1162/qjec.2010.125.2.549,Superstar Extinction<sup>*</sup>,2010
10.1162/qjec.2010.125.2.591,Estimating Marginal Returns to Medical Care: Evidence from At-Risk Newborns<sup>*</sup>,2010
10.1162/qjec.2010.125.2.635,Progressive Estate Taxation<sup>*</sup>,2010
10.1162/qjec.2010.125.2.675,Frequency of Price Adjustment and Pass-Through<sup>*</sup>,2010
10.1162/qjec.2010.125.2.729,Price Stickiness and Customer Antagonism<sup>*</sup>,2010
10.1162/qjec.2010.125.2.767,Barbed Wire: Property Rights and Agricultural Development<sup>*</sup>,2010
10.1162/qjec.2010.125.2.811,Trust and the Reference points for Trustworthiness in Gulf and Western Countries<sup>*</sup>,2010
10.1162/qjec.2010.125.2.829,External Economies and International Trade Redux<sup>*</sup>,2010
10.1162/qjec.2010.125.2.859,Shrouded Attributes and Information Suppression: Evidence from the Field<sup>*</sup>,2010
10.1162/qjec.2010.125.3.1015,Regulation and Distrust<sup>*</sup>,2010
10.1162/qjec.2010.125.3.1051,Improved Access to Foreign Markets Raises Plant-Level Productivity… for Some Plants<sup>*</sup>,2010
10.1162/qjec.2010.125.3.1101,Sex and Science: How Professor Gender Perpetuates the Gender Gap<sup>*</sup>,2010
10.1162/qjec.2010.125.3.1145,Can Exchange Rates Forecast Commodity Prices?<sup>*</sup>,2010
10.1162/qjec.2010.125.3.1195,Counterparty Risk in Financial Contracts: Should the Insured Worry about the Insurer?<sup>*</sup>,2010
10.1162/qjec.2010.125.3.1253,The Geographic Determinants of Housing Supply<sup>*</sup>,2010
10.1162/qjec.2010.125.3.1297,School Choice with Consent<sup>*</sup>,2010
10.1162/qjec.2010.125.3.1349,"Muslim Family Law, Prenuptial Agreements, and the Emergence of Dowry in Bangladesh<sup>*</sup>",2010
10.1162/qjec.2010.125.3.877,Estimating Welfare in Insurance Markets Using Variation in Prices<sup>*</sup>,2010
10.1162/qjec.2010.125.3.923,Measuring Beliefs and Rewards: A Neuroeconomic Approach<sup>*</sup>,2010
10.1162/qjec.2010.125.3.961,Monetary Non-neutrality in a Multisector Menu Cost Model,2010
10.1162/qjec.2010.125.4.1399,What Comes to Mind,2010
10.1162/qjec.2010.125.4.1435,Gaming Performance Fees By Portfolio Managers,2010
10.1162/qjec.2010.125.4.1459,Does Terrorism Work?,2010
10.1162/qjec.2010.125.4.1511,Political Selection and Persistence of Bad Governments,2010
10.1162/qjec.2010.125.4.1577,"The Developing World is Poorer than We Thought, But No Less Successful in the Fight Against Poverty",2010
10.1162/qjec.2010.125.4.1627,Post-1500 Population Flows and The Long-Run Determinants of Economic Growth and Inequality,2010
10.1162/qjec.2010.125.4.1683,Competition and Bias,2010
10.1162/qjec.2010.125.4.1727,Imported Intermediate Inputs and Domestic Product Growth: Evidence from India,2010
10.1162/qjec.2010.125.4.1769,Stock-Based Compensation and CEO (Dis)Incentives,2010
10.1162/qjec.2010.125.4.1821,Conflict and Deterrence Under Strategic Risk,2010
10.1162/qjec.2010.125.4.1859,Racial Discrimination Among NBA Referees,2010
