DOI,Title,Published Date
10.1093/res/hhw106,Financing and New Product Decisions of Private and Publicly Traded Firms,
10.1093/restud/hhab106,The Equilibrium Consequences of Indexing,
10.1093/revfin/hhl046,Institutional Investors and Equity Returns: Are Short-term Institutions Better Informed?,2009
10.1093/revfin/hhl047,Can the Trade-off Theory Explain Debt Structure?,2007
10.1093/revfin/hhm001,Walrasian Tâtonnement Auctions on the Tokyo Grain Exchange,2007
10.1093/revfin/hhm002,Optimal Equity Stakes and Corporate Control,2007
10.1093/revfin/hhm003,Industry Information Diffusion and the Lead-lag Effect in Stock Returns,2007
10.1093/revfin/hhm004,A Theory of IPO Waves,2007
10.1093/revfin/hhm005,Monopoly and Information Advantage in the Residential Mortgage Market,2008
10.1093/revfin/hhm006,Governance Mechanisms and Bond Prices,2007
10.1093/revfin/hhm007,Bank Lines of Credit in Corporate Finance: An Empirical Analysis,2009
10.1093/revfin/hhm008,Asset Prices and Exchange Rates,2007
10.1093/revfin/hhm009,Information Diffusion Effects in Individual Investors' Common Stock Purchases: Covet Thy Neighbors' Investment Choices,2007
10.1093/revfin/hhm010,Analyst Hype in IPOs: Explaining the Popularity of Bookbuilding,2007
10.1093/revfin/hhm011,Equilibrium Underdiversification and the Preference for Skewness,2007
10.1093/revfin/hhm012,"Booms, Busts, and Fraud",2007
10.1093/revfin/hhm013,An Equilibrium Model of Investment Under Uncertainty,2007
10.1093/rfs/13.1.1,Asymmetric Volatility and Risk in Equity Markets,2000
10.1093/rfs/13.1.127,Hedging and Liquidity,2000
10.1093/rfs/13.1.155,How Do Firms Choose Their Lenders? An Empirical Investigation,2000
10.1093/rfs/13.1.191,Are There Economies of Scale in Underwriting Fees? Evidence of Rising External Financing Costs,2000
10.1093/rfs/13.1.219,Excess Funds and Agency Problems: An Empirical Study of Incremental Cash Disbursements,2000
10.1093/rfs/13.1.249,Financial Analysis and Corporate Strategy,2000
10.1093/rfs/13.1.253,Derivatives: A PowerPlus Picture Book,2000
10.1093/rfs/13.1.43,Valuation of Bankrupt Firms,2000
10.1093/rfs/13.1.75,Valuing American Put Options Using Gaussian Quadrature,2000
10.1093/rfs/13.1.95,A Theory of Bank Regulation and Management Compensation,2000
10.1093/rfs/13.2.257,"Trading Volume: Definitions, Data Analysis, and Implications of Portfolio Theory",2000
10.1093/rfs/13.2.301,The Significance of the Market Portfolio,2000
10.1093/rfs/13.2.331,The Design of Bank Loan Contracts,2000
10.1093/rfs/13.2.365,The Term Structure of Interest Rates as a Random Field,2000
10.1093/rfs/13.2.385,The Opportunity for Conspiracy in Asset Markets Organized with Dealer Intermediaries,2000
10.1093/rfs/13.2.417,On the Recoverability of Preferences and Beliefs,2000
10.1093/rfs/13.2.433,Recovering Risk Aversion from Option Prices and Realized Returns,2000
10.1093/rfs/13.2.453,Government Intervention and Adverse Selection Costs in Foreign Exchange Markets,2000
10.1093/rfs/13.3.479,Forcing Firms to Talk: Financial Disclosure Regulation and Externalities,2000
10.1093/rfs/13.3.521,Stock Market Risk and Return: An Equilibrium Approach,2000
10.1093/rfs/13.3.549,Do Call Prices and the Underlying Stock Always Move in the Same Direction?,2000
10.1093/rfs/13.3.585,A Closed-Form GARCH Option Valuation Model,2000
10.1093/rfs/13.3.627,Price Discovery in Auction Markets: A Look Inside the Black Box,2000
10.1093/rfs/13.3.659,"Prices, Liquidity, and the Information Content of Trades",2000
10.1093/rfs/13.3.697,IPOs and Long-Term Relationships: An Advantage of Book Building,2000
10.1093/rfs/13.3.715,Equilibrium Mispricing in a Capital Market with Portfolio Constraints,2000
10.1093/rfs/13.3.749,"Strategic Responses of Incumbents to New Entry: The Effect of Ownership Structure, Capital structure, and focus",2000
10.1093/rfs/13.3.781,"Bank Reputation, Bank Commitment, and the Effects of Competition in Credit Markets",2000
10.1093/rfs/13.3.813,Bankruptcy Priority for Bank Deposits: A Contract Theoretic Explanation,2000
10.1093/rfs/13.4.1017,The Private Placement of Debt and Outside Equity as an Information Revelation Mechanism,2000
10.1093/rfs/13.4.1057,"Debt Valuation, Renegotiation, and Optimal Dividend Policy",2000
10.1093/rfs/13.4.1101,"Client Discretion, Switching Costs, and Financial Innovation",2000
10.1093/rfs/13.4.1129,"Market Making, Prices, and Quantity Limits",2000
10.1093/rfs/13.4.1153,Active Portfolio Management: A Quantitative Approach to Providing Superior Returns and Controlling Risk,2000
10.1093/rfs/13.4.841,"Toeholds, Bid Jumps, and Expected Payoffs in Takeovers",2000
10.1093/rfs/13.4.883,Asset Pricing Models: Implications for Expected Returns and Portfolio Selection,2000
10.1093/rfs/13.4.917,Regulatory and Legal Pressures and the Costs of Nasdaq Trading,2000
10.1093/rfs/13.4.959,The Interaction between Product Market and Financing Strategy: The Role of Venture Capital,2000
10.1093/rfs/13.4.985,Strategic Debt Restructuring,2000
10.1093/rfs/14.1.1,Learning to Be Overconfident,2001
10.1093/rfs/14.1.113,Valuing American Options by Simulation: A Simple Least-Squares Approach,2001
10.1093/rfs/14.1.149,The Dynamics of the Forward Interest Rate Curve with Stochastic String Shocks,2001
10.1093/rfs/14.1.187,Equilibrium Positive Interest Rates: A Unified View,2001
10.1093/rfs/14.1.215,International Competition and Exchange Rate Shocks: A Cross-Country Industry Analysis of Stock Returns,2001
10.1093/rfs/14.1.243,The Use of Foreign Currency Derivatives and Firm Market Value,2001
10.1093/rfs/14.1.277,"Global Diversification, Growth, and Welfare with Imperfectly Integrated Markets for Goods",2001
10.1093/rfs/14.1.29,Understanding the Nature of the Risks and the Source of the Rewards to Momentum Investing,2001
10.1093/rfs/14.1.307,Book review. Financial Markets and Corporate Finance: Selected Papers of Michael J Brennan: Table 1,2001
10.1093/rfs/14.1.79,Are Insider Trades Informative?,2001
10.1093/rfs/14.2.313,The Risk in Hedge Fund Strategies: Theory and Evidence from Trend Followers,2001
10.1093/rfs/14.2.343,Efficient Trading Strategies in the Presence of Market Frictions,2001
10.1093/rfs/14.2.371,Value-at-Risk-Based Risk Management: Optimal Policies and Asset Prices,2001
10.1093/rfs/14.2.407,Optimal Portfolio Choice and the Valuation of Illiquid Securities,2001
10.1093/rfs/14.2.433,Underpricing and Entrepreneurial Wealth Losses in IPOs: Theory and Evidence,2001
10.1093/rfs/14.2.459,Technological Innovation and Initial Public Offerings,2001
10.1093/rfs/14.2.495,The Price of a Smile: Hedging and Spanning in Option Markets,2001
10.1093/rfs/14.2.529,Financial Constraints and Stock Returns,2001
10.1093/rfs/14.2.555,An Analysis of Default Correlations and Multiple Defaults,2001
10.1093/rfs/14.2.577,Book review. Comparing Financial Systems.,2001
10.1093/rfs/14.3.583,Optimal Consumption and Investment with Capital Gains Taxes,2001
10.1093/rfs/14.3.617,Cross-Border Investing with Tax Arbitrage: The Case of German Dividend Tax Credits,2001
10.1093/rfs/14.3.659,Familiarity Breeds Investment,2001
10.1093/rfs/14.3.681,An Examination of Changes in Specialists’ Posted Price Schedules,2001
10.1093/rfs/14.3.705,Adverse Selection and Competitive Market Making: Empirical Evidence from a Limit Order Market,2001
10.1093/rfs/14.3.735,The Endogeneity of Managerial Compensation in Firm Valuation: A Solution,2001
10.1093/rfs/14.3.765,The Impact of Debt Financing on Entry and Exit in a Duopoly,2001
10.1093/rfs/14.3.805,Exposure and Markups,2001
10.1093/rfs/14.3.837,The Determinants of Asymmetric Volatility,2001
10.1093/rfs/14.3.861,Expected Returns and Habit Persistence,2001
10.1093/rfs/14.3.901,Efficient Asset Management: A Practical Guide to Stock Portfolio Optimization and Asset Allocation.,2001
10.1093/rfs/14.4.1021,The Many Faces of Information Disclosure,2001
10.1093/rfs/14.4.1059,Bank Power and Cash Holdings: Evidence from Japan,2001
10.1093/rfs/14.4.1083,Disentangling the Dividend Information in Splits: A Decomposition Using Conditional Event-Study Methods,2001
10.1093/rfs/14.4.1117,Quantitative Asset Pricing Implications of Endogenous Solvency Constraints,2001
10.1093/rfs/14.4.1153,Price Impact Asymmetry of Block Trades: An Institutional Trading Explanation,2001
10.1093/rfs/14.4.1183,Rational Beliefs and Security Design,2001
10.1093/rfs/14.4.1215,How Does the Spirit of Capitalism Affect Stock Market Prices?,2001
10.1093/rfs/14.4.1233,Author Index,2001
10.1093/rfs/14.4.1237,Title Index,2001
10.1093/rfs/14.4.1241,Acknowledgments,2001
10.1093/rfs/14.4.905,Assessing Asset Pricing Anomalies,2001
10.1093/rfs/14.4.943,Ownership and Control of German Corporations,2001
10.1093/rfs/14.4.979,Information Flow and Pricing Errors: A Unified Approach to Estimation and Testing,2001
10.1093/rfs/15.1.1,Testing Trade-Off and Pecking Order Predictions About Dividends and Debt,2002
10.1093/rfs/15.1.143,Cross-Sectional and Time-Series Determinants of Momentum Returns,2002
10.1093/rfs/15.1.159,Does the Limit Order Routing Decision Matter?,2002
10.1093/rfs/15.1.195,Pricing Interest Rate Derivatives: A General Approach,2002
10.1093/rfs/15.1.243,Quadratic Term Structure Models: Theory and Evidence,2002
10.1093/rfs/15.1.289,Investor Activism and Financial Market Structure,2002
10.1093/rfs/15.1.319,An Empirical Analysis of Personal Bankruptcy and Delinquency,2002
10.1093/rfs/15.1.349,"Asset Pricing, John H. Cochrane. Princeton, NJ: Princeton University Press, 2001. 530 pp. ISBN 0-691-07498-4",2002
10.1093/rfs/15.1.35,When Are Real Options Exercised? An Empirical Study of Mine Closings,2002
10.1093/rfs/15.1.65,Persistence and Reversal in Herd Behavior: Theory and Application to the Decision to Go Public,2002
10.1093/rfs/15.1.97,The Investor Recognition Hypothesis in a Dynamic General Equilibrium: Theory and Evidence,2002
10.1093/rfs/15.2.353,Introduction to<i>Review of Financial Studies</i>Conference on Market Frictions and Behavioral Finance,2002
10.1093/rfs/15.2.363,Robustness and Pricing with Uncertain Growth,2002
10.1093/rfs/15.2.405,Discussion of “Robustness and Pricing with Uncertain Growth”,2002
10.1093/rfs/15.2.413,Why Don’t Issuers Get Upset About Leaving Money on the Table in IPOs?,2002
10.1093/rfs/15.2.445,Discussion of “Why Don’t Issuers Get Upset About Leaving Money on the Table in IPOs?”,2002
10.1093/rfs/15.2.455,Online Investors: Do the Slow Die First?,2002
10.1093/rfs/15.2.489,Underreaction to Self-Selected News Events: The Case of Stock Splits,2002
10.1093/rfs/15.2.527,Discussion of “Underreaction to Self-Selected News Events”,2002
10.1093/rfs/15.2.533,Momentum and Autocorrelation in Stock Returns,2002
10.1093/rfs/15.2.565,Discussion of “Momentum and Autocorrelation in Stock Returns”: Table 1,2002
10.1093/rfs/15.2.575,Competing Theories of Financial Anomalies,2002
10.1093/rfs/15.2.607,Discussion of “Competing Theories of Financial Anomalies”,2002
10.1093/rfs/15.2.615,"Sidelined Investors, Trading-Generated News, and Security Returns",2002
10.1093/rfs/15.2.649,"Discussion of “Sidelined Investors, Trading-Generated News, and Security Returns”",2002
10.1093/rfs/15.2.655,Partial Adjustment or Stale Prices? Implications from Stock Index and Futures Return Autocorrelations,2002
10.1093/rfs/15.3.691,Option Exercise Games: An Application to the Equilibrium Investment Strategies of Firms,2002
10.1093/rfs/15.3.723,The Effect of Leverage on Bidding Behavior: Theory and Evidence from the FCC Auctions,2002
10.1093/rfs/15.3.751,Macroeconomic Factors<i>Do</i>Influence Aggregate Stock Returns,2002
10.1093/rfs/15.3.783,Are the Fama and French Factors Global or Country Specific?,2002
10.1093/rfs/15.3.805,Optimal Portfolio Selection with Transaction Costs and Finite Horizons,2002
10.1093/rfs/15.3.837,Risk Arbitrage in Takeovers,2002
10.1093/rfs/15.3.869,Why New Issues and High-Accrual Firms Underperform: The Role of Analysts’ Credulity,2002
10.1093/rfs/15.3.901,"Competition, Adverse Selection, and Information Dispersion in the Banking Industry: Table 1",2002
10.1093/rfs/15.3.927,Financial Innovation and Information: The Role of Derivatives When a Market for Information Exists,2002
10.1093/rfs/15.3.959,Nondiscriminating Foreclosure and Voluntary Liquidating Costs,2002
10.1093/rfs/15.4.1005,Dynamic Volume-Return Relation of Individual Stocks,2002
10.1093/rfs/15.4.1049,The Informational Role of Stock and Option Volume,2002
10.1093/rfs/15.4.1077,Price Formation and Market Quality When the Number and Presence of Insiders Is Unknown,2002
10.1093/rfs/15.4.1111,Trading and Pricing in Upstairs and Downstairs Stock Markets,2002
10.1093/rfs/15.4.1137,International Asset Allocation With Regime Shifts,2002
10.1093/rfs/15.4.1189,An Isomorphism Between Asset Pricing Models With and Without Linear Habit Formation,2002
10.1093/rfs/15.4.1223,Stock Return Predictability: A Bayesian Model Selection Perspective,2002
10.1093/rfs/15.4.1251,Structuring International Cooperative Ventures,2002
10.1093/rfs/15.4.1283,How Firms Should Hedge,2002
10.1093/rfs/15.4.987,Incentive-Compatible Contracts for the Sale of Information: Table 1,2002
10.1093/rfs/15.5.1325,The Informational Efficiency of the Corporate Bond Market: An Intraday Analysis,2002
10.1093/rfs/15.5.1355,Corporate Bond Valuation and Hedging with Stochastic Interest Rates and Endogenous Bankruptcy,2002
10.1093/rfs/15.5.1385,The Long-Term Performance of Corporate Bonds (and Stocks) Following Seasoned Equity Offerings,2002
10.1093/rfs/15.5.1407,On Mutual Fund Investment Styles,2002
10.1093/rfs/15.5.1439,Mutual Fund Survivorship,2002
10.1093/rfs/15.5.1465,"Fee Speech: Signaling, Risk-Sharing, and the Impact of Fee Structures on Investor Welfare",2002
10.1093/rfs/15.5.1499,Demand Curves and the Pricing of Money Management,2002
10.1093/rfs/15.5.1525,The Asymmetric Relation Between Initial Margin Requirements and Stock Market Volatility Across Bull and Bear Markets,2002
10.1093/rfs/15.5.1561,Regulating Access to International Large-Value Payment Systems,2002
10.1093/rfs/15.5.1587,Author Index,2002
10.1093/rfs/15.5.1591,Title Index,2002
10.1093/rfs/15.5.1595,Acknowledgements,2002
10.1093/rfs/16.1.0001,The Role of Lockups in Initial Public Offerings,2003
10.1093/rfs/16.1.0031,Auctions vs. Bookbuilding and the Control of Underpricing in Hot IPO Markets,2003
10.1093/rfs/16.1.0063,Global Integration in Primary Equity Markets: The Role of U.S. Banks and U.S. Investors,2003
10.1093/rfs/16.1.0101,"Stock Return Characteristics, Skew Laws, and the Differential Pricing of Individual Equity Options",2003
10.1093/rfs/16.1.0145,"Employee Reload Options: Pricing, Hedging, and Optimal Exercise",2003
10.1093/rfs/16.1.0173,Optimal Contracts in a Continuous-Time Delegated Portfolio Management Problem,2003
10.1093/rfs/16.1.0209,Debt Maturity and the Effects of Growth Opportunities and Liquidity Risk on Leverage,2003
10.1093/rfs/16.1.0237,Managerial Compensation and the Market Reaction to Bank Loans,2003
10.1093/rfs/16.1.0263,The Role of Trading Halts in Monitoring a Specialist Market,2003
10.1093/rfs/16.1.1,The Role of Lockups in Initial Public Offerings,2003
10.1093/rfs/16.1.101,"Stock Return Characteristics, Skew Laws, and the Differential Pricing of Individual Equity Options",2003
10.1093/rfs/16.1.145,"Employee Reload Options: Pricing, Hedging, and Optimal Exercise",2003
10.1093/rfs/16.1.173,Optimal Contracts in a Continuous-Time Delegated Portfolio Management Problem,2003
10.1093/rfs/16.1.209,Debt Maturity and the Effects of Growth Opportunities and Liquidity Risk on Leverage,2003
10.1093/rfs/16.1.237,Managerial Compensation and the Market Reaction to Bank Loans,2003
10.1093/rfs/16.1.263,The Role of Trading Halts in Monitoring a Specialist Market,2003
10.1093/rfs/16.1.31,Auctions vs. Bookbuilding and the Control of Underpricing in Hot IPO Markets,2003
10.1093/rfs/16.1.63,Global Integration in Primary Equity Markets: The Role of U.S. Banks and U.S. Investors,2003
10.1093/rfs/hhaa001,Equity Is Cheap for Large Financial Institutions,2020
10.1093/rfs/hhaa002,Industry Structure and the Strategic Provision of Trade Credit by Upstream Firms,2020
10.1093/rfs/hhaa003,Informational Efficiency in Securitization after Dodd-Frank,2020
10.1093/rfs/hhaa004,Monthly Payment Targeting and the Demand for Maturity,2020
10.1093/rfs/hhaa005,The Role of Government in Firm Outcomes,2020
10.1093/rfs/hhaa006,Deadlock on the Board,2020
10.1093/rfs/hhaa007,Information Revealed through the Regulatory Process: Interactions between the SEC and Companies ahead of Their IPO,2020
10.1093/rfs/hhaa008,Countercyclical Bank Equity Issuance,2020
10.1093/rfs/hhaa009,Empirical Asset Pricing via Machine Learning,2020
10.1093/rfs/hhaa010,Options Trading Costs Are Lower than You Think,2020
10.1093/rfs/hhaa011,Asset Price Bubbles and Systemic Risk,2020
10.1093/rfs/hhaa012,The Effect of Cash Injections: Evidence from the 1980s Farm Debt Crisis,2020
10.1093/rfs/hhaa013,"Financial Inclusion, Human Capital, and Wealth Accumulation: Evidence from the Freedman’s Savings Bank",2020
10.1093/rfs/hhaa014,Monitoring the Monitor: Distracted Institutional Investors and Board Governance,2020
10.1093/rfs/hhaa015,Derivatives Supply and Corporate Hedging: Evidence from the Safe Harbor Reform of 2005,2020
10.1093/rfs/hhaa016,Momentum and Reversals When Overconfident Investors Underestimate Their Competition,2021
10.1093/rfs/hhaa017,Factor Timing,2020
10.1093/rfs/hhaa018,Anomalies and False Rejections,2020
10.1093/rfs/hhaa019,New Methods for the Cross-Section of Returns,2020
10.1093/rfs/hhaa020,Factors That Fit the Time Series and Cross-Section of Stock Returns,2020
10.1093/rfs/hhaa021,The Cross-Section of Risk and Returns,2020
10.1093/rfs/hhaa022,Untangling the Value Premium with Labor Shares,2021
10.1093/rfs/hhaa023,Role of the Community Reinvestment Act in Mortgage Supply and the U.S. Housing Boom,2020
10.1093/rfs/hhaa024,Erratum,2020
10.1093/rfs/hhaa025,Financing Efficiency of Securities-Based Crowdfunding,2020
10.1093/rfs/hhaa026,Out-of-Sample Performance of Mutual Fund Predictors,2021
10.1093/rfs/hhaa027,Portfolio Pumping and Managerial Structure,2021
10.1093/rfs/hhaa028,Heterogeneous Taxes and Limited Risk Sharing: Evidence from Municipal Bonds,2021
10.1093/rfs/hhaa029,Pipeline Risk in Leveraged Loan Syndication,2020
10.1093/rfs/hhaa030,Economic Consequences of Housing Speculation,2020
10.1093/rfs/hhaa031,"Safe Collateral, Arm’s-Length Credit: Evidence from the Commercial Real Estate Market",2020
10.1093/rfs/hhaa032,Rules versus Discretion in Bank Resolution,2020
10.1093/rfs/hhaa033,Renting Balance Sheet Space: Intermediary Balance Sheet Rental Costs and the Valuation of Derivatives,2020
10.1093/rfs/hhaa034,Production Networks and Stock Returns: The Role of Vertical Creative Destruction,2020
10.1093/rfs/hhaa035,The Effects of Competition in Consumer Credit Markets,2020
10.1093/rfs/hhaa036,Communication within Banking Organizations and Small Business Lending,2020
10.1093/rfs/hhaa037,The Chinese Warrants Bubble: Evidence from Brokerage Account Records,2021
10.1093/rfs/hhaa038,"Creditor Rights, Technology Adoption, and Productivity: Plant-Level Evidence",2020
10.1093/rfs/hhaa039,How Important Are Inflation Expectations for the Nominal Yield Curve?,2021
10.1093/rfs/hhaa040,Decentralized Mining in Centralized Pools,2021
10.1093/rfs/hhaa041,Implied Stochastic Volatility Models,2021
10.1093/rfs/hhaa042,Speculators and Middlemen: The Strategy and Performance of Investors in the Housing Market,2020
10.1093/rfs/hhaa043,Models or Stars: The Role of Asset Pricing Models and Heuristics in Investor Risk Adjustment,2021
10.1093/rfs/hhaa044,"Taper Tantrums: Quantitative Easing, Its Aftermath, and Emerging Market Capital Flows",2021
10.1093/rfs/hhaa045,What Do Fund Flows Reveal about Asset Pricing Models and Investor Sophistication?,2021
10.1093/rfs/hhaa046,Credit and Punishment: Are Corporate Bankers Disciplined for Risk-Taking?,2020
10.1093/rfs/hhaa047,Do Minorities Pay More for Mortgages?,2021
10.1093/rfs/hhaa048,The Skewness of the Stock Market over Long Horizons,2021
10.1093/rfs/hhaa049,CAPM-Based Company (Mis)valuations,2021
10.1093/rfs/hhaa050,Can Strong Creditors Inhibit Entrepreneurial Activity?,2021
10.1093/rfs/hhaa051,Investor Protection and Capital Fragility: Evidence from Hedge Funds around the World,2021
10.1093/rfs/hhaa052,Weak Governance by Informed Active Shareholders,2021
10.1093/rfs/hhaa053,The Deregulation of the Private Equity Markets and the Decline in IPOs,2020
10.1093/rfs/hhaa054,"Competition, Markups, and Predictable Returns",2020
10.1093/rfs/hhaa055,Overcoming Discount Window Stigma: An Experimental Investigation,2020
10.1093/rfs/hhaa056,Paying by Donating: Corporate Donations Affiliated with Independent Directors,2021
10.1093/rfs/hhaa057,Best Buys and Own Brands: Investment Platforms’ Recommendations of Mutual Funds,2021
10.1093/rfs/hhaa058,"Winners, Losers, and Regulators in a Derivatives Market Bubble",2021
10.1093/rfs/hhaa059,A Crisis of Missed Opportunities? Foreclosure Costs and Mortgage Modification During the Great Recession,2021
10.1093/rfs/hhaa060,Do Neighborhoods Affect the Credit Market Decisions of Low-Income Borrowers? Evidence from the Moving to Opportunity Experiment,2021
10.1093/rfs/hhaa061,Asset Insulators,2021
10.1093/rfs/hhaa062,Bond Risk Premiums with Machine Learning,2021
10.1093/rfs/hhaa063,The Collateralizability Premium,2020
10.1093/rfs/hhaa064,Does Household Finance Affect the Political Process? Evidence from Voter Turnout During a Housing Crisis,2021
10.1093/rfs/hhaa065,"Uncertainty, Investor Sentiment, and Innovation",2021
10.1093/rfs/hhaa066,Evaluating Firm-Level Expected-Return Proxies: Implications for Estimating Treatment Effects,2021
10.1093/rfs/hhaa067,Sharing the Pain? Credit Supply and Real Effects of Bank Bail-ins,2021
10.1093/rfs/hhaa068,The Origins and Real Effects of the Gender Gap: Evidence from CEOs’ Formative Years,2021
10.1093/rfs/hhaa069,Performance-Induced CEO Turnover,2021
10.1093/rfs/hhaa070,(Debt) Overhang: Evidence from Resource Extraction,2021
10.1093/rfs/hhaa071,Carbon Tail Risk,2021
10.1093/rfs/hhaa072,"Demand for Information, Uncertainty, and the Response of U.S. Treasury Securities to News",2021
10.1093/rfs/hhaa073,The Babies of Mortgage Market Deregulation,2021
10.1093/rfs/hhaa074,Savings Gluts and Financial Fragility,2021
10.1093/rfs/hhaa075,Blockchain without Waste: Proof-of-Stake,2021
10.1093/rfs/hhaa076,Do Foreign Institutional Investors Improve Price Efficiency?,2021
10.1093/rfs/hhaa077,Innovation and Informed Trading: Evidence from Industry ETFs,2021
10.1093/rfs/hhaa078,Microstructure in the Machine Age,2021
10.1093/rfs/hhaa079,Measuring Corporate Culture Using Machine Learning,2021
10.1093/rfs/hhaa080,Illiquidity and Stock Returns II: Cross-section and Time-series Effects,2021
10.1093/rfs/hhaa081,Who Is Afraid of BlackRock?,2021
10.1093/rfs/hhaa082,Does Option Trading Have a Pervasive Impact on Underlying Stock Prices?,2021
10.1093/rfs/hhaa083,Corporate Money Demand,2021
10.1093/rfs/hhaa084,Break Risk,2021
10.1093/rfs/hhaa085,How Do Consumers Fare When Dealing with Debt Collectors? Evidence from Out-of-Court Settlements,2021
10.1093/rfs/hhaa086,Why Does Equity Capital Flow out of High Tobin’s $\boldsymbol{q}$ Industries?,2021
10.1093/rfs/hhaa087,Does Borrower and Broker Race Affect the Cost of Mortgage Credit?,2021
10.1093/rfs/hhaa088,Mortgage Securitization and Shadow Bank Lending,2021
10.1093/rfs/hhaa089,Tokenomics: Dynamic Adoption and Valuation,2021
10.1093/rfs/hhaa090,The Effect of Bank Supervision and Examination on Risk Taking: Evidence from a Natural Experiment,2021
10.1093/rfs/hhaa091,Minimum Wages and Consumer Credit: Effects on Access and Borrowing,2021
10.1093/rfs/hhaa092,Public Market Players in the Private World: Implications for the Going-Public Process,2021
10.1093/rfs/hhaa093,Political Influence and the Renegotiation of Government Contracts,2021
10.1093/rfs/hhaa094,Impulsive Consumption and Financial Well-Being: Evidence from an Increase in the Availability of Alcohol,2021
10.1093/rfs/hhaa095,Marketing Mutual Funds,2021
10.1093/rfs/hhaa096,"Housing, Mortgages, and Self-Control",2021
10.1093/rfs/hhaa097,"Household Inequality, Entrepreneurial Dynamism, and Corporate Financing",2021
10.1093/rfs/hhaa098,Corrigendum: Bond Risk Premiums with Machine Learning,2021
10.1093/rfs/hhaa099,Corporate Cash Shortfalls and Financing Decisions,2021
10.1093/rfs/hhaa100,Mutual Funds as Venture Capitalists? Evidence from Unicorns,2021
10.1093/rfs/hhaa101,"Marketplace Lending, Information Aggregation, and Liquidity",2021
10.1093/rfs/hhaa102,Arbitrage Portfolios,2021
10.1093/rfs/hhaa103,"CEO Noncompete Agreements, Job Risk, and Compensation",2021
10.1093/rfs/hhaa104,International Trade and the Propagation of Merger Waves,2021
10.1093/rfs/hhaa105,Information Dispersion across Employees and Stock Returns,2021
10.1093/rfs/hhaa106,The Rise of Shadow Banking: Evidence from Capital Regulation,2021
10.1093/rfs/hhaa107,The Yield Spread and Bond Return Predictability in Expansions and Recessions,2021
10.1093/rfs/hhaa108,Side Effects of Nudging: Evidence from a Randomized Intervention in the Credit Card Market,2021
10.1093/rfs/hhaa109,Learning about Competitors: Evidence from SME Lending,2021
10.1093/rfs/hhaa110,Hysteresis in Price Efficiency and the Economics of Slow-Moving Capital,2021
10.1093/rfs/hhaa111,Thousands of Alpha Tests,2021
10.1093/rfs/hhaa112,"Cyclical Fluctuations, Financial Shocks, and the Entry of Fast-Growing Entrepreneurial Startups",2021
10.1093/rfs/hhaa113,Risks and Returns of Cryptocurrency,2021
10.1093/rfs/hhaa114,The PPP View of Multihorizon Currency Risk Premiums,2021
10.1093/rfs/hhaa115,Self-Fulfilling Fire Sales: Fragility of Collateralized Short-Term Debt Markets,2021
10.1093/rfs/hhaa116,The Economics of the Fed Put,2021
10.1093/rfs/hhaa117,Does Collateral Value Affect Asset Prices? Evidence from a Natural Experiment in Texas,2021
10.1093/rfs/hhaa118,Political Cycles in Bank Lending to the Government,2021
10.1093/rfs/hhaa119,"Bank Cleanups, Capitalization, and Lending: Evidence from India",2021
10.1093/rfs/hhaa120,Mutual Fund Trading Style and Bond Market Fragility,2021
10.1093/rfs/hhaa121,Experience Does Not Eliminate Bubbles: Experimental Evidence,2021
10.1093/rfs/hhaa122,Asset-Level Risk and Return in Real Estate Investments,2021
10.1093/rfs/hhaa123,Demand Effects in the FX Forward Market: Micro Evidence from Banks’ Dollar Hedging,2021
10.1093/rfs/hhaa124,Funding Constraints and Informational Efficiency,2021
10.1093/rfs/hhaa125,How is Liquidity Priced in Global Markets?,2021
10.1093/rfs/hhaa126,Firm Characteristics and Empirical Factor Models: A Model Mining Experiment,2021
10.1093/rfs/hhaa127,User Interface and Firsthand Experience in Retail Investing,
10.1093/rfs/hhaa128,The Costs and Benefits of Shareholder Democracy: Gadflies and Low-Cost Activism,2021
10.1093/rfs/hhaa129,Review Article: Perspectives on the Future of Asset Pricing,2021
10.1093/rfs/hhaa130,Learning about the Neighborhood,2021
10.1093/rfs/hhaa131,Household Portfolio Underdiversification and Probability Weighting: Evidence from the Field,2021
10.1093/rfs/hhaa132,Implications of Stochastic Transmission Rates for Managing Pandemic Risks,2021
10.1093/rfs/hhaa133,Financing Corporate Growth,2021
10.1093/rfs/hhaa134,How Valuable Is Financial Flexibility when Revenue Stops? Evidence from the COVID-19 Crisis,2021
10.1093/rfs/hhaa135,The Whack-a-Mole Game: Tobin Taxes and Trading Frenzy,2021
10.1093/rfs/hhaa136,Home Equity and Labor Income: The Role of Constrained Mobility,2021
10.1093/rfs/hhaa137,Editor’s Note: Introducing the Review Article “Perspectives on the Future of Asset Pricing”,2021
10.1093/rfs/hhaa138,Incentivizing Financial Regulators,2021
10.1093/rfs/hhaa139,Collateral Runs,2021
10.1093/rfs/hhaa140,The Price of Law: The Case of the Eurozone Collective Action Clauses,2021
10.1093/rfs/hhaa141,Shareholder Perks and Firm Value,2021
10.1093/rfs/hhaa142,Fintech Borrowers: Lax Screening or Cream-Skimming?,2021
10.1093/rfs/hhaa143,How Much Information Is Incorporated into Financial Asset Prices? Experimental Evidence,2021
10.1093/rfs/hhaa144,Bank Lending in the Knowledge Economy,2021
10.1093/rfs/hhaa145,When Selling Becomes Viral: Disruptions in Debt Markets in the COVID-19 Crisis and the Fed’s Response,2021
10.1093/rfs/hhaa146,"Information Choice, Uncertainty, and Expected Returns",2021
10.1093/rfs/hhaa147,Portfolio Liquidity and Security Design with Private Information,2021
10.1093/rfs/hhaa148,Debt Maturity and the Dynamics of Leverage,2021
10.1093/rfs/hhaa149,Decentralizing Money: Bitcoin Prices and Blockchain Security,2022
10.1093/rfs/hhab001,Private Equity Buyouts and Workplace Safety,2021
10.1093/rfs/hhab002,Kicking the Can Down the Road: Government Interventions in the European Banking Sector,2021
10.1093/rfs/hhab003,Investors’ Attention to Corporate Governance,2021
10.1093/rfs/hhab004,Institutional Order Handling and Broker-Affiliated Trading Venues,2021
10.1093/rfs/hhab005,Bank Concentration and Product Market Competition,2021
10.1093/rfs/hhab006,When a Master Dies: Speculation and Asset Float,2021
10.1093/rfs/hhab007,The Annual Report of the Society for Financial Studies for 2019–2020,2021
10.1093/rfs/hhab008,Regressive Mortgage Credit Redistribution in the Post-Crisis Era,2021
10.1093/rfs/hhab009,Can Cross-Border Funding Frictions Explain Financial Integration Reversals?,2021
10.1093/rfs/hhab010,What If Dividends Were Tax-Exempt? Evidence from a Natural Experiment,2021
10.1093/rfs/hhab011,The State Price Density Implied by Crude Oil Futures and Option Prices,2022
10.1093/rfs/hhab012,Monitoring in Originate-to-Distribute Lending: Reputation versus Skin in the Game,2021
10.1093/rfs/hhab013,Term Structure of Risk in Expected Returns,2021
10.1093/rfs/hhab014,Skilled Labor Mobility and Firm Value: Evidence from Green Card Allocations,2021
10.1093/rfs/hhab015,Reconsidering Returns,2021
10.1093/rfs/hhab016,Buy-Side Competition and Momentum Profits,2021
10.1093/rfs/hhab017,"Capital Flows, Real Estate, and Local Cycles: Evidence from German Cities, Banks, and Firms",2021
10.1093/rfs/hhab018,Inflating Away the Public Debt? An Empirical Assessment,2022
10.1093/rfs/hhab019,Cross-Border Bank Flows and Monetary Policy,2021
10.1093/rfs/hhab020,"Replicating Private Equity with Value Investing, Homemade Leverage, and Hold-to-Maturity Accounting",2021
10.1093/rfs/hhab021,"Competing for Talent: Firms, Managers, and Social Networks",2021
10.1093/rfs/hhab022,Swing Pricing and Fragility in Open-End Mutual Funds,2021
10.1093/rfs/hhab023,Do Index Funds Monitor?,2021
10.1093/rfs/hhab024,Missing Novelty in Drug Development,2022
10.1093/rfs/hhab025,Peer Effects in Corporate Governance Practices: Evidence from Universal Demand Laws,2021
10.1093/rfs/hhab026,How Should Performance Signals Affect Contracts?,2021
10.1093/rfs/hhab027,Too Much Skin-in-the-Game? The Effect of Mortgage Market Concentration on Credit and House Prices,2022
10.1093/rfs/hhab028,The Rate of Return on Real Estate: Long-Run Micro-Level Evidence,2021
10.1093/rfs/hhab029,Dynamics of Research and Strategic Trading,2022
10.1093/rfs/hhab030,Methodological Variation in Empirical Corporate Finance,2022
10.1093/rfs/hhab031,The Unintended Consequences of Corporate Bond ETFs: Evidence from the Taper Tantrum,2021
10.1093/rfs/hhab032,Climate Change and Long-Run Discount Rates: Evidence from Real Estate,2021
10.1093/rfs/hhab033,Idiosyncratic Risk in Housing Markets,2021
10.1093/rfs/hhab034,Credit Supply and Housing Speculation,2022
10.1093/rfs/hhab035,Real and Private-Value Assets,2021
10.1093/rfs/hhab036,A Model of Endogenous Risk Intolerance and LSAPs: Asset Prices and Aggregate Demand in a “COVID-19” Shock,2021
10.1093/rfs/hhab037,Get Real! Individuals Prefer More Sustainable Investments,2021
10.1093/rfs/hhab038,Big Data in Finance,2021
10.1093/rfs/hhab039,Activism and Takeovers,2022
10.1093/rfs/hhab040,The Macroeconomics of Epidemics,2021
10.1093/rfs/hhab041,Lest We Forget: Learn from Out-of-Sample Forecast Errors When Optimizing Portfolios,2022
10.1093/rfs/hhab042,The Total Return and Risk to Residential Real Estate,2021
10.1093/rfs/hhab043,"Private Information, Securities Lending, and Asset Prices",2022
10.1093/rfs/hhab044,"Personal Wealth, Self-Employment, and Business Ownership",2021
10.1093/rfs/hhab045,Asset Price Dynamics with Limited Attention,2022
10.1093/rfs/hhab046,Gendered Prices,2021
10.1093/rfs/hhab047,The Effects of a Targeted Financial Constraint on the Housing Market,2021
10.1093/rfs/hhab048,Institutional Investors and Infrastructure Investing,2021
10.1093/rfs/hhab049,Persistent Blessings of Luck: Theory and an Application to Venture Capital,2022
10.1093/rfs/hhab050,Selecting Directors Using Machine Learning,2021
10.1093/rfs/hhab051,"Stock Return Extrapolation, Option Prices, and Variance Risk Premium",2022
10.1093/rfs/hhab052,"Selection, Leverage, and Default in the Mortgage Market",2022
10.1093/rfs/hhab053,Conditional Dynamics and the Multihorizon Risk-Return Trade-Off,2022
10.1093/rfs/hhab054,Contractual Restrictions and Debt Traps,2022
10.1093/rfs/hhab055,Short-term Momentum,2022
10.1093/rfs/hhab056,Financial Constraints and Corporate Environmental Policies,2022
10.1093/rfs/hhab057,In Memoriam: Craig W. Holden,2021
10.1093/rfs/hhab058,"Consumers as Financiers: Consumer Surplus, Crowdfunding, and Initial Coin Offerings",2022
10.1093/rfs/hhab059,When Shareholders Disagree: Trading after Shareholder Meetings,2022
10.1093/rfs/hhab060,Moral Hazard during the Housing Boom: Evidence from Private Mortgage Insurance,2022
10.1093/rfs/hhab061,Fiscal Cyclicality and Currency Risk Premia,2022
10.1093/rfs/hhab062,How Did Depositors Respond to COVID-19?,2021
10.1093/rfs/hhab063,Corporate Bond Liquidity during the COVID-19 Crisis,2021
10.1093/rfs/hhab064,Director Appointments: It Is Who You Know,2022
10.1093/rfs/hhab065,"Liquidity Restrictions, Runs, and Central Bank Interventions: Evidence from Money Market Funds",2021
10.1093/rfs/hhab066,Opioid Crisis Effects on Municipal Finance,2022
10.1093/rfs/hhab067,Option Return Predictability,2022
10.1093/rfs/hhab068,Distortions and Efficiency in Production Economies with Heterogeneous Beliefs,2022
10.1093/rfs/hhab069,Business Restrictions and COVID-19 Fatalities,2021
10.1093/rfs/hhab070,Extrapolative Bubbles and Trading Volume,2022
10.1093/rfs/hhab071,Efficiency of Dynamic Portfolio Choices: An Experiment,2022
10.1093/rfs/hhab072,Socially Responsible Investing in Good and Bad Times,2022
10.1093/rfs/hhab073,Biased by Choice: How Financial Constraints Can Reduce Financial Mistakes,2022
10.1093/rfs/hhab074,Political Determinants of Competition in the Mobile Telecommunication Industry,2022
10.1093/rfs/hhab075,Creditor Control of Corporate Acquisitions,2022
10.1093/rfs/hhab076,Optimal Mitigation Policies in a Pandemic: Social Distancing and Working from Home,2021
10.1093/rfs/hhab077,Intermediaries and Asset Prices: International Evidence since 1870,2022
10.1093/rfs/hhab078,Disagreement in the Equity Options Market and Stock Returns,2022
10.1093/rfs/hhab079,Can Shorts Predict Returns? A Global Perspective,2022
10.1093/rfs/hhab080,A Model of Two Days: Discrete News and Asset Prices,2022
10.1093/rfs/hhab081,What Do Mutual Fund Investors Really Care About?,2022
10.1093/rfs/hhab082,The Party Structure of Mutual Funds,2022
10.1093/rfs/hhab083,Managing Households’ Expectations with Unconventional Policies,2022
10.1093/rfs/hhab084,The Use and Misuse of Patent Data: Issues for Finance and Beyond,2022
10.1093/rfs/hhab085,COVID-19 and Its Impact on Financial Markets and the Real Economy,2021
10.1093/rfs/hhab086,Asset Pricing with Fading Memory,2022
10.1093/rfs/hhab087,Consumption Imputation Errors in Administrative Data,2022
10.1093/rfs/hhab088,"A Fistful of Dollars: Financial Incentives, Peer Information, and Retirement Savings",2022
10.1093/rfs/hhab089,The Cross-Section of Bank Value,2022
10.1093/rfs/hhab090,Monetary Policy Risk: Rules versus Discretion,2022
10.1093/rfs/hhab091,"Capital Spillover, House Prices, and Consumer Spending: Quasi-Experimental Evidence from House Purchase Restrictions",2022
10.1093/rfs/hhab092,Credit Default Swaps around the World,2022
10.1093/rfs/hhab093,The Momentum Gap and Return Predictability,2022
10.1093/rfs/hhab094,A Theory of Liquidity Spillover between Bond and CDS Markets,2022
10.1093/rfs/hhab095,Foreign Exchange Volume,2022
10.1093/rfs/hhab096,Volatility Risk Pass-Through,2022
10.1093/rfs/hhab097,Quick or Broad Patents? Evidence from U.S. Startups,2022
10.1093/rfs/hhab098,Dark Pool Trading and Information Acquisition,2022
10.1093/rfs/hhab099,Do Investment-Based Models Explain Equity Returns? Evidence from Euler Equations,2022
10.1093/rfs/hhab100,Group-Managed Real Options,2022
10.1093/rfs/hhab101,"Exchange Competition, Entry, and Welfare",2022
10.1093/rfs/hhab102,Regulatory Forbearance in the U.S. Insurance Industry: The Effects of Removing Capital Requirements for an Asset Class,2022
10.1093/rfs/hhab103,How Global Is Your Mutual Fund? International Diversification from Multinationals,2022
10.1093/rfs/hhab104,Ratings-Driven Demand and Systematic Price Fluctuations,2022
10.1093/rfs/hhab105,Does Career Risk Deter Potential Entrepreneurs?,2022
10.1093/rfs/hhab106,The Equilibrium Consequences of Indexing,2022
10.1093/rfs/hhab107,Crowded Trades and Tail Risk,2022
10.1093/rfs/hhab108,Short-Termism Spillovers from the Financial Industry,2022
10.1093/rfs/hhab109,Outraged by Compensation: Implications for Public Pension Performance,2022
10.1093/rfs/hhab110,Where Has All the Data Gone?,2022
10.1093/rfs/hhab111,Social Proximity to Capital: Implications for Investors and Firms,2022
10.1093/rfs/hhab112,Trust and Insurance Contracts,2022
10.1093/rfs/hhab113,The Life Cycle Effects of Corporate Takeover Defenses,2022
10.1093/rfs/hhab115,Subjective Bond Returns and Belief Aggregation,2022
10.1093/rfs/hhab116,The Real Effects of Secondary Market Trading Structure: Evidence from the Mortgage Market,2022
10.1093/rfs/hhab117,Comomentum: Inferring Arbitrage Activity from Return Correlations,2022
10.1093/rfs/hhab118,The Relationship Dilemma: Why Do Banks Differ in the Pace at Which They Adopt New Technology?,2022
10.1093/rfs/hhab119,Housing Consumption and Investment: Evidence from Shared Equity Mortgages,2022
10.1093/rfs/hhab120,The Oligopoly Lucas Tree,2022
10.1093/rfs/hhab121,Publisher's Note,2021
10.1093/rfs/hhab122,Going Underwater? Flood Risk Belief Heterogeneity and Coastal Home Price Dynamics,2022
10.1093/rfs/hhab123,"Public Debt, Consumption Growth, and the Slope of the Term Structure",2022
10.1093/rfs/hhab124,RETRACTED: Mortgage Finance and Climate Change: Securitization Dynamics in the Aftermath of Natural Disasters,2022
10.1093/rfs/hhab125,Corporate ESG Profiles and Banking Relationships,2022
10.1093/rfs/hhab126,The Return Expectations of Public Pension Funds,2022
10.1093/rfs/hhab127,Understanding Cash Flow Risk,2022
10.1093/rfs/hhab128,The Geography of Value Creation,2022
10.1093/rfs/hhab129,Can Corporate Debt Foster Innovation and Growth?,2022
10.1093/rfs/hhab130,An Analytic Framework for Interpreting Investment Regressions in the Presence of Financial Constraints,2022
10.1093/rfs/hhab131,Markets versus Mechanisms,2022
10.1093/rfs/hhab132,Erratum to: Investors’ Attention to Corporate Governance,2022
10.1093/rfs/hhab133,Competition Links and Stock Returns,2022
10.1093/rfs/hhab134,Product Life Cycles in Corporate Finance,2022
10.1093/rfs/hhab135,Beyond Home Bias: International Portfolio Holdings and Information Heterogeneity,2022
10.1093/rfs/hhab136,Countercyclical Labor Income Risk and Portfolio Choices over the Life Cycle,2022
10.1093/rfs/hhab137,"What Moves Stock Prices? The Roles of News, Noise, and Information",2022
10.1093/rfs/hhac001,"Sovereign Risk, Currency Risk, and Corporate Balance Sheets",2022
10.1093/rfs/hhac002,The Market Risk Premium for Unsecured Consumer Credit Risk,2022
10.1093/rfs/hhac003,Can Environmental Policy Encourage Technical Change? Emissions Taxes and R&amp;D Investment in Polluting Firms,2022
10.1093/rfs/hhac004,Commonality in Credit Spread Changes: Dealer Inventory and Intermediary Distress,2022
10.1093/rfs/hhac005,Credit Ratings and Market Information,2022
10.1093/rfs/hhac006,Acquiring Innovation under Information Frictions,2022
10.1093/rfs/hhac007,Mutual Fund Liquidity Transformation and Reverse Flight to Liquidity,2022
10.1093/rfs/hhac008,Order Flows and Financial Investor Impacts in Commodity Futures Markets,2022
10.1093/rfs/hhac009,Simultaneous Multilateral Search,2023
10.1093/rfs/hhac010,Consuming Dividends,2022
10.1093/rfs/hhac011,Macroeconomic Attention and Announcement Risk Premia,2022
10.1093/rfs/hhac012,Risk Price Variation: The Missing Half of Empirical Asset Pricing,2022
10.1093/rfs/hhac013,Unemployment Insurance as a Subsidy to Risky Firms,2022
10.1093/rfs/hhac014,"The Good, the Bad, and the Missed Boom",2022
10.1093/rfs/hhac015,Financial Market Ethics,2023
10.1093/rfs/hhac016,Why Do Firms Borrow Directly from Nonbanks?,2022
10.1093/rfs/hhac017,Do Wall Street Landlords Undermine Renters’ Welfare?,2022
10.1093/rfs/hhac018,Zombies at Large? Corporate Debt Overhang and the Macroeconomy,2022
10.1093/rfs/hhac019,Recommendations with Feedback,2023
10.1093/rfs/hhac020,Import Penetration and Executive Compensation,2022
10.1093/rfs/hhac021,High Inflation: Low Default Risk and Low Equity Valuations,2023
10.1093/rfs/hhac022,When FinTech Competes for Payment Flows,2022
10.1093/rfs/hhac023,Global Portfolio Rebalancing and Exchange Rates,2022
10.1093/rfs/hhac024,Cybersecurity Risk,2022
10.1093/rfs/hhac025,What Determines Consumer Financial Distress? Place- and Person-Based Factors,2022
10.1093/rfs/hhac026,Covered Interest Parity Arbitrage,2022
10.1093/rfs/hhac027,Decision Weights for Experimental Asset Prices Based on Visual Salience,2022
10.1093/rfs/hhac028,Do Temporary Demand Shocks Have Long-Term Effects for Startups?,2022
10.1093/rfs/hhac029,Racial Disparities in the Auto Loan Market,2022
10.1093/rfs/hhac030,Bank Bonus Pay as a Risk Sharing Contract,2022
10.1093/rfs/hhac031,The Incidence of Student Loan Subsidies: Evidence from the PLUS Program,2023
10.1093/rfs/hhac032,Horizon Bias and the Term Structure of Equity Returns,2023
10.1093/rfs/hhac033,The Value of Differing Points of View: Evidence from Financial Analysts’ Geographic Diversity,2023
10.1093/rfs/hhac034,The Rise of Finance Companies and FinTech Lenders in Small Business Lending,2022
10.1093/rfs/hhac035,A Model-Free Term Structure of U.S. Dividend Premiums,2023
10.1093/rfs/hhac036,The Effect of Stock Liquidity on the Firm’s Investment and Production,2023
10.1093/rfs/hhac037,The Effects of Capital Requirements on Good and Bad Risk-Taking,2023
10.1093/rfs/hhac038,Small Bank Lending in the Era of Fintech and Shadow Banks: A Sideshow?,2022
10.1093/rfs/hhac039,The Distribution of Nonwage Benefits: Maternity Benefits and Gender Diversity,2022
10.1093/rfs/hhac040,Trade Credit and the Transmission of Unconventional Monetary Policy,2023
10.1093/rfs/hhac041,Making the House a Home: The Stimulative Effect of Home Purchases on Consumption and Investment,2022
10.1093/rfs/hhac042,"It Takes Two to Borrow: The Effects of the Equal Credit Opportunity Act on Housing, Credit, and Labor Market Decisions of Married Couples",2022
10.1093/rfs/hhac043,Exchange-Traded Funds and Real Investment,2023
10.1093/rfs/hhac044,Counterparty Risk: Implications for Network Linkages and Asset Prices,2023
10.1093/rfs/hhac045,Nowcasting Net Asset Values: The Case of Private Equity,2023
10.1093/rfs/hhac046,Risking or Derisking: How Management Fees Affect Hedge Fund Risk-Taking Choices,2023
10.1093/rfs/hhac047,Conflicting Interests and the Effect of Fiduciary Duty: Evidence from Variable Annuities,2022
10.1093/rfs/hhac048,Competition for Attention in the ETF Space,2023
10.1093/rfs/hhac049,The Disutility of Stock Market Losses: Evidence From Domestic Violence,2023
10.1093/rfs/hhac050,Are Intermediary Constraints Priced?,2023
10.1093/rfs/hhac051,Corporate Capture of Blockchain Governance,2023
10.1093/rfs/hhac052,Information versus Investment,2023
10.1093/rfs/hhac053,Roads and Loans,2023
10.1093/rfs/hhac054,Can Risk Be Shared across Investor Cohorts? Evidence from a Popular Savings Product,2022
10.1093/rfs/hhac055,Benchmarking Intensity,2023
10.1093/rfs/hhac056,Insurers as Asset Managers and Systemic Risk,2022
10.1093/rfs/hhac057,Estimating General Equilibrium Spillovers of Large-Scale Shocks,2023
10.1093/rfs/hhac058,Echo Chambers,2023
10.1093/rfs/hhac059,A Quantitative Model of Dynamic Moral Hazard,2023
10.1093/rfs/hhac060,Credit Building or Credit Crumbling? A Credit Builder Loan’s Effects on Consumer Behavior and Market Efficiency in the United States,2023
10.1093/rfs/hhac061,Advising the Management: A Theory of Shareholder Engagement,2023
10.1093/rfs/hhac062,OTC Intermediaries,2023
10.1093/rfs/hhac063,New Perspectives on Insurance,2022
10.1093/rfs/hhac064,Product Innovation and Credit Market Disruptions,2023
10.1093/rfs/hhac065,"Tuition, Debt, and Human Capital",2023
10.1093/rfs/hhac066,Do Investors Care about Impact?,2023
10.1093/rfs/hhac067,Intellectual Property Rights and Debt Financing,2023
10.1093/rfs/hhac068,From Market Making to Matchmaking: Does Bank Regulation Harm Market Liquidity?,2023
10.1093/rfs/hhac069,Illiquidity and Higher Cumulants,2023
10.1093/rfs/hhac070,Disloyal Managers and Shareholders’ Wealth,2023
10.1093/rfs/hhac071,Macroprudential Policy with Liquidity Panics,2023
10.1093/rfs/hhac072,Why Do Boards Exist? Governance Design in the Absence of Corporate Law,2023
10.1093/rfs/hhac073,Rating Agency Fees: Pay to Play in Public Finance?,2023
10.1093/rfs/hhac074,"The Demand for Money, Near-Money, and Treasury Bonds",2023
10.1093/rfs/hhac075,The Dynamics of Disagreement,2023
10.1093/rfs/hhac076,Do Cash Windfalls Affect Wages? Evidence from R&amp;D Grants to Small Firms,2023
10.1093/rfs/hhac077,The Missing Homebuyers: Regional Heterogeneity and Credit Contractions,2023
10.1093/rfs/hhac078,Are CLO Collateral and Tranche Ratings Disconnected?,2023
10.1093/rfs/hhac079,Labor Force Demographics and Corporate Innovation,2023
10.1093/rfs/hhac080,Redemption in Kind and Mutual Fund Liquidity Management,2023
10.1093/rfs/hhac081,Persistent Crises and Levered Asset Prices,2023
10.1093/rfs/hhac082,Pricing Implications of Noise,2023
10.1093/rfs/hhac083,Regulatory Limits to Risk Management,2023
10.1093/rfs/hhac084,Trendy Business Cycles and Asset Prices,2023
10.1093/rfs/hhac085,Man versus Machine Learning: The Term Structure of Earnings Expectations and Conditional Biases,2023
10.1093/rfs/hhac086,How Fast Do Investors Learn? Asset Management Investors and Bayesian Learning,2023
10.1093/rfs/hhac087,How Has COVID-19 Impacted Research Production in Economics and Finance?,2023
10.1093/rfs/hhac088,Real Effects of Search Frictions in Consumer Credit Markets,2023
10.1093/rfs/hhac089,"Watch What They Do, Not What They Say: Estimating Regulatory Costs from Revealed Preferences",2023
10.1093/rfs/hhac090,Finding Fortune: How Do Institutional Investors Pick Asset Managers?,2023
10.1093/rfs/hhac091,The Impact of Risk Cycles on Business Cycles: A Historical View,2023
10.1093/rfs/hhac092,Deposit Insurance and Depositor Behavior: Evidence from Colombia,2023
10.1093/rfs/hhac093,How Large Are Bequest Motives? Estimates Based on Health Shocks,2023
10.1093/rfs/hhac094,Do Corporations Retain Too Much Cash? Evidence from a Natural Experiment,2023
10.1093/rfs/hhad001,Regulatory Intensity and Firm-Specific Exposure,2023
10.1093/rfs/hhad002,Climate Risk Disclosure and Institutional Investors,2023
10.1093/rfs/hhad003,Human Capital Investment after the Storm,2023
10.1093/rfs/hhad004,Neglected Peers in Merger Valuations,2023
10.1093/rfs/hhad005,Dollar and Exports,2023
10.1093/rfs/hhad006,Factor Momentum,2023
10.1093/rfs/hhad007,Precautionary Saving in a Financially Constrained Firm,2023
10.1093/rfs/hhad008,Do Corporate Disclosures Constrain Strategic Analyst Behavior?,2023
10.1093/rfs/hhad009,The Leading Premium,2023
10.1093/rfs/hhad010,Is There Investment Value in the Soft-Dollar Arrangement? Evidence from Mutual Funds,2023
10.1093/rfs/hhad011,"Trust, Transparency, and Complexity",2023
10.1093/rfs/hhad012,What Drives Firms’ Hiring Decisions? An Asset Pricing Perspective,2023
10.1093/rfs/hhad013,Designing Securities for Scrutiny,2023
10.1093/rfs/hhad014,How ETFs Amplify the Global Financial Cycle in Emerging Markets,2023
10.1093/rfs/hhad015,Joining Forces: The Spillover Effects of EPA Enforcement Actions and the Role of Socially Responsible Investors,2023
10.1093/rfs/hhad016,"Monetary Policy, Business Liquidity and Survival: Evidence from the Refinancing Channel",2023
10.1093/rfs/hhad017,Option Return Predictability with Machine Learning and Big Data,2023
10.1093/rfs/hhad018,Secret and Overt Information Acquisition in Financial Markets,2023
10.1093/rfs/hhad019,SPACs,2023
10.1093/rfs/hhad020,The Overnight Drift,2023
10.1093/rfs/hhad021,How to Talk When a Machine Is Listening: Corporate Disclosure in the Age of AI,2023
10.1093/rfs/hhad022,Money Market Disconnect,2023
10.1093/rfs/hhad023,Financial Disruptions and the Organization of Innovation: Evidence from the Great Depression,2023
10.1093/rfs/hhad024,"Liquidity Constraints, Consumption, and Debt Repayment: Evidence from Macroprudential Policy in Turkey",2023
10.1093/rfs/hhad025,Stock Market Stimulus,2023
10.1093/rfs/hhad026,Remote Board Meetings and Board Monitoring Effectiveness: Evidence from China,2023
10.1093/rfs/hhad027,International Portfolio Choice with Frictions: Evidence from Mutual Funds,2023
10.1093/rfs/hhad028,When Do Low-Frequency Measures Really Measure Effective Spreads? Evidence from Equity and Foreign Exchange Markets,2023
10.1093/rfs/hhad029,The Partisanship of Financial Regulators,2023
10.1093/rfs/hhad030,Connected Funds,2023
10.1093/rfs/hhad031,Financing Competitors: Shadow Banks’ Funding and Mortgage Market Competition,2023
10.1093/rfs/hhad032,Does the Federal Reserve Obtain Competitive and Appropriate Prices in Monetary Policy Implementation?,2023
10.1093/rfs/hhad033,ES Risks and Shareholder Voice,2023
10.1093/rfs/hhad034,Field of Study and Financial Problems: How Economics Reduces the Risk of Default,2023
10.1093/rfs/hhad035,Adjusting to Macroprudential Policies: Loan-to-Value Limits and Housing Choice,2023
10.1093/rfs/hhad036,Financial Crises and the Transmission of Monetary Policy to Consumer Credit Markets,2023
10.1093/rfs/hhad037,Reference Points Spillovers: Micro-Level Evidence from Real Estate,2023
10.1093/rfs/hhad038,Measuring the Expected Effects of the Global Tax Reform,2023
10.1093/rfs/hhad039,Shocked by Bank Funding Shocks: Evidence from Consumer Credit Cards,2023
10.1093/rfs/hhad040,The Design of Macroprudential Stress Tests,2023
10.1093/rfs/hhad041,Sea-Level Rise Exposure and Municipal Bond Yields,2023
10.1093/rfs/hhad042,Narrative Asset Pricing: Interpretable Systematic Risk Factors from News Text,2023
10.1093/rfs/hhad043,Freeze! Financial Sanctions and Bank Responses,2023
10.1093/rfs/hhad044,"Firm-Level Exposure to Epidemic Diseases: COVID-19, SARS, and H1N1",2023
10.1093/rfs/hhad045,Private Renegotiations and Government Interventions in Credit Chains,2023
10.1093/rfs/hhad046,"More Risk, More Information: How Passive Ownership Can Improve Informational Efficiency",2023
10.1093/rfs/hhad047,Inflation and Individual Investors’ Behavior: Evidence from the German Hyperinflation,2023
10.1093/rfs/hhad048,Welfare Consequences of Sustainable Finance,2023
10.1093/rfs/hhad049,Currency Risk Premiums Redux,2024
10.1093/rfs/hhad050,Do Robots Increase Wealth Dispersion?,2023
10.1093/rfs/hhad051,Committee-Based Blockchains as Games between Opportunistic Players and Adversaries,2024
10.1093/rfs/hhad052,Mandatory Financial Disclosure and M&amp;A Activity,2023
10.1093/rfs/hhad053,Banks as Liquidity Multipliers,2023
10.1093/rfs/hhad054,The Impact of Restricting Labor Mobility on Corporate Investment and Entrepreneurship,2023
10.1093/rfs/hhad055,What Private Equity Does Differently: Evidence from Life Insurance,2023
10.1093/rfs/hhad056,The Human Factor in Acquisitions: Cross-industry Labor Mobility and Corporate Diversification,2023
10.1093/rfs/hhad057,Business Group Spillovers,2023
10.1093/rfs/hhad058,"Who Mismanages Student Loans, and Why?",2023
10.1093/rfs/hhad059,The Changing Economics of Knowledge Production,2023
10.1093/rfs/hhad060,Dynamic Equilibrium with Costly Short-Selling and Lending Market,2024
10.1093/rfs/hhad062,Cross-Selling in Bank-Household Relationships: Mechanisms and Implications for Pricing,
10.1093/rfs/hhad063,Seller Debt in Acquisitions of Private Firms: A Security Design Approach,2024
10.1093/rfs/hhad064,Diverse Hedge Funds,2024
10.1093/rfs/hhad065,The Rise of Star Firms: Intangible Capital and Competition,2024
10.1093/rfs/hhad066,Shareholder Monitoring through Voting: New Evidence from Proxy Contests,2024
10.1093/rfs/hhad067,Local Effects of Global Capital Flows: A China Shock in the U.S. Housing Market,2024
10.1093/rfs/hhad068,Scale or Yield? A Present-Value Identity,2024
10.1093/rfs/hhad069,Existence of the Wealth-Consumption Ratio in Asset Pricing Models with Recursive Preferences,2024
10.1093/rfs/hhad070,"Macroprudential Policy, Mortgage Cycles, and Distributional Effects: Evidence from the United Kingdom",2024
10.1093/rfs/hhad071,Common Venture Capital Investors and Startup Growth,2024
10.1093/rfs/hhad072,Adverse Selection and Climate Risk: A Response to,2024
10.1093/rfs/hhad073,The Effect of Political Frictions on the Pricing and Supply of Insurance,2024
10.1093/rfs/hhad074,The Market Inside the Market: Odd-Lot Quotes,2025
10.1093/rfs/hhad075,Flight to Safety: How Economic Downturns Affect Talent Flows to Startups,2024
10.1093/rfs/hhad076,Desperate House Sellers: Distress among Developers,2024
10.1093/rfs/hhad077,The Cost of Bank Regulatory Capital,2024
10.1093/rfs/hhad078,Exchange Rate Dynamics and Monetary Spillovers with Imperfect Financial Markets,2024
10.1093/rfs/hhad079,Gender Bias in Promotions: Evidence from Financial Institutions,2024
10.1093/rfs/hhad080,Pay-As-You-Go Insurance: Experimental Evidence on Consumer Demand and Behavior,2024
10.1093/rfs/hhad081,Market Discipline in the Direct Lending Space,2024
10.1093/rfs/hhad082,Owner Incentives and Performance in Healthcare: Private Equity Investment in Nursing Homes,2024
10.1093/rfs/hhad083,Learning in Financial Markets: Implications for Debt-Equity Conflicts,2024
10.1093/rfs/hhad084,"Pay, Stay, or Delay? How to Settle a Run",2024
10.1093/rfs/hhad085,Banking on Carbon: Corporate Lending and Cap-and-Trade Policy,2024
10.1093/rfs/hhad086,Stress Testing and Bank Lending,2024
10.1093/rfs/hhad087,Selective Default Expectations,2024
10.1093/rfs/hhad088,Health Care Costs and Corporate Investment,2024
10.1093/rfs/hhad089,Disclosure of Bank-Specific Information and the Stability of Financial Systems,2024
10.1093/rfs/hhad090,The Psychological Externalities of Investing: Evidence from Stock Returns and Crime,2024
10.1093/rfs/hhad091,Noise in Expectations: Evidence from Analyst Forecasts,2024
10.1093/rfs/hhad092,Short Campaigns by Hedge Funds,2024
10.1093/rfs/hhad093,Climate Change and Adaptation in Global Supply-Chain Networks,2024
10.1093/rfs/hhad094,Corporate Climate Risk: Measurements and Responses,2024
10.1093/rfs/hhad095,Bond Price Fragility and the Structure of the Mutual Fund Industry,2024
10.1093/rfs/hhad096,"Credit Freezes, Equilibrium Multiplicity, and Optimal Bailouts in Financial Networks",2024
10.1093/rfs/hhad097,The Effect of Carbon Pricing on Firm Emissions: Evidence from the Swedish CO2 Tax,2024
10.1093/rfs/hhad098,Place Your Bets? The Value of Investment Research on Reddit’s Wallstreetbets,2024
10.1093/rfs/hhad099,Are Analyst “Top Picks” Informative?,2024
10.1093/rfs/hhad100,Systemic Risk and Monetary Policy: The Haircut Gap Channel of the Lender of Last Resort,2024
10.1093/rfs/hhae001,Using Social Media to Identify the Effects of Congressional Viewpoints on Asset Prices,2024
10.1093/rfs/hhae002,Holding Period Effects in Dividend Strip Returns,2024
10.1093/rfs/hhae003,Missing Data in Asset Pricing Panels,2025
10.1093/rfs/hhae004,Can Human Capital Explain Income-Based Disparities in Financial Services?,
10.1093/rfs/hhae005,Digital Payments and Consumption: Evidence from the 2016 Demonetization in India,2024
10.1093/rfs/hhae006,Unsmoothing Returns of Illiquid Funds,2024
10.1093/rfs/hhae007,Size Discount and Size Penalty: Trading Costs in Bond Markets,2024
10.1093/rfs/hhae008,Equity Return Expectations and Portfolios: Evidence from Large Asset Managers,2024
10.1093/rfs/hhae009,Which Subjective Expectations Explain Asset Prices?,2024
10.1093/rfs/hhae010,A Dynamic Theory of Lending Standards,2024
10.1093/rfs/hhae011,A Theory of the Term Structure of Interest Rates under Limited Household Risk Sharing,2024
10.1093/rfs/hhae012,Fractional Trading,2025
10.1093/rfs/hhae013,Managing Mental Accounts: Payment Cards and Consumption Expenditures,2024
10.1093/rfs/hhae014,The Labor Market Effects of Loan Guarantee Programs,2024
10.1093/rfs/hhae015,Digitalization and Retirement Contribution Behavior: Evidence from Administrative Data,2024
10.1093/rfs/hhae016,The Coholding Puzzle: New Evidence from Transaction-Level Data,
10.1093/rfs/hhae017,Teams and Bankruptcy,2024
10.1093/rfs/hhae018,Blood Money: Selling Plasma to Avoid High-Interest Loans,2024
10.1093/rfs/hhae019,News and Asset Pricing: A High-Frequency Anatomy of the SDF,2025
10.1093/rfs/hhae020,Who Can Tell Which Banks Will Fail?,2024
10.1093/rfs/hhae021,The Dynamics of Loan Sales and Lender Incentives,2024
10.1093/rfs/hhae022,Correction to: A Dynamic Theory of Lending Standards,2024
10.1093/rfs/hhae023,The Bright Side of Political Uncertainty: The Case of R&amp;D,2024
10.1093/rfs/hhae024,Financial Effects of Remote Product Delivery: Evidence from Hospitals,2024
10.1093/rfs/hhae025,News Diffusion in Social Networks and Stock Market Reactions,2025
10.1093/rfs/hhae026,Institutional Brokerage Networks: Facilitating Liquidity Provision,2024
10.1093/rfs/hhae027,Price elasticity of demand and risk-bearing capacity in sovereign bond auctions,2024
10.1093/rfs/hhae028,Why Did Bank Stocks Crash during COVID-19?,2024
10.1093/rfs/hhae029,"Computational Reproducibility in Finance: Evidence from 1,000 Tests",2024
10.1093/rfs/hhae030,The Savings of Corporate Giants,2024
10.1093/rfs/hhae031,Technological Progress and Rent Seeking,
10.1093/rfs/hhae032,Firm Networks and Asset Returns,2024
10.1093/rfs/hhae033,Human Capital Portability and Careers in Finance,2024
10.1093/rfs/hhae034,Valuing Financial Data,2025
10.1093/rfs/hhae035,Estimating Discount Functions with Consumption Choices over the Lifecycle,
10.1093/rfs/hhae036,Missing Financial Data,2025
10.1093/rfs/hhae037,Conflicts of Interest in Municipal Bond Advising and Underwriting,2024
10.1093/rfs/hhae038,Informed Voting,
10.1093/rfs/hhae039,The Gender Gap in Household Bargaining Power: A Revealed-Preference Approach,
10.1093/rfs/hhae040,Tax Policy and Abnormal Investment Behavior,2024
10.1093/rfs/hhae041,The Value of ETF Liquidity,2024
10.1093/rfs/hhae042,The Technical Default Spread,2024
10.1093/rfs/hhae043,Machine Learning for Continuous-Time Finance,2024
10.1093/rfs/hhae044,A Comprehensive 2022 Look at the Empirical Performance of Equity Premium Prediction,2024
10.1093/rfs/hhae045,Proxy Advisory Firms and Corporate Shareholder Engagement,2024
10.1093/rfs/hhae046,"Student Loans, Access to Credit, and Consumer Credit Demand",2024
10.1093/rfs/hhae047,"Credit Cycles, Expectations, and Corporate Investment",2024
10.1093/rfs/hhae048,Heterogeneous Real Estate Agents and the Housing Cycle,2024
10.1093/rfs/hhae049,Horizon-Dependent Risk Aversion and the Timing and Pricing of Uncertainty,2024
10.1093/rfs/hhae050,Expression of Concern: Mortgage Finance and Climate Change: Securitization Dynamics in the Aftermath of Natural Disasters,2024
10.1093/rfs/hhae051,The Impact of Crisis-Period Interest Rate Declines on Distressed Borrowers,2024
10.1093/rfs/hhae052,"Syndicated Lending, Competition, and Relative Performance Evaluation",2024
10.1093/rfs/hhae053,"Capital Investment, Equity Returns, and Aggregate Dynamics in Oligopolistic Production Economies",2025
10.1093/rfs/hhae054,Duration-Based Valuation of Corporate Bonds,2025
10.1093/rfs/hhae055,Socially Responsible Finance: How to Optimize Impact,
10.1093/rfs/hhae056,The Brand Premium,2025
10.1093/rfs/hhae057,Are Bankruptcy Professional Fees Excessively High?,2024
10.1093/rfs/hhae058,The Effects of Macroeconomic Shocks: Household Financial Distress Matters,2025
10.1093/rfs/hhae059,Is Capital Structure Irrelevant with ESG Investors?,
10.1093/rfs/hhae060,The Imitation Game: The Imitation Game: How Encouraging Renegotiation Makes Good Borrowers Bad,2024
10.1093/rfs/hhae061,Designing Pension Plans According to Consumption-Savings Theory,
10.1093/rfs/hhae062,Dynamic Market Making with Asymmetric Information and Market Power,2025
10.1093/rfs/hhae063,Beliefs about the Stock Market and Investment Choices: Evidence from a Survey and a Field Experiment,
10.1093/rfs/hhae064,How Do Short-Term Incentives Affect Long-Term Productivity?,
10.1093/rfs/hhae065,House Prices and Rents,2025
10.1093/rfs/hhae066,Real Consequences of Shocks to Intermediaries Supplying Corporate Hedging Instruments,2025
10.1093/rfs/hhae067,Risk-Adjusted Returns of Private Equity Funds: A New Approach,
10.1093/rfs/hhae068,The Gender Investment Gap over the Life Cycle,
10.1093/rfs/hhae069,Moving the Goalposts? Mutual Fund Benchmark Changes and Relative Performance Manipulation,
10.1093/rfs/hhae070,Should the Government Be Paying Investment Fees on $3 Trillion of Tax-Deferred Retirement Assets?,
10.1093/rfs/hhae071,"Long-Term Investors, Demand Shifts, and Yields",2025
10.1093/rfs/hhae072,The Hedging Channel of Exchange Rate Determination,2025
10.1093/rfs/hhae073,The Shadow Cost of Collateral,
10.1093/rfs/hhae074,Cross-Subsidization of Bad Credit in a Lending Crisis,
10.1093/rfs/hhae075,The Role of Intermediaries in Selection Markets: Evidence from Mortgage Lending,
10.1093/rfs/hhae076,Gold’s Value as an Investment,2025
10.1093/rfs/hhae077,Deconstructing the Yield Curve,2025
10.1093/rfs/hhae078,Competition and Innovation Revisited: A Project-Level View,
10.1093/rfs/hhae079,Pretending Ignorance Is Bliss: Competing Insurers with Heterogeneous Informational Advantages,
10.1093/rfs/hhae080,The Impact of the Opioid Crisis on Firm Value and Investment,
10.1093/rfs/hhae081,War Discourse and Disaster Premium: 160 Years of Evidence from the Stock Market,2025
10.1093/rfs/hhae082,Does Liquidity Management Induce Fragility in Treasury Prices? Evidence from Bond Mutual Funds,2025
10.1093/rfs/hhae083,The Next Chapter of Big Data in Finance,2025
10.1093/rfs/hhae084,Corporate Loan Spreads and Economic Activity,2025
10.1093/rfs/hhae085,"Macroprudential Regulation, Quantitative Easing, and Bank Lending",
10.1093/rfs/hhae086,Memory Moves Markets,
10.1093/rfs/hhae087,Can Equity Option Returns Be Explained by a Factor Model? IPCA Says Yes,
10.1093/rfs/hhae088,"Return Predictability, Expectations, and Investment: Experimental Evidence",
10.1093/rfs/hhae089,The Fed and the Secular Decline in Interest Rates,
10.1093/rfs/hhaf001,Unmasking Mutual Fund Derivative Use,
10.1093/rfs/hhaf003,Retraction of: Mortgage Finance and Climate Change: Securitization Dynamics in the Aftermath of Natural Disasters,
10.1093/rfs/hhaf004,Build or Buy? Human Capital and Corporate Diversification,
10.1093/rfs/hhaf007,Financing Infrastructure in the Shadow of Expropriation,
10.1093/rfs/hhaf008,Effects of Credit Expansions on Stock Market Booms and Busts,
10.1093/rfs/hhaf009,The Financial Consequences of Pretrial Detention,
10.1093/rfs/hhaf010,How to Dominate the Historical Average,
10.1093/rfs/hhaf011,Real Effects of Centralized Markets: Evidence from Steel Futures,
10.1093/rfs/hhaf012,Does Finance Benefit Society? A Language Embedding Approach,
10.1093/rfs/hhaf013,Proof-of-Work versus Proof-of-Stake: A Comparative Economic Analysis,
10.1093/rfs/hhg001,Risk Adjustment and Trading Strategies,2003
10.1093/rfs/hhg002,Delta-Hedged Gains and the Negative Market Volatility Risk Premium,2003
10.1093/rfs/hhg003,Dynamic Equilibrium with Liquidity Constraints,2003
10.1093/rfs/hhg004,Stochastic Discount Factor Bounds with Conditioning Information,2003
10.1093/rfs/hhg005,Market Making with Costly Monitoring: An Analysis of the SOES Controversy,2003
10.1093/rfs/hhg006,"Differences of Opinion, Short-Sales Constraints, and Market Crashes",2003
10.1093/rfs/hhg007,An Analysis of Covariance Risk and Pricing Anomalies,2003
10.1093/rfs/hhg008,Liquidity-Based Competition for Order Flow,2003
10.1093/rfs/hhg009,Order Preferencing and Market Quality on U.S. Equity Exchanges,2003
10.1093/rfs/hhg010,Term Structure Dynamics in Theory and Reality,2003
10.1093/rfs/hhg011,Fundamental Properties of Bond Prices in Models of the Short-Term Rate,2003
10.1093/rfs/hhg012,A New Approach to Measuring Financial Contagion,2003
10.1093/rfs/hhg013,Financial Development and Financing Constraints: International Evidence from the Structural Investment Model,2003
10.1093/rfs/hhg014,Nonlinear Mean Reversion in the Short-Term Interest Rate,2003
10.1093/rfs/hhg015,Return Distributions and Improved Tests of Asset Pricing Models,2003
10.1093/rfs/hhg016,Statistical Arbitrage and Securities Prices,2003
10.1093/rfs/hhg017,Information Technology and Financial Services Competition: Table 1,2003
10.1093/rfs/hhg018,Underwriter Certification and Japanese Seasoned Equity Issues,2003
10.1093/rfs/hhg019,Incomplete Consumption Risk Sharing and Currency Risk Premiums,2003
10.1093/rfs/hhg020,The Emergence and Persistence of the Anglo-Saxon and German Financial Systems,2004
10.1093/rfs/hhg021,Valuation and Return Dynamics of New Ventures,2004
10.1093/rfs/hhg022,Real Flexibility and Financial Structure: An Empirical Analysis,2003
10.1093/rfs/hhg023,Why the NPV Criterion does not Maximize NPV,2004
10.1093/rfs/hhg024,"Cross-Subsidies, External Financing Constraints, and the Contribution of the Internal Capital Market to Firm Value",2003
10.1093/rfs/hhg025,Informal Financial Networks: Theory and Evidence,2003
10.1093/rfs/hhg026,Options Trading and the CAPM,2004
10.1093/rfs/hhg027,The Design of Financial Policies in Corporate Spin-offs,2003
10.1093/rfs/hhg028,On the Timing and Execution of Open Market Repurchases,2004
10.1093/rfs/hhg029,Losing Money on Arbitrage: Optimal Dynamic Portfolio Choice in Markets with Arbitrage Opportunities,2004
10.1093/rfs/hhg030,Price Discovery and Trading After Hours,2003
10.1093/rfs/hhg031,"Raids, Rewards, and Reputations in the Market for Managerial Talent",2003
10.1093/rfs/hhg032,Adverse Selection and the Required Return,2004
10.1093/rfs/hhg033,Taxes and Corporate Finance: A Review,2003
10.1093/rfs/hhg034,What's In It for Me? CEOs Whose Firms Are Acquired,2004
10.1093/rfs/hhg035,Institutional Herding,2004
10.1093/rfs/hhg036,Can Managerial Discretion Explain Observed Leverage Ratios?,2004
10.1093/rfs/hhg037,Confronting Information Asymmetries: Evidence from Real Estate Markets,2004
10.1093/rfs/hhg038,Multiple Unit Auctions and Short Squeezes,2004
10.1093/rfs/hhg039,"Advertising, Breadth of Ownership, and Liquidity",2004
10.1093/rfs/hhg040,Greener Pastures and the Impact of Dynamic Institutional Preferences,2003
10.1093/rfs/hhg041,Equilibrium Investment Strategies and Output Price Behavior: A Real-Options Approach,2003
10.1093/rfs/hhg042,Institutional Liquidity Needs and the Structure of Monitored Finance: Table 1,2003
10.1093/rfs/hhg043,Career Concerns and Resource Allocation in Conglomerates,2004
10.1093/rfs/hhg044,Risks and Portfolio Decisions Involving Hedge Funds,2004
10.1093/rfs/hhg045,A Theory of Corporate Capital Structure and Investment,2004
10.1093/rfs/hhg046,Evaluating an Alternative Risk Preference in Affine Term Structure Models,2004
10.1093/rfs/hhg047,"Strategic Trading, Liquidity, and Information Acquisition",2004
10.1093/rfs/hhg048,The Overseas Listing Decision: New Evidence of Proximity Preference,2004
10.1093/rfs/hhg049,Why Does Book Building Drive Out Auction Methods of IPO Issuance? Evidence from Japan,2004
10.1093/rfs/hhg050,"Capital Budgeting in Multidivision Firms: Information, Agency, and Incentives",2004
10.1093/rfs/hhg051,Underpricing and Market Power in Uniform Price Auctions,2004
10.1093/rfs/hhg052,Conditioning Information and Variance Bounds on Pricing Kernels,2004
10.1093/rfs/hhg053,Structural Models of Corporate Bond Pricing: An Empirical Analysis,2004
10.1093/rfs/hhg054,Family Values and the Star Phenomenon: Strategies of Mutual Fund Families,2004
10.1093/rfs/hhg055,Are IPOs Really Underpriced?,2004
10.1093/rfs/hhg056,"Wealth, Information Acquisition, and Portfolio Choice",2004
10.1093/rfs/hhg057,Technical Analysis and Liquidity Provision,2004
10.1093/rfs/hhg058,"Extreme Value Dependence in Financial Markets: Diagnostics, Models, and Financial Implications",2004
10.1093/rfs/hhg059,Stock Return Predictability and Asset Pricing Models,2004
10.1093/rfs/hhg061,The Value of Voting Rights to Majority Shareholders: Evidence from Dual-Class Stock Unifications,2004
10.1093/rfs/hhg062,Prospect Theory and Mean-Variance Analysis,2004
10.1093/rfs/hhg063,Title Index:,2003
10.1093/rfs/hhg064,Author Index:,2003
10.1093/rfs/hhg065,Acknowledgements,2003
10.1093/rfs/hhh001,"Board Composition, Board Effectiveness, and the Observed Form of Takeover Bids",2004
10.1093/rfs/hhh002,Public Trading and Private Incentives:,2004
10.1093/rfs/hhh003,Robust Portfolio Rules and Asset Pricing,2004
10.1093/rfs/hhh004,Why Do Firms Announce Open-Market Repurchase Programs?,2005
10.1093/rfs/hhh005,"Decision Processes, Agency Problems, and Information: An Economic Analysis of Capital Budgeting Procedures",2005
10.1093/rfs/hhh006,Nonparametric Specification Testing for Continuous-Time Models with Applications to Term Structure of Interest Rates,2005
10.1093/rfs/hhh007,Optimal Consumption and Portfolio Choices with Risky Housing and Borrowing Constraints,2005
10.1093/rfs/hhh008,Whence GARCH? A Preference-Based Explanation for Conditional Volatility,2004
10.1093/rfs/hhh009,"Corporate Governance, Incentives, and Industry Consolidations",2005
10.1093/rfs/hhh010,Identifying Control Motives in Managerial Ownership: Evidence from Antitakeover Legislation,2005
10.1093/rfs/hhh011,Bank Competition and Credit Standards,2004
10.1093/rfs/hhh012,Author Index,2004
10.1093/rfs/hhh013,Title Index,2004
10.1093/rfs/hhh014,Acknowledgements,2004
10.1093/rfs/hhi001,Interbank Market Integration under Asymmetric Information,2005
10.1093/rfs/hhi002,Why Do Larger Orders Receive Discounts on the London Stock Exchange?,2005
10.1093/rfs/hhi003,Coordination of Expectations in Asset Pricing Experiments,2005
10.1093/rfs/hhi004,IPOs with Buy- and Sell-Side Information Production: The Dark Side of Open Sales,2005
10.1093/rfs/hhi005,"Anonymity, Adverse Selection, and the Sorting of Interdealer Trades",2005
10.1093/rfs/hhi006,Portfolio Choice in the Presence of Housing,2005
10.1093/rfs/hhi007,Short-Term Persistence in Mutual Fund Performance,2005
10.1093/rfs/hhi008,The Pooling and Tranching of Securities: A Model of Informed Intermediation,2005
10.1093/rfs/hhi009,Is Default Event Risk Priced in Corporate Bonds?,2005
10.1093/rfs/hhi010,An Empirical Analysis of Stock and Bond Market Liquidity,2005
10.1093/rfs/hhi011,An Equilibrium Model of Rare-Event Premia and Its Implication for Option Smirks,2005
10.1093/rfs/hhi012,The Causes and Consequences of Recent Financial Market Bubbles,2005
10.1093/rfs/hhi013,"Island Goes Dark: Transparency, Fragmentation, and Regulation",2005
10.1093/rfs/hhi014,A Shrinkage Approach to Model Uncertainty and Asset Allocation,2005
10.1093/rfs/hhi015,Information Leakage and Market Efficiency,2005
10.1093/rfs/hhi016,How Often to Sample a Continuous-Time Process in the Presence of Market Microstructure Noise,2005
10.1093/rfs/hhi017,Consumption and Portfolio Choice over the Life Cycle,2005
10.1093/rfs/hhi018,Jackknifing Bond Option Prices,2005
10.1093/rfs/hhi019,A Simulation Approach to Dynamic Portfolio Choice with an Application to Learning About Return Predictability,2005
10.1093/rfs/hhi020,Optimal Contracts Under Adverse Selection and Moral Hazard: A Continuous-Time Approach,2005
10.1093/rfs/hhi021,Does Risk Seeking Drive Stock Prices? A Stochastic Dominance Analysis of Aggregate Investor Preferences and Beliefs,2005
10.1093/rfs/hhi022,IPO Market Timing,2005
10.1093/rfs/hhi023,"Market Frictions, Price Delay, and the Cross-Section of Expected Returns",2005
10.1093/rfs/hhi024,Information Acquisition Under Uncertainty in Credit Markets,2005
10.1093/rfs/hhi025,An Equilibrium Model of Asset Pricing and Moral Hazard,2005
10.1093/rfs/hhi026,Do Heterogeneous Beliefs Matter for Asset Pricing?,2005
10.1093/rfs/hhi027,The Model-Free Implied Volatility and Its Information Content,2005
10.1093/rfs/hhi028,Do Domestic Investors Have an Edge? The Trading Experience of Foreign Investors in Korea,2005
10.1093/rfs/hhi029,Limit Order Book as a Market for Liquidity,2005
10.1093/rfs/hhi030,Powerful CEOs and Their Impact on Corporate Performance,2005
10.1093/rfs/hhi031,Fund Families as Delegated Monitors of Money Managers,2005
10.1093/rfs/hhi032,How Does Industry Affect Firm Financial Structure?,2005
10.1093/rfs/hhi033,Household Portfolio Diversification: A Case for Rank-Dependent Preferences,2005
10.1093/rfs/hhi034,"Model Uncertainty, Limited Market Participation, and Asset Prices",2005
10.1093/rfs/hhi035,Dynamic Consumption and Portfolio Choice with Stochastic Volatility in Incomplete Markets,2005
10.1093/rfs/hhj001,Explaining Returns with Cash-Flow Proxies,2006
10.1093/rfs/hhj002,Asset Allocation with a High Dimensional Latent Factor Stochastic Volatility Model,2006
10.1093/rfs/hhj003,Does the Source of Capital Affect Capital Structure?,2006
10.1093/rfs/hhj004,Credit Ratings and Stock Liquidity,2006
10.1093/rfs/hhj005,Competition and Cooperation in Divisible Good Auctions: An Experimental Examination,2006
10.1093/rfs/hhj006,Labor Income and Predictable Stock Returns,2006
10.1093/rfs/hhj007,Analysts’ Weighting of Private and Public Information,2006
10.1093/rfs/hhj008,"Exchange Rates, Equity Prices, and Capital Flows",2006
10.1093/rfs/hhj009,Credit Ratings as Coordination Mechanisms,2006
10.1093/rfs/hhj010,"Capital Structure, Compensation and Incentives",2006
10.1093/rfs/hhj011,If at First You Don’t Succeed: The Effect of the Option to Resolicit on Corporate Takeovers,2006
10.1093/rfs/hhj012,Financial Constraints Risk,2006
10.1093/rfs/hhj013,"Hedging, Familiarity and Portfolio Choice",2006
10.1093/rfs/hhj014,Pricing Options in an Extended Black Scholes Economy with Illiquidity: Theory and Empirical Evidence,2006
10.1093/rfs/hhj015,Evaluating Government Bond Fund Performance with Stochastic Discount Factors,2006
10.1093/rfs/hhj016,A Trade-Based Analysis of Momentum,2006
10.1093/rfs/hhj017,Loan Sales and the Cost of Corporate Borrowing,2006
10.1093/rfs/hhj018,IPO Underpricing and After-Market Liquidity,2006
10.1093/rfs/hhj019,The Behavior of Interest Rates,2006
10.1093/rfs/hhj020,Pairs Trading: Performance of a Relative-Value Arbitrage Rule,2006
10.1093/rfs/hhj021,Competition and Strategic Information Acquisition in Credit Markets,2006
10.1093/rfs/hhj022,Maximum Likelihood Estimation of Latent Affine Processes,2006
10.1093/rfs/hhj023,"Innovation, Differentiation, and the Choice of an Underwriter: Evidence from Equity-Linked Securities",2006
10.1093/rfs/hhj024,The Information in Option Volume for Future Stock Prices,2006
10.1093/rfs/hhj025,Asset Pricing Models and Financial Market Anomalies,2006
10.1093/rfs/hhj026,The Impact of Legal and Political Institutions on Equity Trading Costs: A Cross-Country Analysis,2006
10.1093/rfs/hhj027,The Impact of Trades on Daily Volatility,2006
10.1093/rfs/hhj028,Corporate Diversification and Credit Constraints: Real Effects across the Business Cycle,2006
10.1093/rfs/hhj029,International Capital Markets and Foreign Exchange Risk,2006
10.1093/rfs/hhj030,Option Coskewness and Capital Asset Pricing,2006
10.1093/rfs/hhj031,Theory and Evidence on the Resolution of Financial Distress,2006
10.1093/rfs/hhj032,Investor Overconfidence and Trading Volume,2006
10.1093/rfs/hhj033,Transmission of Information across International Equity Markets,2006
10.1093/rfs/hhj034,Takeover Contests with Asymmetric Bidders,2006
10.1093/rfs/hhj035,Downside Risk,2006
10.1093/rfs/hhj036,Beauty Contests and Iterated Expectations in Asset Markets,2006
10.1093/rfs/hhj037,Note from the Editor,2006
10.1093/rfs/hhj038,Consumer Confidence and Asset Prices: Some Empirical Evidence,2006
10.1093/rfs/hhj039,Dynamic Portfolio Choice with Parameter Uncertainty and the Economic Value of Analysts’ Recommendations,2006
10.1093/rfs/hhj040,Asset Pricing Implications of Firms’ Financing Constraints,2006
10.1093/rfs/hhj041,"Capital Controls, Liberalizations, and Foreign Direct Investment",2006
10.1093/rfs/hhj042,A Note from the Editor,2006
10.1093/rfs/hhl001,Portfolio Selection in Stochastic Environments,2007
10.1093/rfs/hhl002,Corporate Finance and the Monetary Transmission Mechanism,2006
10.1093/rfs/hhl003,Portfolio Selection with Parameter and Model Uncertainty: A Multi-Prior Approach,2007
10.1093/rfs/hhl004,Agency and Optimal Investment Dynamics,2007
10.1093/rfs/hhl005,Options and Bubbles,2007
10.1093/rfs/hhl006,Life-Cycle Portfolio Choice with Additive Habit Formation Preferences and Uninsurable Labor Income Risk,2007
10.1093/rfs/hhl007,The Role of Knowhow Acquisition in the Formation and Duration of Joint Ventures,2007
10.1093/rfs/hhl008,Does Motivation Matter When Assessing Trade Performance? An Analysis of Mutual Funds,2007
10.1093/rfs/hhl009,Do Termination Provisions Truncate the Takeover Bidding Process?,2007
10.1093/rfs/hhl010,"Imperfect Competition, Information Heterogeneity, and Financial Contagion",2007
10.1093/rfs/hhl011,Public Disclosure and Private Decisions: Equity Market Execution Quality and Order Routing,2007
10.1093/rfs/hhl012,Financial Intermediation and the Costs of Trading in an Opaque Market,2007
10.1093/rfs/hhl013,Approximation and Calibration of Short-Term Implied Volatilities Under Jump-Diffusion Stochastic Volatility,2007
10.1093/rfs/hhl014,The Cross-Section of Expected Trading Activity,2007
10.1093/rfs/hhl015,Trade Credit: Suppliers as Debt Collectors and Insurance Providers,2007
10.1093/rfs/hhl016,The Effect of Private-Debt-Underwriting Reputation on Bank Public-Debt Underwriting,2007
10.1093/rfs/hhl017,"Good Stewards, Cheap Talkers, or Family Men? The Impact of Mutual Fund Closures on Fund Managers, Flows, Fees, and Performance",2007
10.1093/rfs/hhl018,Transactions Accounts and Loan Monitoring,2007
10.1093/rfs/hhl019,Do Investors Trade More When Stocks Have Performed Well? Evidence from 46 Countries,2007
10.1093/rfs/hhl020,Transparency and Liquidity: A Controlled Experiment on Corporate Bonds,2007
10.1093/rfs/hhl021,Stock Return Predictability: Is it There?,2007
10.1093/rfs/hhl022,"Spin-offs, Divestitures, and Conglomerate Investment",2007
10.1093/rfs/hhl023,Why Does Implied Risk Aversion Smile?,2007
10.1093/rfs/hhl024,Price Informativeness and Investment Sensitivity to Stock Price,2007
10.1093/rfs/hhl025,Option Market Activity,2007
10.1093/rfs/hhl026,Risk and Return in Fixed-Income Arbitrage: Nickels in Front of a Steamroller?,2007
10.1093/rfs/hhl027,Tipping,2007
10.1093/rfs/hhl028,Analyst Behavior Following IPOs: The “Bubble Period” Evidence,2008
10.1093/rfs/hhl029,Strong-Form Efficiency with Monopolistic Insiders,2008
10.1093/rfs/hhl030,A Theory of Board Control and Size,2008
10.1093/rfs/hhl031,Market Discipline and Internal Governance in the Mutual Fund Industry,2008
10.1093/rfs/hhl032,How Well Do Institutional Theories Explain Firms’ Perceptions of Property Rights?,2008
10.1093/rfs/hhl033,Do Retail Incentives Work in Privatizations?,2008
10.1093/rfs/hhl034,Biases in Decomposing Holding-Period Portfolio Returns,2008
10.1093/rfs/hhl035,The Returns on Human Capital: Good News on Wall Street is Bad News on Main Street,2008
10.1093/rfs/hhl036,A Bayesian Analysis of Return Dynamics with Lévy Jumps,2008
10.1093/rfs/hhl037,Asymmetries in Stock Returns: Statistical Tests and Economic Evaluation,2007
10.1093/rfs/hhl038,Financing a Portfolio of Projects,2007
10.1093/rfs/hhl039,Can Growth Options Explain the Trend in Idiosyncratic Risk?,2008
10.1093/rfs/hhl040,Information Quality and Options,2008
10.1093/rfs/hhl041,Unobserved Actions of Mutual Funds,2008
10.1093/rfs/hhl042,The Myth of Long-Horizon Predictability,2008
10.1093/rfs/hhl043,Asset Returns and the Listing Choice of Firms,2009
10.1093/rfs/hhl044,"Default Risk, Shareholder Advantage, and Stock Returns",2008
10.1093/rfs/hhl045,Hedge Funds as Investors of Last Resort?,2009
10.1093/rfs/hhm014,A Comprehensive Look at The Empirical Performance of Equity Premium Prediction,2008
10.1093/rfs/hhm015,"Relationship Banking, Fragility, and the Asset-Liability Matching Problem",2007
10.1093/rfs/hhm016,The Economics of Fraudulent Accounting,2009
10.1093/rfs/hhm017,Financial Constraints and Growth: Multinational and Local Firm Responses to Currency Depreciations,2008
10.1093/rfs/hhm018,Good IPOs Draw in Bad: Inelastic Banking Capacity and Hot Markets,2008
10.1093/rfs/hhm019,"Financial Constraints, Asset Tangibility, and Corporate Investment",2007
10.1093/rfs/hhm020,The Declining Equity Premium: What Role Does Macroeconomic Risk Play?,2008
10.1093/rfs/hhm021,Regime Shifts in a Dynamic Term Structure Model of U.S. Treasury Bond Yields,2007
10.1093/rfs/hhm022,The Forgone Gains of Incomplete Portfolios,2007
10.1093/rfs/hhm023,International Evidence on Cash Holdings and Expected Managerial Agency Problems,2007
10.1093/rfs/hhm024,Financial Analysts' Performance: Sector Versus Country Specialization,2009
10.1093/rfs/hhm025,Portfolio Performance Manipulation and Manipulation-proof Performance Measures,2007
10.1093/rfs/hhm026,Optimal Asset Allocation and Risk Shifting in Money Management,2007
10.1093/rfs/hhm027,Does Anonymity Matter in Electronic Limit Order Markets?,2007
10.1093/rfs/hhm028,When Does Extra Risk Strictly Increase an Option's Value?,2007
10.1093/rfs/hhm029,Insider Trades and Private Information: The Special Case of Delayed-Disclosure Trades,2007
10.1093/rfs/hhm030,Liquidity and Expected Returns: Lessons from Emerging Markets,2007
10.1093/rfs/hhm031,Optimal Long-Term Financial Contracting,2007
10.1093/rfs/hhm032,Relative Wealth Concerns and Financial Bubbles,2008
10.1093/rfs/hhm033,Mutual Funds and Bubbles: The Surprising Role of Contractual Incentives,2008
10.1093/rfs/hhm034,Informed and Strategic Order Flow in the Bond Markets,2007
10.1093/rfs/hhm035,Learning and Asset Prices Under Ambiguous Information,2008
10.1093/rfs/hhm036,Shareholder Diversification and the Decision to Go Public,2008
10.1093/rfs/hhm037,Valuation in Over-the-Counter Markets,2007
10.1093/rfs/hhm038,Turning over Turnover,2007
10.1093/rfs/hhm039,A Dynamic Model for the Forward Curve,2008
10.1093/rfs/hhm040,How Do Diversity of Opinion and Information Asymmetry Affect Acquirer Returns?,2007
10.1093/rfs/hhm041,"Inflation Uncertainty, Asset Valuations, and the Credit Spreads Puzzle",2008
10.1093/rfs/hhm042,Trade-offs in Staying Close: Corporate Decision Making and Geographic Dispersion,2009
10.1093/rfs/hhm043,Money Illusion and Housing Frenzies,2008
10.1093/rfs/hhm044,The Dating Game: Do Managers Designate Option Grant Dates to Increase their Compensation?,2008
10.1093/rfs/hhm045,The Real Effects of Asset Market Bubbles: Loan- and Firm-Level Evidence of a Lending Channel,2007
10.1093/rfs/hhm046,The Dog That Did Not Bark: A Defense of Return Predictability,2008
10.1093/rfs/hhm047,Strategic Cost of Diversification,2007
10.1093/rfs/hhm048,Underpricing in the Corporate Bond Market,2007
10.1093/rfs/hhm049,Estimating the Dynamics of Mutual Fund Alphas and Betas,2008
10.1093/rfs/hhm051,Interpreting the Value Effect Through the Q-Theory: An Empirical Investigation,2008
10.1093/rfs/hhm052,Excess Comovement of Stock Returns: Evidence from Cross-Sectional Variation in Nikkei 225 Weights,2008
10.1093/rfs/hhm053,Conditioning Information and Variance Bounds on Pricing Kernels with Higher- Order Moments: Theory and Evidence,2008
10.1093/rfs/hhm054,Time-Varying Liquidity Risk and the Cross Section of Stock Returns,2008
10.1093/rfs/hhm055,Predicting Excess Stock Returns Out of Sample: Can Anything Beat the Historical Average?,2008
10.1093/rfs/hhm056,Jumps in Financial Markets: A New Nonparametric Test and Jump Dynamics,2008
10.1093/rfs/hhm057,Tournaments in Mutual-Fund Families,2008
10.1093/rfs/hhm058,The New Issues Puzzle: Testing the Investment-Based Explanation,2008
10.1093/rfs/hhm059,Two Trees,2008
10.1093/rfs/hhm060,Managing Bank Liquidity Risk: How Deposit-Loan Synergies Vary with Market Conditions,2009
10.1093/rfs/hhm061,The Real Effects of Debt Certification: Evidence from the Introduction of Bank Loan Ratings,2009
10.1093/rfs/hhm062,The Causal Effect of Mortgage Refinancing on Interest Rate Volatility: Empirical Evidence and Theoretical Implications,2008
10.1093/rfs/hhm063,Asset Pricing with Limited Risk Sharing and Heterogeneous Agents,2008
10.1093/rfs/hhm064,Choosing to Cofinance: Analysis of Project-Specific Alliances in the Movie Industry,2008
10.1093/rfs/hhm065,Analytic Pricing of Employee Stock Options,2008
10.1093/rfs/hhm066,Where Is the Market? Evidence from Cross-Listings in the United States,2008
10.1093/rfs/hhm067,Robust Stochastic Discount Factors,2008
10.1093/rfs/hhm068,Complex Ownership Structures and Corporate Valuations,2008
10.1093/rfs/hhm069,The Myth of Diffuse Ownership in the United States,2009
10.1093/rfs/hhm070,State Dependence Can Explain the Risk Aversion Puzzle,2008
10.1093/rfs/hhm071,Investor Sentiment and Option Prices,2008
10.1093/rfs/hhm072,Is Nonlinear Drift Implied by the Short End of the Term Structure?,2008
10.1093/rfs/hhm073,Market Valuation and Acquisition Quality: Empirical Evidence,2009
10.1093/rfs/hhm074,Reconciling the Return Predictability Evidence,2008
10.1093/rfs/hhm075,Optimal Versus Naive Diversification: How Inefficient is the 1/<i>N</i>Portfolio Strategy?,2009
10.1093/rfs/hhm076,The Effect of Introducing a Non-Redundant Derivative on the Volatility of Stock-Market Returns When Agents Differ in Risk Aversion,2009
10.1093/rfs/hhm077,"Stocks or Options? Moral Hazard, Firm Viability, and the Design of Compensation Contracts",2008
10.1093/rfs/hhm078,Cash-in-the-Market Pricing and Optimal Resolution of Bank Failures,2008
10.1093/rfs/hhm079,All That Glitters: The Effect of Attention and News on the Buying Behavior of Individual and Institutional Investors,2008
10.1093/rfs/hhm080,Building Relationships Early: Banks in Venture Capital,2008
10.1093/rfs/hhm081,Production in Entrepreneurial Firms: The Effects of Financial Constraints on Labor and Capital,2008
10.1093/rfs/hhm082,Identifying Term Structure Volatility from the LIBOR-Swap Curve,2008
10.1093/rfs/hhm083,Failure Is an Option: Impediments to Short Selling and Options Prices,2009
10.1093/rfs/hhm084,Strategic Alliances and the Boundaries of the Firm,2008
10.1093/rfs/hhm085,Cointegration and Consumption Risks in Asset Returns,2009
10.1093/rfs/hhm086,Equity and Cash in Intercorporate Asset Sales: Theory and Evidence,2009
10.1093/rfs/hhm087,Controlling for Fixed-Income Exposure in Portfolio Evaluation: Evidence from Hybrid Mutual Funds,2009
10.1093/rfs/hhm088,Flight-to-Quality or Flight-to-Liquidity? Evidence from the Euro-Area Bond Market,2009
10.1093/rfs/hhm089,The Value of Investor Protection: Firm Evidence from Cross-Border Mergers,2008
10.1093/rfs/hhm090,Endogenous Events and Long-Run Returns,2008
10.1093/rfs/hhm091,Institutional Portfolio Flows and International Investments,2008
10.1093/rfs/hhn001,Bubbles: Some Perspectives (and Loose Talk) from History,2008
10.1093/rfs/hhn002,Distance Still Matters: Evidence from Municipal Bond Underwriting,2008
10.1093/rfs/hhn003,Are There Permanent Valuation Gains to Overseas Listing?,2009
10.1093/rfs/hhn004,The Spline-GARCH Model for Low-Frequency Volatility and Its Global Macroeconomic Causes,2008
10.1093/rfs/hhn005,Y2K Options and the Liquidity Premium in Treasury Markets,2009
10.1093/rfs/hhn006,"International asset allocation under regime switching, skew, and kurtosis preferences",2008
10.1093/rfs/hhn007,A Note from the Editor,2008
10.1093/rfs/hhn008,The Causes and Consequences of Recent Financial Market Bubbles: An Introduction,2008
10.1093/rfs/hhn009,Mispricing of S&amp;P 500 Index Options,2009
10.1093/rfs/hhn010,Who Monitors the Monitor? The Effect of Board Independence on Executive Compensation and Firm Value,2008
10.1093/rfs/hhn011,"Expected returns, yield spreads, and asset pricing tests",2008
10.1093/rfs/hhn012,Loyalty-Based Portfolio Choice,2009
10.1093/rfs/hhn013,Strategic Disclosure and Stock Returns: Theory and Evidence from US Cross-Listing,2009
10.1093/rfs/hhn014,The Performance of Private Equity Funds,2009
10.1093/rfs/hhn015,Do Sovereign Bonds Benefit Corporate Bonds in Emerging Markets?,2008
10.1093/rfs/hhn016,"Estimation Risk, Information, and the Conditional CAPM: Theory and Evidence",2008
10.1093/rfs/hhn017,Design and Renegotiation of Debt Covenants,2009
10.1093/rfs/hhn018,Corporate Governance Transfer and Synergistic Gains from Mergers and Acquisitions,2009
10.1093/rfs/hhn019,"How Do Mergers Create Value? A Comparison of Taxes, Market Power, and Efficiency Improvements as Explanations for Synergies",2009
10.1093/rfs/hhn020,Differences of Opinion of Public Information and Speculative Trading in Stocks and Options,2009
10.1093/rfs/hhn021,Nondiversification Traps in Catastrophe Insurance Markets,2009
10.1093/rfs/hhn022,Trading Restrictions and Stock Prices,2009
10.1093/rfs/hhn023,Incentives and Mutual Fund Performance: Higher Performance or Just Higher Risk Taking?,2009
10.1093/rfs/hhn024,The Nature and Persistence of Buyback Anomalies,2009
10.1093/rfs/hhn025,Do IPOs Affect the Prices of Other Stocks? Evidence from Emerging Markets,2009
10.1093/rfs/hhn026,"Leasing, Ability to Repossess, and Debt Capacity",2009
10.1093/rfs/hhn027,Multinationals as Arbitrageurs: The Effect of Stock Market Valuations on Foreign Direct Investment,2009
10.1093/rfs/hhn028,A Liquidity-Based Theory of Closed-End Funds,2009
10.1093/rfs/hhn029,Motivating Entrepreneurial Activity in a Firm,2009
10.1093/rfs/hhn030,The Stock Market and Corporate Investment: A Test of Catering Theory,2009
10.1093/rfs/hhn031,A GARCH Option Pricing Model with Filtered Historical Simulation,2008
10.1093/rfs/hhn032,Takeovers and the Cross-Section of Returns,2009
10.1093/rfs/hhn034,Does Capital Account Liberalization Lead to Growth?,2008
10.1093/rfs/hhn035,Do Retail Trades Move Markets?,2009
10.1093/rfs/hhn036,Asset Salability and Debt Maturity: Evidence from Nineteenth-Century American Railroads,2009
10.1093/rfs/hhn037,Optimal Executive Compensation when Firm Size Follows Geometric Brownian Motion,2009
10.1093/rfs/hhn038,Variance Risk Premiums,2009
10.1093/rfs/hhn039,"Idiosyncratic Return Volatility, Cash Flows, and Product Market Competition",2009
10.1093/rfs/hhn040,A General Stochastic Volatility Model for the Pricing of Interest Rate Derivatives,2009
10.1093/rfs/hhn041,The Choice of Corporate Liquidity and Corporate Governance,2009
10.1093/rfs/hhn042,Mutual Fund Fees Around the World,2009
10.1093/rfs/hhn043,Average Idiosyncratic Volatility in G7 Countries,2008
10.1093/rfs/hhn044,Forecasting Default with the Merton Distance to Default Model,2008
10.1093/rfs/hhn045,"Margin Trading, Overpricing, and Synchronization Risk",2009
10.1093/rfs/hhn046,Just How Much Do Individual Investors Lose by Trading?,2009
10.1093/rfs/hhn047,Short-Sale Strategies and Return Predictability,2009
10.1093/rfs/hhn048,Why Leverage Affects Pricing,2008
10.1093/rfs/hhn049,Small Trades and the Cross-Section of Stock Returns,2008
10.1093/rfs/hhn050,"The Long-Term Effects of Cross-Listing, Investor Recognition, and Ownership Structure on Valuation",2009
10.1093/rfs/hhn051,Harming Depositors and Helping Borrowers: The Disparate Impact of Bank Consolidation,2009
10.1093/rfs/hhn052,Consensus in Diverse Corporate Boards,2009
10.1093/rfs/hhn053,Estimating Standard Errors in Finance Panel Data Sets: Comparing Approaches,2009
10.1093/rfs/hhn054,Returns to Shareholder Activism: Evidence from a Clinical Study of the Hermes UK Focus Fund,2009
10.1093/rfs/hhn054.ra,Returns to Shareholder Activism: Evidence from a Clinical Study of the Hermes UK Focus Fund,2010
10.1093/rfs/hhn055,Intragroup Propping: Evidence from the Stock-Price Effects of Earnings Announcements by Korean Business Groups,2008
10.1093/rfs/hhn056,Multiple-Predictor Regressions: Hypothesis Testing,2009
10.1093/rfs/hhn057,Systematic Risk and the Price Structure of Individual Equity Options,2009
10.1093/rfs/hhn058,An Economic Evaluation of Empirical Exchange Rate Models,2009
10.1093/rfs/hhn059,"Investment, Financing Constraints, and Internal Capital Markets: Evidence from the Advertising Expenditures of Multinational Firms",2009
10.1093/rfs/hhn060,Dividends and Corporate Shareholders,2009
10.1093/rfs/hhn061,Strategic Financial Innovation in Segmented Markets,2009
10.1093/rfs/hhn062,Information in Equity Markets with Ambiguity-Averse Investors,2009
10.1093/rfs/hhn063,Bank Debt and Corporate Governance,2009
10.1093/rfs/hhn064,Taxable and Tax-Deferred Investing: A Tax-Arbitrage Approach,2008
10.1093/rfs/hhn065,Financial Contracting with Optimistic Entrepreneurs,2009
10.1093/rfs/hhn066,Insider Trading Laws and Stock Price Informativeness,2009
10.1093/rfs/hhn067,"On Loan Sales, Loan Contracting, and Lending Relationships",2009
10.1093/rfs/hhn068,Risk Shifting versus Risk Management: Investment Policy in Corporate Pension Plans,2009
10.1093/rfs/hhn069,Forecasting the Equity Premium: Where We Stand Today,2008
10.1093/rfs/hhn070,A Note from the Editor,2008
10.1093/rfs/hhn071,Explaining the Level of Credit Spreads: Option-Implied Jump Risk Premia in a Firm Value Model,2008
10.1093/rfs/hhn072,Contracts and Exits in Venture Capital Finance,2008
10.1093/rfs/hhn073,"Disappearing Dividends, Catering, and Risk",2009
10.1093/rfs/hhn074,"Habit Formation, Incomplete Markets, and the Significance of Regional Risk for Expected Returns",2008
10.1093/rfs/hhn075,Distinguishing the Effect of Overconfidence from Rational Best-Response on Information Aggregation,2009
10.1093/rfs/hhn076,Does Asymmetric Information Drive Capital Structure Decisions?,2009
10.1093/rfs/hhn077,Government Control of Privatized Firms,2009
10.1093/rfs/hhn078,On the Relation Between the Credit Spread Puzzle and the Equity Premium Puzzle,2009
10.1093/rfs/hhn079,IPO Pricing and Allocation: A Survey of the Views of Institutional Investors,2009
10.1093/rfs/hhn080,How Are U.S. Family Firms Controlled?,2009
10.1093/rfs/hhn081,New Measures for Performance Evaluation,2009
10.1093/rfs/hhn082,"Entrepreneurial Learning, the IPO Decision, and the Post-IPO Drop in Firm Profitability",2009
10.1093/rfs/hhn083,Big Business Owners in Politics,2009
10.1093/rfs/hhn084,The Effects and Unintended Consequences of the Sarbanes-Oxley Act on the Supply and Demand for Directors,2009
10.1093/rfs/hhn085,Promotion Tournaments and Capital Rationing,2009
10.1093/rfs/hhn086,Liquidity and Market Crashes,2009
10.1093/rfs/hhn087,Time-Varying Risk Premiums and the Output Gap,2009
10.1093/rfs/hhn088,Do Politically Connected Boards Affect Firm Value?,2009
10.1093/rfs/hhn089,Do Foreigners Invest Less in Poorly Governed Firms?,2009
10.1093/rfs/hhn089.ra,Do Foreigners Invest Less in Poorly Governed Firms?,2010
10.1093/rfs/hhn090,"Momentum Profits, Factor Pricing, and Macroeconomic Risk",2008
10.1093/rfs/hhn091,"Pension Reform, Ownership Structure, and Corporate Governance: Evidence from a Natural Experiment",2009
10.1093/rfs/hhn092,Ambiguity Aversion and the Term Structure of Interest Rates,2009
10.1093/rfs/hhn093,Large Shareholders and Corporate Policies,2009
10.1093/rfs/hhn094,Model Comparison Using the Hansen-Jagannathan Distance,2009
10.1093/rfs/hhn095,Liquidity and Manipulation of Executive Compensation Schemes,2009
10.1093/rfs/hhn096,What You Sell Is What You Lend? Explaining Trade Credit Contracts,2011
10.1093/rfs/hhn097,Good Times or Bad Times? Investors' Uncertainty and Stock Returns,2009
10.1093/rfs/hhn098,Market Liquidity and Funding Liquidity,2009
10.1093/rfs/hhn099,What Matters in Corporate Governance?,2009
10.1093/rfs/hhn100,Ambiguity and Nonparticipation: The Role of Regulation,2009
10.1093/rfs/hhn101,The Euro and Corporate Valuations,2009
10.1093/rfs/hhn102,How Noise Trading Affects Markets: An Experimental Analysis,2009
10.1093/rfs/hhn103,The Limitations of Industry Concentration Measures Constructed with Compustat Data: Implications for Finance Research,2009
10.1093/rfs/hhn104,Bank Liquidity Creation,2009
10.1093/rfs/hhn105,Measuring Abnormal Bond Performance,2009
10.1093/rfs/hhn106,Scaling the Hierarchy: How and Why Investment Banks Compete for Syndicate Co-management Appointments,2009
10.1093/rfs/hhn107,"Differences in Governance Practices between U.S. and Foreign Firms: Measurement, Causes, and Consequences",2009
10.1093/rfs/hhn107.ra,"Differences in Governance Practices between U.S. and Foreign Firms: Measurement, Causes, and Consequences",2010
10.1093/rfs/hhn108,Ownership: Evolution and Regulation,2009
10.1093/rfs/hhn109,Conflicts of Interest and Stock Recommendations: The Effects of the Global Settlement and Related Regulations,2009
10.1093/rfs/hhn110,Optimal Filtering of Jump Diffusions: Extracting Latent States from Asset Prices,2009
10.1093/rfs/hhn111,Do Shareholder Rights Affect the Cost of Bank Loans?,2009
10.1093/rfs/hhn112,Testing Portfolio Efficiency with Conditioning Information,2009
10.1093/rfs/hhn113,Are “Market Neutral” Hedge Funds Really Market Neutral?,2009
10.1093/rfs/hhn114,Is the Market for Mortgage-Backed Securities a Market for Lemons?,2009
10.1093/rfs/hhn115,Disagreement and Learning in a Dynamic Contracting Model,2009
10.1093/rfs/hhn116,The Effectiveness of Reputation as a Disciplinary Mechanism in Sell-Side Research,2009
10.1093/rfs/hhn117,A Multiplicative Model of Optimal CEO Incentives in Market Equilibrium,2009
10.1093/rfs/hhn118,Estimating the Effect of Hierarchies on Information Use,2009
10.1093/rfs/hhn119,The Sale of Multiple Assets with Private Information,2009
10.1093/rfs/hhn120,Option Backdating and Board Interlocks,2009
10.1093/rfs/hhn121,Theory-Based Illiquidity and Asset Pricing,2009
10.1093/rfs/hhp001,On the Growth Effect of Stock Market Liberalizations,2009
10.1093/rfs/hhp002,"Tunnel-Proofing the Executive Suite: Transparency, Temptation, and the Design of Executive Compensation",2009
10.1093/rfs/hhp003,Parametric Portfolio Policies: Exploiting Characteristics in the Cross-Section of Equity Returns,2009
10.1093/rfs/hhp004,Explaining Credit Default Swap Spreads with the Equity Volatility and Jump Risks of Individual Firms,2009
10.1093/rfs/hhp005,Demand-Based Option Pricing,2009
10.1093/rfs/hhp006,Wall Street and Main Street: What Contributes to the Rise in the Highest Incomes?,2010
10.1093/rfs/hhp007,The Geography of Hedge Funds,2009
10.1093/rfs/hhp008,Expected Stock Returns and Variance Risk Premia,2009
10.1093/rfs/hhp009,Simulation-Based Estimation of Contingent-Claims Prices,2009
10.1093/rfs/hhp010,"Corruption, Political Connections, and Municipal Finance",2009
10.1093/rfs/hhp011,A Dynamic Model of the Limit Order Book,2009
10.1093/rfs/hhp012,Size and Focus of a Venture Capitalist's Portfolio,2009
10.1093/rfs/hhp013,Incentive Contracts in Delegated Portfolio Management,2009
10.1093/rfs/hhp014,Price Drift as an Outcome of Differences in Higher-Order Beliefs,2009
10.1093/rfs/hhp015,"Return Reversals, Idiosyncratic Risk, and Expected Returns",2010
10.1093/rfs/hhp016,Benchmarking Money Manager Performance: Issues and Evidence,2009
10.1093/rfs/hhp017,Return Decomposition,2009
10.1093/rfs/hhp018,A Reexamination of Corporate Governance and Equity Prices,2009
10.1093/rfs/hhp019,Bankruptcy Codes and Innovation,2009
10.1093/rfs/hhp020,The Effects of Marital Status and Children on Savings and Portfolio Choice,2010
10.1093/rfs/hhp021,Information Linkages and Correlated Trading,2010
10.1093/rfs/hhp022,Assessing the Costs and Benefits of Brokers in the Mutual Fund Industry,2009
10.1093/rfs/hhp023,Anomalies,2009
10.1093/rfs/hhp024,Extreme Governance: An Analysis of Dual-Class Firms in the United States,2010
10.1093/rfs/hhp025,Nonparametric Estimation of State-Price Densities Implicit in Interest Rate Cap Prices,2009
10.1093/rfs/hhp026,How Smart Are the Smart Guys? A Unique View from Hedge Fund Stock Holdings,2009
10.1093/rfs/hhp027,What Do Independent Directors Know? Evidence from Their Trading,2010
10.1093/rfs/hhp028,Institutional Investors and the Informational Efficiency of Prices,2009
10.1093/rfs/hhp029,Growth or Glamour? Fundamentals and Systematic Risk in Stock Returns,2010
10.1093/rfs/hhp030,Empire-Building or Bridge-Building? Evidence from New CEOs’ Internal Capital Allocation Decisions,2009
10.1093/rfs/hhp031,"Financial Constraints, Investment, and the Value of Cash Holdings",2010
10.1093/rfs/hhp032,Understanding Index Option Returns,2009
10.1093/rfs/hhp033,Understanding the Subprime Mortgage Crisis,2011
10.1093/rfs/hhp034,The Effect of Bank Mergers on Loan Prices: Evidence from the United States,2011
10.1093/rfs/hhp035,Variance Risk-Premium Dynamics: The Role of Jumps,2010
10.1093/rfs/hhp036,Unspanned Stochastic Volatility and the Pricing of Commodity Derivatives,2009
10.1093/rfs/hhp037,The “Wall Street Walk” and Shareholder Activism: Exit as a Form of Voice,2009
10.1093/rfs/hhp038,Ex-dividend Arbitrage in Option Markets,2010
10.1093/rfs/hhp039,Too Many to Fail? Evidence of Regulatory Forbearance When the Banking Sector Is Weak,2011
10.1093/rfs/hhp040,Dynamic Asset Allocation: Portfolio Decomposition Formula and Applications,2010
10.1093/rfs/hhp041,Expected Idiosyncratic Skewness,2010
10.1093/rfs/hhp042,Investor Protection and Interest Group Politics,2010
10.1093/rfs/hhp043,Investment Banks as Insiders and the Market for Corporate Control,2009
10.1093/rfs/hhp044,Financial Visibility and the Decision to Go Private,2010
10.1093/rfs/hhp045,Expected Returns and the Business Cycle: Heterogeneous Goods and Time-Varying Risk Aversion,2009
10.1093/rfs/hhp046,Open-Loop Equilibria and Perfect Competition in Option Exercise Games,2009
10.1093/rfs/hhp047,Editorial Board,2009
10.1093/rfs/hhp048,Forthcoming Articles,2009
10.1093/rfs/hhp049,Contents,2009
10.1093/rfs/hhp050,Editorial Board,2009
10.1093/rfs/hhp051,Forthcoming Articles,2009
10.1093/rfs/hhp052,Contents,2009
10.1093/rfs/hhp056,Portfolio Performance and Agency,2010
10.1093/rfs/hhp057,How Active Is Your Fund Manager? A New Measure That Predicts Performance,2009
10.1093/rfs/hhp058,When Can Life Cycle Investors Benefit from Time-Varying Bond Risk Premia?,2010
10.1093/rfs/hhp059,Market-Based Corrective Actions,2010
10.1093/rfs/hhp060,Learning by Trading,2010
10.1093/rfs/hhp061,Empirical Analysis of Corporate Credit Lines,2009
10.1093/rfs/hhp062,Dynamic Investment and Financing under Personal Taxation,2010
10.1093/rfs/hhp063,Out-of-Sample Equity Premium Prediction: Combination Forecasts and Links to the Real Economy,2010
10.1093/rfs/hhp064,Lending Relationships and Loan Contract Terms,2011
10.1093/rfs/hhp065,Basis Assets,2009
10.1093/rfs/hhp066,Endogenous Entry and Partial Adjustment in IPO Auctions: Are Institutional Investors Better Informed?,2010
10.1093/rfs/hhp067,The “Antidirector Rights Index” Revisited,2010
10.1093/rfs/hhp068,Internal Governance Mechanisms and Operational Performance: Evidence from Index Mutual Funds,2010
10.1093/rfs/hhp069,The Evolution of Corporate Ownership after IPO: The Impact of Investor Protection,2010
10.1093/rfs/hhp070,Shareholders at the Gate? Institutional Investors and Cross-Border Mergers and Acquisitions,2010
10.1093/rfs/hhp071,Evidence on the Dark Side of Internal Capital Markets,2010
10.1093/rfs/hhp072,Managerial Agency and Bond Covenants,2010
10.1093/rfs/hhp073,How Law Affects Lending,2010
10.1093/rfs/hhp074,The Impact of a Strong Bank-Firm Relationship on the Borrowing Firm,2011
10.1093/rfs/hhp075,Editorial Board,2009
10.1093/rfs/hhp076,Forthcoming Articles,2009
10.1093/rfs/hhp077,Contents,2009
10.1093/rfs/hhp078,Option Valuation with Conditional Heteroskedasticity and Nonnormality,2010
10.1093/rfs/hhp079,The Market Price of Aggregate Risk and the Wealth Distribution,2010
10.1093/rfs/hhp080,Lending Relationships and Information Rents: Do Banks Exploit Their Information Advantages?,2010
10.1093/rfs/hhp081,Macro Factors in Bond Risk Premia,2009
10.1093/rfs/hhp082,The Levered Equity Risk Premium and Credit Spreads: A Unified Framework,2010
10.1093/rfs/hhp083,Brokerage Commissions and Institutional Trading Patterns,2009
10.1093/rfs/hhp084,Editorial Board,2009
10.1093/rfs/hhp085,Forthcoming Articles,2009
10.1093/rfs/hhp086,Contents,2009
10.1093/rfs/hhp087,The Idiosyncratic Volatility Puzzle: Time Trend or Speculative Episodes?,2010
10.1093/rfs/hhp088,Do Envious CEOs Cause Merger Waves?,2010
10.1093/rfs/hhp089,Credit Market Competition and Capital Regulation,2011
10.1093/rfs/hhp090,The Value of Control in Emerging Markets,2010
10.1093/rfs/hhp091,Heterogeneous Expectations and Bond Markets,2010
10.1093/rfs/hhp092,Expanding Credit Access: Using Randomized Supply Decisions to Estimate the Impacts,2010
10.1093/rfs/hhp093,Do Analysts Herd? An Analysis of Recommendations and Market Reactions,2010
10.1093/rfs/hhp094,How Do Pensions Affect Corporate Capital Structure Decisions?,2010
10.1093/rfs/hhp095,Do Demand Curves for Currencies Slope Down? Evidence from the MSCI Global Index Change,2010
10.1093/rfs/hhp096,"Investment under Uncertainty, Heterogeneous Beliefs, and Agency Conflicts",2010
10.1093/rfs/hhp097,Why Does the Law of One Price Fail? An Experiment on Index Mutual Funds,2010
10.1093/rfs/hhp098,The Going-Public Decision and the Product Market,2010
10.1093/rfs/hhp099,Improved Estimates of Higher-Order Comoments and Implications for Portfolio Selection,2010
10.1093/rfs/hhp100,Editorial Board,2009
10.1093/rfs/hhp101,Forthcoming Articles,2009
10.1093/rfs/hhp102,Contents,2009
10.1093/rfs/hhp103,Erratum,2010
10.1093/rfs/hhp104,Excess Comovement in International Equity Markets: Evidence from Cross-border Mergers,2010
10.1093/rfs/hhp105,Interbank Contagion at Work: Evidence from a Natural Experiment,2011
10.1093/rfs/hhp106,Ambiguity in Asset Markets: Theory and Experiment,2010
10.1093/rfs/hhp107,Is Default Risk Negatively Related to Stock Returns?,2010
10.1093/rfs/hhp109,Editorial Board,2009
10.1093/rfs/hhp110,Forthcoming Articles,2009
10.1093/rfs/hhp111,Contents,2009
10.1093/rfs/hhp112,Asset Return Dynamics and Learning,2010
10.1093/rfs/hhp113,Equilibrium Asset Pricing and Portfolio Choice Under Asymmetric Information,2010
10.1093/rfs/hhp114,Insider Trades and Demand by Institutional and Individual Investors,2010
10.1093/rfs/hhp115,Which Firms Follow the Market? An Analysis of Corporate Investment Decisions,2010
10.1093/rfs/hhp116,Information Immobility and Foreign Portfolio Investment,2010
10.1093/rfs/hhp117,The “Dominant Bank Effect:” How High Lender Reputation Affects the Information Content and Terms of Bank Loans,2010
10.1093/rfs/hhp118,Strategic Flexibility and the Optimality of Pay for Sector Performance,2010
10.1093/rfs/hhp119,The Market Portfolio May Be Mean/Variance Efficient After All,2010
10.1093/rfs/hhp120,"Executive Compensation: A New View from a Long-Term Perspective, 1936–2005",2010
10.1093/rfs/hhp121,The State of Corporate Governance Research,2010
10.1093/rfs/hhp122,A Note from the Editor,2010
10.1093/rfs/hhp123,Editorial Board,2010
10.1093/rfs/hhp124,Forthcoming Articles,2010
10.1093/rfs/hhp125,Contents,2010
10.1093/rfs/hhp126,"Staying, Dropping, or Switching: The Impacts of Bank Mergers on Small Firms",2011
10.1093/rfs/hhp127,Housing Wealth and Consumption Growth: Evidence from a Large Panel of Households,2010
10.1093/rfs/hhp128,Editorial Board,2010
10.1093/rfs/hhp129,Forthcoming Articles,2010
10.1093/rfs/hhp130,Contents,2010
10.1093/rfs/hhq001,Distance and Private Information in Lending,2010
10.1093/rfs/hhq002,The Economic Consequences of IPO Spinning,2010
10.1093/rfs/hhq003,Convertible Bond Arbitrageurs as Suppliers of Capital,2010
10.1093/rfs/hhq004,Repeated Signaling and Firm Dynamics,2010
10.1093/rfs/hhq005,Performance-Sensitive Debt,2010
10.1093/rfs/hhq006,Corporate Real Estate Holdings and the Cross-Section of Stock Returns,2010
10.1093/rfs/hhq007,Discrete-Time Affine<sup>ℚ</sup>Term Structure Models with Generalized Market Prices of Risk,2010
10.1093/rfs/hhq008,Side-by-Side Management of Hedge Funds and Mutual Funds,2010
10.1093/rfs/hhq009,New Evidence on Measuring Financial Constraints: Moving Beyond the KZ Index,2010
10.1093/rfs/hhq011,Editorial Board,2010
10.1093/rfs/hhq012,Forthcoming Articles,2010
10.1093/rfs/hhq013,Contents,2010
10.1093/rfs/hhq014,The Determinants of Stock and Bond Return Comovements,2010
10.1093/rfs/hhq015,On Correlation and Default Clustering in Credit Markets,2010
10.1093/rfs/hhq016,Why Do Firms Use Private Equity to Opt Out of Public Markets?,2010
10.1093/rfs/hhq017,Acquisition Values and Optimal Financial (In)Flexibility,2010
10.1093/rfs/hhq018,CEO Replacement Under Private Information,2010
10.1093/rfs/hhq019,The Design of Corporate Debt Structure and Bankruptcy,2010
10.1093/rfs/hhq020,The Economics of Private Equity Funds,2010
10.1093/rfs/hhq021,"Information, the Cost of Credit, and Operational Eﬃciency: An Empirical Study of Microfinance",2010
10.1093/rfs/hhq022,Bank Capital and Value in the Cross-Section,2011
10.1093/rfs/hhq023,Outstanding Debt and the Household Portfolio,2010
10.1093/rfs/hhq024,The Information Content of IPO Prospectuses,2010
10.1093/rfs/hhq028,Dynamic Mean-Variance Asset Allocation,2010
10.1093/rfs/hhq029,The Representative Agent of an Economy with External Habit Formation and Heterogeneous Risk Aversion,2010
10.1093/rfs/hhq030,Formal versus Informal Finance: Evidence from China,2010
10.1093/rfs/hhq031,Optimal Mortgage Design,2010
10.1093/rfs/hhq032,"Volatility Dynamics for the S&amp;P500: Evidence from Realized Volatility, Daily Returns, and Option Prices",2010
10.1093/rfs/hhq033,Long-Run Risk through Consumption Smoothing,2010
10.1093/rfs/hhq035,Financing under Extreme Risk: Contract Terms and Returns to Private Investments in Public Equity,2010
10.1093/rfs/hhq036,Editorial Board,2010
10.1093/rfs/hhq037,Forthcoming Articles,2010
10.1093/rfs/hhq038,Contents,2010
10.1093/rfs/hhq039,Temporary versus Permanent Shocks: Explaining Corporate Financial Policies,2010
10.1093/rfs/hhq041,Editorial Board,2010
10.1093/rfs/hhq042,Forthcoming Articles,2010
10.1093/rfs/hhq043,Contents,2010
10.1093/rfs/hhq044,Do Market Efficiency Measures Yield Correct Inferences? A Comparison of Developed and Emerging Markets,2010
10.1093/rfs/hhq045,Solving Consumption and Portfolio Choice Problems: The State Variable Decomposition Method,2010
10.1093/rfs/hhq047,Editorial Board,2010
10.1093/rfs/hhq048,Forthcoming Articles,2010
10.1093/rfs/hhq049,Contents,2010
10.1093/rfs/hhq050,Risk and Return Characteristics of Venture Capital-Backed Entrepreneurial Companies,2010
10.1093/rfs/hhq051,Pay (Be)for(e) Performance: The Signing Bonus as an Incentive Device,2010
10.1093/rfs/hhq052,Does Public Financial News Resolve Asymmetric Information?,2010
10.1093/rfs/hhq053,Product Market Synergies and Competition in Mergers and Acquisitions: A Text-Based Analysis,2010
10.1093/rfs/hhq054,The Information Content of Bank Loan Covenants,2010
10.1093/rfs/hhq055,"Originator Performance, CMBS Structures, and the Risk of Commercial Mortgages",2010
10.1093/rfs/hhq056,When Shareholders Are Creditors: Effects of the Simultaneous Holding of Equity and Debt by Non-commercial Banking Institutions,2010
10.1093/rfs/hhq057,Does Competition Reduce the Risk of Bank Failure?,2010
10.1093/rfs/hhq058,Measurement Errors in Investment Equations,2010
10.1093/rfs/hhq059,Asset-Backed Securities: Costs and Benefits of “Bankruptcy Remoteness”,2011
10.1093/rfs/hhq060,Stock and Option Grants with Performance-based Vesting Provisions,2010
10.1093/rfs/hhq061,"Credit Line Usage, Checking Account Activity, and Default Risk of Bank Borrowers",2010
10.1093/rfs/hhq062,Reward for Luck in a Dynamic Agency Model,2010
10.1093/rfs/hhq063,A Financing-Based Misvaluation Factor and the Cross-Section of Expected Returns,2010
10.1093/rfs/hhq064,The Mispricing Return Premium,2010
10.1093/rfs/hhq066,Editorial Board,2010
10.1093/rfs/hhq067,Forthcoming Articles,2010
10.1093/rfs/hhq068,Contents,2010
10.1093/rfs/hhq069,Expected Returns and Expected Growth in Rents of Commercial Real Estate,2010
10.1093/rfs/hhq070,"Obfuscation, Learning, and the Evolution of Investor Sophistication",2011
10.1093/rfs/hhq071,News—Good or Bad—and Its Impact on Volatility Predictions over Multiple Horizons,2011
10.1093/rfs/hhq072,Event Study Testing with Cross-sectional Correlation of Abnormal Returns,2010
10.1093/rfs/hhq073,Crisis Resolution and Bank Liquidity,2011
10.1093/rfs/hhq074,"Impatient Trading, Liquidity Provision, and Stock Selection by Mutual Funds",2011
10.1093/rfs/hhq075,The Aggregate Dynamics of Capital Structure and Macroeconomic Risk,2010
10.1093/rfs/hhq076,Short Selling Around Seasoned Equity Offerings,2010
10.1093/rfs/hhq077,Do Regulations Based on Credit Ratings Affect a Firm's Cost of Capital?,2010
10.1093/rfs/hhq078,The Composition Matters: Capital Inflows and Liquidity Crunch During a Global Economic Crisis,2011
10.1093/rfs/hhq079,Judicial Discretion in Corporate Bankruptcy,2010
10.1093/rfs/hhq080,How Deep Is the Annuity Market Participation Puzzle?,2011
10.1093/rfs/hhq081,Control of Corporate Decisions: Shareholders vs. Management,2010
10.1093/rfs/hhq082,Stock Market Liquidity and the Long-run Stock Performance of Debt Issuers,2010
10.1093/rfs/hhq083,SEO Risk Dynamics,2010
10.1093/rfs/hhq084,Inheriting Losers,2011
10.1093/rfs/hhq085,What's Vol Got to Do with It,2011
10.1093/rfs/hhq086,Relative Wealth Concerns and Complementarities in Information Acquisition,2011
10.1093/rfs/hhq087,When Do Banks Listen to Their Analysts? Evidence from Mergers and Acquisitions,2011
10.1093/rfs/hhq088,The Effects of Price Risk on Housing Demand: Empirical Evidence from U.S. Markets,2010
10.1093/rfs/hhq089,"Fuzzy Math, Disclosure Regulation, and Market Outcomes: Evidence from Truth-in-Lending Reform",2011
10.1093/rfs/hhq090,"Expectations, Bond Yields, and Monetary Policy",2011
10.1093/rfs/hhq091,"Dollars Dollars Everywhere, Nor Any Dime to Lend: Credit Limit Constraints on Financial Sector Absorptive Capacity",2010
10.1093/rfs/hhq092,Why Do Household Portfolio Shares Rise in Wealth?,2010
10.1093/rfs/hhq093,"Incentives, Targeting, and Firm Performance: An Analysis of Non-executive Stock Options",2010
10.1093/rfs/hhq094,When Are Analyst Recommendation Changes Influential?,2011
10.1093/rfs/hhq095,Capital Structure and Debt Structure,2010
10.1093/rfs/hhq096,Dividend Stickiness and Strategic Pooling,2010
10.1093/rfs/hhq097,Cover,2010
10.1093/rfs/hhq098,Editorial Board,2010
10.1093/rfs/hhq099,Forthcoming Articles,2010
10.1093/rfs/hhq100,Table of Contents,2010
10.1093/rfs/hhq101,Cover,2010
10.1093/rfs/hhq102,Editorial Board,2010
10.1093/rfs/hhq103,Forthcoming Articles,2010
10.1093/rfs/hhq104,Table of Contents,2010
10.1093/rfs/hhq105,Do the Best Hedge Funds Hedge?,2011
10.1093/rfs/hhq106,Originate-to-distribute Model and the Subprime Mortgage Crisis,2011
10.1093/rfs/hhq107,Pay for Performance? CEO Compensation and Acquirer Returns in BHCs,2011
10.1093/rfs/hhq108,Collateral Values by Asset Class: Evidence from Primary Securities Dealers,2011
10.1093/rfs/hhq109,The Role of Institutional Investors in Initial Public Offerings,2010
10.1093/rfs/hhq110,Do Behavioral Biases Adversely Affect the Macro-economy?,2011
10.1093/rfs/hhq111,Interim News and the Role of Proxy Voting Advice,2010
10.1093/rfs/hhq112,Are U.S. CEOs Paid More Than U.K. CEOs? Inferences from Risk-adjusted Pay,2011
10.1093/rfs/hhq113,Shareholder Activism and CEO Pay,2011
10.1093/rfs/hhq114,"Competition, Risk-shifting, and Public Bail-out Policies",2011
10.1093/rfs/hhq115,Bank Corporate Loan Pricing Following the Subprime Crisis,2011
10.1093/rfs/hhq116,"Generalized Disappointment Aversion, Long-run Volatility Risk, and Asset Prices",2011
10.1093/rfs/hhq117,Cover,2010
10.1093/rfs/hhq118,Editorial Board,2010
10.1093/rfs/hhq119,Forthcoming Articles,2010
10.1093/rfs/hhq120,Table of Contents,2010
10.1093/rfs/hhq121,Internal Capital Markets and Corporate Politics in a Banking Group,2011
10.1093/rfs/hhq122,Entrepreneurial Finance and Nondiversifiable Risk,2010
10.1093/rfs/hhq123,Effects of Central Bank Intervention on the Interbank Market During the Subprime Crisis,2011
10.1093/rfs/hhq124,Price Efficiency and Short Selling,2011
10.1093/rfs/hhq125,Editorial Board,2010
10.1093/rfs/hhq126,Forthcoming Articles,2010
10.1093/rfs/hhq127,Contents,2010
10.1093/rfs/hhq128,A New Perspective on Gaussian Dynamic Term Structure Models,2011
10.1093/rfs/hhq129,A Simple Robust Link Between American Puts and Credit Protection,2011
10.1093/rfs/hhq130,Revisiting Asset Pricing Puzzles in an Exchange Economy,2011
10.1093/rfs/hhq131,Liquidity Management and Corporate Investment During a Financial Crisis,2011
10.1093/rfs/hhq132,Market Liquidity and Flow-driven Risk,2011
10.1093/rfs/hhq133,Cover,2010
10.1093/rfs/hhq134,Editorial Board,2010
10.1093/rfs/hhq135,Forthcoming Articles,2010
10.1093/rfs/hhq136,Table of Contents,2010
10.1093/rfs/hhq137,The Price Impact of Institutional Herding,2011
10.1093/rfs/hhq138,Do Peso Problems Explain the Returns to the Carry Trade?,2011
10.1093/rfs/hhq139,Hedge Funds: Pricing Controls and the Smoothing of Self-reported Returns,2011
10.1093/rfs/hhq140,Liquidity Biases and the Pricing of Cross-sectional Idiosyncratic Volatility,2011
10.1093/rfs/hhq141,All the News That's Fit to Reprint: Do Investors React to Stale Information?,2011
10.1093/rfs/hhq142,Informed and Uninformed Investment in Housing: The Downside of Diversification,2011
10.1093/rfs/hhq144,The Influence of the Home Owners' Loan Corporation on Housing Markets During the 1930s,2011
10.1093/rfs/hhq145,Governance Through Trading and Intervention: A Theory of Multiple Blockholders,2011
10.1093/rfs/hhq146,Participation Constraints in the Stock Market: Evidence from Unexpected Inheritance Due to Sudden Death,2011
10.1093/rfs/hhq147,Cover,2011
10.1093/rfs/hhq148,Editorial Board,2011
10.1093/rfs/hhq149,Forthcoming Articles,2011
10.1093/rfs/hhq150,Table of Contents,2011
10.1093/rfs/hhq151,Do Investors Learn from Experience? Evidence from Frequent IPO Investors,2011
10.1093/rfs/hhq152,Stochastic House Appreciation and Optimal Mortgage Lending,2011
10.1093/rfs/hhq153,The Effect of Risk on the CEO Market,2011
10.1093/rfs/hhq154,Does Government Ownership Affect the Cost of Debt? Evidence from Privatization,2011
10.1093/rfs/hhr001,Risk Shifting and Mutual Fund Performance,2011
10.1093/rfs/hhr002,Credit Default Swaps and the Empty Creditor Problem,2011
10.1093/rfs/hhr003,The Value of Bank Capital and the Structure of the Banking Industry,2011
10.1093/rfs/hhr004,"Mergers, Spinoffs, and Employee Incentives",2011
10.1093/rfs/hhr005,Cover,2011
10.1093/rfs/hhr006,Editorial Board,2011
10.1093/rfs/hhr007,Forthcoming Articles,2011
10.1093/rfs/hhr008,Table of Contents,2011
10.1093/rfs/hhr009,Why Do (Some) Households Trade So Much?,2011
10.1093/rfs/hhr010,Implications of Data Screens on Merger and Acquisition Analysis: A Large Sample Study of Mergers and Acquisitions from 1992 to 2009,2011
10.1093/rfs/hhr011,Growing Out of Trouble? Corporate Responses to Liability Risk,2011
10.1093/rfs/hhr012,"Short Arbitrage, Return Asymmetry, and the Accrual Anomaly",2011
10.1093/rfs/hhr013,What Factors Drive Global Stock Returns?,2011
10.1093/rfs/hhr014,Do Investment Banks Matter for M&amp;A Returns?,2011
10.1093/rfs/hhr015,"Bank Risk-taking, Securitization, Supervision, and Low Interest Rates: Evidence from the Euro-area and the U.S. Lending Standards",2011
10.1093/rfs/hhr016,The Impact of Hedge Fund Activism on the Target Firm's Existing Bondholders,2011
10.1093/rfs/hhr017,Securitization and Mortgage Renegotiation: Evidence from the Great Depression,2011
10.1093/rfs/hhr018,"Bank Liquidity, Interbank Markets, and Monetary Policy",2011
10.1093/rfs/hhr019,Cover,2011
10.1093/rfs/hhr020,Editorial Board,2011
10.1093/rfs/hhr021,Forthcoming Articles,2011
10.1093/rfs/hhr022,Table of Contents,2011
10.1093/rfs/hhr023,Learning and Asset-price Jumps,2011
10.1093/rfs/hhr024,The Private Equity Advantage: Leveraged Buyout Firms and Relationship Banking,2011
10.1093/rfs/hhr025,Privatization and Risk Sharing: Evidence from the Split Share Structure Reform in China,2011
10.1093/rfs/hhr026,"Dividend Policies in an Unregulated Market: The London Stock Exchange, 1895–1905",2011
10.1093/rfs/hhr027,Margin-based Asset Pricing and Deviations from the Law of One Price,2011
10.1093/rfs/hhr028,Investor Reactions to CEOs' Inside Debt Incentives,2011
10.1093/rfs/hhr029,Cover,2011
10.1093/rfs/hhr030,Editorial Board,2011
10.1093/rfs/hhr031,Forthcoming Articles,2011
10.1093/rfs/hhr032,Table of Contents,2011
10.1093/rfs/hhr033,Information in (and not in) the Term Structure,2011
10.1093/rfs/hhr034,Corporate Governance Propagation through Overlapping Directors,2011
10.1093/rfs/hhr035,"Anticipation, Acquisitions, and Bidder Returns: Industry Shocks and the Transfer of Information across Rivals",2011
10.1093/rfs/hhr036,Cover,2011
10.1093/rfs/hhr037,Editorial Board,2011
10.1093/rfs/hhr038,Forthcoming Articles,2011
10.1093/rfs/hhr039,Table of Contents,2011
10.1093/rfs/hhr040,The Academic Analysis of the 2008 Financial Crisis: Round 1,2011
10.1093/rfs/hhr041,Information Sales and Strategic Trading,2011
10.1093/rfs/hhr042,Can VCs Time the Market? An Analysis of Exit Choice for Venture-backed Firms,2011
10.1093/rfs/hhr043,"Financial Constraints, R&amp;D Investment, and Stock Returns",2011
10.1093/rfs/hhr044,Tractability in Incentive Contracting: Table 1,2011
10.1093/rfs/hhr045,"Managerial Autonomy, Allocation of Control Rights, and Optimal Capital Structure",2011
10.1093/rfs/hhr046,Cover,2011
10.1093/rfs/hhr047,Editorial Board,2011
10.1093/rfs/hhr048,Forthcoming Articles,2011
10.1093/rfs/hhr049,Table of Contents,2011
10.1093/rfs/hhr050,Learning from Prices and the Dispersion in Beliefs,2011
10.1093/rfs/hhr051,A Theory of Debt Market Illiquidity and Leverage Cyclicality,2011
10.1093/rfs/hhr052,"Family Business Groups around the World: Financing Advantages, Control Motivations, and Organizational Choices",2011
10.1093/rfs/hhr053,Optimal Property Rights in Financial Contracting,2011
10.1093/rfs/hhr054,A Model of Portfolio Delegation and Strategic Trading,2011
10.1093/rfs/hhr055,Recourse and Residential Mortgage Default: Evidence from US States,2011
10.1093/rfs/hhr056,Former CEO Directors: Lingering CEOs or Valuable Resources?,2011
10.1093/rfs/hhr057,The Good or the Bad? Which Mutual Fund Managers Join Hedge Funds?,2011
10.1093/rfs/hhr058,Do Hedge Funds Manage Their Reported Returns?,2011
10.1093/rfs/hhr059,The Economics of Super Managers,2011
10.1093/rfs/hhr060,Conglomerates and Industry Distress,2011
10.1093/rfs/hhr061,Cover,2011
10.1093/rfs/hhr062,Editorial Board,2011
10.1093/rfs/hhr063,Forthcoming Articles,2011
10.1093/rfs/hhr064,Table of Contents,2011
10.1093/rfs/hhr065,Large Shareholder Diversification and Corporate Risk-Taking,2011
10.1093/rfs/hhr066,Erratum: Table 3,2011
10.1093/rfs/hhr067,What Does Equity Sector Orderflow Tell Us About the Economy?,2011
10.1093/rfs/hhr068,Common Risk Factors in Currency Markets,2011
10.1093/rfs/hhr069,The Inventory Growth Spread,2012
10.1093/rfs/hhr070,Erratum,2011
10.1093/rfs/hhr071,Real Options Signaling Games with Applications to Corporate Finance,2011
10.1093/rfs/hhr072,Determinants of Dividend Smoothing: Empirical Evidence,2011
10.1093/rfs/hhr073,The Bear's Lair: Index Credit Default Swaps and the Subprime Mortgage Crisis,2011
10.1093/rfs/hhr074,Bond Ladders and Optimal Portfolios,2011
10.1093/rfs/hhr075,Commodity Liquidity Measurement and Transaction Costs,2012
10.1093/rfs/hhr076,Managerial Attributes and Executive Compensation,2012
10.1093/rfs/hhr077,Cover,2011
10.1093/rfs/hhr078,Editorial Board,2011
10.1093/rfs/hhr079,Forthcoming Articles,2011
10.1093/rfs/hhr080,Table of Contents,2011
10.1093/rfs/hhr081,Corporate Governance Objectives of Labor Union Shareholders: Evidence from Proxy Voting,2012
10.1093/rfs/hhr082,What Segments Equity Markets?,2011
10.1093/rfs/hhr083,The Costs of Being Private: Evidence from the Loan Market,2011
10.1093/rfs/hhr084,Jumps and Information Flow in Financial Markets,2012
10.1093/rfs/hhr085,Macroeconomic Conditions and Capital Raising,2012
10.1093/rfs/hhr086,Self-fulfilling Credit Market Freezes,2011
10.1093/rfs/hhr087,Cover,2011
10.1093/rfs/hhr088,Editorial Board,2011
10.1093/rfs/hhr089,Forthcoming Articles,2011
10.1093/rfs/hhr090,Table of Contents,2011
10.1093/rfs/hhr091,Mutual Fund Tournaments: The Sorting Bias and New Evidence,2012
10.1093/rfs/hhr092,The Road Less Traveled: Strategy Distinctiveness and Hedge Fund Performance,2012
10.1093/rfs/hhr093,The Same Bond at Different Prices: Identifying Search Frictions and Selling Pressures,2012
10.1093/rfs/hhr094,Global versus Local Asset Pricing: A New Test of Market Integration,2011
10.1093/rfs/hhr096,How Does Venture Capital Financing Improve Efficiency in Private Firms? A Look Beneath the Surface,2011
10.1093/rfs/hhr097,Do Country-level Investor Protections Affect Security-level Contract Design? Evidence from Foreign Bond Covenants,2012
10.1093/rfs/hhr098,The Consequences of Entrepreneurial Finance: Evidence from Angel Financings,2014
10.1093/rfs/hhr099,How Important Is the Financial Media in Global Markets?,2011
10.1093/rfs/hhr100,Precarious Politics and Return Volatility,2012
10.1093/rfs/hhr101,Are Corporate Default Probabilities Consistent with the Static Trade-off Theory?,2012
10.1093/rfs/hhr102,Takeover Bidding with Signaling Incentives,2012
10.1093/rfs/hhr103,Corporate Liquidity and Capital Structure,2012
10.1093/rfs/hhr104,Cover,2011
10.1093/rfs/hhr105,Editorial Board,2011
10.1093/rfs/hhr106,Forthcoming Articles,2011
10.1093/rfs/hhr107,Table of Contents,2011
10.1093/rfs/hhr108,Corporate Dividend Policies: Lessons from Private Firms,2012
10.1093/rfs/hhr109,Takeovers and Divergence of Investor Opinion,2012
10.1093/rfs/hhr110,Performance of Institutional Trading Desks: An Analysis of Persistence in Trading Costs,2012
10.1093/rfs/hhr111,"Tournament Behavior in Hedge Funds: High-water Marks, Fund Liquidation, and Managerial Stake",2012
10.1093/rfs/hhr112,Level 3 Assets: Booking Profits and Concealing Losses,2012
10.1093/rfs/hhr113,Snow and Leverage,2012
10.1093/rfs/hhr114,Hedge Fund Stock Trading in the Financial Crisis of 2007–2009,2012
10.1093/rfs/hhr115,Cover,2011
10.1093/rfs/hhr116,Editorial Board,2011
10.1093/rfs/hhr117,Forthcoming Articles,2011
10.1093/rfs/hhr118,Table of Contents,2011
10.1093/rfs/hhr119,Financing Constraints and the Cost of Capital: Evidence from the Funding of Corporate Pension Plans,2012
10.1093/rfs/hhr120,Treating Measurement Error in Tobin's<i>q</i>,2012
10.1093/rfs/hhr121,Assessing TARP,2012
10.1093/rfs/hhr122,Trade Credit Contracts,2012
10.1093/rfs/hhr123,Cover,2011
10.1093/rfs/hhr124,Editorial Board,2011
10.1093/rfs/hhr125,Forthcoming Articles,2011
10.1093/rfs/hhr126,Table of Contents,2011
10.1093/rfs/hhr127,Is Unbiased Financial Advice to Retail Investors Sufficient? Answers from a Large Field Study,2012
10.1093/rfs/hhr128,Liquidity and Asset Returns Under Asymmetric Information and Imperfect Competition,2012
10.1093/rfs/hhr129,"Optimal Priority Structure, Capital Structure, and Investment",2012
10.1093/rfs/hhr130,Tolerance for Failure and Corporate Innovation,2014
10.1093/rfs/hhr131,Optimal Corporate Governance and Compensation in a Dynamic World,2012
10.1093/rfs/hhr132,Bond Liquidity Premia,2012
10.1093/rfs/hhr133,Journalists and the Stock Market,2012
10.1093/rfs/hhr134,Testing Asymmetric-Information Asset Pricing Models,2012
10.1093/rfs/hhr135,The Life Cycle of Family Ownership: International Evidence,2012
10.1093/rfs/hhr136,Cover,2012
10.1093/rfs/hhr137,Editorial Board,2012
10.1093/rfs/hhr138,Forthcoming Articles,2012
10.1093/rfs/hhr139,Table of Contents,2012
10.1093/rfs/hhr140,Finding a Good Price in Opaque Over-the-Counter Markets,2012
10.1093/rfs/hhr141,Pay for Performance from Future Fund Flows: The Case of Private Equity,2012
10.1093/rfs/hhr142,"The Hazards of Debt: Rollover Freezes, Incentives, and Bailouts",2012
10.1093/rfs/hhr143,The Real Consequences of Market Segmentation,2012
10.1093/rfs/hhr144,Skewness in Stock Returns: Reconciling the Evidence on Firm Versus Aggregate Returns,2012
10.1093/rfs/hhr145,"Financial Leverage, Corporate Investment, and Stock Returns",2012
10.1093/rfs/hhr146,Cover,2012
10.1093/rfs/hhr147,Editorial Board,2012
10.1093/rfs/hhr148,Forthcoming Articles,2012
10.1093/rfs/hhr149,Table of Contents,2012
10.1093/rfs/hhs001,Why Does Financial Strength Forecast Stock Returns? Evidence from Subsequent Demand by Institutional Investors,2012
10.1093/rfs/hhs002,Lack of Anonymity and the Inference from Order Flow,2012
10.1093/rfs/hhs003,"Inflation Expectations, Real Rates, and Risk Premia: Evidence from Inflation Swaps",2012
10.1093/rfs/hhs004,Dynamic Debt Runs,2012
10.1093/rfs/hhs005,Debt Financing and Financial Flexibility Evidence from Proactive Leverage Increases,2012
10.1093/rfs/hhs006,Fiduciary Duties and Equity-debtholder Conflicts,2012
10.1093/rfs/hhs007,"Creditor Control Rights, Corporate Governance, and Firm Value",2012
10.1093/rfs/hhs008,A Reexamination of Tunneling and Business Groups: New Data and New Methods,2012
10.1093/rfs/hhs009,Agency Problems and Endogenous Investment Fluctuations,2012
10.1093/rfs/hhs010,Cover,2012
10.1093/rfs/hhs011,Editorial Board,2012
10.1093/rfs/hhs012,Forthcoming Articles,2012
10.1093/rfs/hhs013,Volume 25 Number 10 October 2012The Review of Financial Studies - Table of Contents:,2012
10.1093/rfs/hhs014,Cover,2012
10.1093/rfs/hhs015,Editorial Board,2012
10.1093/rfs/hhs016,Forthcoming Articles,2012
10.1093/rfs/hhs017,Volume 25 Number 11 November 2012The Review of Financial Studies - Table of Contents:,2012
10.1093/rfs/hhs018,Cover,2012
10.1093/rfs/hhs019,Editorial Board,2012
10.1093/rfs/hhs020,Forthcoming Articles,2012
10.1093/rfs/hhs021,Volume 25 Number 12 December 2012The Review of Financial Studies - Table of Contents:,2012
10.1093/rfs/hhs022,Cover,2012
10.1093/rfs/hhs023,Editorial Board,2012
10.1093/rfs/hhs024,Forthcoming Articles,2012
10.1093/rfs/hhs025,Table of Contents,2012
10.1093/rfs/hhs026,Cover,2012
10.1093/rfs/hhs027,Editorial Board,2012
10.1093/rfs/hhs028,Forthcoming Articles,2012
10.1093/rfs/hhs029,Table of Contents,2012
10.1093/rfs/hhs030,Cover,2012
10.1093/rfs/hhs031,Editorial Board,2012
10.1093/rfs/hhs032,Forthcoming Articles,2012
10.1093/rfs/hhs033,Table of Contents,2012
10.1093/rfs/hhs034,Cover,2012
10.1093/rfs/hhs035,Editorial Board,2012
10.1093/rfs/hhs036,Forthcoming Articles,2012
10.1093/rfs/hhs037,Volume 25 Number 6 June 2012The Review of Financial Studies - Table of Contents:,2012
10.1093/rfs/hhs038,Cover,2012
10.1093/rfs/hhs039,Editorial Board,2012
10.1093/rfs/hhs040,Forthcoming Articles,2012
10.1093/rfs/hhs041,Volume 25 Number 7 July 2012The Review of Financial Studies - Table of Contents:,2012
10.1093/rfs/hhs042,Cover,2012
10.1093/rfs/hhs043,Editorial Board,2012
10.1093/rfs/hhs044,Forthcoming Articles,2012
10.1093/rfs/hhs045,Volume 25 Number 8 August 2012The Review of Financial Studies - Table of Contents:,2012
10.1093/rfs/hhs046,Cover,2012
10.1093/rfs/hhs047,Editorial Board,2012
10.1093/rfs/hhs048,Forthcoming Articles,2012
10.1093/rfs/hhs049,Volume 25 Number 9 September 2012The Review of Financial Studies - Table of Contents:,2012
10.1093/rfs/hhs050,Dynamic Hedging in Incomplete Markets: A Simple Solution,2012
10.1093/rfs/hhs051,Loan Prospecting,2012
10.1093/rfs/hhs052,Reviewing Less—Progressing More,2012
10.1093/rfs/hhs053,Flow Toxicity and Liquidity in a High-frequency World,2012
10.1093/rfs/hhs054,Dynamic Compensation Contracts with Private Savings,2012
10.1093/rfs/hhs055,Executive Compensation and the Role for Corporate Governance Regulation,2012
10.1093/rfs/hhs056,Bank Bailouts and Moral Hazard: Evidence from Germany,2012
10.1093/rfs/hhs057,How Do Retirees Value Life Annuities? Evidence from Public Employees,2012
10.1093/rfs/hhs058,Examining the Dark Side of Financial Markets: Do Institutions Trade on Information from Investment Bank Connections?,2012
10.1093/rfs/hhs059,Lender Screening and the Role of Securitization: Evidence from Prime and Subprime Mortgage Markets,2012
10.1093/rfs/hhs060,Fiscal Policies and Asset Prices,2012
10.1093/rfs/hhs061,Identifying Expectation Errors in Value/Glamour Strategies: A Fundamental Analysis Approach,2012
10.1093/rfs/hhs062,Strategic Ownership Structure and the Cost of Debt,2012
10.1093/rfs/hhs063,"Asymmetric Information, Portfolio Managers, and Home Bias",2012
10.1093/rfs/hhs064,Rare Disasters and Risk Sharing with Heterogeneous Beliefs,2012
10.1093/rfs/hhs065,Generalized Transform Analysis of Affine Processes and Applications in Finance,2012
10.1093/rfs/hhs066,Evaporating Liquidity,2012
10.1093/rfs/hhs067,"Educational Networks, Mutual Fund Voting Patterns, and CEO Compensation",2012
10.1093/rfs/hhs068,Real Option Financing Under Asymmetric Information,2014
10.1093/rfs/hhs069,Out-of-Sample Predictions of Bond Excess Returns and Forward Rates: An Asset Allocation Perspective,2012
10.1093/rfs/hhs070,Incentives to Innovate and the Decision to Go Public or Private,2014
10.1093/rfs/hhs071,Trust and Credit: The Role of Appearance in Peer-to-peer Lending,2012
10.1093/rfs/hhs072,The Capital Structure Decisions of New Firms,2014
10.1093/rfs/hhs073,Does Beta Move with News? Firm-Specific Information Flows and Learning about Profitability,2012
10.1093/rfs/hhs074,"Securitization, Transparency, and Liquidity",2012
10.1093/rfs/hhs075,No Place Like Home: Familiarity in Mutual Fund Manager Portfolio Choice,2012
10.1093/rfs/hhs076,Universal Banks and Corporate Control: Evidence from the Global Syndicated Loan Market,2012
10.1093/rfs/hhs077,Are Investors Really Reluctant to Realize Their Losses? Trading Responses to Past Returns and the Disposition Effect,2012
10.1093/rfs/hhs078,Can Rare Events Explain the Equity Premium Puzzle?,2012
10.1093/rfs/hhs083,Decomposition of Optimal Portfolio Weight in a Jump-Diffusion Model and Its Applications,2012
10.1093/rfs/hhs084,Does Idiosyncratic Volatility Proxy for Risk Exposure?,2012
10.1093/rfs/hhs085,Suspicious Patterns in Hedge Fund Returns and the Risk of Fraud,2012
10.1093/rfs/hhs086,Asset Pricing and the Credit Market,2012
10.1093/rfs/hhs087,Measuring Equity Risk with Option-implied Correlations,2012
10.1093/rfs/hhs088,Convertibles and Hedge Funds as Distributors of Equity Exposure,2012
10.1093/rfs/hhs089,Trading Fees and Efficiency in Limit Order Markets,2012
10.1093/rfs/hhs090,Do Investors Buy What They Know? Product Market Choices and Investment Decisions,2012
10.1093/rfs/hhs091,A Market-Based Study of the Cost of Default,2012
10.1093/rfs/hhs092,Investment and Capital Constraints: Repatriations Under the American Jobs Creation Act,2012
10.1093/rfs/hhs093,"Cross-Listing, Investment Sensitivity to Stock Price, and the Learning Hypothesis",2012
10.1093/rfs/hhs094,Does Systemic Risk in the Financial Sector Predict Future Economic Downturns?,2012
10.1093/rfs/hhs095,How Important is Having Skin in the Game? Originator-Sponsor Affiliation and Losses on Mortgage-backed Securities,2012
10.1093/rfs/hhs096,Venture Capitalists on Boards of Mature Public Firms,2014
10.1093/rfs/hhs097,Short Selling and the Price Discovery Process,2013
10.1093/rfs/hhs098,New Orders and Asset Prices,2013
10.1093/rfs/hhs099,The Sensitivity of Corporate Cash Holdings to Corporate Governance,2012
10.1093/rfs/hhs100,Out of the Dark: Hedge Fund Reporting Biases and Commercial Databases,2013
10.1093/rfs/hhs101,Realized Skewness,2012
10.1093/rfs/hhs102,Factor-Loading Uncertainty and Expected Returns,2013
10.1093/rfs/hhs103,A Flow-Based Explanation for Return Predictability,2012
10.1093/rfs/hhs104,Is the Potential for International Diversification Disappearing? A Dynamic Copula Approach,2012
10.1093/rfs/hhs105,Institutional Investors and Mutual Fund Governance: Evidence from Retail–Institutional Fund Twins,2012
10.1093/rfs/hhs106,Cash Holdings and Credit Risk,2012
10.1093/rfs/hhs107,Ability or Finances as Constraints on Entrepreneurship? Evidence from Survival Rates in a Natural Experiment,2012
10.1093/rfs/hhs108,A Long-Run Risks Explanation of Predictability Puzzles in Bond and Currency Markets,2013
10.1093/rfs/hhs109,R&amp;D and the Incentives from Merger and Acquisition Activity,2013
10.1093/rfs/hhs110,Fiscal Policy and Asset Prices with Incomplete Markets,2013
10.1093/rfs/hhs111,Forecasting Stock Returns Through an Efficient Aggregation of Mutual Fund Holdings,2012
10.1093/rfs/hhs112,Overvalued Equity and Financing Decisions,2012
10.1093/rfs/hhs113,Running for the Exit? International Bank Lending During a Financial Crisis,2013
10.1093/rfs/hhs114,The Price of a CEO's Rolodex,2013
10.1093/rfs/hhs115,Is Disclosure an Effective Cleansing Mechanism? The Dynamics of Compensation Peer Benchmarking,2013
10.1093/rfs/hhs116,Realization Utility with Reference-Dependent Preferences,2013
10.1093/rfs/hhs117,Corporate Governance and Value Creation: Evidence from Private Equity,2013
10.1093/rfs/hhs118,The Procyclical Effects of Bank Capital Regulation,2013
10.1093/rfs/hhs119,Using Option Prices to Infer Overpayments and Synergies in M&amp;A Transactions,2013
10.1093/rfs/hhs120,Erratum,2012
10.1093/rfs/hhs121,Toward a Quantitative General Equilibrium Asset Pricing Model with Intangible Capital,2013
10.1093/rfs/hhs122,Are U.S. CEOs Paid More? New International Evidence,2013
10.1093/rfs/hhs123,Hidden and Displayed Liquidity in Securities Markets with Informed Liquidity Providers,2013
10.1093/rfs/hhs124,CDS Auctions,2013
10.1093/rfs/hhs125,What Motivates Minority Acquisitions? The Trade-Offs between a Partial Equity Stake and Complete Integration,2013
10.1093/rfs/hhs126,The Delegated Lucas Tree,2013
10.1093/rfs/hhs127,"Economic Linkages, Relative Scarcity, and Commodity Futures Returns",2013
10.1093/rfs/hhs128,Local Overweighting and Underperformance: Evidence from Limited Partner Private Equity Investments,2013
10.1093/rfs/hhs129,Contractual Resolutions of Financial Distress,2013
10.1093/rfs/hhs130,Optimal Convergence Trade Strategies,2013
10.1093/rfs/hhs131,Managers with and without Style: Evidence Using Exogenous Variation,2013
10.1093/rfs/hhs132,Editorial Board,2013
10.1093/rfs/hhs133,Forthcoming Articles,2013
10.1093/rfs/hhs134,Cover,2013
10.1093/rfs/hhs135,Volume 26 Number 1 January 2013The Review of Financial Studies - Table of Contents:,2013
10.1093/rfs/hhs136,Cover,2013
10.1093/rfs/hhs137,Cover,2013
10.1093/rfs/hhs138,Cover,2013
10.1093/rfs/hhs139,Cover,2013
10.1093/rfs/hhs140,Cover,2013
10.1093/rfs/hhs141,Cover,2013
10.1093/rfs/hhs142,Cover,2013
10.1093/rfs/hhs143,Cover,2013
10.1093/rfs/hhs144,Cover,2013
10.1093/rfs/hhs145,Cover,2013
10.1093/rfs/hhs146,Cover,2013
10.1093/rfs/hhs147,Editorial Board,2013
10.1093/rfs/hhs148,Editorial Board,2013
10.1093/rfs/hhs149,Editorial Board,2013
10.1093/rfs/hhs150,Editorial Board,2013
10.1093/rfs/hhs151,Editorial Board,2013
10.1093/rfs/hhs152,Editorial Board,2013
10.1093/rfs/hhs153,Editorial Board,2013
10.1093/rfs/hhs154,Editorial Board,2013
10.1093/rfs/hhs155,Editorial Board,2013
10.1093/rfs/hhs156,Editorial Board,2013
10.1093/rfs/hhs157,Editorial Board,2013
10.1093/rfs/hhs158,Forthcoming Articles,2013
10.1093/rfs/hhs159,Forthcoming Articles,2013
10.1093/rfs/hhs160,Forthcoming Articles,2013
10.1093/rfs/hhs161,Forthcoming Articles,2013
10.1093/rfs/hhs162,Forthcoming Articles,2013
10.1093/rfs/hhs163,Forthcoming Articles,2013
10.1093/rfs/hhs164,Forthcoming Articles,2013
10.1093/rfs/hhs165,Forthcoming Articles,2013
10.1093/rfs/hhs166,Forthcoming Articles,2013
10.1093/rfs/hhs167,Forthcoming Articles,2013
10.1093/rfs/hhs168,Forthcoming Articles,2013
10.1093/rfs/hhs169,Volume 26 Number 10 October 2013The Review of Financial Studies - Table of Contents:,2013
10.1093/rfs/hhs170,Volume 26 Number 11 November 2013The Review of Financial Studies - Table of Contents:,2013
10.1093/rfs/hhs171,Volume 26 Number 12 December 2013The Review of Financial Studies - Table of Contents :,2013
10.1093/rfs/hhs172,Volume 26 Number 2 February 2013The Review of Financial Studies - Table of Contents:,2013
10.1093/rfs/hhs173,Volume 26 Number 3 March 2013The Review of Financial Studies - Table of Contents:,2013
10.1093/rfs/hhs174,Volume 26 Number 4 April 2013The Review of Financial Studies - Table of Contents:,2013
10.1093/rfs/hhs175,Volume 26 Number 5 May 2013The Review of Financial Studies - Table of Contents:,2013
10.1093/rfs/hhs176,Volume 26 Number 6 June 2013The Review of Financial Studies - Table of Contents:,2013
10.1093/rfs/hhs177,Volume 26 Number 7 July 2013The Review of Financial Studies - Table of Contents:,2013
10.1093/rfs/hhs178,Volume 26 Number 8 August 2013The Review of Financial Studies - Table of Contents:,2013
10.1093/rfs/hhs179,Volume 26 Number 9 September 2013The Review of Financial Studies - Table of Contents:,2013
10.1093/rfs/hhs180,"Book-to-Market Equity, Financial Leverage, and the Cross-Section of Stock Returns",2013
10.1093/rfs/hhs181,Understanding the Puzzling Risk-Return Relationship for Housing,2013
10.1093/rfs/hhs182,Mutual Fund's <i>R</i>2 as Predictor of Performance,2012
10.1093/rfs/hhs183,Misvaluing Innovation,2013
10.1093/rfs/hht001,Optimal Corporate Governance in the Presence of an Activist Investor,2013
10.1093/rfs/hht002,Financial Capacity and Discontinuous Investment: Evidence from Emerging Market Multibusiness Firms,2013
10.1093/rfs/hht003,Do Implicit Barriers Matter for Globalization?,2013
10.1093/rfs/hht004,’O Sole Mio: An Experimental Analysis of Weather and Risk Attitudes in Financial Decisions,2013
10.1093/rfs/hht005,What Drives Stock Price Movements?,2013
10.1093/rfs/hht006,Indirect Costs of Financial Distress in Durable Goods Industries: The Case of Auto Manufacturers,2013
10.1093/rfs/hht007,"Corporate Leverage, Debt Maturity, and Credit Supply: The Role of Credit Default Swaps",2013
10.1093/rfs/hht008,Entangled Financial Systems,2013
10.1093/rfs/hht009,Wrongful Discharge Laws and Innovation,2014
10.1093/rfs/hht010,Optimal Life Cycle Portfolio Choice with Housing Market Cycles,2013
10.1093/rfs/hht011,"Sovereign Debt, Government Myopia, and the Financial Sector",2013
10.1093/rfs/hht012,The Effect of Liquidity on Governance,2013
10.1093/rfs/hht013,"Bond Market Clienteles, the Yield Curve, and the Optimal Maturity Structure of Government Debt",2013
10.1093/rfs/hht014,An Institutional Theory of Momentum and Reversal,2013
10.1093/rfs/hht015,Pricing Credit Default Swaps with Observable Covariates,2013
10.1093/rfs/hht016,Issuer Quality and Corporate Bond Returns,2013
10.1093/rfs/hht017,Shackling Short Sellers: The 2008 Shorting Ban,2013
10.1093/rfs/hht018,Ambiguous Volatility and Asset Pricing in Continuous Time,2013
10.1093/rfs/hht019,Executive Networks and Firm Policies: Evidence from the Random Assignment of MBA Peers,2013
10.1093/rfs/hht020,The Supply of Corporate Directors and Board Independence,2013
10.1093/rfs/hht021,Identifying the Valuation Effects and Agency Costs of Corporate Diversification: Evidence from the Geographic Diversification of U.S. Banks,2013
10.1093/rfs/hht022,Momentum in Corporate Bond Returns,2013
10.1093/rfs/hht023,Investors' Horizons and the Amplification of Market Shocks,2013
10.1093/rfs/hht024,With a Little Help from My (Random) Friends: Success and Failure in Post-Business School Entrepreneurship,2013
10.1093/rfs/hht025,"Libertarian Paternalism, Information Production, and Financial Decision Making: Table 1",2013
10.1093/rfs/hht026,Firm Characteristics and Stock Returns: The Role of Investment-Specific Shocks,2013
10.1093/rfs/hht027,Managerial Incentives and the Role of Advisors in the Continuous-Time Agency Model,2013
10.1093/rfs/hht028,A Structural Model of Dynamic Market Timing,2013
10.1093/rfs/hht029,Subprime Consumer Credit Demand: Evidence from a Lender's Pricing Experiment,2013
10.1093/rfs/hht030,"Dynamic Equilibrium with Two Stocks, Heterogeneous Investors, and Portfolio Constraints",2013
10.1093/rfs/hht031,Combining Banking with Private Equity Investing,2013
10.1093/rfs/hht032,How Do CEOs Matter? The Effect of Industry Expertise on Acquisition Returns,2013
10.1093/rfs/hht033,Capturing Option Anomalies with a Variance-Dependent Pricing Kernel,2013
10.1093/rfs/hht034,Anticipated and Repeated Shocks in Liquid Markets,2013
10.1093/rfs/hht035,The Price of Diversifiable Risk in Venture Capital and Private Equity,2013
10.1093/rfs/hht036,Rating Shopping or Catering?An Examination of the Response to Competitive Pressure for CDO Credit Ratings,2013
10.1093/rfs/hht037,Bond Illiquidity and Excess Volatility,2013
10.1093/rfs/hht038,Long-Run Risk and the Persistence of Consumption Shocks,2013
10.1093/rfs/hht039,The Skew Risk Premium in the Equity Index Market,2013
10.1093/rfs/hht040,What Drives the Value Premium?: The Role of Asset Risk and Leverage,2013
10.1093/rfs/hht041,Estimating the Costs of Issuer-Paid Credit Ratings,2013
10.1093/rfs/hht042,"Specialization, Productivity, and Financing Constraints",2013
10.1093/rfs/hht043,"Investor Heterogeneity, Investor-Management Disagreement and Share Repurchases",2013
10.1093/rfs/hht044,Does Family Control Matter? International Evidence from the 2008–2009 Financial Crisis,2013
10.1093/rfs/hht045,"Financial Flexibility, Risk Management, and Payout Choice",2014
10.1093/rfs/hht046,Informational Holdup and Performance Persistence in Venture Capital,2014
10.1093/rfs/hht047,Common Errors: How to (and Not to) Control for Unobserved Heterogeneity,2014
10.1093/rfs/hht048,Determinants of Trader Profits in Commodity Futures Markets,2013
10.1093/rfs/hht049,The Flip Side of Financial Synergies: Coinsurance Versus Risk Contamination,2013
10.1093/rfs/hht050,The Attractions and Perils of Flexible Mortgage Lending,2013
10.1093/rfs/hht051,Asset Prices with Heterogeneity in Preferences and Beliefs,2014
10.1093/rfs/hht052,Indexing Executive Compensation Contracts,2013
10.1093/rfs/hht053,Asset Pricing in the Dark: The Cross-Section of OTC Stocks,2013
10.1093/rfs/hht054,Asset Pricing with Endogenous Disasters,2013
10.1093/rfs/hht055,"Do Private Equity Fund Managers Earn Their Fees? Compensation, Ownership, and Cash Flow Performance",2013
10.1093/rfs/hht056,Interbank Liquidity Crunch and the Firm Credit Crunch: Evidence from the 2007–2009 Crisis,2014
10.1093/rfs/hht057,The Year-End Trading Activities of Institutional Investors: Evidence from Daily Trades,2014
10.1093/rfs/hht058,Financial Market Shocks and the Macroeconomy,2013
10.1093/rfs/hht059,Speculation and Hedging in Segmented Markets,2014
10.1093/rfs/hht060,Estimating the Benefits of Contractual Completeness,2013
10.1093/rfs/hht061,Joint Editorial,2013
10.1093/rfs/hht062,Optimal Portfolio Choice with Predictability in House Prices and Transaction Costs,2014
10.1093/rfs/hht063,Entrepreneurial Finance and Innovation: An Introduction and Agenda for Future Research,2014
10.1093/rfs/hht064,Preventing Zombie Lending,2014
10.1093/rfs/hht065,Investor Networks in the Stock Market,2014
10.1093/rfs/hht066,The Growth and Limits of Arbitrage: Evidence from Short Interest,2014
10.1093/rfs/hht067,A Supply Approach to Valuation,2013
10.1093/rfs/hht068,Procyclical Leverage and Value-at-Risk,2014
10.1093/rfs/hht069,Can Equity Volatility Explain the Global Loan Pricing Puzzle?,2013
10.1093/rfs/hht070,When There Is No Place to Hide: Correlation Risk and the Cross-Section of Hedge Fund Returns,2014
10.1093/rfs/hht071,Board Expertise: Do Directors from Related Industries Help Bridge the Information Gap?,2014
10.1093/rfs/hht072,The Economics of Solicited and Unsolicited Credit Ratings,2014
10.1093/rfs/hht073,Securitization and Loan Performance: Ex Ante and Ex Post Relations in the Mortgage Market,2014
10.1093/rfs/hht074,Liquidity Shocks and Stock Market Reactions,2014
10.1093/rfs/hht075,Communication and Decision-Making in Corporate Boards,2014
10.1093/rfs/hht076,Does Stock Liquidity Affect Incentives to Monitor? Evidence from Corporate Takeovers,2014
10.1093/rfs/hht077,Why Did Holdings of Highly Rated Securitization Tranches Differ So Much across Banks?,2014
10.1093/rfs/hht078,Do Dark Pools Harm Price Discovery?,2014
10.1093/rfs/hht079,"Opaque Trading, Disclosure, and Asset Prices: Implications for Hedge Fund Regulation",2014
10.1093/rfs/hht080,Repossession and the Democratization of Credit,2014
10.1093/rfs/hht081,Risk Choice under High-Water Marks,2014
10.1093/rfs/hht082,Expectations of Returns and Expected Returns,2014
10.1093/rfs/hht083,Cover,2014
10.1093/rfs/hht084,Cover,2014
10.1093/rfs/hht085,Cover,2014
10.1093/rfs/hht086,Cover,2014
10.1093/rfs/hht087,Cover,2014
10.1093/rfs/hht088,Cover,2014
10.1093/rfs/hht089,Cover,2014
10.1093/rfs/hht090,Cover,2014
10.1093/rfs/hht091,Cover,2014
10.1093/rfs/hht092,Cover,2014
10.1093/rfs/hht093,Cover,2014
10.1093/rfs/hht094,Cover,2014
10.1093/rfs/hht095,Editorial Board,2014
10.1093/rfs/hht096,Editorial Board,2014
10.1093/rfs/hht097,Editorial Board,2014
10.1093/rfs/hht098,Editorial Board,2014
10.1093/rfs/hht099,Editorial Board,2014
10.1093/rfs/hht100,Editorial Board,2014
10.1093/rfs/hht101,Editorial Board,2014
10.1093/rfs/hht102,Editorial Board,2014
10.1093/rfs/hht103,Editorial Board,2014
10.1093/rfs/hht104,Editorial Board,2014
10.1093/rfs/hht105,Editorial Board,2014
10.1093/rfs/hht106,Editorial Board,2014
10.1093/rfs/hht107,Forthcoming Articles,2014
10.1093/rfs/hht108,Forthcoming Articles,2014
10.1093/rfs/hht109,Forthcoming Articles,2014
10.1093/rfs/hht110,Forthcoming Articles,2014
10.1093/rfs/hht111,Forthcoming Articles,2014
10.1093/rfs/hht112,Forthcoming Articles,2014
10.1093/rfs/hht113,Forthcoming Articles,2014
10.1093/rfs/hht114,Forthcoming Articles,2014
10.1093/rfs/hht115,Forthcoming Articles,2014
10.1093/rfs/hht116,Forthcoming Articles,2014
10.1093/rfs/hht117,Forthcoming Articles,2014
10.1093/rfs/hht118,Forthcoming Articles,2014
10.1093/rfs/hht119,Volume 27 Number 1 January 2014The Review of Financial Studies - Table of Contents:,2014
10.1093/rfs/hht120,Volume 27 Number 10 October 2014The Review of Financial Studies - Table of Contents:,2014
10.1093/rfs/hht121,Volume 27 Number 11 November 2014The Review of Financial Studies - Table of Contents:,2014
10.1093/rfs/hht122,Volume 27 Number 12 December 2014The Review of Financial Studies - Table of Contents:,2014
10.1093/rfs/hht123,Volume 27 Number 2 February 2014The Review of Financial Studies - Table of Contents:,2014
10.1093/rfs/hht124,Volume 27 Number 3 March 2014The Review of Financial Studies - Table of Contents:,2014
10.1093/rfs/hht125,Volume 27 Number 4 April 2014The Review of Financial Studies - Table of Contents:,2014
10.1093/rfs/hht126,Volume 27 Number 5 May 2014The Review of Financial Studies - Table of Contents:,2014
10.1093/rfs/hht127,Volume 27 Number 6 June 2014The Review of Financial Studies - Table of Contents:,2014
10.1093/rfs/hht128,Volume 27 Number 7 July 2014The Review of Financial Studies - Table of Contents:,2014
10.1093/rfs/hht129,Volume 27 Number 8 August 2014The Review of Financial Studies - Table of Contents:,2014
10.1093/rfs/hht130,Volume 27 Number 9 September 2014The Review of Financial Studies - Table of Contents:,2014
10.1093/rfs/hht131,Expected Returns and Dividend Growth Rates Implied by Derivative Markets,2014
10.1093/rfs/hht132,The Labor Market for Bankers and Regulators,2014
10.1093/rfs/hht133,Bond Supply and Excess Bond Returns,2014
10.1093/rfs/hht134,Repo Runs,2014
10.1093/rfs/hht135,Misspecification-Robust Inference in Linear Asset-Pricing Models with Irrelevant Risk Factors,2014
10.1093/rfs/hhu001,Wisdom of Crowds: The Value of Stock Opinions Transmitted Through Social Media,2014
10.1093/rfs/hhu002,Stock Return Serial Dependence and Out-of-Sample Portfolio Performance,2014
10.1093/rfs/hhu003,Frog in the Pan: Continuous Information and Momentum,2014
10.1093/rfs/hhu004,Internal Capital Market and Dividend Policies: Evidence From Business Groups,2014
10.1093/rfs/hhu005,Resource Allocation within Firms and Financial Market Dislocation: Evidence from Diversified Conglomerates,2014
10.1093/rfs/hhu006,Do Lenders Still Monitor When They Can Securitize Loans?,2014
10.1093/rfs/hhu007,Financial Market Dislocations,2014
10.1093/rfs/hhu008,Limited and Varying Consumer Attention: Evidence from Shocks to the Salience of Bank Overdraft Fees,2014
10.1093/rfs/hhu009,Do Security Analysts Speak in Two Tongues?,2014
10.1093/rfs/hhu010,"Guarantees, Leverage, and Taxes",2014
10.1093/rfs/hhu011,Co-opted Boards,2014
10.1093/rfs/hhu012,Smart Money? The Effect of Education on Financial Outcomes,2014
10.1093/rfs/hhu013,Valuing Private Equity,2014
10.1093/rfs/hhu014,Household Debt and Social Interactions,2014
10.1093/rfs/hhu015,The Swaption Cube,2014
10.1093/rfs/hhu016,Illiquidity Contagion and Liquidity Crashes,2014
10.1093/rfs/hhu017,Nationalism and Economic Exchange: Evidence from Shocks to Sino-Japanese Relations,2014
10.1093/rfs/hhu018,The Ownership of Japanese Corporations in the 20th Century,2014
10.1093/rfs/hhu019,Attracting Investor Attention through Advertising,2014
10.1093/rfs/hhu020,Index Option Returns: Still Puzzling,2014
10.1093/rfs/hhu021,Learning from Stock Prices and Economic Growth,2014
10.1093/rfs/hhu022,Microprudential Regulation in a Dynamic Model of Banking,2014
10.1093/rfs/hhu023,"Heterogeneity and Stability: Bolster the Strong, Not the Weak",2014
10.1093/rfs/hhu024,Investors' and Central Bank's Uncertainty Embedded in Index Options,2014
10.1093/rfs/hhu025,Frictions in Shadow Banking: Evidence from the Lending Behavior of Money Market Mutual Funds,2014
10.1093/rfs/hhu026,Advance Disclosure of Insider Trading,2014
10.1093/rfs/hhu027,Do Going-Private Transactions Affect Plant Efficiency and Investment?,2014
10.1093/rfs/hhu028,The Variety of Maturities Offered by Firms and Institutional Investment in Corporate Bonds,2014
10.1093/rfs/hhu029,Referee Recommendations,2014
10.1093/rfs/hhu030,Complex Securities and Underwriter Reputation: Do Reputable Underwriters Produce Better Securities?,2014
10.1093/rfs/hhu031,Prior Client Performance and the Choice of Investment Bank Advisors in Corporate Acquisitions,2014
10.1093/rfs/hhu032,High-Frequency Trading and Price Discovery,2014
10.1093/rfs/hhu033,"Corporate Venture Capital, Value Creation, and Innovation",2014
10.1093/rfs/hhu034,In Harm's Way? Payday Loan Access and Military Personnel Performance,2014
10.1093/rfs/hhu035,Real Estate Prices and Firm Capital Structure,2014
10.1093/rfs/hhu036,Collateral-Motivated Financial Innovation,2014
10.1093/rfs/hhu037,Ambiguity Aversion and Asset Prices in Production Economies,2014
10.1093/rfs/hhu038,Does the Tail Wag the Dog?: The Effect of Credit Default Swaps on Credit Risk,2014
10.1093/rfs/hhu039,Tail Risk and Asset Prices,2014
10.1093/rfs/hhu040,Fooling Some of the People All of the Time: The Inefficient Performance and Persistence of Commodity Trading Advisors,2014
10.1093/rfs/hhu041,Regression Discontinuity and the Price Effects of Stock Market Indexing,2015
10.1093/rfs/hhu042,Peer Effects in Risk Aversion and Trust,2014
10.1093/rfs/hhu043,Asset Prices and Real Exchange Rates with Deep Habits,2014
10.1093/rfs/hhu044,Cognitive Limitation and Investment Performance: Evidence from Limit Order Clustering,2015
10.1093/rfs/hhu045,Window Dressing in Mutual Funds,2014
10.1093/rfs/hhu046,Mutual Funds and Information Diffusion: The Role of Country-Level Governance,2014
10.1093/rfs/hhu047,Opacity in Financial Markets,2014
10.1093/rfs/hhu048,Trading for Status,2014
10.1093/rfs/hhu049,Debtholder Responses to Shareholder Activism: Evidence from Hedge Fund Interventions,2014
10.1093/rfs/hhu050,Money Left on the Table: An Analysis of Participation in Employee Stock Purchase Plans,2014
10.1093/rfs/hhu051,The Implicit Costs of Trade Credit Borrowing by Large Firms,2015
10.1093/rfs/hhu052,No News Is News: Do Markets Underreact to Nothing?,2014
10.1093/rfs/hhu053,Labor Protection and Leverage,2015
10.1093/rfs/hhu054,Aggregate Investment and Investor Sentiment,2014
10.1093/rfs/hhu055,Shadow Banking and Bank Capital Regulation,2015
10.1093/rfs/hhu056,Does Media Coverage of Stocks Affect Mutual Funds' Trading and Performance?,2014
10.1093/rfs/hhu057,Feedback Trading between Fundamental and Nonfundamental Information,2015
10.1093/rfs/hhu058,What Happens in Nevada? Self-Selecting into Lax Law,2014
10.1093/rfs/hhu059,Investor Attention and Stock Market Volatility,2015
10.1093/rfs/hhu060,Securitization and the Fixed-Rate Mortgage,2015
10.1093/rfs/hhu061,Media Makes Momentum,2014
10.1093/rfs/hhu062,Are Mutual Funds Active Voters?,2015
10.1093/rfs/hhu063,"Weather-Induced Mood, Institutional Investors, and Stock Returns",2015
10.1093/rfs/hhu064,"Strategic Complementarity, Fragility, and Regulation",2014
10.1093/rfs/hhu065,Erratum,2014
10.1093/rfs/hhu066,Cash-Flow Sensitivities and the Allocation of Internal Cash Flow,2014
10.1093/rfs/hhu067,Strategic Investment and Industry Risk Dynamics,2015
10.1093/rfs/hhu068,Digesting Anomalies: An Investment Approach,2015
10.1093/rfs/hhu069,"Learning About Unstable, Publicly Unobservable Payoffs",2015
10.1093/rfs/hhu070,Liquidity and Shareholder Activism,2015
10.1093/rfs/hhu071,"Ownership Structure, Voting, and Risk",2015
10.1093/rfs/hhu072,The Sum of All FEARS Investor Sentiment and Asset Prices,2015
10.1093/rfs/hhu073,Human Capital as an Asset Class Implications from a General Equilibrium Model,2015
10.1093/rfs/hhu074,Dynamic Hedging and Extreme Asset Co-movements,2015
10.1093/rfs/hhu075,Do Individual Investors Treat Trading as a Fun and Exciting Gambling Activity? Evidence from Repeated Natural Experiments,2015
10.1093/rfs/hhu076,The Costs of Closing Failed Banks: A Structural Estimation of Regulatory Incentives,2015
10.1093/rfs/hhu077,Corporate Investment and Stock Market Listing: A Puzzle?,2015
10.1093/rfs/hhu078,"Self-Exciting Jumps, Learning, and Asset Pricing Implications",2015
10.1093/rfs/hhu079,"The Worst, the Best, Ignoring All the Rest: The Rank Effect and Trading Behavior",2015
10.1093/rfs/hhu080,Investor Sentiment Aligned: A Powerful Predictor of Stock Returns,2015
10.1093/rfs/hhu081,"Capital Supply Uncertainty, Cash Holdings, and Investment",2015
10.1093/rfs/hhu082,Agency Problems of Corporate Philanthropy,2015
10.1093/rfs/hhu083,Money Creation and the Shadow Banking System,2015
10.1093/rfs/hhu084,"Investor Information, Long-Run Risk, and the Term Structure of Equity",2015
10.1093/rfs/hhu085,Can Housing Risk Be Diversified? A Cautionary Tale from the Housing Boom and Bust,2015
10.1093/rfs/hhu086,Traders vs. Relationship Managers: Reputational Conflicts in Full-Service Investment Banks,2015
10.1093/rfs/hhu087,Does Financing Spur Small Business Productivity? Evidence from a Natural Experiment,2015
10.1093/rfs/hhu088,Capital Account Opening and Wage Inequality,2015
10.1093/rfs/hhu089,Redefining Financial Constraints: A Text-Based Analysis,2015
10.1093/rfs/hhu090,The Geography of Funding Markets and Limits to Arbitrage,2015
10.1093/rfs/hhu091,New Evidence on the Financialization of Commodity Markets,2015
10.1093/rfs/hhu092,Post-Earnings-Announcement Drift in Global Markets: Evidence from an Information Shock,2015
10.1093/rfs/hhu093,Editorial: Cosmetic Surgery in the Academic Review Process,2015
10.1093/rfs/hhu094,The Informational Role of Stock and Bond Volume,2015
10.1093/rfs/hhu095,Cover,2015
10.1093/rfs/hhu096,Editorial Board,2015
10.1093/rfs/hhu097,Forthcoming Articles,2015
10.1093/rfs/hhu098,Volume 28 Number 10 October 2015The Review of Financial Studies - Table of Contents:,2015
10.1093/rfs/hhu099,Cover,2015
10.1093/rfs/hhu100,Editorial Board,2015
10.1093/rfs/hhu101,Forthcoming Articles,2015
10.1093/rfs/hhu102,Volume 28 Number 11 November 2015The Review of Financial Studies - Table of Contents:,2015
10.1093/rfs/hhu103,Cover,2015
10.1093/rfs/hhu104,Editorial Board,2015
10.1093/rfs/hhu105,Forthcoming Articles,2015
10.1093/rfs/hhu106,Volume 28 Number 12 December 2015The Review of Financial Studies - Table of Contents:,2015
10.1093/rfs/hhu107,Cover,2015
10.1093/rfs/hhu108,Editorial Board,2015
10.1093/rfs/hhu109,Forthcoming Articles,2015
10.1093/rfs/hhu110,Volume 28 Number 2 February 2015The Review of Financial Studies - Table of Contents:,2015
10.1093/rfs/hhu111,Cover,2015
10.1093/rfs/hhu112,Editorial Board,2015
10.1093/rfs/hhu113,Forthcoming Articles,2015
10.1093/rfs/hhu114,Volume 28 Number 3 March 2015The Review of Financial Studies - Table of Contents :,2015
10.1093/rfs/hhu115,Cover,2015
10.1093/rfs/hhu116,Editorial Board,2015
10.1093/rfs/hhu117,Forthcoming Articles,2015
10.1093/rfs/hhu118,Volume 28 Number 4 April 2015The Review of Financial Studies - Table of Contents,2015
10.1093/rfs/hhu119,Cover,2015
10.1093/rfs/hhu120,Editorial Board,2015
10.1093/rfs/hhu121,Forthcoming Articles,2015
10.1093/rfs/hhu122,Volume 28 Number 5 May 2015The Review of Financial Studies - Table of Contents,2015
10.1093/rfs/hhu123,Cover,2015
10.1093/rfs/hhu124,Editorial Board,2015
10.1093/rfs/hhu125,Forthcoming Articles,2015
10.1093/rfs/hhu126,Volume 28 Number 6 June 2015The Review of Financial Studies - Table of Contents,2015
10.1093/rfs/hhu127,Cover,2015
10.1093/rfs/hhu128,Editorial Board,2015
10.1093/rfs/hhu129,Forthcoming Articles,2015
10.1093/rfs/hhu130,Volume 28 Number 7 July 2015The Review of Financial Studies - Table of Contents,2015
10.1093/rfs/hhu131,Cover,2015
10.1093/rfs/hhu132,Editorial Board,2015
10.1093/rfs/hhu133,Forthcoming Articles,2015
10.1093/rfs/hhu134,Volume 28 Number 8 August 2015The Review of Financial Studies - Table of Contents:,2015
10.1093/rfs/hhu135,Cover,2015
10.1093/rfs/hhu136,Editorial Board,2015
10.1093/rfs/hhu137,Forthcoming Articles,2015
10.1093/rfs/hhu138,Volume 28 Number 9 September 2015The Review of Financial Studies - Table of Contents:,2015
10.1093/rfs/hhu139,Robust Econometric Inference for Stock Return Predictability,2015
10.1093/rfs/hhu140,When Less Is More: The Benefits of Limits on Executive Pay,2015
10.1093/rfs/hhu141,Cover,2015
10.1093/rfs/hhu142,Editorial Board,2015
10.1093/rfs/hhu143,Forthcoming Articles,2015
10.1093/rfs/hhu144,Volume 28 Number 1 January 2015The Review of Financial Studies - Table of Contents:,2015
10.1093/rfs/hhu145,Predictable Corporate Distributions and Stock Returns,2015
10.1093/rfs/hhu146,Erratum: Table 6,2015
10.1093/rfs/hhu147,The Invisible Hand of Short Selling: Does Short Selling Discipline Earnings Management?,2015
10.1093/rfs/hhv001,"Differences of Opinion, Endogenous Liquidity, and Asset Prices",2015
10.1093/rfs/hhv002,Does Takeover Activity Cause Managerial Discipline? Evidence from International M&amp;A Laws,2015
10.1093/rfs/hhv003,Dynamics of Innovation and Risk,2015
10.1093/rfs/hhv004,Home away from Home: Geography of Information and Local Investors,2015
10.1093/rfs/hhv005,Territorial Tax System Reform and Corporate Financial Policies,2015
10.1093/rfs/hhv006,Rumor Has It: Sensationalism in Financial Media,2015
10.1093/rfs/hhv007,Confusion of Confusions: A Test of the Disposition Effect and Momentum,2015
10.1093/rfs/hhv008,Shareholder Voting and Corporate Governance Around the World,2015
10.1093/rfs/hhv009,"Financial Distress, Stock Returns, and the 1978 Bankruptcy Reform Act",2015
10.1093/rfs/hhv010,Information Management in Banking Crises,2015
10.1093/rfs/hhv011,Monotonicity of the Stochastic Discount Factor and Expected Option Returns,2015
10.1093/rfs/hhv012,The Bright Side of Corporate Diversification: Evidence from Internal Labor Markets,2015
10.1093/rfs/hhv013,The Real Effects of Short-Selling Constraints,2015
10.1093/rfs/hhv014,Learning About CEO Ability and Stock Return Volatility,2015
10.1093/rfs/hhv015,Modeling Covariance Risk in Merton's ICAPM,2015
10.1093/rfs/hhv016,"Capital Structure, Investment, and Fire Sales",2015
10.1093/rfs/hhv017,What's in a Name? Mutual Fund Flows When Managers Have Foreign-Sounding Names,2015
10.1093/rfs/hhv018,Modeling Credit Contagion via the Updating of Fragile Beliefs,2015
10.1093/rfs/hhv019,Can “High Costs” Justify Weak Demand for the Home Equity Conversion Mortgage?,2015
10.1093/rfs/hhv020,"House Prices, Home Equity Borrowing, and Entrepreneurship",2015
10.1093/rfs/hhv021,Financing Constraints and the Amplification of Aggregate Downturns,2015
10.1093/rfs/hhv022,On Bounding Credit-Event Risk Premia,2015
10.1093/rfs/hhv023,Competition for Order Flow with Fast and Slow Traders,2015
10.1093/rfs/hhv024,Optimal Tax Timing with Asymmetric Long-Term/Short-Term Capital Gains Tax,2015
10.1093/rfs/hhv025,"Valuation, Adverse Selection, and Market Collapses",2015
10.1093/rfs/hhv026,A Theory of Income Smoothing When Insiders Know More Than Outsiders,2015
10.1093/rfs/hhv027,Dynamic Thin Markets,2015
10.1093/rfs/hhv028,Testing for Information Asymmetries in Real Estate Markets,2015
10.1093/rfs/hhv029,Understanding FX Liquidity,2015
10.1093/rfs/hhv030,How Important Are Foreign Ownership Linkages for International Stock Returns?,2015
10.1093/rfs/hhv031,Why Are University Endowments Large and Risky?,2015
10.1093/rfs/hhv032,Expected Returns in Treasury Bonds,2015
10.1093/rfs/hhv033,Exploring Return Dynamics via Corridor Implied Volatility,2015
10.1093/rfs/hhv034,Restraining Overconfident CEOs through Improved Governance: Evidence from the Sarbanes-Oxley Act,2015
10.1093/rfs/hhv035,Valuing Changes in Political Networks: Evidence from Campaign Contributions to Close Congressional Elections,2015
10.1093/rfs/hhv036,The Sovereign Wealth Fund Discount: Evidence from Public Equity Investments,2015
10.1093/rfs/hhv037,"The Real Effects of Hedge Fund Activism: Productivity, Asset Allocation, and Labor Outcomes",2015
10.1093/rfs/hhv038,Board Structure and Monitoring: New Evidence from CEO Turnovers,2015
10.1093/rfs/hhv039,Thinking Outside the Borders: Investors' Underreaction to Foreign Operations Information,2015
10.1093/rfs/hhv040,Playing the Devil's Advocate: The Causal Effect of Risk Management on Loan Quality,2015
10.1093/rfs/hhv041,Wage Rigidity: A Quantitative Solution to Several Asset Pricing Puzzles,2016
10.1093/rfs/hhv042,"Information, Analysts, and Stock Return Comovement",2015
10.1093/rfs/hhv043,Dissecting Anomalies with a Five-Factor Model,2016
10.1093/rfs/hhv044,Active Ownership,2015
10.1093/rfs/hhv045,Trading Fast and Slow: Colocation and Liquidity,2015
10.1093/rfs/hhv046,Risk and Expected Returns of Private Equity Investments: Evidence Based on Market Prices,2015
10.1093/rfs/hhv047,Synthetic or Real? The Equilibrium Effects of Credit Default Swaps on Bond Markets,2015
10.1093/rfs/hhv048,The Corporate Value of (Corrupt) Lobbying,2016
10.1093/rfs/hhv049,"Durable Goods, Inflation Risk, and Equilibrium Asset Prices",2016
10.1093/rfs/hhv050,Policy Uncertainty and Corporate Investment,
10.1093/rfs/hhv051,Looking in the Rearview Mirror: The Effect of Managers' Professional Experience on Corporate Financial Policy,
10.1093/rfs/hhv052,Do Measures of Financial Constraints Measure Financial Constraints?,2016
10.1093/rfs/hhv053,Whom Do You Trust?: Investor-Advisor Relationships and Mutual Fund Flows,2016
10.1093/rfs/hhv054,Disclosure Standards and the Sensitivity of Returns to Mood,
10.1093/rfs/hhv055,CEO Assessment and the Structure of Newly Formed Boards,2015
10.1093/rfs/hhv056,The Euro Interbank Repo Market,2016
10.1093/rfs/hhv057,The Dynamics of Crises and the Equity Premium,2016
10.1093/rfs/hhv058,Dividends as Reference Points: A Behavioral Signaling Approach,
10.1093/rfs/hhv059,… and the Cross-Section of Expected Returns,2016
10.1093/rfs/hhv060,Asset Pricing When Traders Sell Extreme Winners and Losers,
10.1093/rfs/hhv061,Misinformed Speculators and Mispricing in the Housing Market,2016
10.1093/rfs/hhv062,Does it Pay to Invest in Art? A Selection-Corrected Returns Perspective,2016
10.1093/rfs/hhv063,A Taxonomy of Anomalies and Their Trading Costs,2016
10.1093/rfs/hhv064,Do U.S. Firms Hold More Cash than Foreign Firms Do?,2016
10.1093/rfs/hhv065,"The Fetal Origins Hypothesis in Finance: Prenatal Environment, the Gender Gap, and Investor Behavior",
10.1093/rfs/hhv066,"Equity Market Misvaluation, Financing, and Investment",
10.1093/rfs/hhv067,Does the Market Understand Rating Shopping? Predicting MBS Losses with Initial Yields,2016
10.1093/rfs/hhv068,Out-of-the-Money CEOs: Private Control Premium and Option Exercises,2016
10.1093/rfs/hhv069,"Enlarging the Contracting Space: Collateral Menus, Access to Credit, and Economic Activity",2016
10.1093/rfs/hhv070,How Family Status and Social Security Claiming Options Shape Optimal Life Cycle Portfolios,2016
10.1093/rfs/hhv071,Posturing and Holdup in Innovation,2016
10.1093/rfs/hhv072,Borrowing High versus Borrowing Higher: Price Dispersion and Shopping Behavior in the U.S. Credit Card Market,2016
10.1093/rfs/hhv073,Financial Attention,2016
10.1093/rfs/hhv074,Rare Booms and Disasters in a Multisector Endowment Economy,2016
10.1093/rfs/hhv075,In Memoriam: Rick Green,2016
10.1093/rfs/hhv076,The Asset Redeployability Channel: How Uncertainty Affects Corporate Investment,2017
10.1093/rfs/hhv077,Editorial Board,2016
10.1093/rfs/hhv078,Forthcoming Articles,2016
10.1093/rfs/hhv079,Volume 29 Number 10 October 2016The Review of Financial Studies - Table of Contents:,2016
10.1093/rfs/hhv080,Cover,2016
10.1093/rfs/hhv081,Editorial Board,2016
10.1093/rfs/hhv082,Forthcoming Articles,2016
10.1093/rfs/hhv083,Volume 29 Number 11 November 2016The Review of Financial Studies - Table of Contents:,2016
10.1093/rfs/hhv084,Cover,2016
10.1093/rfs/hhv085,Editorial Board,2016
10.1093/rfs/hhv086,Forthcoming Articles,2016
10.1093/rfs/hhv087,Volume 29 Number 12 December 2016The Review of Financial Studies - Table of Contents:,2016
10.1093/rfs/hhv088,Cover,2016
10.1093/rfs/hhv089,Editorial Board,2016
10.1093/rfs/hhv090,Forthcoming Articles,2016
10.1093/rfs/hhv091,Volume 29 Number 1 January 2016The Review of Financial Studies - Table of Contents:,2016
10.1093/rfs/hhv092,Cover,2016
10.1093/rfs/hhv093,Editorial Board,2016
10.1093/rfs/hhv094,Forthcoming Articles,2016
10.1093/rfs/hhv095,Volume 29 Number 2 February 2016The Review of Financial Studies - Table of Contents:,2016
10.1093/rfs/hhv096,Cover,2016
10.1093/rfs/hhv097,Editorial Board,2016
10.1093/rfs/hhv098,Forthcoming Articles,2016
10.1093/rfs/hhv099,Volume 29 Number 3 March 2016The Review of Financial Studies - Table of Contents:,2016
10.1093/rfs/hhv100,Cover,2016
10.1093/rfs/hhv101,Editorial Board,2016
10.1093/rfs/hhv102,Forthcoming Articles,2016
10.1093/rfs/hhv103,Volume 29 Number 4 April 2016The Review of Financial Studies - Table of Contents:,2016
10.1093/rfs/hhv104,Cover,2016
10.1093/rfs/hhv105,Editorial Board,2016
10.1093/rfs/hhv106,Forthcoming Articles,2016
10.1093/rfs/hhv107,Volume 29 Number 5 May 2016The Review of Financial Studies - Table of Contents:,2016
10.1093/rfs/hhv108,Cover,2016
10.1093/rfs/hhv109,Editorial Board,2016
10.1093/rfs/hhv110,Forthcoming Articles,2016
10.1093/rfs/hhv111,Volume 29 Number 6 June 2016The Review of Financial Studies - Table of Contents:,2016
10.1093/rfs/hhv112,Cover,2016
10.1093/rfs/hhv113,Editorial Board,2016
10.1093/rfs/hhv114,Forthcoming Articles,2016
10.1093/rfs/hhv115,Volume 29 Number 7 July 2016The Review of Financial Studies - Table of Contents:,2016
10.1093/rfs/hhv116,Cover,2016
10.1093/rfs/hhv117,Editorial Board,2016
10.1093/rfs/hhv118,Forthcoming Articles,2016
10.1093/rfs/hhv119,Volume 29 Number 8 August 2016The Review of Financial Studies - Table of Contents:,2016
10.1093/rfs/hhv120,Cover,2016
10.1093/rfs/hhv121,Editorial Board,2016
10.1093/rfs/hhv122,Forthcoming Articles,2016
10.1093/rfs/hhv123,Volume 29 Number 9 September 2016The Review of Financial Studies - Table of Contents:,2016
10.1093/rfs/hhv124,The Cross-Section of Expected Returns: Where We Stand Today,2016
10.1093/rfs/hhv125,Reputation Concerns of Independent Directors: Evidence from Individual Director Voting,
10.1093/rfs/hhv126,"Production Flexibility, Product Markets, and Capital Structure Decisions",2016
10.1093/rfs/hhv127,Who Should Pay for Credit Ratings and How?,2016
10.1093/rfs/hhv128,Secondary Market Liquidity and Security Design: Theory and Evidence from ABS Markets,2016
10.1093/rfs/hhv129,"Information Spillovers, Gains from Trade, and Interventions in Frozen Markets",2016
10.1093/rfs/hhv130,Who Facilitated Misreporting in Securitized Loans?,2016
10.1093/rfs/hhv131,Estimating Security Betas Using Prior Information Based on Firm Fundamentals,2016
10.1093/rfs/hhv132,Measuring Liquidity in Bond Markets,2016
10.1093/rfs/hhw001,Robust Bayesian Portfolio Choices,2016
10.1093/rfs/hhw003,Mortgage Risk and the Yield Curve,2016
10.1093/rfs/hhw004,Bank Ratings and Lending Supply: Evidence from Sovereign Downgrades,2016
10.1093/rfs/hhw005,Buying High and Selling Low: Stock Repurchases and Persistent Asymmetric Information,2016
10.1093/rfs/hhw006,Financial Education and the Debt Behavior of the Young,2016
10.1093/rfs/hhw007,Why Don't All Banks Practice Regulatory Arbitrage? Evidence from Usage of Trust-Preferred Securities,2016
10.1093/rfs/hhw008,"Collateral, Taxes, and Leverage",2012
10.1093/rfs/hhw009,Skewness in Expected Macro Fundamentals and the Predictability of Equity Returns: Evidence and Theory,2016
10.1093/rfs/hhw010,Neural Evidence of Regret and Its Implications for Investor Behavior,2016
10.1093/rfs/hhw011,Executive Compensation Incentives Contingent on Long-Term Accounting Performance,2016
10.1093/rfs/hhw012,The Effect of Institutional Ownership on Payout Policy: Evidence from Index Thresholds,2016
10.1093/rfs/hhw013,Did Dubious Mortgage Origination Practices Distort House Prices?,2016
10.1093/rfs/hhw014,Insolvency Resolution and the Missing High-Yield Bond Markets,2016
10.1093/rfs/hhw015,How Risky Is Consumption in the Long-Run? Benchmark Estimates from a Robust Estimator,2017
10.1093/rfs/hhw016,Competition and Bank Opacity,2016
10.1093/rfs/hhw017,Interbank Market Freezes and Creditor Runs,2016
10.1093/rfs/hhw018,Loan Originations and Defaults in the Mortgage Crisis: The Role of the Middle Class,2016
10.1093/rfs/hhw019,Experimentation and the Returns to Entrepreneurship,2016
10.1093/rfs/hhw020,Industry Window Dressing,2016
10.1093/rfs/hhw021,Can Changes in the Cost of Carry Explain the Dynamics of Corporate “Cash” Holdings?,2016
10.1093/rfs/hhw022,The Shadow Cost of Bank Capital Requirements,2016
10.1093/rfs/hhw023,The Importance of Trust for Investment: Evidence from Venture Capital,2016
10.1093/rfs/hhw024,Horizon Effects in Average Returns: The Role of Slow Information Diffusion,2016
10.1093/rfs/hhw025,Private Equity and Workers’ Career Paths: The Role of Technological Change,2016
10.1093/rfs/hhw026,Commonality in Liquidity: A Demand-Side Explanation,2016
10.1093/rfs/hhw027,Asset Pricing in the Frequency Domain: Theory and Empirics,2016
10.1093/rfs/hhw028,How Constraining Are Limits to Arbitrage?,2016
10.1093/rfs/hhw029,Commodities as Collateral,2016
10.1093/rfs/hhw030,Law and Finance Matter: Lessons from Externally Imposed Courts,2017
10.1093/rfs/hhw031,Financing from Family and Friends,2016
10.1093/rfs/hhw032,Pre-market Trading and IPO Pricing,2017
10.1093/rfs/hhw033,CEO Investment Cycles,2016
10.1093/rfs/hhw034,The Effect of Negative Equity on Mortgage Default: Evidence From HAMP’s Principal Reduction Alternative,2016
10.1093/rfs/hhw035,The Freedom of Information Act and the Race Toward Information Acquisition,2017
10.1093/rfs/hhw036,Seeking Alpha: Excess Risk Taking and Competition for Managerial Talent,2016
10.1093/rfs/hhw037,The Operational Consequences of Private Equity Buyouts: Evidence from the Restaurant Industry,2016
10.1093/rfs/hhw038,Currency Premia and Global Imbalances,2016
10.1093/rfs/hhw039,Dynamic Debt Maturity,2016
10.1093/rfs/hhw040,Does Credit Crunch Investment Down? New Evidence on the Real Effects of the Bank-Lending Channel,2016
10.1093/rfs/hhw041,Relationship and Transaction Lending in a Crisis,2016
10.1093/rfs/hhw042,Do Debt Contract Enforcement Costs Affect Financing and Asset Structure?,2016
10.1093/rfs/hhw044,Being Surprised by the Unsurprising: Earnings Seasonality and Stock Returns,2017
10.1093/rfs/hhw045,Does Mandatory Shareholder Voting Prevent Bad Acquisitions?,2016
10.1093/rfs/hhw048,The Human Capital That Matters: Expected Returns and High-Income Households,2016
10.1093/rfs/hhw049,Prospect Theory and Stock Returns: An Empirical Test,2016
10.1093/rfs/hhw052,Prime Broker-Level Comovement in Hedge Fund Returns: Information or Contagion?,2016
10.1093/rfs/hhw053,"Loss-Averse Preferences, Performance, and Career Success of Institutional Investors",2016
10.1093/rfs/hhw054,Which Factors Matter to Investors? Evidence from Mutual Fund Flows,2016
10.1093/rfs/hhw055,"Capital-Market Effects of Securities Regulation: Prior Conditions, Implementation, and Enforcement",2016
10.1093/rfs/hhw056,Design of Financial Securities: Empirical Evidence from Private-Label RMBS Deals,2017
10.1093/rfs/hhw057,Revisiting Mutual Fund Portfolio Disclosure,2016
10.1093/rfs/hhw058,"Ownership Structure, Limits to Arbitrage, and Stock Returns: Evidence from Equity Lending Markets",2016
10.1093/rfs/hhw059,Do Firms Engage in Risk-Shifting? Empirical Evidence,2016
10.1093/rfs/hhw060,SRISK: A Conditional Capital Shortfall Measure of Systemic Risk,2017
10.1093/rfs/hhw061,The Real Effects of Uncertainty on Merger Activity,2016
10.1093/rfs/hhw062,Do Institutional Investors Demand Public Disclosure?,2016
10.1093/rfs/hhw063,Peer Pressure: Social Interaction and the Disposition Effect,2016
10.1093/rfs/hhw064,Revealing Shorts An Examination of Large Short Position Disclosures,2016
10.1093/rfs/hhw065,Managerial Rents vs. Shareholder Value in Delegated Portfolio Management: The Case of Closed-End Funds,2016
10.1093/rfs/hhw066,Political Sentiment and Predictable Returns,2016
10.1093/rfs/hhw067,Currency Value,2017
10.1093/rfs/hhw068,The Anatomy of the CDS Market,2017
10.1093/rfs/hhw069,The Real Effects of Lending Relationships on Innovative Firms and Inventor Mobility,2017
10.1093/rfs/hhw070,The Role of Proxy Advisory Firms: Evidence from a Regression-Discontinuity Design,2016
10.1093/rfs/hhw071,"Actual Share Repurchases, Price Efficiency, and the Information Content of Stock Prices",2017
10.1093/rfs/hhw072,Are Stocks Real Assets? Sticky Discount Rates in Stock Markets,2017
10.1093/rfs/hhw073,"Short-Run and Long-Run Consumption Risks, Dividend Processes, and Asset Returns",2017
10.1093/rfs/hhw074,Asset Prices and Risk Sharing in Open Economies,2017
10.1093/rfs/hhw075,What Is the Consumption-CAPM Missing? An Information-Theoretic Framework for the Analysis of Asset Pricing Models,2017
10.1093/rfs/hhw076,Cover,2016
10.1093/rfs/hhw077,Endogenous Leverage and Advantageous Selection in Credit Markets,2017
10.1093/rfs/hhw078,Corporate Policies with Permanent and Transitory Shocks,2017
10.1093/rfs/hhw079,Does Junior Inherit? Refinancing and the Blocking Power of Second Mortgages,2017
10.1093/rfs/hhw080,How Does Risk Management Influence Production Decisions? Evidence from a Field Experiment,2017
10.1093/rfs/hhw081,How Does Personal Bankruptcy Law Affect Startups?,2017
10.1093/rfs/hhw082,Distracted Shareholders and Corporate Actions,2017
10.1093/rfs/hhw083,Differences of Opinion and International Equity Markets,2017
10.1093/rfs/hhw084,Asset Pricing When ‘This Time Is Different’,2017
10.1093/rfs/hhw085,The Dynamics of Market Efficiency,2017
10.1093/rfs/hhw086,Does Aggregated Returns Disclosure Increase Portfolio Risk Taking?,2017
10.1093/rfs/hhw087,The Information Content of a Nonlinear Macro-Finance Model for Commodity Prices,2017
10.1093/rfs/hhw088,Measuring Systemic Risk,2017
10.1093/rfs/hhw089,Retail Short Selling and Stock Prices,2017
10.1093/rfs/hhw090,Inflation Bets on the Long Bond,2017
10.1093/rfs/hhw091,Asymmetries and Portfolio Choice,2017
10.1093/rfs/hhw092,Impact of Financial Leverage on the Incidence and Severity of Product Failures: Evidence from Product Recalls,2017
10.1093/rfs/hhw093,Individual Investor Activity and Performance,2017
10.1093/rfs/hhw094,Erratum,2017
10.1093/rfs/hhw095,Spillovers Inside Conglomerates: Incentives and Capital,2017
10.1093/rfs/hhw096,Bank Capital and Dividend Externalities,2017
10.1093/rfs/hhw097,Mind the Gap: The Difference between U.S. and European Loan Rates,2017
10.1093/rfs/hhw098,Information Choice and Amplification of Financial Crises,2017
10.1093/rfs/hhw099,Global Dollar Credit and Carry Trades: A Firm-Level Analysis,2017
10.1093/rfs/hhw100,A Mind Is a Terrible Thing to Change: Confirmatory Bias in Financial Markets,2017
10.1093/rfs/hhw101,Which Alpha?,2017
10.1093/rfs/hhw102,Aggregation of Information About the Cross Section of Stock Returns: A Latent Variable Approach,2017
10.1093/rfs/hhw103,Toxic Arbitrage,2017
10.1093/rfs/hhw104,Fraudulent Income Overstatement on Mortgage Applications During the Credit Expansion of 2002 to 2005,2017
10.1093/rfs/hhw105,The Effects of Short-Selling Threats on Incentive Contracts: Evidence from an Experiment,2017
10.1093/rfs/hhw106,Financing and New Product Decisions of Private and Publicly Traded Firms,2017
10.1093/rfs/hhw107,Mispricing Factors,2017
10.1093/rfs/hhw108,Bribes and Firm Value,2017
10.1093/rfs/hhw109,"Foreign Cash: Taxes, Internal Capital Markets, and Agency Problems",2017
10.1093/rfs/hhw111,Shaped by Booms and Busts: How the Economy Impacts CEO Careers and Management Styles,2017
10.1093/rfs/hhw112,Size Discovery,2017
10.1093/rfs/hhx001,Fundamental Analysis and the Cross-Section of Stock Returns: A Data-Mining Approach,2017
10.1093/rfs/hhx002,Competition and Ownership Structure of Closely Held Firms,2017
10.1093/rfs/hhx003,Do Professional Norms in the Banking Industry Favor Risk-taking?,2017
10.1093/rfs/hhx004,Market Forces and CEO Pay: Shocks to CEO Demand Induced by IPO Waves,2017
10.1093/rfs/hhx005,An Asset Pricing Approach to Liquidity Effects in Corporate Bond Markets,2017
10.1093/rfs/hhx006,Need for Speed? Exchange Latency and Liquidity,2017
10.1093/rfs/hhx007,Optimal Long-Term Contracting with Learning,2017
10.1093/rfs/hhx008,Extending Industry Specialization through Cross-Border Acquisitions,2017
10.1093/rfs/hhx009,Do Independent Director Departures Predict Future Bad Events?,2017
10.1093/rfs/hhx010,Market Segmentation and Differential Reactions of Local and Foreign Investors to Analyst Recommendations,2017
10.1093/rfs/hhx011,What Determines Entrepreneurial Outcomes in Emerging Markets? The Role of Initial Conditions,2017
10.1093/rfs/hhx012,Where’s the Kink? Disappointment Events in Consumption Growth and Equilibrium Asset Prices,2017
10.1093/rfs/hhx013,Errata,2017
10.1093/rfs/hhx014,Errata,2017
10.1093/rfs/hhx015,Fund Flows and Market States,2017
10.1093/rfs/hhx016,The Causal Effect of Stop-Loss and Take-Gain Orders on the Disposition Effect,2017
10.1093/rfs/hhx017,Errata,2017
10.1093/rfs/hhx018,Equity Vesting and Investment,2017
10.1093/rfs/hhx019,The Characteristics that Provide Independent Information about Average U.S. Monthly Stock Returns,2017
10.1093/rfs/hhx020,Pension Fund Asset Allocation and Liability Discount Rates,2017
10.1093/rfs/hhx021,Deflation Risk,2017
10.1093/rfs/hhx022,On the Demand for High-Beta Stocks: Evidence from Mutual Funds,2017
10.1093/rfs/hhx023,"Intellectual Property Rights Protection, Ownership, and Innovation: Evidence from China",2017
10.1093/rfs/hhx024,Loan Sales and Bank Liquidity Management: Evidence from a U.S. Credit Register,2017
10.1093/rfs/hhx025,Do Takeover Defense Indices Measure Takeover Deterrence?,2017
10.1093/rfs/hhx026,Housing Demand During the Boom: The Role of Expectations and Credit Constraints,2017
10.1093/rfs/hhx027,"Bid-Ask Spreads, Trading Networks, and the Pricing of Securitizations",2017
10.1093/rfs/hhx028,Product Market Competition in a World of Cross-Ownership: Evidence from Institutional Blockholdings,2017
10.1093/rfs/hhx029,The Political Economy of Financial Innovation: Evidence from Local Governments,2017
10.1093/rfs/hhx030,Do Managers Give Hometown Labor an Edge?,2017
10.1093/rfs/hhx031,It Depends on Where You Search: Institutional Investor Attention and Underreaction to News,2017
10.1093/rfs/hhx032,Within-Firm Pay Inequality,2017
10.1093/rfs/hhx033,Product Market Competition and Industry Returns,2017
10.1093/rfs/hhx034,Rational Opacity,2017
10.1093/rfs/hhx035,What Drives Racial and Ethnic Differences in High-Cost Mortgages? The Role of High-Risk Lenders,2018
10.1093/rfs/hhx036,The Strategic Underreporting of Bank Risk,2017
10.1093/rfs/hhx037,Tax Rates and Corporate Decision-making,2017
10.1093/rfs/hhx038,Small Bank Comparative Advantages in Alleviating Financial Constraints and Providing Liquidity Insurance over Time,2017
10.1093/rfs/hhx039,Bond Market Exposures to Macroeconomic and Monetary Policy Risks,2017
10.1093/rfs/hhx040,Gender and Connections among Wall Street Analysts,2017
10.1093/rfs/hhx041,Taxation and Dividend Policy: The Muting Effect of Agency Issues and Shareholder Conflicts,2017
10.1093/rfs/hhx042,Rolling Mental Accounts,2018
10.1093/rfs/hhx043,Mortgages and Monetary Policy,2017
10.1093/rfs/hhx044,"Nothing Special About Banks: Competition and Bank Lending in Britain, 1885–1925",2017
10.1093/rfs/hhx045,Cash Holdings and Labor Heterogeneity: The Role of Skilled Labor,2017
10.1093/rfs/hhx046,Does a CEO’s Cultural Heritage Affect Performance under Competitive Pressure?,2018
10.1093/rfs/hhx047,External Habit in a Production Economy: A Model of Asset Prices and Consumption Volatility Risk,2017
10.1093/rfs/hhx048,Returns to Hedge Fund Activism: An International Study,2017
10.1093/rfs/hhx049,The Economic Effects of Public Financing: Evidence from Municipal Bond Ratings Recalibration,2017
10.1093/rfs/hhx050,Information Sharing and Rating Manipulation,2017
10.1093/rfs/hhx051,Risk Management with Supply Contracts,2017
10.1093/rfs/hhx052,Nonlinear Shrinkage of the Covariance Matrix for Portfolio Selection: Markowitz Meets Goldilocks,2017
10.1093/rfs/hhx053,When Are Modifications of Securitized Loans Beneficial to Investors?,2017
10.1093/rfs/hhx054,How Excessive Is Banks’ Maturity Transformation?,2017
10.1093/rfs/hhx055,Who Captures the Power of the Pen?,2018
10.1093/rfs/hhx056,Credit-Induced Boom and Bust,2017
10.1093/rfs/hhx057,Open-End Organizational Structures and Limits to Arbitrage,2018
10.1093/rfs/hhx058,Trust Busting: The Effect of Fraud on Investor Behavior,2018
10.1093/rfs/hhx059,Speculation and the Term Structure of Interest Rates,2017
10.1093/rfs/hhx060,Global Relation between Financial Distress and Equity Returns,2018
10.1093/rfs/hhx061,Getting the Incentives Right: Backfilling and Biases in Executive Compensation Data,2018
10.1093/rfs/hhx062,Risk-Based Capital Requirements for Banks and International Trade,2017
10.1093/rfs/hhx063,The Effects of Quantitative Easing on Bank Lending Behavior,2017
10.1093/rfs/hhx064,Industry Tournament Incentives,2018
10.1093/rfs/hhx065,International Corporate Diversification and Financial Flexibility,2017
10.1093/rfs/hhx066,OUP accepted manuscript,
10.1093/rfs/hhx067,"Contingent Capital, Tail Risk, and Debt-Induced Collapse",2017
10.1093/rfs/hhx068,"Authority, Consensus, and Governance",2017
10.1093/rfs/hhx069,Does Hedging Affect Firm Value? Evidence from a Natural Experiment,2017
10.1093/rfs/hhx070,Labor-Force Heterogeneity and Asset Prices: The Importance of Skilled Labor,2017
10.1093/rfs/hhx071,How Management Risk Affects Corporate Debt,2018
10.1093/rfs/hhx072,Price Impact or Trading Volume: Why Is the Amihud (2002) Measure Priced?,2017
10.1093/rfs/hhx073,The Economic Effects of a Borrower Bailout: Evidence from an Emerging Market,2018
10.1093/rfs/hhx074,Government Intervention and Arbitrage,2018
10.1093/rfs/hhx075,Cross-Subsidization in Institutional Asset Management Firms,2018
10.1093/rfs/hhx076,Corrigendum,2017
10.1093/rfs/hhx077,Risk Sharing and Contagion in Networks,2017
10.1093/rfs/hhx078,Do Director Elections Matter?,2018
10.1093/rfs/hhx079,Are Stocks Riskier over the Long Run? Taking Cues from Economic Theory,2018
10.1093/rfs/hhx080,Estimating and Testing Dynamic Corporate Finance Models,2018
10.1093/rfs/hhx081,"The Dynamics of Investment, Payout and Debt",2017
10.1093/rfs/hhx082,"De Facto Seniority, Credit Risk, and Corporate Bond Prices",2017
10.1093/rfs/hhx083,Distributional Implications of Government Guarantees in Mortgage Markets,2018
10.1093/rfs/hhx084,"A Simple Estimation of Bid-Ask Spreads from Daily Close, High, and Low Prices",2017
10.1093/rfs/hhx085,Manipulation in the VIX?,2018
10.1093/rfs/hhx086,The Power of the Street: Evidence from Egypt’s Arab Spring,2018
10.1093/rfs/hhx087,"Foreign Direct Investment, Trade Credit, and Transmission of Global Liquidity Shocks: Evidence from Chinese Manufacturing Firms",2018
10.1093/rfs/hhx088,"Managerial Short-Termism, Turnover Policy, and the Dynamics of Incentives",2018
10.1093/rfs/hhx089,The Factor Structure in Equity Options,2018
10.1093/rfs/hhx090,Erratum,2017
10.1093/rfs/hhx091,The Historical Slave Trade and Firm Access to Finance in Africa,2018
10.1093/rfs/hhx092,Inflexibility and Stock Returns,2018
10.1093/rfs/hhx093,Optimal Capital Structure and Investment with Real Options and Endogenous Debt Costs,2018
10.1093/rfs/hhx094,Credit Ratings and the Cost of Municipal Financing,2018
10.1093/rfs/hhx095,Pricing Kernel Monotonicity and Conditional Information,2018
10.1093/rfs/hhx096,Robust Bond Risk Premia,2018
10.1093/rfs/hhx097,Mortgage Loan Flow Networks and Financial Norms,2018
10.1093/rfs/hhx098,Forecasting through the Rearview Mirror: Data Revisions and Bond Return Predictability,2018
10.1093/rfs/hhx099,Structural GARCH: The Volatility-Leverage Connection,2018
10.1093/rfs/hhx100,Decentralized Privatization and Change of Control Rights in China,2018
10.1093/rfs/hhx101,"Innovative Originality, Profitability, and Stock Returns",2018
10.1093/rfs/hhx102,The Twilight Zone: OTC Regulatory Regimes and Market Quality,2018
10.1093/rfs/hhx103,The Effects of Business Accelerators on Venture Performance: Evidence from Start-Up Chile,2018
10.1093/rfs/hhx104,Employment and Wage Insurance within Firms: Worldwide Evidence,2018
10.1093/rfs/hhx105,Are Mutual Fund Managers Paid for Investment Skill?,2018
10.1093/rfs/hhx106,Financial Frictions and the Stock Price Reaction to Monetary Policy,
10.1093/rfs/hhx107,Quantifying Liquidity and Default Risks of Corporate Bonds over the Business Cycle,2018
10.1093/rfs/hhx108,A Recovery that We Can Trust? Deducing and Testing the Restrictions of the Recovery Theorem,2018
10.1093/rfs/hhx109,Why Does Fast Loan Growth Predict Poor Performance for Banks?,2018
10.1093/rfs/hhx110,Erratum,2017
10.1093/rfs/hhx111,"Debt Priority Structure, Market Discipline, and Bank Conduct",2018
10.1093/rfs/hhx112,Does a Larger Menu Increase Appetite? Collateral Eligibility and Credit Supply,2018
10.1093/rfs/hhx113,Illiquidity Premia in the Equity Options Market,2018
10.1093/rfs/hhx114,"Unsecured Credit Supply, Credit Cycles, and Regulation",2018
10.1093/rfs/hhx115,"Can’t Pay or Won’t Pay? Unemployment, Negative Equity, and Strategic Default",2018
10.1093/rfs/hhx116,Kicking Maturity Down the Road: Early Refinancing and Maturity Management in the Corporate Bond Market,2018
10.1093/rfs/hhx117,Bankruptcy and the Cost of Organized Labor: Evidence from Union Elections,2018
10.1093/rfs/hhx118,Decomposing Value,
10.1093/rfs/hhx119,What’s behind Smooth Dividends? Evidence from Structural Estimation,2018
10.1093/rfs/hhx120,Implications of Incomplete Markets for International Economies,2018
10.1093/rfs/hhx121,Corrigendum,2018
10.1093/rfs/hhx122,Corporate Tax Havens and Transparency,2018
10.1093/rfs/hhx123,How Does Financial Reporting Regulation Affect Firms’ Banking?,2018
10.1093/rfs/hhx124,Corrigendum,2018
10.1093/rfs/hhx125,Mutual Fund Transparency and Corporate Myopia,2018
10.1093/rfs/hhx126,The Timing and Method of Payment in Mergers when Acquirers Are Financially Constrained,2018
10.1093/rfs/hhx127,"Mutual Fund Competition, Managerial Skill, and Alpha Persistence",2018
10.1093/rfs/hhx129,"Product Market Competition Shocks, Firm Performance, and Forced CEO Turnover",2018
10.1093/rfs/hhx130,Founder Replacement and Startup Performance,2018
10.1093/rfs/hhx131,Cross-Sectional and Time-Series Tests of Return Predictability: What Is the Difference?,2018
10.1093/rfs/hhx132,Reaching for Yield in Corporate Bond Mutual Funds,2018
10.1093/rfs/hhx133,Identifying Information Asymmetry in Securities Markets,2018
10.1093/rfs/hhx134,Spillovers from Costly Credit,2018
10.1093/rfs/hhx135,Home Bias Abroad: Domestic Industries and Foreign Portfolio Choice,2018
10.1093/rfs/hhx136,The Costs of Sovereign Default: Evidence from the Stock Market,2018
10.1093/rfs/hhx137,Does Algorithmic Trading Reduce Information Acquisition?,2018
10.1093/rfs/hhx138,Managing the Family Firm: Evidence from CEOs at Work,2018
10.1093/rfs/hhx139,Extrapolation Bias and the Predictability of Stock Returns by Price-Scaled Variables,2018
10.1093/rfs/hhx140,Macroeconomic-Driven Prepayment Risk and the Valuation of Mortgage-Backed Securities,2018
10.1093/rfs/hhx141,Monetary Policy Implementation and Financial Vulnerability: Evidence from the Overnight Reverse Repurchase Facility,2018
10.1093/rfs/hhx142,Shareholder-Creditor Conflict and Payout Policy: Evidence from Mergers between Lenders and Shareholders,2018
10.1093/rfs/hhx143,Market and Regional Segmentation and Risk Premia in the First Era of Financial Globalization,2018
10.1093/rfs/hhx144,The Competitive Landscape of High-Frequency Trading Firms,2018
10.1093/rfs/hhx145,Mortgage Supply and Housing Rents,2018
10.1093/rfs/hhx146,Erratum,2018
10.1093/rfs/hhx147,Corporate Deleveraging and Financial Flexibility,2018
10.1093/rfs/hhy001,Contagious Effects of a Political Intervention in Debt Contracts: Evidence Using Loan-Level Data,2018
10.1093/rfs/hhy002,Why Trading Speed Matters: A Tale of Queue Rationing under Price Controls,2018
10.1093/rfs/hhy003,"Banks, Firms, and Jobs",2018
10.1093/rfs/hhy004,"Demand for Crash Insurance, Intermediary Constraints, and Risk Premia in Financial Markets",2019
10.1093/rfs/hhy005,High-Frequency Measures of Informed Trading and Corporate Announcements,2018
10.1093/rfs/hhy006,The Labor Market Effects of Credit Market Information,2018
10.1093/rfs/hhy007,Are Financial Constraints Priced? Evidence from Textual Analysis,2018
10.1093/rfs/hhy008,"Risk, Unemployment, and the Stock Market: A Rare-Event-Based Explanation of Labor Market Volatility",2018
10.1093/rfs/hhy009,Winning by Losing: Evidence on the Long-run Effects of Mergers,2018
10.1093/rfs/hhy010,Family Descent as a Signal of Managerial Quality: Evidence from Mutual Funds,2018
10.1093/rfs/hhy011,Destabilizing Financial Advice: Evidence from Pension Fund Reallocations,2018
10.1093/rfs/hhy012,Trade-Time Measures of Liquidity,2019
10.1093/rfs/hhy013,The Information Content of Realized Losses,2018
10.1093/rfs/hhy014,Detecting Repeatable Performance,2018
10.1093/rfs/hhy015,News Shocks and the Production-Based Term Structure of Equity Returns,2018
10.1093/rfs/hhy016,Corrigendum,2018
10.1093/rfs/hhy017,The Retention Effects of Unvested Equity: Evidence from Accelerated Option Vesting,2018
10.1093/rfs/hhy018,Agency Conflicts around the World,2018
10.1093/rfs/hhy019,The Investment Value of Fund Managers’ Experience outside the Financial Sector,2018
10.1093/rfs/hhy020,Active Fundamental Performance,2018
10.1093/rfs/hhy021,Safe Haven CDS Premiums,2018
10.1093/rfs/hhy022,Notes on Bonds: Illiquidity Feedback During the Financial Crisis,2018
10.1093/rfs/hhy023,Lending Standards over the Credit Cycle,2018
10.1093/rfs/hhy024,Screening on Loan Terms: Evidence from Maturity Choice in Consumer Credit,2018
10.1093/rfs/hhy025,Rent Seeking by Low-Latency Traders: Evidence from Trading on Macroeconomic Announcements,2018
10.1093/rfs/hhy026,"Capital Inflows, Sovereign Debt and Bank Lending: Micro-Evidence from an Emerging Market",2018
10.1093/rfs/hhy027,Do Hedge Funds Exploit Rare Disaster Concerns?,2018
10.1093/rfs/hhy028,Banks’ Incentives and Inconsistent Risk Models,2018
10.1093/rfs/hhy029,Skewness Consequences of Seeking Alpha,2018
10.1093/rfs/hhy030,The History of the Cross-Section of Stock Returns,2018
10.1093/rfs/hhy031,The Relevance of Credit Ratings in Transparent Bond Markets,2019
10.1093/rfs/hhy032,The Myth of the Credit Spread Puzzle,
10.1093/rfs/hhy033,Housing Price Booms and Crowding-Out Effects in Bank Lending,2018
10.1093/rfs/hhy034,"When Transparency Improves, Must Prices Reflect Fundamentals Better?",2018
10.1093/rfs/hhy035,Erratum,2018
10.1093/rfs/hhy036,Quantifying Sentiment with News Media across Local Housing Markets,2018
10.1093/rfs/hhy037,Characteristic-Based Benchmark Returns and Corporate Events,2019
10.1093/rfs/hhy038,Got Rejected? Real Effects of<i>Not</i>Getting a Loan,2018
10.1093/rfs/hhy039,Interest Rate Risk Management in Uncertain Times,2018
10.1093/rfs/hhy040,Can People Learn about ‘Black Swans’? Experimental Evidence,2018
10.1093/rfs/hhy041,Risk Everywhere: Modeling and Managing Volatility,2018
10.1093/rfs/hhy042,"Long Forward Probabilities, Recovery, and the Term Structure of Bond Risk Premiums",2018
10.1093/rfs/hhy043,Corrigendum,2018
10.1093/rfs/hhy044,Corrigendum,2018
10.1093/rfs/hhy045,Real Effects of the Sovereign Debt Crisis in Europe: Evidence from Syndicated Loans,2018
10.1093/rfs/hhy046,Financial Advice and Bank Profits,2018
10.1093/rfs/hhy047,Comparables Pricing,2019
10.1093/rfs/hhy048,Asset Price Dynamics in Partially Segmented Markets,2018
10.1093/rfs/hhy049,Learning from History: Volatility and Financial Crises,2018
10.1093/rfs/hhy050,Does It Pay to Pay Attention?,2018
10.1093/rfs/hhy051,Short-Rate Expectations and Unexpected Returns in Treasury Bonds,2018
10.1093/rfs/hhy052,Banks Response to Higher Capital Requirements: Evidence from a Quasi-Natural Experiment,2019
10.1093/rfs/hhy053,International Corporate Governance Spillovers: Evidence from Cross-Border Mergers and Acquisitions,2019
10.1093/rfs/hhy054,Heterogeneity in Target Date Funds: Strategic Risk-taking or Risk Matching?,2019
10.1093/rfs/hhy055,The Liquid Hand-to-Mouth: Evidence from Personal Finance Management Software,2018
10.1093/rfs/hhy056,Corrigendum,2018
10.1093/rfs/hhy057,Revealing Downturns,2019
10.1093/rfs/hhy058,Hostile Resistance to Hedge Fund Activism,2019
10.1093/rfs/hhy059,Trading Regularity and Fund Performance,2019
10.1093/rfs/hhy060,Option Pricing of Earnings Announcement Risks,2019
10.1093/rfs/hhy061,What’s the Catch? Suspicion of Bank Motives and Sluggish Refinancing,2019
10.1093/rfs/hhy062,The VIX Premium,2019
10.1093/rfs/hhy063,Grown-up Business Cycles,2019
10.1093/rfs/hhy064,Inventory Behavior and Financial Constraints: Theory and Evidence,2019
10.1093/rfs/hhy065,Vote Avoidance and Shareholder Voting in Mergers and Acquisitions,2018
10.1093/rfs/hhy066,Macroeconomic Risk and Idiosyncratic Risk-taking,2019
10.1093/rfs/hhy067,"Exploration Activity, Long-run Decisions, and the Risk Premium in Energy Futures",2019
10.1093/rfs/hhy068,Investing for Impact,2019
10.1093/rfs/hhy069,Credit Supply and the Rise in College Tuition: Evidence from the Expansion in Federal Student Aid Programs,
10.1093/rfs/hhy070,Strategic News Releases in Equity Vesting Months,2018
10.1093/rfs/hhy071,How Organizational Hierarchy Affects Information Production,2019
10.1093/rfs/hhy072,Informed Trading by Advisor Banks: Evidence from Options Holdings,2019
10.1093/rfs/hhy073,Why Discrete Price Fragments U.S. Stock Exchanges and Disperses Their Fee Structures,2019
10.1093/rfs/hhy074,Riding the Bubble with Convex Incentives,2019
10.1093/rfs/hhy075,The Evolution of Corporate Cash,2018
10.1093/rfs/hhy076,Erratum,2018
10.1093/rfs/hhy077,"Corporate Strategy, Conformism, and the Stock Market",2019
10.1093/rfs/hhy078,Private Equity and Financial Fragility during the Crisis,2019
10.1093/rfs/hhy079,High-Frequency Market Making to Large Institutional Trades,2019
10.1093/rfs/hhy080,The Cost of Immediacy for Corporate Bonds,
10.1093/rfs/hhy081,Big Data as a Governance Mechanism,2019
10.1093/rfs/hhy082,Birds of a Feather: The Impact of Homophily on the Propensity to Follow Financial Advice,
10.1093/rfs/hhy083,"Information, Trading, and Volatility: Evidence from Firm-Specific News",2019
10.1093/rfs/hhy084,Financing Entrepreneurial Production: Security Design with Flexible Information Acquisition,2019
10.1093/rfs/hhy085,Cyclical Dispersion in Expected Defaults,2019
10.1093/rfs/hhy086,"Social Risk, Fiscal Risk, and the Portfolio of Government Programs",2019
10.1093/rfs/hhy087,Estimating the Value of Information,2019
10.1093/rfs/hhy088,Is Silence Golden? Real Effects of Mandatory Disclosure,2019
10.1093/rfs/hhy089,Limited Stock Market Participation Among Renters and Homeowners,2019
10.1093/rfs/hhy090,How Do Payday Loans Affect Borrowers? Evidence from the U.K. Market,
10.1093/rfs/hhy091,Ratings-Based Regulation and Systematic Risk Incentives,2019
10.1093/rfs/hhy092,Contingent Convertibles with Stock Price Triggers: The Case of Perpetuities,2019
10.1093/rfs/hhy093,A Protocol for Factor Identification,2019
10.1093/rfs/hhy094,Anticollusion Enforcement: Justice for Consumers and Equity for Firms,2019
10.1093/rfs/hhy095,The Blockchain Folk Theorem,2019
10.1093/rfs/hhy096,Do Shocks to Personal Wealth Affect Risk-taking in Delegated Portfolios?,2019
10.1093/rfs/hhy097,Arbitrage Trading: The Long and the Short of It,2019
10.1093/rfs/hhy098,Financial Sector Stress and Risk Sharing: Evidence from the Weather Derivatives Market,2019
10.1093/rfs/hhy099,Firm Financing over the Business Cycle,2019
10.1093/rfs/hhy100,Marketplace Lending: A New Banking Paradigm?,2019
10.1093/rfs/hhy101,"Analyst Career Concerns, Effort Allocation, and Firms’ Information Environment",2019
10.1093/rfs/hhy102,Freeze-Out Mergers,2019
10.1093/rfs/hhy103,Institutional Investors and Information Acquisition: Implications for Asset Prices and Informational Efficiency,2019
10.1093/rfs/hhy104,"Resurrecting the Size Effect: Firm Size, Profitability Shocks, and Expected Stock Returns",2019
10.1093/rfs/hhy105,Approaching Mean-Variance Efficiency for Large Portfolios,2019
10.1093/rfs/hhy106,Standing on the Shoulders of Giants: The Effect of Passive Investors on Activism,2019
10.1093/rfs/hhy107,"Asset Encumbrance, Bank Funding, and Fragility",2019
10.1093/rfs/hhy108,Governance Under Common Ownership,2019
10.1093/rfs/hhy109,Unleashing Animal Spirits: Self-Control and Overpricing in Experimental Asset Markets,2019
10.1093/rfs/hhy110,"Information Sharing, Holdup, and External Finance: Evidence from Private Firms",2019
10.1093/rfs/hhy111,Low Interest Rates and Risk-Taking: Evidence from Individual Investment Decisions,2019
10.1093/rfs/hhy112,External Governance and Debt Structure,2019
10.1093/rfs/hhy113,Who Bears Interest Rate Risk?,2019
10.1093/rfs/hhy114,The Agglomeration of Bankruptcy,2019
10.1093/rfs/hhy115,Noisy Stock Prices and Corporate Investment,2019
10.1093/rfs/hhy116,Multinational Banks and Supranational Supervision,2019
10.1093/rfs/hhy117,Mortgage Dollar Roll,2019
10.1093/rfs/hhy118,Does Smooth Ambiguity Matter for Asset Pricing?,
10.1093/rfs/hhy119,Soft Shareholder Activism,2019
10.1093/rfs/hhy120,The Effects of Losing a Business Group Affiliation,2019
10.1093/rfs/hhy121,Asset Pricing with Persistence Risk,
10.1093/rfs/hhy122,Blockchain-Based Settlement for Asset Trading,2019
10.1093/rfs/hhy123,Bank Resolution and the Structure of Global Banks,2019
10.1093/rfs/hhy124,Repatriation Taxes and Foreign Cash Holdings: The Impact of Anticipated Tax Reform,2019
10.1093/rfs/hhy125,Opportunistic Proposals by Union Shareholders,2019
10.1093/rfs/hhy126,How Close Are Close Shareholder Votes?,2019
10.1093/rfs/hhy127,"Cumulative Prospect Theory, Option Returns, and the Variance Premium",2019
10.1093/rfs/hhy128,"External Equity Financing Shocks, Financial Flows, and Asset Prices",2019
10.1093/rfs/hhy129,The Economic Impact of Index Investing,2019
10.1093/rfs/hhy130,How Valuable Is FinTech Innovation?,2019
10.1093/rfs/hhy131,Replicating Anomalies,2020
10.1093/rfs/hhy132,Consumption Taxes and Corporate Investment,2019
10.1093/rfs/hhy133,Measuring Tail Risks at High Frequency,2019
10.1093/rfs/hhy134,Stock Volatility and the Great Depression,2019
10.1093/rfs/hhy135,Shock Propagation and Banking Structure,2019
10.1093/rfs/hhy136,Teachers Teaching Teachers: The Role of Workplace Peer Effects in Financial Decisions,2019
10.1093/rfs/hhy137,Peer-to-Peer Lenders Versus Banks: Substitutes or Complements?,2019
10.1093/rfs/hhz001,"Bank Capital, Borrower Power, and Loan Rates",2019
10.1093/rfs/hhz002,Interfund Lending in Mutual Fund Families: Role in Liquidity Management,2019
10.1093/rfs/hhz003,Understanding the Rise in Corporate Cash: Precautionary Savings or Foreign Taxes,2019
10.1093/rfs/hhz004,Understanding Mortgage Spreads,2019
10.1093/rfs/hhz005,Whatever It Takes: The Real Effects of Unconventional Monetary Policy,2019
10.1093/rfs/hhz006,Matching in Housing Markets: The Role of Ethnic Social Networks,2019
10.1093/rfs/hhz007,Blockchain Disruption and Smart Contracts,2019
10.1093/rfs/hhz008,Credit Allocation Under Economic Stimulus: Evidence from China,2019
10.1093/rfs/hhz009,The Persistence of Financial Distress,2019
10.1093/rfs/hhz010,Noncognitive Abilities and Financial Distress: Evidence from a Representative Household Panel,2019
10.1093/rfs/hhz011,The Supply Side of Household Finance,
10.1093/rfs/hhz012,Returns to Talent and the Finance Wage Premium,2019
10.1093/rfs/hhz013,Financial Markets with Trade on Risk and Return,2019
10.1093/rfs/hhz014,The Promises and Pitfalls of Robo-Advising,2019
10.1093/rfs/hhz015,"Sex, Drugs, and Bitcoin: How Much Illegal Activity Is Financed through Cryptocurrencies?",2019
10.1093/rfs/hhz016,Life below Zero: Bank Lending under Negative Policy Rates,2019
10.1093/rfs/hhz017,The Value of Offshore Secrets: Evidence from the Panama Papers,2019
10.1093/rfs/hhz018,The Role of Technology in Mortgage Lending,2019
10.1093/rfs/hhz019,The Bright Side of Fire Sales,2019
10.1093/rfs/hhz020,"Private Contracting, Law and Finance",2019
10.1093/rfs/hhz021,Corporate Investment and Innovation in the Presence of Competitor Constraints,2019
10.1093/rfs/hhz022,"Blockholder Heterogeneity, Multiple Blocks, and the Dance between Blockholders",2019
10.1093/rfs/hhz023,Dynamic Interpretation of Emerging Risks in the Financial Sector,2019
10.1093/rfs/hhz024,The Fix Is In: Properly Backing out Backfill Bias,2019
10.1093/rfs/hhz025,To FinTech and Beyond,2019
10.1093/rfs/hhz026,A Theory of Multiperiod Debt Structure,2019
10.1093/rfs/hhz027,Product Market Competition and Option Prices,2019
10.1093/rfs/hhz028,Incentive Pay and Systemic Risk,2019
10.1093/rfs/hhz029,Chasing Private Information,2019
10.1093/rfs/hhz030,Negative Swap Spreads and Limited Arbitrage,2020
10.1093/rfs/hhz031,Venture Capital and the Macroeconomy,2019
10.1093/rfs/hhz033,Erratum,2019
10.1093/rfs/hhz034,Shareholder Wealth Consequences of Insider Pledging of Company Stock as Collateral for Personal Loans,2019
10.1093/rfs/hhz035,Cancellable Insider Trading Plans: An Analysis of SEC Rule 10b5-1*,2019
10.1093/rfs/hhz036,Are the Largest Banks Valued More Highly?,2019
10.1093/rfs/hhz037,The Distortive Effects of Too Big To Fail: Evidence from the Danish Market for Retail Deposits,2019
10.1093/rfs/hhz038,Investor Protection and Asset Prices,2019
10.1093/rfs/hhz039,Auto Credit and the 2005 Bankruptcy Reform: The Impact of Eliminating Cramdowns,2019
10.1093/rfs/hhz040,Liquidity Provision Contracts and Market Quality: Evidence from the New York Stock Exchange,2020
10.1093/rfs/hhz041,Socioeconomic Status and Macroeconomic Expectations,2020
10.1093/rfs/hhz042,The Life Cycle of Corporate Venture Capital,2020
10.1093/rfs/hhz043,Idiosyncratic Jump Risk Matters: Evidence from Equity Returns and Options,2020
10.1093/rfs/hhz044,Strategic Liquidity Mismatch and Financial Sector Stability,2019
10.1093/rfs/hhz045,Priority Spreading of Corporate Debt,2020
10.1093/rfs/hhz046,"Bank-Branch Supply, Financial Inclusion, and Wealth Accumulation",2019
10.1093/rfs/hhz047,Peers’ Income and Financial Distress: Evidence from Lottery Winners and Neighboring Bankruptcies,2020
10.1093/rfs/hhz048,Resiliency and Stock Returns,2020
10.1093/rfs/hhz049,On the Asset Market View of Exchange Rates,2020
10.1093/rfs/hhz050,Owners’ Portfolio Diversification and Firm Investment,2019
10.1093/rfs/hhz051,Investment Timing and Incentive Costs*,2020
10.1093/rfs/hhz052,Cross-Listings and the Dynamics between Credit and Equity Returns,2020
10.1093/rfs/hhz053,On the Effects of Restricting Short-Term Investment,2020
10.1093/rfs/hhz054,Dash for Cash: Monthly Market Impact of Institutional Liquidity Needs,2020
10.1093/rfs/hhz055,Flights to Safety,2020
10.1093/rfs/hhz056,Banks’ Balance Sheets and Liquidation Values: Evidence from Real Estate Collateral,2020
10.1093/rfs/hhz057,Symmetry in Pay for Luck,2020
10.1093/rfs/hhz058,Dynamic Asset Sales with a Feedback Effect,2020
10.1093/rfs/hhz059,Government as Customer of Last Resort: The Stabilizing Effects of Government Purchases on Firms,2020
10.1093/rfs/hhz060,The Limits of Lending? Banks and Technology Adoption across Russia,2020
10.1093/rfs/hhz061,Over-the-Counter versus Limit-Order Markets: The Role of Traders’ Expertise,2020
10.1093/rfs/hhz062,Career Risk and Market Discipline in Asset Management,2020
10.1093/rfs/hhz063,Financial Frictions and the Great Productivity Slowdown,2020
10.1093/rfs/hhz064,Testing Beta-Pricing Models Using Large Cross-Sections,2020
10.1093/rfs/hhz065,Corrigendum,2020
10.1093/rfs/hhz066,"Employment Protection, Investment, and Firm Growth",2020
10.1093/rfs/hhz067,Do Financial Regulations Shape the Functioning of Financial Institutions’ Risk Management in Asset-Backed Securities Investment?,2020
10.1093/rfs/hhz068,How Much Do Directors Influence Firm Value?,2020
10.1093/rfs/hhz069,Short- and Long-Horizon Behavioral Factors,2020
10.1093/rfs/hhz070,Back-Running: Seeking and Hiding Fundamental Information in Order Flows*,2020
10.1093/rfs/hhz071,Investor Information Acquisition and Money Market Fund Risk Rebalancing during the 2011–2012 Eurozone Crisis*,2020
10.1093/rfs/hhz072,Hedging Climate Change News,2020
10.1093/rfs/hhz073,Does Climate Change Affect Real Estate Prices? Only If You Believe In It,2020
10.1093/rfs/hhz074,Financial Illiteracy and Pension Contributions: A Field Experiment on Compound Interest in China,
10.1093/rfs/hhz075,A Bound on Expected Stock Returns,2020
10.1093/rfs/hhz076,Financial Literacy Externalities,
10.1093/rfs/hhz077,Peer Financial Distress and Individual Leverage,2020
10.1093/rfs/hhz078,Bank Deposits and the Stock Market,2020
10.1093/rfs/hhz079,Corporate Governance and Pollution Externalities of Public and Private Firms*,2020
10.1093/rfs/hhz080,Do CEOs Affect Employees’ Political Choices?,2020
10.1093/rfs/hhz081,Why Does an IPO Affect Rival Firms?,2020
10.1093/rfs/hhz082,"Ambiguity, Volatility, and Credit Risk",2020
10.1093/rfs/hhz083,Contracting on Credit Ratings: Adding Value to Public Information,2020
10.1093/rfs/hhz084,The Strategic Effects of Trademark Protection,2020
10.1093/rfs/hhz085,A Transaction-Cost Perspective on the Multitude of Firm Characteristics,2020
10.1093/rfs/hhz086,Attention to Global Warming,2020
10.1093/rfs/hhz087,Global Political Uncertainty and Asset Prices,2020
10.1093/rfs/hhz088,"Order Cancellations, Fees, and Execution Quality in U.S. Equity Options",2020
10.1093/rfs/hhz089,Comparing Cross-Section and Time-Series Factor Models,2020
10.1093/rfs/hhz090,Political Investment Cycles of State-Owned Enterprises,2020
10.1093/rfs/hhz091,"Aggregation, Capital Heterogeneity, and the Investment CAPM",2020
10.1093/rfs/hhz092,Real Option Exercise: Empirical Evidence,2020
10.1093/rfs/hhz093,Bubbles and Financial Professionals,2020
10.1093/rfs/hhz094,Core and ‘Crust’: Consumer Prices and the Term Structure of Interest Rates,2020
10.1093/rfs/hhz095,Impediments to Financial Trade: Theory and Applications,2020
10.1093/rfs/hhz096,Asymmetric or Incomplete Information about Asset Values?,2020
10.1093/rfs/hhz097,The Value of Green Energy: Optimal Investment in Mutually Exclusive Projects and Operating Leverage,2020
10.1093/rfs/hhz098,Uncertainty and Economic Activity: A Multicountry Perspective,2020
10.1093/rfs/hhz099,On the Rise of FinTechs: Credit Scoring Using Digital Footprints,2020
10.1093/rfs/hhz100,Informing the Market: The Effect of Modern Information Technologies on Information Production,2020
10.1093/rfs/hhz101,Cheap Talk and Strategic Rounding in LIBOR Submissions,2020
10.1093/rfs/hhz102,"Politics, State Ownership, and Corporate Investments",2020
10.1093/rfs/hhz103,Gravity in the Exchange Rate Factor Structure,2020
10.1093/rfs/hhz104,Shareholder Governance and CEO Compensation: The Peer Effects of Say on Pay,2020
10.1093/rfs/hhz105,Macroeconomic Tail Risks and Asset Prices,2020
10.1093/rfs/hhz106,Innovation Activities and Integration through Vertical Acquisitions,2020
10.1093/rfs/hhz107,Measuring Sovereign Bond Market Integration,2020
10.1093/rfs/hhz108,Symmetric and Asymmetric Market Betas and Downside Risk,2020
10.1093/rfs/hhz109,The Cultural Origin of CEOs’ Attitudes toward Uncertainty: Evidence from Corporate Acquisitions,2020
10.1093/rfs/hhz110,Destructive Creation at Work: How Financial Distress Spurs Entrepreneurship,2020
10.1093/rfs/hhz111,Mutual Funding,2020
10.1093/rfs/hhz112,Monetary Transmission through Shadow Banks,2020
10.1093/rfs/hhz113,SFS Statement,2020
10.1093/rfs/hhz115,Risk Management Failures,2020
10.1093/rfs/hhz116,Transparency and Talent Allocation in Money Management,2020
10.1093/rfs/hhz117,Bank Regulation under Fire Sale Externalities,2020
10.1093/rfs/hhz118,Corrigendum,2020
10.1093/rfs/hhz119,Erratum,
10.1093/rfs/hhz120,Stock Market Rumors and Credibility,2020
10.1093/rfs/hhz121,The Equity Premium and the One Percent,2020
10.1093/rfs/hhz122,Time-Varying Risk Premium and Unemployment Risk across Age Groups,2020
10.1093/rfs/hhz123,Dissecting Characteristics Nonparametrically,2020
10.1093/rfs/hhz124,Why Do Firms Hold Cash? Evidence from Demographic Demand Shifts,2020
10.1093/rfs/hhz125,Banks’ Risk Dynamics and Distance to Default,2020
10.1093/rfs/hhz126,Temperature Shocks and Establishment Sales,2020
10.1093/rfs/hhz127,History-Dependent Risk Preferences: Evidence from Individual Choices and Implications for the Disposition Effect,2020
10.1093/rfs/hhz128,Equity Price Discovery with Informed Private Debt,2020
10.1093/rfs/hhz129,When Investor Incentives and Consumer Interests Diverge: Private Equity in Higher Education,2020
10.1093/rfs/hhz130,Dividend Payouts and Rollover Crises,2020
10.1093/rfs/hhz131,Initial Coin Offerings: Financing Growth with Cryptocurrency Token Sales,2020
10.1093/rfs/hhz132,Should I Stay or Should I Grow? Using Voluntary Disclosure to Elicit Market Feedback,2020
10.1093/rfs/hhz133,Annual Report of the Society for Financial Studies for 2018–2019,2020
10.1093/rfs/hhz134,Is the Risk of Sea Level Rise Capitalized in Residential Real Estate?,2020
10.1093/rfs/hhz135,Testing for Multiple-Horizon Predictability: Direct Regression Based versus Implication Based,2020
10.1093/rfs/hhz136,Institutional Trading around Corporate News: Evidence from Textual Analysis,2020
10.1093/rfs/hhz137,The Importance of Climate Risks for Institutional Investors,2020
10.1093/rfs/hhz138,Home Bias and Local Contagion: Evidence from Funds of Hedge Funds,2020
10.1093/rfs/hhz139,Beta Risk in the Cross-Section of Equities,2020
10.1093/rfs/hhz140,"Financial Constraints, Monetary Policy Shocks, and the Cross-Section of Equity Returns",2020
10.1093/rfs/hhz141,Expectations Management and Stock Returns,2020
10.1093/rfs/hhz142,"Advertising, Attention, and Financial Markets",2020
10.1093/rfs/hhz143,Do Fund Managers Misestimate Climatic Disaster Risk,2020
10.1093/rfs/hhz144,Pricing Uncertainty Induced by Climate Change,2020
10.1093/rfs/hhz145,Geographic Lead-Lag Effects,2020
10.1093/rfs/hhz146,Climate Finance,2020
10.1093/rfs/hhz147,Shock Transmission Through Cross-Border Bank Lending: Credit and Real Effects,2020
10.1093/rfs/hhz148,Bank Geographic Diversification and Systemic Risk,2020
10.1093/rfs/hhz149,Public Oversight and Reporting Credibility: Evidence from the PCAOB Audit Inspection Regime,2020
10.1093/rpd/hhg054,Family Values and the Star Phenomenon: Strategies of Mutual Fund Families,
